{"type": "FeatureCollection", "features": [{"type": "Feature", "properties": {"shapefile": "2021082918_wsp34knt120hr_5km", "PERCENTAGE": "<5%"}, "geometry": {"type": "MultiPolygon", "coordinates": [[[[-96.67505844270426, 30.536054666426917], [-96.67505844270426, 31.659953245819114], [-96.63010249952856, 31.659953245819114], [-96.63010249952856, 31.884732961697555], [-96.58514655635287, 31.884732961697555], [-96.58514655635287, 32.01960079122462], [-96.54019061317717, 32.01960079122462], [-96.54019061317717, 32.199424563927366], [-96.49523467000148, 32.199424563927366], [-96.49523467000148, 32.33429239345443], [-96.45027872682579, 32.33429239345443], [-96.40532278365009, 32.60402805250856], [-96.3603668404744, 32.60402805250856], [-96.3603668404744, 32.693939938859934], [-96.3154108972987, 32.693939938859934], [-96.3154108972987, 32.828807768386994], [-96.27045495412301, 32.828807768386994], [-96.27045495412301, 32.918719654738375], [-96.22549901094732, 32.918719654738375], [-96.22549901094732, 33.00863154108975], [-96.18054306777162, 33.00863154108975], [-96.18054306777162, 33.143499370616816], [-96.13558712459593, 33.143499370616816], [-96.13558712459593, 33.23341125696819], [-96.09063118142024, 33.23341125696819], [-96.09063118142024, 33.32332314331956], [-96.04567523824454, 33.32332314331956], [-96.04567523824454, 33.41323502967094], [-96.00071929506885, 33.41323502967094], [-95.95576335189315, 33.59305880237369], [-95.86585146554177, 33.63801474554938], [-95.86585146554177, 33.72792663190076], [-95.73098363601468, 33.81783851825213], [-95.73098363601468, 33.907750404603505], [-95.5961158064876, 33.997662290954885], [-95.5961158064876, 34.08757417730626], [-95.55115986331191, 34.08757417730626], [-95.55115986331191, 34.132530120481945], [-95.41629203378483, 34.22244200683332], [-95.41629203378483, 34.3123538931847], [-95.37133609060913, 34.3123538931847], [-95.37133609060913, 34.357309836360386], [-95.32638014743344, 34.357309836360386], [-95.32638014743344, 34.40226577953607], [-95.28142420425775, 34.40226577953607], [-95.28142420425775, 34.44722172271176], [-95.23646826108205, 34.44722172271176], [-95.23646826108205, 34.492177665887446], [-95.19151231790636, 34.492177665887446], [-95.19151231790636, 34.53713360906314], [-95.14655637473066, 34.53713360906314], [-95.14655637473066, 34.58208955223883], [-95.10160043155497, 34.58208955223883], [-95.01168854520358, 34.71695738176589], [-94.9217766588522, 34.71695738176589], [-94.9217766588522, 34.761913324941574], [-94.8768207156765, 34.761913324941574], [-94.78690882932511, 34.89678115446864], [-94.60708505662234, 34.94173709764433], [-94.56212911344664, 35.0316489839957], [-94.47221722709526, 35.0316489839957], [-94.47221722709526, 35.07660492717139], [-94.29239345439248, 35.12156087034708], [-94.24743751121679, 35.211472756698456], [-94.1575256248654, 35.211472756698456], [-94.1575256248654, 35.25642869987414], [-94.06761373851401, 35.25642869987414], [-94.06761373851401, 35.30138464304983], [-93.88778996581124, 35.346340586225516], [-93.84283402263554, 35.436252472576896], [-93.75292213628416, 35.436252472576896], [-93.75292213628416, 35.48120841575258], [-93.66301024993277, 35.48120841575258], [-93.66301024993277, 35.52616435892827], [-93.57309836358138, 35.52616435892827], [-93.57309836358138, 35.57112030210396], [-93.48318647722999, 35.57112030210396], [-93.48318647722999, 35.61607624527964], [-93.34831864770291, 35.61607624527964], [-93.34831864770291, 35.66103218845533], [-93.25840676135152, 35.66103218845533], [-93.25840676135152, 35.705988131631024], [-93.16849487500014, 35.705988131631024], [-93.16849487500014, 35.75094407480671], [-93.03362704547305, 35.75094407480671], [-93.03362704547305, 35.7959000179824], [-92.76389138641889, 35.840855961158084], [-92.76389138641889, 35.88581190433377], [-92.49415572736473, 35.93076784750946], [-92.49415572736473, 35.97572379068515], [-92.31433195466195, 35.97572379068515], [-92.31433195466195, 36.02067973386084], [-92.04459629560779, 36.02067973386084], [-92.04459629560779, 36.065635677036525], [-91.46016903432377, 36.065635677036525], [-91.46016903432377, 36.11059162021221], [-90.60600611398559, 36.11059162021221], [-90.60600611398559, 36.1555475633879], [-90.20140262540434, 36.1555475633879], [-90.20140262540434, 36.200503506563585], [-89.88671102317448, 36.200503506563585], [-89.88671102317448, 36.24545944973927], [-89.61697536412032, 36.24545944973927], [-89.61697536412032, 36.290415392914966], [-89.16741593236338, 36.33537133609065], [-89.16741593236338, 36.38032727926634], [-88.98759215966061, 36.38032727926634], [-88.98759215966061, 36.425283222442026], [-88.71785650060644, 36.425283222442026], [-88.71785650060644, 36.47023916561771], [-88.22334112567381, 36.47023916561771], [-88.22334112567381, 36.5151951087934], [-86.69483905770022, 36.5151951087934], [-86.69483905770022, 36.47023916561771], [-86.47005934182175, 36.47023916561771], [-86.47005934182175, 36.425283222442026], [-84.85164538749677, 36.425283222442026], [-84.85164538749677, 36.47023916561771], [-84.58190972844261, 36.47023916561771], [-84.58190972844261, 36.5151951087934], [-84.04243841033428, 36.5151951087934], [-84.04243841033428, 36.47023916561771], [-83.77270275128012, 36.47023916561771], [-83.77270275128012, 36.425283222442026], [-83.27818737634749, 36.425283222442026], [-83.27818737634749, 36.47023916561771], [-83.1882754899961, 36.47023916561771], [-83.14331954682041, 36.56015105196909], [-83.05340766046902, 36.56015105196909], [-83.00845171729333, 36.65006293832047], [-82.91853983094194, 36.65006293832047], [-82.87358388776624, 36.73997482467184], [-82.73871605823916, 36.73997482467184], [-82.73871605823916, 36.78493076784753], [-82.55889228553639, 36.78493076784753], [-82.55889228553639, 36.82988671102322], [-82.4240244560093, 36.82988671102322], [-82.4240244560093, 36.78493076784753], [-82.19924474013084, 36.78493076784753], [-82.19924474013084, 36.73997482467184], [-82.06437691060376, 36.73997482467184], [-82.06437691060376, 36.69501888149615], [-81.92950908107667, 36.69501888149615], [-81.92950908107667, 36.65006293832047], [-81.83959719472529, 36.65006293832047], [-81.83959719472529, 36.47023916561771], [-81.88455313790098, 36.47023916561771], [-81.92950908107667, 36.38032727926634], [-82.10933285377945, 36.33537133609065], [-82.10933285377945, 36.290415392914966], [-82.19924474013084, 36.290415392914966], [-82.19924474013084, 36.24545944973927], [-82.33411256965792, 36.24545944973927], [-82.33411256965792, 36.200503506563585], [-82.5139363423607, 36.200503506563585], [-82.5139363423607, 36.1555475633879], [-82.69376011506347, 36.1555475633879], [-82.69376011506347, 36.11059162021221], [-82.87358388776624, 36.11059162021221], [-82.87358388776624, 36.065635677036525], [-83.00845171729333, 36.065635677036525], [-83.00845171729333, 36.02067973386084], [-83.1882754899961, 35.97572379068515], [-83.27818737634749, 35.840855961158084], [-83.36809926269888, 35.840855961158084], [-83.36809926269888, 35.7959000179824], [-83.41305520587457, 35.7959000179824], [-83.41305520587457, 35.75094407480671], [-83.45801114905026, 35.75094407480671], [-83.45801114905026, 35.705988131631024], [-83.50296709222596, 35.705988131631024], [-83.50296709222596, 35.66103218845533], [-83.54792303540165, 35.66103218845533], [-83.54792303540165, 35.61607624527964], [-83.59287897857735, 35.61607624527964], [-83.59287897857735, 35.57112030210396], [-83.63783492175304, 35.57112030210396], [-83.63783492175304, 35.52616435892827], [-83.77270275128012, 35.436252472576896], [-83.77270275128012, 35.346340586225516], [-83.9075705808072, 35.25642869987414], [-83.9075705808072, 35.16651681352277], [-83.9525265239829, 35.16651681352277], [-83.9525265239829, 35.07660492717139], [-83.99748246715859, 35.07660492717139], [-83.99748246715859, 34.986693040820015], [-84.04243841033428, 34.986693040820015], [-84.04243841033428, 34.851825211292955], [-84.08739435350998, 34.851825211292955], [-84.08739435350998, 34.6720014385902], [-84.13235029668567, 34.6720014385902], [-84.13235029668567, 34.44722172271176], [-84.17730623986137, 34.44722172271176], [-84.17730623986137, 34.26739795000901], [-84.22226218303706, 34.26739795000901], [-84.22226218303706, 34.132530120481945], [-84.26721812621275, 34.132530120481945], [-84.26721812621275, 34.04261823413057], [-84.31217406938845, 34.04261823413057], [-84.31217406938845, 33.907750404603505], [-84.35713001256414, 33.907750404603505], [-84.35713001256414, 33.772882575076444], [-84.40208595573984, 33.772882575076444], [-84.40208595573984, 33.59305880237369], [-84.44704189891553, 33.59305880237369], [-84.44704189891553, 33.41323502967094], [-84.49199784209122, 33.41323502967094], [-84.49199784209122, 33.23341125696819], [-84.53695378526692, 33.23341125696819], [-84.58190972844261, 32.87376371156269], [-84.6268656716183, 32.87376371156269], [-84.6268656716183, 32.73889588203562], [-84.671821614794, 32.73889588203562], [-84.671821614794, 32.60402805250856], [-84.71677755796969, 32.60402805250856], [-84.71677755796969, 32.42420427980581], [-84.76173350114539, 32.42420427980581], [-84.76173350114539, 32.154468620751686], [-84.80668944432108, 32.154468620751686], [-84.80668944432108, 31.390217586764987], [-84.85164538749677, 31.390217586764987], [-84.85164538749677, 31.030570041359486], [-84.89660133067247, 31.030570041359486], [-84.89660133067247, 30.760834382305358], [-84.94155727384816, 30.760834382305358], [-84.94155727384816, 30.581010609602608], [-84.98651321702386, 30.581010609602608], [-84.98651321702386, 30.356230893724167], [-85.03146916019955, 30.356230893724167], [-85.03146916019955, 30.131451177845726], [-85.07642510337524, 30.131451177845726], [-85.07642510337524, 29.90667146196729], [-85.12138104655094, 29.90667146196729], [-85.12138104655094, 29.681891746088848], [-85.16633698972663, 29.681891746088848], [-85.21129293290232, 29.322244200683347], [-85.25624887607802, 29.322244200683347], [-85.30120481925371, 29.05250854162922], [-85.3461607624294, 29.05250854162922], [-85.3461607624294, 28.962596655277842], [-85.3911167056051, 28.962596655277842], [-85.4360726487808, 28.78277288257509], [-85.52598453513218, 28.737816939399405], [-85.52598453513218, 28.647905053048028], [-85.57094047830788, 28.647905053048028], [-85.57094047830788, 28.557993166696654], [-85.61589642148357, 28.557993166696654], [-85.61589642148357, 28.468081280345277], [-85.66085236465926, 28.468081280345277], [-85.66085236465926, 28.3781693939939], [-85.70580830783496, 28.3781693939939], [-85.70580830783496, 28.288257507642527], [-85.75076425101065, 28.288257507642527], [-85.75076425101065, 28.19834562129115], [-85.79572019418634, 28.19834562129115], [-85.84067613736204, 28.0185218485884], [-85.88563208053773, 28.0185218485884], [-85.88563208053773, 27.973565905412713], [-85.93058802371343, 27.973565905412713], [-85.93058802371343, 27.883654019061336], [-85.97554396688912, 27.883654019061336], [-85.97554396688912, 27.83869807588565], [-86.02049991006481, 27.83869807588565], [-86.02049991006481, 27.79374213270996], [-86.06545585324051, 27.79374213270996], [-86.06545585324051, 27.748786189534272], [-86.1104117964162, 27.748786189534272], [-86.1104117964162, 27.703830246358585], [-86.24527962594328, 27.613918360007208], [-86.24527962594328, 27.52400647365583], [-86.29023556911898, 27.52400647365583], [-86.33519151229467, 27.434094587304457], [-86.42510339864606, 27.434094587304457], [-86.42510339864606, 27.389138644128767], [-86.47005934182175, 27.389138644128767], [-86.47005934182175, 27.34418270095308], [-86.51501528499745, 27.34418270095308], [-86.60492717134883, 27.209314871426017], [-86.69483905770022, 27.209314871426017], [-86.69483905770022, 27.16435892825033], [-86.73979500087592, 27.16435892825033], [-86.8297068872273, 27.029491098723266], [-86.91961877357869, 27.029491098723266], [-86.96457471675438, 26.93957921237189], [-87.05448660310577, 26.93957921237189], [-87.14439848945716, 26.804711382844825], [-87.23431037580855, 26.804711382844825], [-87.27926631898424, 26.714799496493452], [-87.45909009168702, 26.66984355331776], [-87.50404603486271, 26.579931666966388], [-87.68386980756549, 26.5349757237907], [-87.68386980756549, 26.49001978061501], [-87.77378169391687, 26.49001978061501], [-87.77378169391687, 26.445063837439324], [-87.90864952344396, 26.445063837439324], [-87.90864952344396, 26.400107894263638], [-87.99856140979534, 26.400107894263638], [-87.99856140979534, 26.355151951087947], [-88.08847329614673, 26.355151951087947], [-88.08847329614673, 26.31019600791226], [-88.2682970688495, 26.265240064736574], [-88.2682970688495, 26.220284121560884], [-88.44812084155228, 26.175328178385197], [-88.44812084155228, 26.13037223520951], [-88.53803272790367, 26.13037223520951], [-88.53803272790367, 26.08541629203382], [-88.62794461425506, 26.08541629203382], [-88.62794461425506, 26.040460348858133], [-88.76281244378214, 26.040460348858133], [-88.76281244378214, 25.995504405682446], [-88.89768027330922, 25.995504405682446], [-88.89768027330922, 25.950548462506756], [-89.077504046012, 25.950548462506756], [-89.077504046012, 25.90559251933107], [-89.25732781871477, 25.90559251933107], [-89.25732781871477, 25.860636576155382], [-89.43715159141755, 25.860636576155382], [-89.43715159141755, 25.815680632979692], [-89.57201942094463, 25.815680632979692], [-89.57201942094463, 25.770724689804005], [-89.70688725047171, 25.770724689804005], [-89.70688725047171, 25.72576874662832], [-89.7967991368231, 25.72576874662832], [-89.7967991368231, 25.680812803452632], [-89.93166696635018, 25.680812803452632], [-89.93166696635018, 25.63585686027694], [-90.11149073905295, 25.63585686027694], [-90.11149073905295, 25.590900917101255], [-91.37025714797238, 25.590900917101255], [-91.37025714797238, 25.63585686027694], [-91.68494875020224, 25.63585686027694], [-91.68494875020224, 25.680812803452632], [-92.08955223878348, 25.72576874662832], [-92.08955223878348, 25.770724689804005], [-92.22442006831056, 25.770724689804005], [-92.22442006831056, 25.815680632979692], [-92.40424384101334, 25.815680632979692], [-92.40424384101334, 25.860636576155382], [-92.58406761371612, 25.860636576155382], [-92.58406761371612, 25.90559251933107], [-92.85380327277028, 25.90559251933107], [-92.85380327277028, 25.950548462506756], [-93.03362704547305, 25.950548462506756], [-93.03362704547305, 25.995504405682446], [-93.30336270452722, 26.040460348858133], [-93.30336270452722, 26.08541629203382], [-93.3932745908786, 26.08541629203382], [-93.4382305340543, 26.175328178385197], [-93.52814242040569, 26.175328178385197], [-93.52814242040569, 26.220284121560884], [-93.61805430675707, 26.220284121560884], [-93.61805430675707, 26.265240064736574], [-93.79787807945985, 26.31019600791226], [-93.84283402263554, 26.400107894263638], [-93.93274590898693, 26.400107894263638], [-93.93274590898693, 26.445063837439324], [-94.02265779533832, 26.445063837439324], [-94.06761373851401, 26.5349757237907], [-94.1575256248654, 26.5349757237907], [-94.1575256248654, 26.579931666966388], [-94.29239345439248, 26.66984355331776], [-94.29239345439248, 26.714799496493452], [-94.38230534074387, 26.714799496493452], [-94.38230534074387, 26.75975543966914], [-94.42726128391956, 26.75975543966914], [-94.51717317027095, 26.894623269196202], [-94.60708505662234, 26.894623269196202], [-94.60708505662234, 26.93957921237189], [-94.65204099979803, 26.93957921237189], [-94.65204099979803, 26.98453515554758], [-94.69699694297373, 26.98453515554758], [-94.69699694297373, 27.029491098723266], [-94.74195288614942, 27.029491098723266], [-94.74195288614942, 27.074447041898953], [-94.78690882932511, 27.074447041898953], [-94.8768207156765, 27.209314871426017], [-94.96673260202789, 27.209314871426017], [-94.96673260202789, 27.254270814601703], [-95.01168854520358, 27.254270814601703], [-95.01168854520358, 27.299226757777394], [-95.05664448837928, 27.299226757777394], [-95.05664448837928, 27.34418270095308], [-95.10160043155497, 27.34418270095308], [-95.10160043155497, 27.389138644128767], [-95.14655637473066, 27.389138644128767], [-95.14655637473066, 27.434094587304457], [-95.19151231790636, 27.434094587304457], [-95.19151231790636, 27.479050530480144], [-95.23646826108205, 27.479050530480144], [-95.23646826108205, 27.52400647365583], [-95.28142420425775, 27.52400647365583], [-95.28142420425775, 27.56896241683152], [-95.32638014743344, 27.56896241683152], [-95.32638014743344, 27.613918360007208], [-95.46124797696052, 27.703830246358585], [-95.46124797696052, 27.79374213270996], [-95.50620392013622, 27.79374213270996], [-95.50620392013622, 27.83869807588565], [-95.6410717496633, 27.928609962237022], [-95.6410717496633, 28.0185218485884], [-95.73098363601468, 28.063477791764086], [-95.73098363601468, 28.153389678115463], [-95.82089552236607, 28.19834562129115], [-95.82089552236607, 28.288257507642527], [-95.91080740871746, 28.333213450818214], [-95.91080740871746, 28.42312533716959], [-96.04567523824454, 28.513037223520964], [-96.04567523824454, 28.60294910987234], [-96.09063118142024, 28.60294910987234], [-96.09063118142024, 28.692860996223715], [-96.13558712459593, 28.692860996223715], [-96.13558712459593, 28.78277288257509], [-96.18054306777162, 28.78277288257509], [-96.18054306777162, 28.87268476892647], [-96.22549901094732, 28.87268476892647], [-96.22549901094732, 28.962596655277842], [-96.27045495412301, 28.962596655277842], [-96.27045495412301, 29.05250854162922], [-96.3154108972987, 29.05250854162922], [-96.3154108972987, 29.142420427980596], [-96.3603668404744, 29.142420427980596], [-96.3603668404744, 29.23233231433197], [-96.40532278365009, 29.23233231433197], [-96.40532278365009, 29.322244200683347], [-96.45027872682579, 29.322244200683347], [-96.45027872682579, 29.45711203021041], [-96.49523467000148, 29.45711203021041], [-96.49523467000148, 29.63693580291316], [-96.54019061317717, 29.63693580291316], [-96.54019061317717, 29.951627405142975], [-96.58514655635287, 29.951627405142975], [-96.58514655635287, 30.221363064197103], [-96.63010249952856, 30.221363064197103], [-96.63010249952856, 30.536054666426917], [-96.67505844270426, 30.536054666426917]], [[-92.94371515912167, 30.446142780075544], [-92.89875921594597, 30.446142780075544], [-92.89875921594597, 30.176407121021416], [-92.85380327277028, 30.176407121021416], [-92.85380327277028, 29.996583348318666], [-92.80884732959458, 29.996583348318666], [-92.76389138641889, 29.591979859737474], [-92.7189354432432, 29.591979859737474], [-92.6739795000675, 29.322244200683347], [-92.62902355689181, 29.322244200683347], [-92.62902355689181, 29.23233231433197], [-92.58406761371612, 29.23233231433197], [-92.58406761371612, 29.097464484804906], [-92.53911167054042, 29.097464484804906], [-92.53911167054042, 29.007552598453533], [-92.49415572736473, 29.007552598453533], [-92.49415572736473, 28.917640712102155], [-92.44919978418903, 28.917640712102155], [-92.44919978418903, 28.82772882575078], [-92.40424384101334, 28.82772882575078], [-92.40424384101334, 28.692860996223715], [-92.35928789783765, 28.692860996223715], [-92.35928789783765, 28.60294910987234], [-92.26937601148626, 28.557993166696654], [-92.26937601148626, 28.468081280345277], [-92.22442006831056, 28.468081280345277], [-92.22442006831056, 28.3781693939939], [-92.08955223878348, 28.288257507642527], [-92.08955223878348, 28.19834562129115], [-92.04459629560779, 28.19834562129115], [-92.04459629560779, 28.153389678115463], [-91.9996403524321, 28.153389678115463], [-91.9996403524321, 28.108433734939773], [-91.86477252290501, 28.0185218485884], [-91.86477252290501, 27.928609962237022], [-91.81981657972932, 27.928609962237022], [-91.81981657972932, 27.883654019061336], [-91.77486063655363, 27.883654019061336], [-91.77486063655363, 27.83869807588565], [-91.72990469337793, 27.83869807588565], [-91.63999280702654, 27.703830246358585], [-91.55008092067516, 27.703830246358585], [-91.55008092067516, 27.658874303182895], [-91.50512497749946, 27.658874303182895], [-91.41521309114808, 27.52400647365583], [-91.32530120479669, 27.52400647365583], [-91.2353893184453, 27.389138644128767], [-91.14547743209391, 27.389138644128767], [-91.10052148891822, 27.299226757777394], [-91.01060960256683, 27.299226757777394], [-91.01060960256683, 27.254270814601703], [-90.92069771621544, 27.254270814601703], [-90.92069771621544, 27.209314871426017], [-90.78582988668836, 27.209314871426017], [-90.78582988668836, 27.16435892825033], [-90.65096205716128, 27.16435892825033], [-90.65096205716128, 27.119402985074643], [-90.24635856858004, 27.074447041898953], [-90.24635856858004, 27.029491098723266], [-89.21237187553908, 27.029491098723266], [-89.21237187553908, 27.074447041898953], [-88.98759215966061, 27.074447041898953], [-88.98759215966061, 27.119402985074643], [-88.80776838695783, 27.119402985074643], [-88.80776838695783, 27.16435892825033], [-88.53803272790367, 27.209314871426017], [-88.53803272790367, 27.254270814601703], [-88.44812084155228, 27.254270814601703], [-88.40316489837659, 27.34418270095308], [-88.3132530120252, 27.34418270095308], [-88.2682970688495, 27.434094587304457], [-88.17838518249812, 27.434094587304457], [-88.17838518249812, 27.479050530480144], [-88.13342923932242, 27.479050530480144], [-88.13342923932242, 27.52400647365583], [-88.08847329614673, 27.52400647365583], [-88.08847329614673, 27.56896241683152], [-88.04351735297104, 27.56896241683152], [-88.04351735297104, 27.613918360007208], [-87.99856140979534, 27.613918360007208], [-87.99856140979534, 27.658874303182895], [-87.95360546661965, 27.658874303182895], [-87.95360546661965, 27.703830246358585], [-87.81873763709257, 27.79374213270996], [-87.81873763709257, 27.883654019061336], [-87.72882575074118, 27.928609962237022], [-87.72882575074118, 28.0185218485884], [-87.68386980756549, 28.0185218485884], [-87.68386980756549, 28.108433734939773], [-87.63891386438979, 28.108433734939773], [-87.63891386438979, 28.19834562129115], [-87.5939579212141, 28.19834562129115], [-87.5939579212141, 28.333213450818214], [-87.5490019780384, 28.333213450818214], [-87.5490019780384, 28.513037223520964], [-87.50404603486271, 28.513037223520964], [-87.50404603486271, 28.737816939399405], [-87.45909009168702, 28.737816939399405], [-87.45909009168702, 29.007552598453533], [-87.41413414851132, 29.007552598453533], [-87.41413414851132, 29.681891746088848], [-87.45909009168702, 29.681891746088848], [-87.50404603486271, 30.26631900737279], [-87.5490019780384, 30.26631900737279], [-87.5490019780384, 30.446142780075544], [-87.5939579212141, 30.446142780075544], [-87.63891386438979, 30.71587843912967], [-87.68386980756549, 30.71587843912967], [-87.68386980756549, 30.805790325481045], [-87.72882575074118, 30.805790325481045], [-87.72882575074118, 30.94065815500811], [-87.77378169391687, 30.94065815500811], [-87.77378169391687, 31.030570041359486], [-87.81873763709257, 31.030570041359486], [-87.81873763709257, 31.16543787088655], [-87.86369358026826, 31.16543787088655], [-87.86369358026826, 31.300305700413613], [-87.90864952344396, 31.300305700413613], [-87.90864952344396, 31.480129473116364], [-87.95360546661965, 31.480129473116364], [-87.95360546661965, 32.10951267757599], [-87.90864952344396, 32.10951267757599], [-87.90864952344396, 32.24438050710306], [-87.86369358026826, 32.24438050710306], [-87.86369358026826, 32.33429239345443], [-87.81873763709257, 32.33429239345443], [-87.81873763709257, 32.42420427980581], [-87.77378169391687, 32.42420427980581], [-87.77378169391687, 32.51411616615718], [-87.72882575074118, 32.51411616615718], [-87.72882575074118, 32.60402805250856], [-87.68386980756549, 32.60402805250856], [-87.68386980756549, 32.64898399568425], [-87.63891386438979, 32.64898399568425], [-87.63891386438979, 32.73889588203562], [-87.5490019780384, 32.783851825211315], [-87.5490019780384, 32.87376371156269], [-87.50404603486271, 32.87376371156269], [-87.50404603486271, 32.918719654738375], [-87.45909009168702, 32.918719654738375], [-87.45909009168702, 32.96367559791406], [-87.41413414851132, 32.96367559791406], [-87.41413414851132, 33.00863154108975], [-87.36917820533563, 33.00863154108975], [-87.36917820533563, 33.053587484265435], [-87.32422226215994, 33.053587484265435], [-87.32422226215994, 33.09854342744113], [-87.27926631898424, 33.09854342744113], [-87.27926631898424, 33.143499370616816], [-87.23431037580855, 33.143499370616816], [-87.23431037580855, 33.1884553137925], [-87.18935443263285, 33.1884553137925], [-87.18935443263285, 33.23341125696819], [-87.05448660310577, 33.32332314331956], [-87.05448660310577, 33.41323502967094], [-87.00953065993008, 33.41323502967094], [-87.00953065993008, 33.45819097284663], [-86.874662830403, 33.548102859198], [-86.874662830403, 33.63801474554938], [-86.78475094405161, 33.68297068872507], [-86.78475094405161, 33.772882575076444], [-86.73979500087592, 33.772882575076444], [-86.73979500087592, 33.86279446142782], [-86.69483905770022, 33.86279446142782], [-86.69483905770022, 33.9527063477792], [-86.64988311452453, 33.9527063477792], [-86.64988311452453, 34.04261823413057], [-86.60492717134883, 34.04261823413057], [-86.60492717134883, 34.132530120481945], [-86.55997122817314, 34.132530120481945], [-86.55997122817314, 34.22244200683332], [-86.51501528499745, 34.22244200683332], [-86.51501528499745, 34.3123538931847], [-86.47005934182175, 34.3123538931847], [-86.47005934182175, 34.40226577953607], [-86.42510339864606, 34.40226577953607], [-86.42510339864606, 34.492177665887446], [-86.38014745547036, 34.492177665887446], [-86.38014745547036, 34.58208955223883], [-86.33519151229467, 34.58208955223883], [-86.33519151229467, 34.6720014385902], [-86.29023556911898, 34.6720014385902], [-86.29023556911898, 34.761913324941574], [-86.24527962594328, 34.761913324941574], [-86.24527962594328, 34.89678115446864], [-86.20032368276759, 34.89678115446864], [-86.20032368276759, 35.0316489839957], [-86.1553677395919, 35.0316489839957], [-86.1553677395919, 35.30138464304983], [-86.20032368276759, 35.30138464304983], [-86.29023556911898, 35.436252472576896], [-86.38014745547036, 35.436252472576896], [-86.38014745547036, 35.48120841575258], [-86.47005934182175, 35.48120841575258], [-86.47005934182175, 35.52616435892827], [-86.55997122817314, 35.52616435892827], [-86.55997122817314, 35.57112030210396], [-86.69483905770022, 35.57112030210396], [-86.69483905770022, 35.61607624527964], [-86.78475094405161, 35.61607624527964], [-86.78475094405161, 35.66103218845533], [-86.96457471675438, 35.66103218845533], [-86.96457471675438, 35.705988131631024], [-87.77378169391687, 35.705988131631024], [-87.77378169391687, 35.66103218845533], [-88.2682970688495, 35.66103218845533], [-88.2682970688495, 35.61607624527964], [-88.76281244378214, 35.57112030210396], [-88.76281244378214, 35.52616435892827], [-88.89768027330922, 35.52616435892827], [-88.89768027330922, 35.48120841575258], [-89.0325481028363, 35.48120841575258], [-89.0325481028363, 35.436252472576896], [-89.30228376189046, 35.39129652940121], [-89.30228376189046, 35.346340586225516], [-89.39219564824185, 35.346340586225516], [-89.39219564824185, 35.30138464304983], [-89.52706347776893, 35.30138464304983], [-89.52706347776893, 35.25642869987414], [-89.61697536412032, 35.25642869987414], [-89.61697536412032, 35.211472756698456], [-89.70688725047171, 35.211472756698456], [-89.70688725047171, 35.16651681352277], [-89.7967991368231, 35.16651681352277], [-89.7967991368231, 35.12156087034708], [-89.97662290952587, 35.07660492717139], [-90.02157885270157, 34.986693040820015], [-90.20140262540434, 34.94173709764433], [-90.24635856858004, 34.851825211292955], [-90.33627045493142, 34.851825211292955], [-90.33627045493142, 34.80686926811727], [-90.38122639810712, 34.80686926811727], [-90.42618234128281, 34.71695738176589], [-90.5160942276342, 34.71695738176589], [-90.5160942276342, 34.6720014385902], [-90.56105017080989, 34.6720014385902], [-90.65096205716128, 34.53713360906314], [-90.74087394351267, 34.53713360906314], [-90.74087394351267, 34.492177665887446], [-90.78582988668836, 34.492177665887446], [-90.78582988668836, 34.44722172271176], [-90.83078582986406, 34.44722172271176], [-90.92069771621544, 34.3123538931847], [-91.01060960256683, 34.3123538931847], [-91.01060960256683, 34.26739795000901], [-91.05556554574252, 34.26739795000901], [-91.14547743209391, 34.132530120481945], [-91.2353893184453, 34.132530120481945], [-91.2353893184453, 34.08757417730626], [-91.280345261621, 34.08757417730626], [-91.280345261621, 34.04261823413057], [-91.32530120479669, 34.04261823413057], [-91.32530120479669, 33.997662290954885], [-91.37025714797238, 33.997662290954885], [-91.37025714797238, 33.9527063477792], [-91.41521309114808, 33.9527063477792], [-91.41521309114808, 33.907750404603505], [-91.46016903432377, 33.907750404603505], [-91.46016903432377, 33.86279446142782], [-91.50512497749946, 33.86279446142782], [-91.50512497749946, 33.81783851825213], [-91.55008092067516, 33.81783851825213], [-91.55008092067516, 33.772882575076444], [-91.59503686385085, 33.772882575076444], [-91.59503686385085, 33.72792663190076], [-91.63999280702654, 33.72792663190076], [-91.63999280702654, 33.68297068872507], [-91.77486063655363, 33.59305880237369], [-91.77486063655363, 33.50314691602232], [-91.81981657972932, 33.50314691602232], [-91.81981657972932, 33.45819097284663], [-91.86477252290501, 33.45819097284663], [-91.86477252290501, 33.41323502967094], [-91.9996403524321, 33.32332314331956], [-91.9996403524321, 33.23341125696819], [-92.04459629560779, 33.23341125696819], [-92.04459629560779, 33.1884553137925], [-92.08955223878348, 33.1884553137925], [-92.08955223878348, 33.09854342744113], [-92.17946412513487, 33.053587484265435], [-92.17946412513487, 32.96367559791406], [-92.22442006831056, 32.96367559791406], [-92.26937601148626, 32.783851825211315], [-92.35928789783765, 32.73889588203562], [-92.35928789783765, 32.64898399568425], [-92.40424384101334, 32.64898399568425], [-92.40424384101334, 32.559072109332874], [-92.44919978418903, 32.559072109332874], [-92.44919978418903, 32.4691602229815], [-92.49415572736473, 32.4691602229815], [-92.49415572736473, 32.33429239345443], [-92.53911167054042, 32.33429239345443], [-92.53911167054042, 32.24438050710306], [-92.58406761371612, 32.24438050710306], [-92.58406761371612, 32.10951267757599], [-92.62902355689181, 32.10951267757599], [-92.62902355689181, 32.01960079122462], [-92.6739795000675, 32.01960079122462], [-92.6739795000675, 31.884732961697555], [-92.7189354432432, 31.884732961697555], [-92.7189354432432, 31.794821075346178], [-92.76389138641889, 31.794821075346178], [-92.76389138641889, 31.659953245819114], [-92.80884732959458, 31.659953245819114], [-92.80884732959458, 31.52508541629205], [-92.85380327277028, 31.52508541629205], [-92.89875921594597, 31.12048192771086], [-92.94371515912167, 31.12048192771086], [-92.94371515912167, 30.446142780075544]]]]}}, {"type": "Feature", "properties": {"shapefile": "2021082918_wsp34knt120hr_5km", "PERCENTAGE": "5-10%"}, "geometry": {"type": "MultiPolygon", "coordinates": [[[[-92.94371515912167, 30.446142780075544], [-92.94371515912167, 31.12048192771086], [-92.89875921594597, 31.12048192771086], [-92.85380327277028, 31.52508541629205], [-92.80884732959458, 31.52508541629205], [-92.76389138641889, 31.794821075346178], [-92.7189354432432, 31.794821075346178], [-92.7189354432432, 31.884732961697555], [-92.6739795000675, 31.884732961697555], [-92.6739795000675, 32.01960079122462], [-92.62902355689181, 32.01960079122462], [-92.62902355689181, 32.10951267757599], [-92.58406761371612, 32.10951267757599], [-92.58406761371612, 32.24438050710306], [-92.53911167054042, 32.24438050710306], [-92.53911167054042, 32.33429239345443], [-92.49415572736473, 32.33429239345443], [-92.49415572736473, 32.4691602229815], [-92.44919978418903, 32.4691602229815], [-92.44919978418903, 32.559072109332874], [-92.40424384101334, 32.559072109332874], [-92.35928789783765, 32.73889588203562], [-92.26937601148626, 32.783851825211315], [-92.26937601148626, 32.87376371156269], [-92.22442006831056, 32.87376371156269], [-92.17946412513487, 33.053587484265435], [-92.13450818195918, 33.053587484265435], [-92.13450818195918, 33.09854342744113], [-92.08955223878348, 33.09854342744113], [-92.08955223878348, 33.1884553137925], [-91.9996403524321, 33.23341125696819], [-91.9996403524321, 33.32332314331956], [-91.9546844092564, 33.32332314331956], [-91.9546844092564, 33.36827908649525], [-91.90972846608071, 33.36827908649525], [-91.90972846608071, 33.41323502967094], [-91.77486063655363, 33.50314691602232], [-91.77486063655363, 33.59305880237369], [-91.72990469337793, 33.59305880237369], [-91.72990469337793, 33.63801474554938], [-91.68494875020224, 33.63801474554938], [-91.68494875020224, 33.68297068872507], [-91.63999280702654, 33.68297068872507], [-91.63999280702654, 33.72792663190076], [-91.59503686385085, 33.72792663190076], [-91.59503686385085, 33.772882575076444], [-91.55008092067516, 33.772882575076444], [-91.55008092067516, 33.81783851825213], [-91.50512497749946, 33.81783851825213], [-91.50512497749946, 33.86279446142782], [-91.46016903432377, 33.86279446142782], [-91.46016903432377, 33.907750404603505], [-91.41521309114808, 33.907750404603505], [-91.41521309114808, 33.9527063477792], [-91.37025714797238, 33.9527063477792], [-91.37025714797238, 33.997662290954885], [-91.32530120479669, 33.997662290954885], [-91.2353893184453, 34.132530120481945], [-91.14547743209391, 34.132530120481945], [-91.14547743209391, 34.17748606365763], [-91.10052148891822, 34.17748606365763], [-91.01060960256683, 34.3123538931847], [-90.92069771621544, 34.3123538931847], [-90.92069771621544, 34.357309836360386], [-90.87574177303975, 34.357309836360386], [-90.87574177303975, 34.40226577953607], [-90.83078582986406, 34.40226577953607], [-90.74087394351267, 34.53713360906314], [-90.65096205716128, 34.53713360906314], [-90.65096205716128, 34.58208955223883], [-90.60600611398559, 34.58208955223883], [-90.5160942276342, 34.71695738176589], [-90.42618234128281, 34.71695738176589], [-90.33627045493142, 34.851825211292955], [-90.24635856858004, 34.851825211292955], [-90.20140262540434, 34.94173709764433], [-90.02157885270157, 34.986693040820015], [-89.97662290952587, 35.07660492717139], [-89.88671102317448, 35.07660492717139], [-89.88671102317448, 35.12156087034708], [-89.7967991368231, 35.12156087034708], [-89.7967991368231, 35.16651681352277], [-89.70688725047171, 35.16651681352277], [-89.70688725047171, 35.211472756698456], [-89.61697536412032, 35.211472756698456], [-89.61697536412032, 35.25642869987414], [-89.52706347776893, 35.25642869987414], [-89.52706347776893, 35.30138464304983], [-89.39219564824185, 35.30138464304983], [-89.39219564824185, 35.346340586225516], [-89.30228376189046, 35.346340586225516], [-89.30228376189046, 35.39129652940121], [-89.16741593236338, 35.39129652940121], [-89.16741593236338, 35.436252472576896], [-89.0325481028363, 35.436252472576896], [-89.0325481028363, 35.48120841575258], [-88.89768027330922, 35.48120841575258], [-88.89768027330922, 35.52616435892827], [-88.76281244378214, 35.52616435892827], [-88.76281244378214, 35.57112030210396], [-88.2682970688495, 35.61607624527964], [-88.2682970688495, 35.66103218845533], [-87.77378169391687, 35.66103218845533], [-87.77378169391687, 35.705988131631024], [-86.96457471675438, 35.705988131631024], [-86.96457471675438, 35.66103218845533], [-86.78475094405161, 35.66103218845533], [-86.78475094405161, 35.61607624527964], [-86.69483905770022, 35.61607624527964], [-86.69483905770022, 35.57112030210396], [-86.55997122817314, 35.57112030210396], [-86.55997122817314, 35.52616435892827], [-86.47005934182175, 35.52616435892827], [-86.47005934182175, 35.48120841575258], [-86.29023556911898, 35.436252472576896], [-86.29023556911898, 35.39129652940121], [-86.1553677395919, 35.30138464304983], [-86.1553677395919, 35.0316489839957], [-86.20032368276759, 35.0316489839957], [-86.24527962594328, 34.761913324941574], [-86.29023556911898, 34.761913324941574], [-86.29023556911898, 34.6720014385902], [-86.33519151229467, 34.6720014385902], [-86.33519151229467, 34.58208955223883], [-86.38014745547036, 34.58208955223883], [-86.38014745547036, 34.492177665887446], [-86.42510339864606, 34.492177665887446], [-86.42510339864606, 34.40226577953607], [-86.47005934182175, 34.40226577953607], [-86.47005934182175, 34.3123538931847], [-86.51501528499745, 34.3123538931847], [-86.51501528499745, 34.22244200683332], [-86.55997122817314, 34.22244200683332], [-86.55997122817314, 34.132530120481945], [-86.60492717134883, 34.132530120481945], [-86.60492717134883, 34.04261823413057], [-86.64988311452453, 34.04261823413057], [-86.64988311452453, 33.9527063477792], [-86.69483905770022, 33.9527063477792], [-86.69483905770022, 33.86279446142782], [-86.73979500087592, 33.86279446142782], [-86.78475094405161, 33.68297068872507], [-86.8297068872273, 33.68297068872507], [-86.8297068872273, 33.63801474554938], [-86.874662830403, 33.63801474554938], [-86.874662830403, 33.548102859198], [-86.91961877357869, 33.548102859198], [-86.91961877357869, 33.50314691602232], [-87.05448660310577, 33.41323502967094], [-87.05448660310577, 33.32332314331956], [-87.09944254628147, 33.32332314331956], [-87.09944254628147, 33.278367200143876], [-87.14439848945716, 33.278367200143876], [-87.14439848945716, 33.23341125696819], [-87.18935443263285, 33.23341125696819], [-87.18935443263285, 33.1884553137925], [-87.23431037580855, 33.1884553137925], [-87.23431037580855, 33.143499370616816], [-87.27926631898424, 33.143499370616816], [-87.27926631898424, 33.09854342744113], [-87.32422226215994, 33.09854342744113], [-87.32422226215994, 33.053587484265435], [-87.36917820533563, 33.053587484265435], [-87.36917820533563, 33.00863154108975], [-87.41413414851132, 33.00863154108975], [-87.41413414851132, 32.96367559791406], [-87.5490019780384, 32.87376371156269], [-87.5490019780384, 32.783851825211315], [-87.5939579212141, 32.783851825211315], [-87.5939579212141, 32.73889588203562], [-87.63891386438979, 32.73889588203562], [-87.63891386438979, 32.64898399568425], [-87.72882575074118, 32.60402805250856], [-87.72882575074118, 32.51411616615718], [-87.77378169391687, 32.51411616615718], [-87.77378169391687, 32.42420427980581], [-87.81873763709257, 32.42420427980581], [-87.81873763709257, 32.33429239345443], [-87.86369358026826, 32.33429239345443], [-87.86369358026826, 32.24438050710306], [-87.90864952344396, 32.24438050710306], [-87.90864952344396, 32.10951267757599], [-87.95360546661965, 32.10951267757599], [-87.95360546661965, 31.480129473116364], [-87.90864952344396, 31.480129473116364], [-87.90864952344396, 31.300305700413613], [-87.86369358026826, 31.300305700413613], [-87.81873763709257, 31.030570041359486], [-87.77378169391687, 31.030570041359486], [-87.77378169391687, 30.94065815500811], [-87.72882575074118, 30.94065815500811], [-87.72882575074118, 30.805790325481045], [-87.68386980756549, 30.805790325481045], [-87.68386980756549, 30.71587843912967], [-87.63891386438979, 30.71587843912967], [-87.63891386438979, 30.581010609602608], [-87.5939579212141, 30.581010609602608], [-87.5939579212141, 30.446142780075544], [-87.5490019780384, 30.446142780075544], [-87.5490019780384, 30.26631900737279], [-87.50404603486271, 30.26631900737279], [-87.45909009168702, 29.681891746088848], [-87.41413414851132, 29.681891746088848], [-87.41413414851132, 29.007552598453533], [-87.45909009168702, 29.007552598453533], [-87.45909009168702, 28.737816939399405], [-87.50404603486271, 28.737816939399405], [-87.50404603486271, 28.513037223520964], [-87.5490019780384, 28.513037223520964], [-87.5490019780384, 28.333213450818214], [-87.5939579212141, 28.333213450818214], [-87.5939579212141, 28.19834562129115], [-87.63891386438979, 28.19834562129115], [-87.63891386438979, 28.108433734939773], [-87.68386980756549, 28.108433734939773], [-87.72882575074118, 27.928609962237022], [-87.81873763709257, 27.883654019061336], [-87.81873763709257, 27.79374213270996], [-87.86369358026826, 27.79374213270996], [-87.86369358026826, 27.748786189534272], [-87.90864952344396, 27.748786189534272], [-87.90864952344396, 27.703830246358585], [-87.95360546661965, 27.703830246358585], [-87.95360546661965, 27.658874303182895], [-87.99856140979534, 27.658874303182895], [-87.99856140979534, 27.613918360007208], [-88.04351735297104, 27.613918360007208], [-88.04351735297104, 27.56896241683152], [-88.08847329614673, 27.56896241683152], [-88.17838518249812, 27.434094587304457], [-88.2682970688495, 27.434094587304457], [-88.3132530120252, 27.34418270095308], [-88.40316489837659, 27.34418270095308], [-88.40316489837659, 27.299226757777394], [-88.44812084155228, 27.299226757777394], [-88.44812084155228, 27.254270814601703], [-88.53803272790367, 27.254270814601703], [-88.53803272790367, 27.209314871426017], [-88.67290055743075, 27.209314871426017], [-88.67290055743075, 27.16435892825033], [-88.80776838695783, 27.16435892825033], [-88.80776838695783, 27.119402985074643], [-88.98759215966061, 27.119402985074643], [-88.98759215966061, 27.074447041898953], [-89.21237187553908, 27.074447041898953], [-89.21237187553908, 27.029491098723266], [-90.24635856858004, 27.029491098723266], [-90.24635856858004, 27.074447041898953], [-90.65096205716128, 27.119402985074643], [-90.65096205716128, 27.16435892825033], [-90.78582988668836, 27.16435892825033], [-90.78582988668836, 27.209314871426017], [-90.92069771621544, 27.209314871426017], [-90.92069771621544, 27.254270814601703], [-91.10052148891822, 27.299226757777394], [-91.14547743209391, 27.389138644128767], [-91.2353893184453, 27.389138644128767], [-91.32530120479669, 27.52400647365583], [-91.41521309114808, 27.52400647365583], [-91.41521309114808, 27.56896241683152], [-91.46016903432377, 27.56896241683152], [-91.55008092067516, 27.703830246358585], [-91.63999280702654, 27.703830246358585], [-91.63999280702654, 27.748786189534272], [-91.68494875020224, 27.748786189534272], [-91.68494875020224, 27.79374213270996], [-91.72990469337793, 27.79374213270996], [-91.72990469337793, 27.83869807588565], [-91.86477252290501, 27.928609962237022], [-91.86477252290501, 28.0185218485884], [-91.90972846608071, 28.0185218485884], [-91.90972846608071, 28.063477791764086], [-91.9546844092564, 28.063477791764086], [-91.9546844092564, 28.108433734939773], [-92.08955223878348, 28.19834562129115], [-92.08955223878348, 28.288257507642527], [-92.22442006831056, 28.3781693939939], [-92.26937601148626, 28.557993166696654], [-92.35928789783765, 28.60294910987234], [-92.35928789783765, 28.692860996223715], [-92.40424384101334, 28.692860996223715], [-92.40424384101334, 28.82772882575078], [-92.44919978418903, 28.82772882575078], [-92.44919978418903, 28.917640712102155], [-92.49415572736473, 28.917640712102155], [-92.49415572736473, 29.007552598453533], [-92.53911167054042, 29.007552598453533], [-92.53911167054042, 29.097464484804906], [-92.58406761371612, 29.097464484804906], [-92.58406761371612, 29.23233231433197], [-92.62902355689181, 29.23233231433197], [-92.62902355689181, 29.322244200683347], [-92.6739795000675, 29.322244200683347], [-92.6739795000675, 29.45711203021041], [-92.7189354432432, 29.45711203021041], [-92.7189354432432, 29.591979859737474], [-92.76389138641889, 29.591979859737474], [-92.80884732959458, 29.996583348318666], [-92.85380327277028, 29.996583348318666], [-92.85380327277028, 30.176407121021416], [-92.89875921594597, 30.176407121021416], [-92.89875921594597, 30.446142780075544], [-92.94371515912167, 30.446142780075544]], [[-92.6739795000675, 30.31127495054848], [-92.62902355689181, 30.31127495054848], [-92.62902355689181, 30.131451177845726], [-92.58406761371612, 30.131451177845726], [-92.53911167054042, 29.63693580291316], [-92.49415572736473, 29.63693580291316], [-92.44919978418903, 29.367200143859034], [-92.40424384101334, 29.367200143859034], [-92.40424384101334, 29.27728825750766], [-92.35928789783765, 29.27728825750766], [-92.35928789783765, 29.142420427980596], [-92.31433195466195, 29.142420427980596], [-92.31433195466195, 29.05250854162922], [-92.26937601148626, 29.05250854162922], [-92.26937601148626, 28.917640712102155], [-92.22442006831056, 28.917640712102155], [-92.22442006831056, 28.82772882575078], [-92.17946412513487, 28.82772882575078], [-92.17946412513487, 28.737816939399405], [-92.13450818195918, 28.737816939399405], [-92.08955223878348, 28.557993166696654], [-92.04459629560779, 28.557993166696654], [-92.04459629560779, 28.513037223520964], [-91.9996403524321, 28.513037223520964], [-91.9996403524321, 28.42312533716959], [-91.9546844092564, 28.42312533716959], [-91.9546844092564, 28.3781693939939], [-91.81981657972932, 28.288257507642527], [-91.81981657972932, 28.19834562129115], [-91.77486063655363, 28.19834562129115], [-91.77486063655363, 28.153389678115463], [-91.72990469337793, 28.153389678115463], [-91.72990469337793, 28.108433734939773], [-91.68494875020224, 28.108433734939773], [-91.68494875020224, 28.063477791764086], [-91.63999280702654, 28.063477791764086], [-91.63999280702654, 28.0185218485884], [-91.59503686385085, 28.0185218485884], [-91.59503686385085, 27.973565905412713], [-91.55008092067516, 27.973565905412713], [-91.55008092067516, 27.928609962237022], [-91.50512497749946, 27.928609962237022], [-91.50512497749946, 27.883654019061336], [-91.46016903432377, 27.883654019061336], [-91.46016903432377, 27.83869807588565], [-91.41521309114808, 27.83869807588565], [-91.32530120479669, 27.703830246358585], [-91.2353893184453, 27.703830246358585], [-91.2353893184453, 27.658874303182895], [-91.1904333752696, 27.658874303182895], [-91.14547743209391, 27.56896241683152], [-91.05556554574252, 27.56896241683152], [-91.01060960256683, 27.479050530480144], [-90.83078582986406, 27.434094587304457], [-90.83078582986406, 27.389138644128767], [-90.74087394351267, 27.389138644128767], [-90.74087394351267, 27.34418270095308], [-90.4711382844585, 27.299226757777394], [-90.4711382844585, 27.254270814601703], [-90.20140262540434, 27.254270814601703], [-90.20140262540434, 27.209314871426017], [-89.25732781871477, 27.209314871426017], [-89.25732781871477, 27.254270814601703], [-88.98759215966061, 27.254270814601703], [-88.98759215966061, 27.299226757777394], [-88.71785650060644, 27.34418270095308], [-88.71785650060644, 27.389138644128767], [-88.62794461425506, 27.389138644128767], [-88.62794461425506, 27.434094587304457], [-88.44812084155228, 27.479050530480144], [-88.40316489837659, 27.56896241683152], [-88.3132530120252, 27.56896241683152], [-88.3132530120252, 27.613918360007208], [-88.2682970688495, 27.613918360007208], [-88.2682970688495, 27.658874303182895], [-88.22334112567381, 27.658874303182895], [-88.22334112567381, 27.703830246358585], [-88.17838518249812, 27.703830246358585], [-88.17838518249812, 27.748786189534272], [-88.13342923932242, 27.748786189534272], [-88.13342923932242, 27.79374213270996], [-87.99856140979534, 27.883654019061336], [-87.99856140979534, 27.973565905412713], [-87.90864952344396, 28.0185218485884], [-87.90864952344396, 28.108433734939773], [-87.86369358026826, 28.108433734939773], [-87.86369358026826, 28.19834562129115], [-87.81873763709257, 28.19834562129115], [-87.81873763709257, 28.288257507642527], [-87.77378169391687, 28.288257507642527], [-87.77378169391687, 28.42312533716959], [-87.72882575074118, 28.42312533716959], [-87.68386980756549, 28.917640712102155], [-87.63891386438979, 28.917640712102155], [-87.63891386438979, 29.681891746088848], [-87.68386980756549, 29.681891746088848], [-87.68386980756549, 29.951627405142975], [-87.72882575074118, 29.951627405142975], [-87.77378169391687, 30.356230893724167], [-87.81873763709257, 30.356230893724167], [-87.81873763709257, 30.49109872325123], [-87.86369358026826, 30.49109872325123], [-87.86369358026826, 30.581010609602608], [-87.90864952344396, 30.581010609602608], [-87.90864952344396, 30.67092249595398], [-87.95360546661965, 30.67092249595398], [-87.95360546661965, 30.760834382305358], [-87.99856140979534, 30.760834382305358], [-87.99856140979534, 30.850746268656735], [-88.08847329614673, 30.895702211832422], [-88.08847329614673, 31.030570041359486], [-88.13342923932242, 31.030570041359486], [-88.13342923932242, 31.12048192771086], [-88.17838518249812, 31.12048192771086], [-88.17838518249812, 31.210393814062236], [-88.22334112567381, 31.210393814062236], [-88.2682970688495, 31.390217586764987], [-88.3582089552009, 31.435173529940677], [-88.3582089552009, 31.52508541629205], [-88.40316489837659, 31.52508541629205], [-88.40316489837659, 31.614997302643427], [-88.44812084155228, 31.614997302643427], [-88.44812084155228, 31.7049091889948], [-88.49307678472798, 31.7049091889948], [-88.49307678472798, 31.794821075346178], [-88.53803272790367, 31.794821075346178], [-88.53803272790367, 31.92968890487324], [-88.58298867107936, 31.92968890487324], [-88.58298867107936, 32.693939938859934], [-88.53803272790367, 32.693939938859934], [-88.53803272790367, 32.828807768386994], [-88.49307678472798, 32.828807768386994], [-88.49307678472798, 32.918719654738375], [-88.44812084155228, 32.918719654738375], [-88.44812084155228, 33.00863154108975], [-88.40316489837659, 33.00863154108975], [-88.40316489837659, 33.09854342744113], [-88.3582089552009, 33.09854342744113], [-88.3582089552009, 33.23341125696819], [-88.3132530120252, 33.23341125696819], [-88.3132530120252, 33.32332314331956], [-88.2682970688495, 33.32332314331956], [-88.2682970688495, 33.45819097284663], [-88.22334112567381, 33.45819097284663], [-88.22334112567381, 33.548102859198], [-88.17838518249812, 33.548102859198], [-88.17838518249812, 33.72792663190076], [-88.13342923932242, 33.72792663190076], [-88.13342923932242, 33.86279446142782], [-88.08847329614673, 33.86279446142782], [-88.08847329614673, 33.997662290954885], [-88.04351735297104, 33.997662290954885], [-88.04351735297104, 34.26739795000901], [-87.99856140979534, 34.26739795000901], [-87.99856140979534, 34.44722172271176], [-87.95360546661965, 34.44722172271176], [-87.95360546661965, 34.58208955223883], [-87.99856140979534, 34.58208955223883], [-87.99856140979534, 34.627045495414514], [-88.04351735297104, 34.627045495414514], [-88.13342923932242, 34.761913324941574], [-88.22334112567381, 34.761913324941574], [-88.22334112567381, 34.80686926811727], [-88.3132530120252, 34.80686926811727], [-88.3132530120252, 34.851825211292955], [-88.44812084155228, 34.851825211292955], [-88.44812084155228, 34.89678115446864], [-88.62794461425506, 34.89678115446864], [-88.62794461425506, 34.851825211292955], [-89.0325481028363, 34.851825211292955], [-89.0325481028363, 34.80686926811727], [-89.16741593236338, 34.80686926811727], [-89.16741593236338, 34.761913324941574], [-89.43715159141755, 34.71695738176589], [-89.43715159141755, 34.6720014385902], [-89.52706347776893, 34.6720014385902], [-89.52706347776893, 34.627045495414514], [-89.70688725047171, 34.58208955223883], [-89.7518431936474, 34.492177665887446], [-89.88671102317448, 34.492177665887446], [-89.88671102317448, 34.44722172271176], [-90.06653479587726, 34.40226577953607], [-90.06653479587726, 34.357309836360386], [-90.11149073905295, 34.357309836360386], [-90.11149073905295, 34.3123538931847], [-90.20140262540434, 34.3123538931847], [-90.29131451175573, 34.17748606365763], [-90.38122639810712, 34.17748606365763], [-90.38122639810712, 34.132530120481945], [-90.42618234128281, 34.132530120481945], [-90.5160942276342, 33.997662290954885], [-90.65096205716128, 33.997662290954885], [-90.65096205716128, 33.9527063477792], [-90.74087394351267, 33.9527063477792], [-90.78582988668836, 33.86279446142782], [-90.87574177303975, 33.86279446142782], [-90.92069771621544, 33.772882575076444], [-91.01060960256683, 33.772882575076444], [-91.01060960256683, 33.72792663190076], [-91.05556554574252, 33.72792663190076], [-91.05556554574252, 33.68297068872507], [-91.1904333752696, 33.59305880237369], [-91.1904333752696, 33.50314691602232], [-91.280345261621, 33.50314691602232], [-91.280345261621, 33.45819097284663], [-91.32530120479669, 33.45819097284663], [-91.32530120479669, 33.41323502967094], [-91.46016903432377, 33.32332314331956], [-91.46016903432377, 33.23341125696819], [-91.50512497749946, 33.23341125696819], [-91.50512497749946, 33.1884553137925], [-91.55008092067516, 33.1884553137925], [-91.55008092067516, 33.143499370616816], [-91.59503686385085, 33.143499370616816], [-91.59503686385085, 33.09854342744113], [-91.63999280702654, 33.09854342744113], [-91.63999280702654, 33.053587484265435], [-91.77486063655363, 32.96367559791406], [-91.77486063655363, 32.87376371156269], [-91.86477252290501, 32.828807768386994], [-91.86477252290501, 32.73889588203562], [-91.9546844092564, 32.693939938859934], [-91.9546844092564, 32.60402805250856], [-92.04459629560779, 32.559072109332874], [-92.04459629560779, 32.4691602229815], [-92.13450818195918, 32.42420427980581], [-92.13450818195918, 32.33429239345443], [-92.17946412513487, 32.33429239345443], [-92.17946412513487, 32.289336450278746], [-92.22442006831056, 32.289336450278746], [-92.22442006831056, 32.199424563927366], [-92.26937601148626, 32.199424563927366], [-92.26937601148626, 32.064556734400306], [-92.31433195466195, 32.064556734400306], [-92.31433195466195, 31.97464484804893], [-92.35928789783765, 31.97464484804893], [-92.40424384101334, 31.7049091889948], [-92.44919978418903, 31.7049091889948], [-92.44919978418903, 31.614997302643427], [-92.49415572736473, 31.614997302643427], [-92.49415572736473, 31.480129473116364], [-92.53911167054042, 31.480129473116364], [-92.53911167054042, 31.3452616435893], [-92.58406761371612, 31.3452616435893], [-92.58406761371612, 31.210393814062236], [-92.62902355689181, 31.210393814062236], [-92.62902355689181, 30.895702211832422], [-92.6739795000675, 30.895702211832422], [-92.6739795000675, 30.31127495054848]]]]}}, {"type": "Feature", "properties": {"shapefile": "2021082918_wsp34knt120hr_5km", "PERCENTAGE": "10-20%"}, "geometry": {"type": "MultiPolygon", "coordinates": [[[[-92.6739795000675, 30.31127495054848], [-92.6739795000675, 30.895702211832422], [-92.62902355689181, 30.895702211832422], [-92.62902355689181, 31.210393814062236], [-92.58406761371612, 31.210393814062236], [-92.58406761371612, 31.3452616435893], [-92.53911167054042, 31.3452616435893], [-92.49415572736473, 31.614997302643427], [-92.44919978418903, 31.614997302643427], [-92.44919978418903, 31.7049091889948], [-92.40424384101334, 31.7049091889948], [-92.35928789783765, 31.97464484804893], [-92.31433195466195, 31.97464484804893], [-92.31433195466195, 32.064556734400306], [-92.26937601148626, 32.064556734400306], [-92.26937601148626, 32.199424563927366], [-92.22442006831056, 32.199424563927366], [-92.22442006831056, 32.289336450278746], [-92.13450818195918, 32.33429239345443], [-92.13450818195918, 32.42420427980581], [-92.04459629560779, 32.4691602229815], [-92.04459629560779, 32.559072109332874], [-91.9546844092564, 32.60402805250856], [-91.9546844092564, 32.693939938859934], [-91.86477252290501, 32.73889588203562], [-91.86477252290501, 32.828807768386994], [-91.77486063655363, 32.87376371156269], [-91.77486063655363, 32.96367559791406], [-91.72990469337793, 32.96367559791406], [-91.72990469337793, 33.00863154108975], [-91.68494875020224, 33.00863154108975], [-91.68494875020224, 33.053587484265435], [-91.63999280702654, 33.053587484265435], [-91.63999280702654, 33.09854342744113], [-91.59503686385085, 33.09854342744113], [-91.59503686385085, 33.143499370616816], [-91.46016903432377, 33.23341125696819], [-91.46016903432377, 33.32332314331956], [-91.41521309114808, 33.32332314331956], [-91.41521309114808, 33.36827908649525], [-91.37025714797238, 33.36827908649525], [-91.280345261621, 33.50314691602232], [-91.1904333752696, 33.50314691602232], [-91.1904333752696, 33.59305880237369], [-91.14547743209391, 33.59305880237369], [-91.14547743209391, 33.63801474554938], [-91.10052148891822, 33.63801474554938], [-91.01060960256683, 33.772882575076444], [-90.92069771621544, 33.772882575076444], [-90.87574177303975, 33.86279446142782], [-90.78582988668836, 33.86279446142782], [-90.78582988668836, 33.907750404603505], [-90.74087394351267, 33.907750404603505], [-90.74087394351267, 33.9527063477792], [-90.65096205716128, 33.9527063477792], [-90.65096205716128, 33.997662290954885], [-90.5160942276342, 33.997662290954885], [-90.5160942276342, 34.04261823413057], [-90.4711382844585, 34.04261823413057], [-90.38122639810712, 34.17748606365763], [-90.29131451175573, 34.17748606365763], [-90.29131451175573, 34.22244200683332], [-90.24635856858004, 34.22244200683332], [-90.20140262540434, 34.3123538931847], [-90.11149073905295, 34.3123538931847], [-90.06653479587726, 34.40226577953607], [-89.97662290952587, 34.40226577953607], [-89.97662290952587, 34.44722172271176], [-89.88671102317448, 34.44722172271176], [-89.88671102317448, 34.492177665887446], [-89.7518431936474, 34.492177665887446], [-89.70688725047171, 34.58208955223883], [-89.61697536412032, 34.58208955223883], [-89.61697536412032, 34.627045495414514], [-89.52706347776893, 34.627045495414514], [-89.52706347776893, 34.6720014385902], [-89.43715159141755, 34.6720014385902], [-89.43715159141755, 34.71695738176589], [-89.16741593236338, 34.761913324941574], [-89.16741593236338, 34.80686926811727], [-89.0325481028363, 34.80686926811727], [-89.0325481028363, 34.851825211292955], [-88.62794461425506, 34.851825211292955], [-88.62794461425506, 34.89678115446864], [-88.44812084155228, 34.89678115446864], [-88.44812084155228, 34.851825211292955], [-88.3132530120252, 34.851825211292955], [-88.3132530120252, 34.80686926811727], [-88.13342923932242, 34.761913324941574], [-88.13342923932242, 34.71695738176589], [-88.08847329614673, 34.71695738176589], [-88.08847329614673, 34.6720014385902], [-87.95360546661965, 34.58208955223883], [-87.95360546661965, 34.44722172271176], [-87.99856140979534, 34.44722172271176], [-87.99856140979534, 34.26739795000901], [-88.04351735297104, 34.26739795000901], [-88.04351735297104, 33.997662290954885], [-88.08847329614673, 33.997662290954885], [-88.08847329614673, 33.86279446142782], [-88.13342923932242, 33.86279446142782], [-88.13342923932242, 33.72792663190076], [-88.17838518249812, 33.72792663190076], [-88.17838518249812, 33.548102859198], [-88.22334112567381, 33.548102859198], [-88.22334112567381, 33.45819097284663], [-88.2682970688495, 33.45819097284663], [-88.2682970688495, 33.32332314331956], [-88.3132530120252, 33.32332314331956], [-88.3132530120252, 33.23341125696819], [-88.3582089552009, 33.23341125696819], [-88.3582089552009, 33.09854342744113], [-88.40316489837659, 33.09854342744113], [-88.40316489837659, 33.00863154108975], [-88.44812084155228, 33.00863154108975], [-88.44812084155228, 32.918719654738375], [-88.49307678472798, 32.918719654738375], [-88.49307678472798, 32.828807768386994], [-88.53803272790367, 32.828807768386994], [-88.53803272790367, 32.693939938859934], [-88.58298867107936, 32.693939938859934], [-88.58298867107936, 31.92968890487324], [-88.53803272790367, 31.92968890487324], [-88.53803272790367, 31.794821075346178], [-88.49307678472798, 31.794821075346178], [-88.49307678472798, 31.7049091889948], [-88.44812084155228, 31.7049091889948], [-88.44812084155228, 31.614997302643427], [-88.40316489837659, 31.614997302643427], [-88.3582089552009, 31.435173529940677], [-88.2682970688495, 31.390217586764987], [-88.2682970688495, 31.300305700413613], [-88.22334112567381, 31.300305700413613], [-88.22334112567381, 31.210393814062236], [-88.17838518249812, 31.210393814062236], [-88.17838518249812, 31.12048192771086], [-88.13342923932242, 31.12048192771086], [-88.13342923932242, 31.030570041359486], [-88.08847329614673, 31.030570041359486], [-88.08847329614673, 30.895702211832422], [-87.99856140979534, 30.850746268656735], [-87.99856140979534, 30.760834382305358], [-87.95360546661965, 30.760834382305358], [-87.95360546661965, 30.67092249595398], [-87.90864952344396, 30.67092249595398], [-87.90864952344396, 30.581010609602608], [-87.86369358026826, 30.581010609602608], [-87.86369358026826, 30.49109872325123], [-87.81873763709257, 30.49109872325123], [-87.81873763709257, 30.356230893724167], [-87.77378169391687, 30.356230893724167], [-87.72882575074118, 29.951627405142975], [-87.68386980756549, 29.951627405142975], [-87.68386980756549, 29.681891746088848], [-87.63891386438979, 29.681891746088848], [-87.63891386438979, 28.917640712102155], [-87.68386980756549, 28.917640712102155], [-87.68386980756549, 28.647905053048028], [-87.72882575074118, 28.647905053048028], [-87.72882575074118, 28.42312533716959], [-87.77378169391687, 28.42312533716959], [-87.77378169391687, 28.288257507642527], [-87.81873763709257, 28.288257507642527], [-87.81873763709257, 28.19834562129115], [-87.86369358026826, 28.19834562129115], [-87.90864952344396, 28.0185218485884], [-87.99856140979534, 27.973565905412713], [-87.99856140979534, 27.883654019061336], [-88.04351735297104, 27.883654019061336], [-88.04351735297104, 27.83869807588565], [-88.08847329614673, 27.83869807588565], [-88.08847329614673, 27.79374213270996], [-88.13342923932242, 27.79374213270996], [-88.13342923932242, 27.748786189534272], [-88.17838518249812, 27.748786189534272], [-88.17838518249812, 27.703830246358585], [-88.22334112567381, 27.703830246358585], [-88.3132530120252, 27.56896241683152], [-88.40316489837659, 27.56896241683152], [-88.44812084155228, 27.479050530480144], [-88.62794461425506, 27.434094587304457], [-88.62794461425506, 27.389138644128767], [-88.71785650060644, 27.389138644128767], [-88.71785650060644, 27.34418270095308], [-88.85272433013353, 27.34418270095308], [-88.85272433013353, 27.299226757777394], [-88.98759215966061, 27.299226757777394], [-88.98759215966061, 27.254270814601703], [-89.25732781871477, 27.254270814601703], [-89.25732781871477, 27.209314871426017], [-90.20140262540434, 27.209314871426017], [-90.20140262540434, 27.254270814601703], [-90.4711382844585, 27.254270814601703], [-90.4711382844585, 27.299226757777394], [-90.74087394351267, 27.34418270095308], [-90.74087394351267, 27.389138644128767], [-90.83078582986406, 27.389138644128767], [-90.83078582986406, 27.434094587304457], [-91.01060960256683, 27.479050530480144], [-91.01060960256683, 27.52400647365583], [-91.05556554574252, 27.52400647365583], [-91.05556554574252, 27.56896241683152], [-91.14547743209391, 27.56896241683152], [-91.2353893184453, 27.703830246358585], [-91.32530120479669, 27.703830246358585], [-91.32530120479669, 27.748786189534272], [-91.37025714797238, 27.748786189534272], [-91.37025714797238, 27.79374213270996], [-91.41521309114808, 27.79374213270996], [-91.41521309114808, 27.83869807588565], [-91.46016903432377, 27.83869807588565], [-91.46016903432377, 27.883654019061336], [-91.50512497749946, 27.883654019061336], [-91.50512497749946, 27.928609962237022], [-91.55008092067516, 27.928609962237022], [-91.55008092067516, 27.973565905412713], [-91.59503686385085, 27.973565905412713], [-91.59503686385085, 28.0185218485884], [-91.63999280702654, 28.0185218485884], [-91.63999280702654, 28.063477791764086], [-91.68494875020224, 28.063477791764086], [-91.68494875020224, 28.108433734939773], [-91.81981657972932, 28.19834562129115], [-91.81981657972932, 28.288257507642527], [-91.86477252290501, 28.288257507642527], [-91.86477252290501, 28.333213450818214], [-91.9996403524321, 28.42312533716959], [-91.9996403524321, 28.513037223520964], [-92.08955223878348, 28.557993166696654], [-92.08955223878348, 28.647905053048028], [-92.13450818195918, 28.647905053048028], [-92.13450818195918, 28.737816939399405], [-92.17946412513487, 28.737816939399405], [-92.17946412513487, 28.82772882575078], [-92.22442006831056, 28.82772882575078], [-92.22442006831056, 28.917640712102155], [-92.26937601148626, 28.917640712102155], [-92.26937601148626, 29.05250854162922], [-92.31433195466195, 29.05250854162922], [-92.31433195466195, 29.142420427980596], [-92.35928789783765, 29.142420427980596], [-92.35928789783765, 29.27728825750766], [-92.40424384101334, 29.27728825750766], [-92.40424384101334, 29.367200143859034], [-92.44919978418903, 29.367200143859034], [-92.44919978418903, 29.502067973386097], [-92.49415572736473, 29.502067973386097], [-92.49415572736473, 29.63693580291316], [-92.53911167054042, 29.63693580291316], [-92.53911167054042, 29.861715518791602], [-92.58406761371612, 29.861715518791602], [-92.58406761371612, 30.131451177845726], [-92.62902355689181, 30.131451177845726], [-92.62902355689181, 30.31127495054848], [-92.6739795000675, 30.31127495054848]], [[-92.49415572736473, 30.26631900737279], [-92.44919978418903, 30.26631900737279], [-92.44919978418903, 30.041539291494352], [-92.40424384101334, 30.041539291494352], [-92.40424384101334, 29.81675957561591], [-92.35928789783765, 29.81675957561591], [-92.31433195466195, 29.45711203021041], [-92.26937601148626, 29.45711203021041], [-92.26937601148626, 29.322244200683347], [-92.22442006831056, 29.322244200683347], [-92.17946412513487, 29.05250854162922], [-92.13450818195918, 29.05250854162922], [-92.13450818195918, 28.962596655277842], [-92.08955223878348, 28.962596655277842], [-92.08955223878348, 28.82772882575078], [-91.9996403524321, 28.78277288257509], [-91.9546844092564, 28.60294910987234], [-91.86477252290501, 28.557993166696654], [-91.86477252290501, 28.468081280345277], [-91.81981657972932, 28.468081280345277], [-91.81981657972932, 28.42312533716959], [-91.77486063655363, 28.42312533716959], [-91.77486063655363, 28.3781693939939], [-91.72990469337793, 28.3781693939939], [-91.72990469337793, 28.333213450818214], [-91.59503686385085, 28.243301564466837], [-91.59503686385085, 28.153389678115463], [-91.55008092067516, 28.153389678115463], [-91.55008092067516, 28.108433734939773], [-91.50512497749946, 28.108433734939773], [-91.41521309114808, 27.973565905412713], [-91.32530120479669, 27.973565905412713], [-91.32530120479669, 27.928609962237022], [-91.280345261621, 27.928609962237022], [-91.280345261621, 27.883654019061336], [-91.2353893184453, 27.883654019061336], [-91.2353893184453, 27.83869807588565], [-91.1904333752696, 27.83869807588565], [-91.10052148891822, 27.703830246358585], [-91.01060960256683, 27.703830246358585], [-90.96565365939114, 27.613918360007208], [-90.87574177303975, 27.613918360007208], [-90.87574177303975, 27.56896241683152], [-90.83078582986406, 27.56896241683152], [-90.83078582986406, 27.52400647365583], [-90.74087394351267, 27.52400647365583], [-90.74087394351267, 27.479050530480144], [-90.60600611398559, 27.479050530480144], [-90.60600611398559, 27.434094587304457], [-90.4711382844585, 27.434094587304457], [-90.4711382844585, 27.389138644128767], [-90.29131451175573, 27.389138644128767], [-90.29131451175573, 27.34418270095308], [-89.16741593236338, 27.34418270095308], [-89.16741593236338, 27.389138644128767], [-88.98759215966061, 27.389138644128767], [-88.98759215966061, 27.434094587304457], [-88.71785650060644, 27.479050530480144], [-88.71785650060644, 27.52400647365583], [-88.62794461425506, 27.52400647365583], [-88.58298867107936, 27.613918360007208], [-88.49307678472798, 27.613918360007208], [-88.49307678472798, 27.658874303182895], [-88.44812084155228, 27.658874303182895], [-88.44812084155228, 27.703830246358585], [-88.40316489837659, 27.703830246358585], [-88.40316489837659, 27.748786189534272], [-88.3582089552009, 27.748786189534272], [-88.3582089552009, 27.79374213270996], [-88.3132530120252, 27.79374213270996], [-88.3132530120252, 27.83869807588565], [-88.2682970688495, 27.83869807588565], [-88.2682970688495, 27.883654019061336], [-88.22334112567381, 27.883654019061336], [-88.22334112567381, 27.928609962237022], [-88.17838518249812, 27.928609962237022], [-88.17838518249812, 27.973565905412713], [-88.04351735297104, 28.063477791764086], [-88.04351735297104, 28.153389678115463], [-87.99856140979534, 28.153389678115463], [-87.99856140979534, 28.243301564466837], [-87.95360546661965, 28.243301564466837], [-87.95360546661965, 28.333213450818214], [-87.90864952344396, 28.333213450818214], [-87.90864952344396, 28.42312533716959], [-87.86369358026826, 28.42312533716959], [-87.81873763709257, 28.82772882575078], [-87.77378169391687, 28.82772882575078], [-87.77378169391687, 29.771803632440225], [-87.81873763709257, 29.771803632440225], [-87.86369358026826, 30.176407121021416], [-87.90864952344396, 30.176407121021416], [-87.90864952344396, 30.31127495054848], [-87.95360546661965, 30.31127495054848], [-87.95360546661965, 30.446142780075544], [-87.99856140979534, 30.446142780075544], [-88.04351735297104, 30.625966552778294], [-88.13342923932242, 30.67092249595398], [-88.13342923932242, 30.760834382305358], [-88.17838518249812, 30.760834382305358], [-88.17838518249812, 30.850746268656735], [-88.22334112567381, 30.850746268656735], [-88.2682970688495, 31.030570041359486], [-88.3582089552009, 31.075525984535172], [-88.3582089552009, 31.16543787088655], [-88.40316489837659, 31.16543787088655], [-88.40316489837659, 31.255349757237923], [-88.44812084155228, 31.255349757237923], [-88.44812084155228, 31.3452616435893], [-88.49307678472798, 31.3452616435893], [-88.49307678472798, 31.435173529940677], [-88.53803272790367, 31.435173529940677], [-88.53803272790367, 31.52508541629205], [-88.58298867107936, 31.52508541629205], [-88.58298867107936, 31.614997302643427], [-88.62794461425506, 31.614997302643427], [-88.62794461425506, 31.7049091889948], [-88.67290055743075, 31.7049091889948], [-88.67290055743075, 31.794821075346178], [-88.71785650060644, 31.794821075346178], [-88.71785650060644, 31.884732961697555], [-88.76281244378214, 31.884732961697555], [-88.80776838695783, 32.064556734400306], [-88.85272433013353, 32.064556734400306], [-88.85272433013353, 32.199424563927366], [-88.89768027330922, 32.199424563927366], [-88.89768027330922, 32.289336450278746], [-88.94263621648491, 32.289336450278746], [-88.94263621648491, 32.37924833663012], [-88.98759215966061, 32.37924833663012], [-88.98759215966061, 32.4691602229815], [-89.0325481028363, 32.4691602229815], [-89.0325481028363, 32.559072109332874], [-89.077504046012, 32.559072109332874], [-89.077504046012, 32.96367559791406], [-89.12245998918769, 32.96367559791406], [-89.12245998918769, 33.548102859198], [-89.16741593236338, 33.548102859198], [-89.25732781871477, 33.68297068872507], [-89.34723970506616, 33.68297068872507], [-89.39219564824185, 33.772882575076444], [-90.02157885270157, 33.772882575076444], [-90.02157885270157, 33.72792663190076], [-90.15644668222865, 33.72792663190076], [-90.15644668222865, 33.68297068872507], [-90.24635856858004, 33.68297068872507], [-90.24635856858004, 33.63801474554938], [-90.38122639810712, 33.63801474554938], [-90.38122639810712, 33.59305880237369], [-90.4711382844585, 33.59305880237369], [-90.4711382844585, 33.548102859198], [-90.56105017080989, 33.548102859198], [-90.56105017080989, 33.50314691602232], [-90.65096205716128, 33.50314691602232], [-90.65096205716128, 33.45819097284663], [-90.74087394351267, 33.45819097284663], [-90.74087394351267, 33.41323502967094], [-90.83078582986406, 33.41323502967094], [-90.83078582986406, 33.36827908649525], [-91.01060960256683, 33.32332314331956], [-91.05556554574252, 33.23341125696819], [-91.14547743209391, 33.23341125696819], [-91.14547743209391, 33.1884553137925], [-91.1904333752696, 33.1884553137925], [-91.1904333752696, 33.143499370616816], [-91.2353893184453, 33.143499370616816], [-91.2353893184453, 33.09854342744113], [-91.280345261621, 33.09854342744113], [-91.280345261621, 33.053587484265435], [-91.32530120479669, 33.053587484265435], [-91.32530120479669, 33.00863154108975], [-91.37025714797238, 33.00863154108975], [-91.37025714797238, 32.96367559791406], [-91.41521309114808, 32.96367559791406], [-91.41521309114808, 32.918719654738375], [-91.46016903432377, 32.918719654738375], [-91.46016903432377, 32.87376371156269], [-91.50512497749946, 32.87376371156269], [-91.50512497749946, 32.828807768386994], [-91.55008092067516, 32.828807768386994], [-91.55008092067516, 32.783851825211315], [-91.59503686385085, 32.783851825211315], [-91.59503686385085, 32.73889588203562], [-91.63999280702654, 32.73889588203562], [-91.63999280702654, 32.693939938859934], [-91.77486063655363, 32.60402805250856], [-91.77486063655363, 32.51411616615718], [-91.86477252290501, 32.4691602229815], [-91.86477252290501, 32.37924833663012], [-91.9546844092564, 32.33429239345443], [-91.9546844092564, 32.24438050710306], [-92.04459629560779, 32.199424563927366], [-92.04459629560779, 32.10951267757599], [-92.08955223878348, 32.10951267757599], [-92.08955223878348, 32.01960079122462], [-92.13450818195918, 32.01960079122462], [-92.13450818195918, 31.92968890487324], [-92.17946412513487, 31.92968890487324], [-92.17946412513487, 31.839777018521865], [-92.22442006831056, 31.839777018521865], [-92.22442006831056, 31.7049091889948], [-92.26937601148626, 31.7049091889948], [-92.26937601148626, 31.614997302643427], [-92.31433195466195, 31.614997302643427], [-92.31433195466195, 31.480129473116364], [-92.35928789783765, 31.480129473116364], [-92.35928789783765, 31.3452616435893], [-92.40424384101334, 31.3452616435893], [-92.40424384101334, 31.210393814062236], [-92.44919978418903, 31.210393814062236], [-92.44919978418903, 30.94065815500811], [-92.49415572736473, 30.94065815500811], [-92.49415572736473, 30.26631900737279]]]]}}, {"type": "Feature", "properties": {"shapefile": "2021082918_wsp34knt120hr_5km", "PERCENTAGE": "20-30%"}, "geometry": {"type": "MultiPolygon", "coordinates": [[[[-92.49415572736473, 30.26631900737279], [-92.49415572736473, 30.94065815500811], [-92.44919978418903, 30.94065815500811], [-92.44919978418903, 31.210393814062236], [-92.40424384101334, 31.210393814062236], [-92.40424384101334, 31.3452616435893], [-92.35928789783765, 31.3452616435893], [-92.31433195466195, 31.614997302643427], [-92.26937601148626, 31.614997302643427], [-92.26937601148626, 31.7049091889948], [-92.22442006831056, 31.7049091889948], [-92.22442006831056, 31.839777018521865], [-92.17946412513487, 31.839777018521865], [-92.17946412513487, 31.92968890487324], [-92.13450818195918, 31.92968890487324], [-92.13450818195918, 32.01960079122462], [-92.08955223878348, 32.01960079122462], [-92.04459629560779, 32.199424563927366], [-91.9996403524321, 32.199424563927366], [-91.9996403524321, 32.24438050710306], [-91.9546844092564, 32.24438050710306], [-91.9546844092564, 32.33429239345443], [-91.86477252290501, 32.37924833663012], [-91.86477252290501, 32.4691602229815], [-91.77486063655363, 32.51411616615718], [-91.77486063655363, 32.60402805250856], [-91.72990469337793, 32.60402805250856], [-91.72990469337793, 32.64898399568425], [-91.68494875020224, 32.64898399568425], [-91.68494875020224, 32.693939938859934], [-91.63999280702654, 32.693939938859934], [-91.63999280702654, 32.73889588203562], [-91.59503686385085, 32.73889588203562], [-91.59503686385085, 32.783851825211315], [-91.50512497749946, 32.828807768386994], [-91.50512497749946, 32.87376371156269], [-91.46016903432377, 32.87376371156269], [-91.46016903432377, 32.918719654738375], [-91.41521309114808, 32.918719654738375], [-91.41521309114808, 32.96367559791406], [-91.37025714797238, 32.96367559791406], [-91.37025714797238, 33.00863154108975], [-91.32530120479669, 33.00863154108975], [-91.32530120479669, 33.053587484265435], [-91.280345261621, 33.053587484265435], [-91.280345261621, 33.09854342744113], [-91.2353893184453, 33.09854342744113], [-91.14547743209391, 33.23341125696819], [-91.05556554574252, 33.23341125696819], [-91.01060960256683, 33.32332314331956], [-90.92069771621544, 33.32332314331956], [-90.92069771621544, 33.36827908649525], [-90.83078582986406, 33.36827908649525], [-90.83078582986406, 33.41323502967094], [-90.74087394351267, 33.41323502967094], [-90.74087394351267, 33.45819097284663], [-90.65096205716128, 33.45819097284663], [-90.65096205716128, 33.50314691602232], [-90.56105017080989, 33.50314691602232], [-90.56105017080989, 33.548102859198], [-90.4711382844585, 33.548102859198], [-90.4711382844585, 33.59305880237369], [-90.38122639810712, 33.59305880237369], [-90.38122639810712, 33.63801474554938], [-90.24635856858004, 33.63801474554938], [-90.24635856858004, 33.68297068872507], [-90.15644668222865, 33.68297068872507], [-90.15644668222865, 33.72792663190076], [-90.02157885270157, 33.72792663190076], [-90.02157885270157, 33.772882575076444], [-89.39219564824185, 33.772882575076444], [-89.34723970506616, 33.68297068872507], [-89.25732781871477, 33.68297068872507], [-89.25732781871477, 33.63801474554938], [-89.12245998918769, 33.548102859198], [-89.12245998918769, 32.96367559791406], [-89.077504046012, 32.96367559791406], [-89.077504046012, 32.559072109332874], [-89.0325481028363, 32.559072109332874], [-89.0325481028363, 32.4691602229815], [-88.98759215966061, 32.4691602229815], [-88.98759215966061, 32.37924833663012], [-88.94263621648491, 32.37924833663012], [-88.94263621648491, 32.289336450278746], [-88.89768027330922, 32.289336450278746], [-88.89768027330922, 32.199424563927366], [-88.85272433013353, 32.199424563927366], [-88.85272433013353, 32.064556734400306], [-88.80776838695783, 32.064556734400306], [-88.80776838695783, 31.97464484804893], [-88.76281244378214, 31.97464484804893], [-88.76281244378214, 31.884732961697555], [-88.71785650060644, 31.884732961697555], [-88.71785650060644, 31.794821075346178], [-88.67290055743075, 31.794821075346178], [-88.67290055743075, 31.7049091889948], [-88.62794461425506, 31.7049091889948], [-88.62794461425506, 31.614997302643427], [-88.58298867107936, 31.614997302643427], [-88.58298867107936, 31.52508541629205], [-88.53803272790367, 31.52508541629205], [-88.53803272790367, 31.435173529940677], [-88.49307678472798, 31.435173529940677], [-88.49307678472798, 31.3452616435893], [-88.44812084155228, 31.3452616435893], [-88.44812084155228, 31.255349757237923], [-88.40316489837659, 31.255349757237923], [-88.3582089552009, 31.075525984535172], [-88.2682970688495, 31.030570041359486], [-88.2682970688495, 30.94065815500811], [-88.22334112567381, 30.94065815500811], [-88.22334112567381, 30.850746268656735], [-88.17838518249812, 30.850746268656735], [-88.17838518249812, 30.760834382305358], [-88.13342923932242, 30.760834382305358], [-88.13342923932242, 30.67092249595398], [-88.04351735297104, 30.625966552778294], [-88.04351735297104, 30.536054666426917], [-87.99856140979534, 30.536054666426917], [-87.99856140979534, 30.446142780075544], [-87.95360546661965, 30.446142780075544], [-87.95360546661965, 30.31127495054848], [-87.90864952344396, 30.31127495054848], [-87.90864952344396, 30.176407121021416], [-87.86369358026826, 30.176407121021416], [-87.81873763709257, 29.771803632440225], [-87.77378169391687, 29.771803632440225], [-87.77378169391687, 28.82772882575078], [-87.81873763709257, 28.82772882575078], [-87.86369358026826, 28.42312533716959], [-87.90864952344396, 28.42312533716959], [-87.90864952344396, 28.333213450818214], [-87.95360546661965, 28.333213450818214], [-87.95360546661965, 28.243301564466837], [-87.99856140979534, 28.243301564466837], [-88.04351735297104, 28.063477791764086], [-88.08847329614673, 28.063477791764086], [-88.08847329614673, 28.0185218485884], [-88.13342923932242, 28.0185218485884], [-88.13342923932242, 27.973565905412713], [-88.17838518249812, 27.973565905412713], [-88.17838518249812, 27.928609962237022], [-88.22334112567381, 27.928609962237022], [-88.22334112567381, 27.883654019061336], [-88.2682970688495, 27.883654019061336], [-88.2682970688495, 27.83869807588565], [-88.3132530120252, 27.83869807588565], [-88.3132530120252, 27.79374213270996], [-88.3582089552009, 27.79374213270996], [-88.3582089552009, 27.748786189534272], [-88.40316489837659, 27.748786189534272], [-88.49307678472798, 27.613918360007208], [-88.58298867107936, 27.613918360007208], [-88.58298867107936, 27.56896241683152], [-88.62794461425506, 27.56896241683152], [-88.62794461425506, 27.52400647365583], [-88.71785650060644, 27.52400647365583], [-88.71785650060644, 27.479050530480144], [-88.98759215966061, 27.434094587304457], [-88.98759215966061, 27.389138644128767], [-89.16741593236338, 27.389138644128767], [-89.16741593236338, 27.34418270095308], [-90.29131451175573, 27.34418270095308], [-90.29131451175573, 27.389138644128767], [-90.4711382844585, 27.389138644128767], [-90.4711382844585, 27.434094587304457], [-90.74087394351267, 27.479050530480144], [-90.74087394351267, 27.52400647365583], [-90.83078582986406, 27.52400647365583], [-90.87574177303975, 27.613918360007208], [-90.96565365939114, 27.613918360007208], [-91.01060960256683, 27.703830246358585], [-91.10052148891822, 27.703830246358585], [-91.10052148891822, 27.748786189534272], [-91.14547743209391, 27.748786189534272], [-91.14547743209391, 27.79374213270996], [-91.1904333752696, 27.79374213270996], [-91.1904333752696, 27.83869807588565], [-91.2353893184453, 27.83869807588565], [-91.32530120479669, 27.973565905412713], [-91.41521309114808, 27.973565905412713], [-91.41521309114808, 28.0185218485884], [-91.46016903432377, 28.0185218485884], [-91.46016903432377, 28.063477791764086], [-91.59503686385085, 28.153389678115463], [-91.59503686385085, 28.243301564466837], [-91.63999280702654, 28.243301564466837], [-91.63999280702654, 28.288257507642527], [-91.68494875020224, 28.288257507642527], [-91.68494875020224, 28.333213450818214], [-91.72990469337793, 28.333213450818214], [-91.72990469337793, 28.3781693939939], [-91.86477252290501, 28.468081280345277], [-91.86477252290501, 28.557993166696654], [-91.9546844092564, 28.60294910987234], [-91.9546844092564, 28.692860996223715], [-91.9996403524321, 28.692860996223715], [-91.9996403524321, 28.78277288257509], [-92.08955223878348, 28.82772882575078], [-92.08955223878348, 28.962596655277842], [-92.13450818195918, 28.962596655277842], [-92.13450818195918, 29.05250854162922], [-92.17946412513487, 29.05250854162922], [-92.17946412513487, 29.187376371156283], [-92.22442006831056, 29.187376371156283], [-92.26937601148626, 29.45711203021041], [-92.31433195466195, 29.45711203021041], [-92.31433195466195, 29.63693580291316], [-92.35928789783765, 29.63693580291316], [-92.35928789783765, 29.81675957561591], [-92.40424384101334, 29.81675957561591], [-92.40424384101334, 30.041539291494352], [-92.44919978418903, 30.041539291494352], [-92.44919978418903, 30.26631900737279], [-92.49415572736473, 30.26631900737279]], [[-92.35928789783765, 30.49109872325123], [-92.31433195466195, 30.49109872325123], [-92.31433195466195, 30.131451177845726], [-92.26937601148626, 30.131451177845726], [-92.22442006831056, 29.681891746088848], [-92.17946412513487, 29.681891746088848], [-92.13450818195918, 29.322244200683347], [-92.08955223878348, 29.322244200683347], [-92.08955223878348, 29.187376371156283], [-92.04459629560779, 29.187376371156283], [-92.04459629560779, 29.05250854162922], [-91.9996403524321, 29.05250854162922], [-91.9996403524321, 28.917640712102155], [-91.9546844092564, 28.917640712102155], [-91.9546844092564, 28.82772882575078], [-91.86477252290501, 28.78277288257509], [-91.86477252290501, 28.692860996223715], [-91.77486063655363, 28.647905053048028], [-91.77486063655363, 28.557993166696654], [-91.72990469337793, 28.557993166696654], [-91.72990469337793, 28.513037223520964], [-91.68494875020224, 28.513037223520964], [-91.68494875020224, 28.468081280345277], [-91.63999280702654, 28.468081280345277], [-91.63999280702654, 28.42312533716959], [-91.59503686385085, 28.42312533716959], [-91.59503686385085, 28.3781693939939], [-91.46016903432377, 28.288257507642527], [-91.46016903432377, 28.19834562129115], [-91.41521309114808, 28.19834562129115], [-91.32530120479669, 28.063477791764086], [-91.2353893184453, 28.063477791764086], [-91.2353893184453, 28.0185218485884], [-91.1904333752696, 28.0185218485884], [-91.1904333752696, 27.973565905412713], [-91.14547743209391, 27.973565905412713], [-91.14547743209391, 27.928609962237022], [-91.10052148891822, 27.928609962237022], [-91.01060960256683, 27.79374213270996], [-90.92069771621544, 27.79374213270996], [-90.83078582986406, 27.658874303182895], [-90.65096205716128, 27.613918360007208], [-90.65096205716128, 27.56896241683152], [-90.56105017080989, 27.56896241683152], [-90.56105017080989, 27.52400647365583], [-90.38122639810712, 27.52400647365583], [-90.38122639810712, 27.479050530480144], [-90.11149073905295, 27.479050530480144], [-90.11149073905295, 27.434094587304457], [-89.34723970506616, 27.434094587304457], [-89.34723970506616, 27.479050530480144], [-89.077504046012, 27.479050530480144], [-89.077504046012, 27.52400647365583], [-88.89768027330922, 27.52400647365583], [-88.89768027330922, 27.56896241683152], [-88.80776838695783, 27.56896241683152], [-88.80776838695783, 27.613918360007208], [-88.62794461425506, 27.658874303182895], [-88.53803272790367, 27.79374213270996], [-88.44812084155228, 27.79374213270996], [-88.44812084155228, 27.83869807588565], [-88.40316489837659, 27.83869807588565], [-88.40316489837659, 27.883654019061336], [-88.2682970688495, 27.973565905412713], [-88.2682970688495, 28.063477791764086], [-88.13342923932242, 28.153389678115463], [-88.13342923932242, 28.243301564466837], [-88.04351735297104, 28.288257507642527], [-88.04351735297104, 28.3781693939939], [-87.99856140979534, 28.3781693939939], [-87.99856140979534, 28.513037223520964], [-87.95360546661965, 28.513037223520964], [-87.95360546661965, 28.692860996223715], [-87.90864952344396, 28.692860996223715], [-87.90864952344396, 29.097464484804906], [-87.86369358026826, 29.097464484804906], [-87.90864952344396, 29.90667146196729], [-87.95360546661965, 29.90667146196729], [-87.95360546661965, 30.08649523467004], [-87.99856140979534, 30.08649523467004], [-87.99856140979534, 30.221363064197103], [-88.04351735297104, 30.221363064197103], [-88.04351735297104, 30.31127495054848], [-88.08847329614673, 30.31127495054848], [-88.08847329614673, 30.401186836899853], [-88.13342923932242, 30.401186836899853], [-88.13342923932242, 30.49109872325123], [-88.17838518249812, 30.49109872325123], [-88.17838518249812, 30.581010609602608], [-88.2682970688495, 30.625966552778294], [-88.2682970688495, 30.71587843912967], [-88.3132530120252, 30.71587843912967], [-88.3582089552009, 30.895702211832422], [-88.44812084155228, 30.94065815500811], [-88.49307678472798, 31.12048192771086], [-88.58298867107936, 31.16543787088655], [-88.58298867107936, 31.255349757237923], [-88.62794461425506, 31.255349757237923], [-88.62794461425506, 31.3452616435893], [-88.67290055743075, 31.3452616435893], [-88.71785650060644, 31.52508541629205], [-88.80776838695783, 31.570041359467737], [-88.80776838695783, 31.659953245819114], [-88.85272433013353, 31.659953245819114], [-88.85272433013353, 31.74986513217049], [-88.89768027330922, 31.74986513217049], [-88.89768027330922, 31.839777018521865], [-88.94263621648491, 31.839777018521865], [-88.94263621648491, 31.92968890487324], [-88.98759215966061, 31.92968890487324], [-88.98759215966061, 32.01960079122462], [-89.0325481028363, 32.01960079122462], [-89.0325481028363, 32.10951267757599], [-89.077504046012, 32.10951267757599], [-89.077504046012, 32.199424563927366], [-89.12245998918769, 32.199424563927366], [-89.12245998918769, 32.289336450278746], [-89.16741593236338, 32.289336450278746], [-89.16741593236338, 32.37924833663012], [-89.21237187553908, 32.37924833663012], [-89.21237187553908, 32.4691602229815], [-89.25732781871477, 32.4691602229815], [-89.30228376189046, 32.64898399568425], [-89.34723970506616, 32.64898399568425], [-89.34723970506616, 32.73889588203562], [-89.39219564824185, 32.73889588203562], [-89.39219564824185, 32.783851825211315], [-89.43715159141755, 32.783851825211315], [-89.43715159141755, 32.87376371156269], [-89.52706347776893, 32.918719654738375], [-89.52706347776893, 33.00863154108975], [-89.66193130729602, 33.09854342744113], [-89.66193130729602, 33.1884553137925], [-89.70688725047171, 33.1884553137925], [-89.70688725047171, 33.23341125696819], [-89.7967991368231, 33.23341125696819], [-89.84175507999879, 33.32332314331956], [-89.97662290952587, 33.32332314331956], [-89.97662290952587, 33.36827908649525], [-90.02157885270157, 33.36827908649525], [-90.02157885270157, 33.32332314331956], [-90.33627045493142, 33.32332314331956], [-90.33627045493142, 33.278367200143876], [-90.5160942276342, 33.278367200143876], [-90.5160942276342, 33.23341125696819], [-90.65096205716128, 33.23341125696819], [-90.65096205716128, 33.1884553137925], [-90.74087394351267, 33.1884553137925], [-90.74087394351267, 33.143499370616816], [-90.83078582986406, 33.143499370616816], [-90.83078582986406, 33.09854342744113], [-91.01060960256683, 33.053587484265435], [-91.10052148891822, 32.918719654738375], [-91.1904333752696, 32.918719654738375], [-91.1904333752696, 32.87376371156269], [-91.2353893184453, 32.87376371156269], [-91.2353893184453, 32.828807768386994], [-91.32530120479669, 32.783851825211315], [-91.32530120479669, 32.73889588203562], [-91.37025714797238, 32.73889588203562], [-91.37025714797238, 32.693939938859934], [-91.41521309114808, 32.693939938859934], [-91.41521309114808, 32.64898399568425], [-91.46016903432377, 32.64898399568425], [-91.55008092067516, 32.51411616615718], [-91.63999280702654, 32.4691602229815], [-91.63999280702654, 32.37924833663012], [-91.68494875020224, 32.37924833663012], [-91.68494875020224, 32.33429239345443], [-91.77486063655363, 32.289336450278746], [-91.77486063655363, 32.199424563927366], [-91.86477252290501, 32.154468620751686], [-91.86477252290501, 32.064556734400306], [-91.90972846608071, 32.064556734400306], [-91.90972846608071, 31.97464484804893], [-91.9996403524321, 31.92968890487324], [-91.9996403524321, 31.839777018521865], [-92.04459629560779, 31.839777018521865], [-92.04459629560779, 31.7049091889948], [-92.08955223878348, 31.7049091889948], [-92.08955223878348, 31.614997302643427], [-92.13450818195918, 31.614997302643427], [-92.13450818195918, 31.52508541629205], [-92.17946412513487, 31.52508541629205], [-92.17946412513487, 31.390217586764987], [-92.22442006831056, 31.390217586764987], [-92.22442006831056, 31.255349757237923], [-92.26937601148626, 31.255349757237923], [-92.26937601148626, 31.075525984535172], [-92.31433195466195, 31.075525984535172], [-92.31433195466195, 30.71587843912967], [-92.35928789783765, 30.71587843912967], [-92.35928789783765, 30.49109872325123]]]]}}, {"type": "Feature", "properties": {"shapefile": "2021082918_wsp34knt120hr_5km", "PERCENTAGE": "30-40%"}, "geometry": {"type": "MultiPolygon", "coordinates": [[[[-92.35928789783765, 30.49109872325123], [-92.35928789783765, 30.71587843912967], [-92.31433195466195, 30.71587843912967], [-92.31433195466195, 31.075525984535172], [-92.26937601148626, 31.075525984535172], [-92.26937601148626, 31.255349757237923], [-92.22442006831056, 31.255349757237923], [-92.17946412513487, 31.52508541629205], [-92.13450818195918, 31.52508541629205], [-92.13450818195918, 31.614997302643427], [-92.08955223878348, 31.614997302643427], [-92.08955223878348, 31.7049091889948], [-92.04459629560779, 31.7049091889948], [-92.04459629560779, 31.839777018521865], [-91.9996403524321, 31.839777018521865], [-91.9996403524321, 31.92968890487324], [-91.90972846608071, 31.97464484804893], [-91.86477252290501, 32.154468620751686], [-91.81981657972932, 32.154468620751686], [-91.81981657972932, 32.199424563927366], [-91.77486063655363, 32.199424563927366], [-91.77486063655363, 32.289336450278746], [-91.63999280702654, 32.37924833663012], [-91.63999280702654, 32.4691602229815], [-91.55008092067516, 32.51411616615718], [-91.55008092067516, 32.559072109332874], [-91.50512497749946, 32.559072109332874], [-91.50512497749946, 32.60402805250856], [-91.46016903432377, 32.60402805250856], [-91.46016903432377, 32.64898399568425], [-91.41521309114808, 32.64898399568425], [-91.41521309114808, 32.693939938859934], [-91.37025714797238, 32.693939938859934], [-91.37025714797238, 32.73889588203562], [-91.32530120479669, 32.73889588203562], [-91.32530120479669, 32.783851825211315], [-91.280345261621, 32.783851825211315], [-91.1904333752696, 32.918719654738375], [-91.10052148891822, 32.918719654738375], [-91.01060960256683, 33.053587484265435], [-90.92069771621544, 33.053587484265435], [-90.92069771621544, 33.09854342744113], [-90.83078582986406, 33.09854342744113], [-90.83078582986406, 33.143499370616816], [-90.74087394351267, 33.143499370616816], [-90.74087394351267, 33.1884553137925], [-90.65096205716128, 33.1884553137925], [-90.65096205716128, 33.23341125696819], [-90.5160942276342, 33.23341125696819], [-90.5160942276342, 33.278367200143876], [-90.33627045493142, 33.278367200143876], [-90.33627045493142, 33.32332314331956], [-90.02157885270157, 33.32332314331956], [-90.02157885270157, 33.36827908649525], [-89.97662290952587, 33.36827908649525], [-89.97662290952587, 33.32332314331956], [-89.84175507999879, 33.32332314331956], [-89.7967991368231, 33.23341125696819], [-89.70688725047171, 33.23341125696819], [-89.70688725047171, 33.1884553137925], [-89.66193130729602, 33.1884553137925], [-89.66193130729602, 33.09854342744113], [-89.52706347776893, 33.00863154108975], [-89.52706347776893, 32.918719654738375], [-89.48210753459324, 32.918719654738375], [-89.48210753459324, 32.87376371156269], [-89.43715159141755, 32.87376371156269], [-89.43715159141755, 32.783851825211315], [-89.34723970506616, 32.73889588203562], [-89.34723970506616, 32.64898399568425], [-89.30228376189046, 32.64898399568425], [-89.30228376189046, 32.559072109332874], [-89.25732781871477, 32.559072109332874], [-89.25732781871477, 32.4691602229815], [-89.21237187553908, 32.4691602229815], [-89.21237187553908, 32.37924833663012], [-89.16741593236338, 32.37924833663012], [-89.16741593236338, 32.289336450278746], [-89.12245998918769, 32.289336450278746], [-89.12245998918769, 32.199424563927366], [-89.077504046012, 32.199424563927366], [-89.077504046012, 32.10951267757599], [-89.0325481028363, 32.10951267757599], [-89.0325481028363, 32.01960079122462], [-88.98759215966061, 32.01960079122462], [-88.98759215966061, 31.92968890487324], [-88.94263621648491, 31.92968890487324], [-88.94263621648491, 31.839777018521865], [-88.89768027330922, 31.839777018521865], [-88.85272433013353, 31.659953245819114], [-88.80776838695783, 31.659953245819114], [-88.80776838695783, 31.570041359467737], [-88.71785650060644, 31.52508541629205], [-88.71785650060644, 31.435173529940677], [-88.67290055743075, 31.435173529940677], [-88.67290055743075, 31.3452616435893], [-88.62794461425506, 31.3452616435893], [-88.58298867107936, 31.16543787088655], [-88.49307678472798, 31.12048192771086], [-88.44812084155228, 30.94065815500811], [-88.3582089552009, 30.895702211832422], [-88.3582089552009, 30.805790325481045], [-88.3132530120252, 30.805790325481045], [-88.2682970688495, 30.625966552778294], [-88.17838518249812, 30.581010609602608], [-88.17838518249812, 30.49109872325123], [-88.13342923932242, 30.49109872325123], [-88.13342923932242, 30.401186836899853], [-88.08847329614673, 30.401186836899853], [-88.08847329614673, 30.31127495054848], [-88.04351735297104, 30.31127495054848], [-88.04351735297104, 30.221363064197103], [-87.99856140979534, 30.221363064197103], [-87.99856140979534, 30.08649523467004], [-87.95360546661965, 30.08649523467004], [-87.95360546661965, 29.90667146196729], [-87.90864952344396, 29.90667146196729], [-87.90864952344396, 29.502067973386097], [-87.86369358026826, 29.502067973386097], [-87.90864952344396, 28.692860996223715], [-87.95360546661965, 28.692860996223715], [-87.95360546661965, 28.513037223520964], [-87.99856140979534, 28.513037223520964], [-87.99856140979534, 28.3781693939939], [-88.04351735297104, 28.3781693939939], [-88.04351735297104, 28.288257507642527], [-88.13342923932242, 28.243301564466837], [-88.13342923932242, 28.153389678115463], [-88.2682970688495, 28.063477791764086], [-88.2682970688495, 27.973565905412713], [-88.3132530120252, 27.973565905412713], [-88.3132530120252, 27.928609962237022], [-88.3582089552009, 27.928609962237022], [-88.44812084155228, 27.79374213270996], [-88.53803272790367, 27.79374213270996], [-88.62794461425506, 27.658874303182895], [-88.80776838695783, 27.613918360007208], [-88.80776838695783, 27.56896241683152], [-88.89768027330922, 27.56896241683152], [-88.89768027330922, 27.52400647365583], [-89.077504046012, 27.52400647365583], [-89.077504046012, 27.479050530480144], [-89.34723970506616, 27.479050530480144], [-89.34723970506616, 27.434094587304457], [-90.11149073905295, 27.434094587304457], [-90.11149073905295, 27.479050530480144], [-90.38122639810712, 27.479050530480144], [-90.38122639810712, 27.52400647365583], [-90.56105017080989, 27.52400647365583], [-90.56105017080989, 27.56896241683152], [-90.65096205716128, 27.56896241683152], [-90.65096205716128, 27.613918360007208], [-90.83078582986406, 27.658874303182895], [-90.92069771621544, 27.79374213270996], [-91.01060960256683, 27.79374213270996], [-91.01060960256683, 27.83869807588565], [-91.05556554574252, 27.83869807588565], [-91.05556554574252, 27.883654019061336], [-91.10052148891822, 27.883654019061336], [-91.10052148891822, 27.928609962237022], [-91.14547743209391, 27.928609962237022], [-91.2353893184453, 28.063477791764086], [-91.32530120479669, 28.063477791764086], [-91.32530120479669, 28.108433734939773], [-91.46016903432377, 28.19834562129115], [-91.46016903432377, 28.288257507642527], [-91.50512497749946, 28.288257507642527], [-91.50512497749946, 28.333213450818214], [-91.55008092067516, 28.333213450818214], [-91.55008092067516, 28.3781693939939], [-91.59503686385085, 28.3781693939939], [-91.59503686385085, 28.42312533716959], [-91.63999280702654, 28.42312533716959], [-91.63999280702654, 28.468081280345277], [-91.77486063655363, 28.557993166696654], [-91.77486063655363, 28.647905053048028], [-91.86477252290501, 28.692860996223715], [-91.86477252290501, 28.78277288257509], [-91.9546844092564, 28.82772882575078], [-91.9546844092564, 28.917640712102155], [-91.9996403524321, 28.917640712102155], [-91.9996403524321, 29.05250854162922], [-92.04459629560779, 29.05250854162922], [-92.04459629560779, 29.187376371156283], [-92.08955223878348, 29.187376371156283], [-92.08955223878348, 29.322244200683347], [-92.13450818195918, 29.322244200683347], [-92.17946412513487, 29.681891746088848], [-92.22442006831056, 29.681891746088848], [-92.22442006831056, 29.90667146196729], [-92.26937601148626, 29.90667146196729], [-92.26937601148626, 30.131451177845726], [-92.31433195466195, 30.131451177845726], [-92.31433195466195, 30.49109872325123], [-92.35928789783765, 30.49109872325123]], [[-92.17946412513487, 30.131451177845726], [-92.13450818195918, 30.131451177845726], [-92.13450818195918, 29.90667146196729], [-92.08955223878348, 29.90667146196729], [-92.04459629560779, 29.45711203021041], [-91.9996403524321, 29.45711203021041], [-91.9996403524321, 29.27728825750766], [-91.9546844092564, 29.27728825750766], [-91.9546844092564, 29.097464484804906], [-91.90972846608071, 29.097464484804906], [-91.90972846608071, 29.007552598453533], [-91.86477252290501, 29.007552598453533], [-91.86477252290501, 28.87268476892647], [-91.81981657972932, 28.87268476892647], [-91.81981657972932, 28.82772882575078], [-91.77486063655363, 28.82772882575078], [-91.77486063655363, 28.737816939399405], [-91.63999280702654, 28.647905053048028], [-91.63999280702654, 28.557993166696654], [-91.59503686385085, 28.557993166696654], [-91.59503686385085, 28.513037223520964], [-91.55008092067516, 28.513037223520964], [-91.55008092067516, 28.468081280345277], [-91.50512497749946, 28.468081280345277], [-91.50512497749946, 28.42312533716959], [-91.46016903432377, 28.42312533716959], [-91.46016903432377, 28.3781693939939], [-91.41521309114808, 28.3781693939939], [-91.41521309114808, 28.333213450818214], [-91.37025714797238, 28.333213450818214], [-91.37025714797238, 28.288257507642527], [-91.32530120479669, 28.288257507642527], [-91.32530120479669, 28.243301564466837], [-91.280345261621, 28.243301564466837], [-91.280345261621, 28.19834562129115], [-91.2353893184453, 28.19834562129115], [-91.2353893184453, 28.153389678115463], [-91.1904333752696, 28.153389678115463], [-91.1904333752696, 28.108433734939773], [-91.14547743209391, 28.108433734939773], [-91.14547743209391, 28.063477791764086], [-91.01060960256683, 27.973565905412713], [-91.01060960256683, 27.928609962237022], [-90.92069771621544, 27.928609962237022], [-90.92069771621544, 27.883654019061336], [-90.87574177303975, 27.883654019061336], [-90.78582988668836, 27.748786189534272], [-90.60600611398559, 27.703830246358585], [-90.60600611398559, 27.658874303182895], [-90.5160942276342, 27.658874303182895], [-90.5160942276342, 27.613918360007208], [-90.33627045493142, 27.613918360007208], [-90.33627045493142, 27.56896241683152], [-89.97662290952587, 27.56896241683152], [-89.97662290952587, 27.52400647365583], [-89.48210753459324, 27.52400647365583], [-89.48210753459324, 27.56896241683152], [-89.12245998918769, 27.56896241683152], [-89.12245998918769, 27.613918360007208], [-88.94263621648491, 27.613918360007208], [-88.94263621648491, 27.658874303182895], [-88.85272433013353, 27.658874303182895], [-88.85272433013353, 27.703830246358585], [-88.67290055743075, 27.748786189534272], [-88.67290055743075, 27.79374213270996], [-88.62794461425506, 27.79374213270996], [-88.62794461425506, 27.83869807588565], [-88.58298867107936, 27.83869807588565], [-88.58298867107936, 27.883654019061336], [-88.53803272790367, 27.883654019061336], [-88.53803272790367, 27.928609962237022], [-88.49307678472798, 27.928609962237022], [-88.49307678472798, 27.973565905412713], [-88.44812084155228, 27.973565905412713], [-88.44812084155228, 28.0185218485884], [-88.40316489837659, 28.0185218485884], [-88.40316489837659, 28.063477791764086], [-88.3582089552009, 28.063477791764086], [-88.3582089552009, 28.108433734939773], [-88.22334112567381, 28.19834562129115], [-88.22334112567381, 28.288257507642527], [-88.17838518249812, 28.288257507642527], [-88.17838518249812, 28.333213450818214], [-88.13342923932242, 28.333213450818214], [-88.13342923932242, 28.42312533716959], [-88.08847329614673, 28.42312533716959], [-88.08847329614673, 28.557993166696654], [-88.04351735297104, 28.557993166696654], [-88.04351735297104, 28.78277288257509], [-87.99856140979534, 28.78277288257509], [-87.99856140979534, 29.81675957561591], [-88.04351735297104, 29.81675957561591], [-88.04351735297104, 30.041539291494352], [-88.08847329614673, 30.041539291494352], [-88.08847329614673, 30.176407121021416], [-88.13342923932242, 30.176407121021416], [-88.17838518249812, 30.356230893724167], [-88.2682970688495, 30.401186836899853], [-88.3132530120252, 30.581010609602608], [-88.40316489837659, 30.625966552778294], [-88.40316489837659, 30.71587843912967], [-88.49307678472798, 30.760834382305358], [-88.53803272790367, 30.94065815500811], [-88.58298867107936, 30.94065815500811], [-88.58298867107936, 30.985614098183795], [-88.62794461425506, 30.985614098183795], [-88.62794461425506, 31.075525984535172], [-88.71785650060644, 31.12048192771086], [-88.76281244378214, 31.300305700413613], [-88.85272433013353, 31.3452616435893], [-88.85272433013353, 31.435173529940677], [-88.89768027330922, 31.435173529940677], [-88.94263621648491, 31.614997302643427], [-89.0325481028363, 31.659953245819114], [-89.0325481028363, 31.74986513217049], [-89.077504046012, 31.74986513217049], [-89.077504046012, 31.839777018521865], [-89.12245998918769, 31.839777018521865], [-89.12245998918769, 31.92968890487324], [-89.16741593236338, 31.92968890487324], [-89.16741593236338, 32.01960079122462], [-89.25732781871477, 32.064556734400306], [-89.25732781871477, 32.154468620751686], [-89.30228376189046, 32.154468620751686], [-89.34723970506616, 32.33429239345443], [-89.43715159141755, 32.37924833663012], [-89.43715159141755, 32.4691602229815], [-89.52706347776893, 32.51411616615718], [-89.52706347776893, 32.60402805250856], [-89.66193130729602, 32.693939938859934], [-89.66193130729602, 32.783851825211315], [-89.70688725047171, 32.783851825211315], [-89.7967991368231, 32.918719654738375], [-89.88671102317448, 32.918719654738375], [-89.93166696635018, 33.00863154108975], [-90.11149073905295, 33.00863154108975], [-90.11149073905295, 33.053587484265435], [-90.42618234128281, 33.053587484265435], [-90.42618234128281, 33.00863154108975], [-90.60600611398559, 33.00863154108975], [-90.60600611398559, 32.96367559791406], [-90.74087394351267, 32.96367559791406], [-90.74087394351267, 32.918719654738375], [-90.92069771621544, 32.87376371156269], [-90.96565365939114, 32.783851825211315], [-91.05556554574252, 32.783851825211315], [-91.14547743209391, 32.64898399568425], [-91.2353893184453, 32.64898399568425], [-91.2353893184453, 32.60402805250856], [-91.280345261621, 32.60402805250856], [-91.280345261621, 32.559072109332874], [-91.32530120479669, 32.559072109332874], [-91.32530120479669, 32.51411616615718], [-91.46016903432377, 32.42420427980581], [-91.46016903432377, 32.33429239345443], [-91.50512497749946, 32.33429239345443], [-91.50512497749946, 32.289336450278746], [-91.63999280702654, 32.199424563927366], [-91.63999280702654, 32.10951267757599], [-91.68494875020224, 32.10951267757599], [-91.68494875020224, 32.064556734400306], [-91.72990469337793, 32.064556734400306], [-91.72990469337793, 31.97464484804893], [-91.81981657972932, 31.92968890487324], [-91.81981657972932, 31.839777018521865], [-91.86477252290501, 31.839777018521865], [-91.86477252290501, 31.74986513217049], [-91.90972846608071, 31.74986513217049], [-91.90972846608071, 31.659953245819114], [-91.9546844092564, 31.659953245819114], [-91.9546844092564, 31.570041359467737], [-91.9996403524321, 31.570041359467737], [-91.9996403524321, 31.435173529940677], [-92.04459629560779, 31.435173529940677], [-92.04459629560779, 31.3452616435893], [-92.08955223878348, 31.3452616435893], [-92.08955223878348, 31.16543787088655], [-92.13450818195918, 31.16543787088655], [-92.13450818195918, 30.985614098183795], [-92.17946412513487, 30.985614098183795], [-92.17946412513487, 30.131451177845726]]]]}}, {"type": "Feature", "properties": {"shapefile": "2021082918_wsp34knt120hr_5km", "PERCENTAGE": "40-50%"}, "geometry": {"type": "MultiPolygon", "coordinates": [[[[-92.17946412513487, 30.131451177845726], [-92.17946412513487, 30.985614098183795], [-92.13450818195918, 30.985614098183795], [-92.08955223878348, 31.3452616435893], [-92.04459629560779, 31.3452616435893], [-92.04459629560779, 31.435173529940677], [-91.9996403524321, 31.435173529940677], [-91.9996403524321, 31.570041359467737], [-91.9546844092564, 31.570041359467737], [-91.9546844092564, 31.659953245819114], [-91.90972846608071, 31.659953245819114], [-91.90972846608071, 31.74986513217049], [-91.86477252290501, 31.74986513217049], [-91.81981657972932, 31.92968890487324], [-91.77486063655363, 31.92968890487324], [-91.77486063655363, 31.97464484804893], [-91.72990469337793, 31.97464484804893], [-91.72990469337793, 32.064556734400306], [-91.63999280702654, 32.10951267757599], [-91.63999280702654, 32.199424563927366], [-91.59503686385085, 32.199424563927366], [-91.59503686385085, 32.24438050710306], [-91.46016903432377, 32.33429239345443], [-91.46016903432377, 32.42420427980581], [-91.41521309114808, 32.42420427980581], [-91.41521309114808, 32.4691602229815], [-91.37025714797238, 32.4691602229815], [-91.37025714797238, 32.51411616615718], [-91.32530120479669, 32.51411616615718], [-91.2353893184453, 32.64898399568425], [-91.14547743209391, 32.64898399568425], [-91.05556554574252, 32.783851825211315], [-90.96565365939114, 32.783851825211315], [-90.92069771621544, 32.87376371156269], [-90.83078582986406, 32.87376371156269], [-90.83078582986406, 32.918719654738375], [-90.74087394351267, 32.918719654738375], [-90.74087394351267, 32.96367559791406], [-90.60600611398559, 32.96367559791406], [-90.60600611398559, 33.00863154108975], [-90.42618234128281, 33.00863154108975], [-90.42618234128281, 33.053587484265435], [-90.11149073905295, 33.053587484265435], [-90.11149073905295, 33.00863154108975], [-89.93166696635018, 33.00863154108975], [-89.88671102317448, 32.918719654738375], [-89.7967991368231, 32.918719654738375], [-89.7967991368231, 32.87376371156269], [-89.66193130729602, 32.783851825211315], [-89.66193130729602, 32.693939938859934], [-89.52706347776893, 32.60402805250856], [-89.52706347776893, 32.51411616615718], [-89.48210753459324, 32.51411616615718], [-89.48210753459324, 32.4691602229815], [-89.43715159141755, 32.4691602229815], [-89.43715159141755, 32.37924833663012], [-89.34723970506616, 32.33429239345443], [-89.34723970506616, 32.24438050710306], [-89.30228376189046, 32.24438050710306], [-89.25732781871477, 32.064556734400306], [-89.16741593236338, 32.01960079122462], [-89.16741593236338, 31.92968890487324], [-89.12245998918769, 31.92968890487324], [-89.12245998918769, 31.839777018521865], [-89.077504046012, 31.839777018521865], [-89.0325481028363, 31.659953245819114], [-88.94263621648491, 31.614997302643427], [-88.94263621648491, 31.52508541629205], [-88.89768027330922, 31.52508541629205], [-88.85272433013353, 31.3452616435893], [-88.76281244378214, 31.300305700413613], [-88.71785650060644, 31.12048192771086], [-88.62794461425506, 31.075525984535172], [-88.62794461425506, 30.985614098183795], [-88.53803272790367, 30.94065815500811], [-88.49307678472798, 30.760834382305358], [-88.40316489837659, 30.71587843912967], [-88.40316489837659, 30.625966552778294], [-88.3132530120252, 30.581010609602608], [-88.2682970688495, 30.401186836899853], [-88.17838518249812, 30.356230893724167], [-88.17838518249812, 30.26631900737279], [-88.13342923932242, 30.26631900737279], [-88.13342923932242, 30.176407121021416], [-88.08847329614673, 30.176407121021416], [-88.08847329614673, 30.041539291494352], [-88.04351735297104, 30.041539291494352], [-88.04351735297104, 29.81675957561591], [-87.99856140979534, 29.81675957561591], [-87.99856140979534, 28.78277288257509], [-88.04351735297104, 28.78277288257509], [-88.04351735297104, 28.557993166696654], [-88.08847329614673, 28.557993166696654], [-88.08847329614673, 28.42312533716959], [-88.13342923932242, 28.42312533716959], [-88.13342923932242, 28.333213450818214], [-88.22334112567381, 28.288257507642527], [-88.22334112567381, 28.19834562129115], [-88.2682970688495, 28.19834562129115], [-88.2682970688495, 28.153389678115463], [-88.3132530120252, 28.153389678115463], [-88.3132530120252, 28.108433734939773], [-88.3582089552009, 28.108433734939773], [-88.3582089552009, 28.063477791764086], [-88.40316489837659, 28.063477791764086], [-88.40316489837659, 28.0185218485884], [-88.44812084155228, 28.0185218485884], [-88.44812084155228, 27.973565905412713], [-88.49307678472798, 27.973565905412713], [-88.49307678472798, 27.928609962237022], [-88.53803272790367, 27.928609962237022], [-88.53803272790367, 27.883654019061336], [-88.58298867107936, 27.883654019061336], [-88.67290055743075, 27.748786189534272], [-88.85272433013353, 27.703830246358585], [-88.85272433013353, 27.658874303182895], [-88.94263621648491, 27.658874303182895], [-88.94263621648491, 27.613918360007208], [-89.12245998918769, 27.613918360007208], [-89.12245998918769, 27.56896241683152], [-89.48210753459324, 27.56896241683152], [-89.48210753459324, 27.52400647365583], [-89.97662290952587, 27.52400647365583], [-89.97662290952587, 27.56896241683152], [-90.33627045493142, 27.56896241683152], [-90.33627045493142, 27.613918360007208], [-90.5160942276342, 27.613918360007208], [-90.5160942276342, 27.658874303182895], [-90.60600611398559, 27.658874303182895], [-90.60600611398559, 27.703830246358585], [-90.78582988668836, 27.748786189534272], [-90.78582988668836, 27.79374213270996], [-90.83078582986406, 27.79374213270996], [-90.92069771621544, 27.928609962237022], [-91.01060960256683, 27.928609962237022], [-91.01060960256683, 27.973565905412713], [-91.05556554574252, 27.973565905412713], [-91.05556554574252, 28.0185218485884], [-91.10052148891822, 28.0185218485884], [-91.10052148891822, 28.063477791764086], [-91.14547743209391, 28.063477791764086], [-91.14547743209391, 28.108433734939773], [-91.1904333752696, 28.108433734939773], [-91.1904333752696, 28.153389678115463], [-91.2353893184453, 28.153389678115463], [-91.2353893184453, 28.19834562129115], [-91.280345261621, 28.19834562129115], [-91.280345261621, 28.243301564466837], [-91.32530120479669, 28.243301564466837], [-91.32530120479669, 28.288257507642527], [-91.37025714797238, 28.288257507642527], [-91.37025714797238, 28.333213450818214], [-91.41521309114808, 28.333213450818214], [-91.41521309114808, 28.3781693939939], [-91.46016903432377, 28.3781693939939], [-91.46016903432377, 28.42312533716959], [-91.50512497749946, 28.42312533716959], [-91.50512497749946, 28.468081280345277], [-91.63999280702654, 28.557993166696654], [-91.63999280702654, 28.647905053048028], [-91.68494875020224, 28.647905053048028], [-91.68494875020224, 28.692860996223715], [-91.77486063655363, 28.737816939399405], [-91.77486063655363, 28.82772882575078], [-91.86477252290501, 28.87268476892647], [-91.86477252290501, 29.007552598453533], [-91.90972846608071, 29.007552598453533], [-91.90972846608071, 29.097464484804906], [-91.9546844092564, 29.097464484804906], [-91.9546844092564, 29.27728825750766], [-91.9996403524321, 29.27728825750766], [-91.9996403524321, 29.45711203021041], [-92.04459629560779, 29.45711203021041], [-92.04459629560779, 29.681891746088848], [-92.08955223878348, 29.681891746088848], [-92.13450818195918, 30.131451177845726], [-92.17946412513487, 30.131451177845726]], [[-92.08955223878348, 30.401186836899853], [-92.04459629560779, 30.401186836899853], [-92.04459629560779, 30.08649523467004], [-91.9996403524321, 30.08649523467004], [-91.9996403524321, 29.81675957561591], [-91.9546844092564, 29.81675957561591], [-91.90972846608071, 29.322244200683347], [-91.86477252290501, 29.322244200683347], [-91.86477252290501, 29.142420427980596], [-91.81981657972932, 29.142420427980596], [-91.81981657972932, 29.007552598453533], [-91.77486063655363, 29.007552598453533], [-91.72990469337793, 28.82772882575078], [-91.68494875020224, 28.82772882575078], [-91.68494875020224, 28.78277288257509], [-91.63999280702654, 28.78277288257509], [-91.63999280702654, 28.737816939399405], [-91.50512497749946, 28.647905053048028], [-91.50512497749946, 28.557993166696654], [-91.46016903432377, 28.557993166696654], [-91.46016903432377, 28.513037223520964], [-91.41521309114808, 28.513037223520964], [-91.41521309114808, 28.468081280345277], [-91.37025714797238, 28.468081280345277], [-91.37025714797238, 28.42312533716959], [-91.32530120479669, 28.42312533716959], [-91.32530120479669, 28.3781693939939], [-91.280345261621, 28.3781693939939], [-91.280345261621, 28.333213450818214], [-91.2353893184453, 28.333213450818214], [-91.2353893184453, 28.288257507642527], [-91.1904333752696, 28.288257507642527], [-91.1904333752696, 28.243301564466837], [-91.14547743209391, 28.243301564466837], [-91.14547743209391, 28.19834562129115], [-91.01060960256683, 28.108433734939773], [-91.01060960256683, 28.063477791764086], [-90.92069771621544, 28.063477791764086], [-90.92069771621544, 28.0185218485884], [-90.87574177303975, 28.0185218485884], [-90.87574177303975, 27.973565905412713], [-90.83078582986406, 27.973565905412713], [-90.83078582986406, 27.928609962237022], [-90.78582988668836, 27.928609962237022], [-90.69591800033697, 27.79374213270996], [-90.60600611398559, 27.79374213270996], [-90.60600611398559, 27.748786189534272], [-90.5160942276342, 27.748786189534272], [-90.5160942276342, 27.703830246358585], [-90.33627045493142, 27.703830246358585], [-90.33627045493142, 27.658874303182895], [-89.93166696635018, 27.658874303182895], [-89.93166696635018, 27.613918360007208], [-89.12245998918769, 27.658874303182895], [-89.12245998918769, 27.703830246358585], [-88.94263621648491, 27.703830246358585], [-88.94263621648491, 27.748786189534272], [-88.76281244378214, 27.79374213270996], [-88.76281244378214, 27.83869807588565], [-88.71785650060644, 27.83869807588565], [-88.71785650060644, 27.883654019061336], [-88.67290055743075, 27.883654019061336], [-88.67290055743075, 27.928609962237022], [-88.62794461425506, 27.928609962237022], [-88.62794461425506, 27.973565905412713], [-88.58298867107936, 27.973565905412713], [-88.58298867107936, 28.0185218485884], [-88.53803272790367, 28.0185218485884], [-88.53803272790367, 28.063477791764086], [-88.49307678472798, 28.063477791764086], [-88.49307678472798, 28.108433734939773], [-88.44812084155228, 28.108433734939773], [-88.44812084155228, 28.153389678115463], [-88.40316489837659, 28.153389678115463], [-88.40316489837659, 28.19834562129115], [-88.2682970688495, 28.288257507642527], [-88.2682970688495, 28.3781693939939], [-88.22334112567381, 28.3781693939939], [-88.22334112567381, 28.468081280345277], [-88.17838518249812, 28.468081280345277], [-88.17838518249812, 28.557993166696654], [-88.13342923932242, 28.557993166696654], [-88.13342923932242, 28.78277288257509], [-88.08847329614673, 28.78277288257509], [-88.08847329614673, 29.81675957561591], [-88.13342923932242, 29.81675957561591], [-88.13342923932242, 30.041539291494352], [-88.17838518249812, 30.041539291494352], [-88.17838518249812, 30.131451177845726], [-88.22334112567381, 30.131451177845726], [-88.22334112567381, 30.221363064197103], [-88.2682970688495, 30.221363064197103], [-88.2682970688495, 30.31127495054848], [-88.3582089552009, 30.356230893724167], [-88.3582089552009, 30.446142780075544], [-88.44812084155228, 30.49109872325123], [-88.44812084155228, 30.581010609602608], [-88.53803272790367, 30.625966552778294], [-88.53803272790367, 30.71587843912967], [-88.62794461425506, 30.760834382305358], [-88.62794461425506, 30.850746268656735], [-88.71785650060644, 30.895702211832422], [-88.71785650060644, 30.985614098183795], [-88.80776838695783, 31.030570041359486], [-88.80776838695783, 31.12048192771086], [-88.89768027330922, 31.16543787088655], [-88.89768027330922, 31.255349757237923], [-88.98759215966061, 31.300305700413613], [-89.0325481028363, 31.480129473116364], [-89.12245998918769, 31.52508541629205], [-89.16741593236338, 31.7049091889948], [-89.21237187553908, 31.7049091889948], [-89.21237187553908, 31.74986513217049], [-89.25732781871477, 31.74986513217049], [-89.25732781871477, 31.839777018521865], [-89.34723970506616, 31.884732961697555], [-89.39219564824185, 32.064556734400306], [-89.48210753459324, 32.10951267757599], [-89.48210753459324, 32.199424563927366], [-89.52706347776893, 32.199424563927366], [-89.52706347776893, 32.24438050710306], [-89.57201942094463, 32.24438050710306], [-89.57201942094463, 32.33429239345443], [-89.66193130729602, 32.37924833663012], [-89.66193130729602, 32.4691602229815], [-89.70688725047171, 32.4691602229815], [-89.70688725047171, 32.51411616615718], [-89.7518431936474, 32.51411616615718], [-89.7518431936474, 32.559072109332874], [-89.7967991368231, 32.559072109332874], [-89.7967991368231, 32.60402805250856], [-89.84175507999879, 32.60402805250856], [-89.93166696635018, 32.73889588203562], [-90.02157885270157, 32.73889588203562], [-90.02157885270157, 32.783851825211315], [-90.20140262540434, 32.783851825211315], [-90.20140262540434, 32.828807768386994], [-90.56105017080989, 32.828807768386994], [-90.56105017080989, 32.783851825211315], [-90.65096205716128, 32.783851825211315], [-90.65096205716128, 32.73889588203562], [-90.78582988668836, 32.73889588203562], [-90.78582988668836, 32.693939938859934], [-90.87574177303975, 32.693939938859934], [-90.92069771621544, 32.60402805250856], [-91.01060960256683, 32.60402805250856], [-91.05556554574252, 32.51411616615718], [-91.14547743209391, 32.51411616615718], [-91.14547743209391, 32.4691602229815], [-91.1904333752696, 32.4691602229815], [-91.1904333752696, 32.42420427980581], [-91.2353893184453, 32.42420427980581], [-91.2353893184453, 32.37924833663012], [-91.37025714797238, 32.289336450278746], [-91.37025714797238, 32.199424563927366], [-91.41521309114808, 32.199424563927366], [-91.41521309114808, 32.154468620751686], [-91.55008092067516, 32.064556734400306], [-91.55008092067516, 31.97464484804893], [-91.63999280702654, 31.92968890487324], [-91.63999280702654, 31.839777018521865], [-91.72990469337793, 31.794821075346178], [-91.72990469337793, 31.7049091889948], [-91.77486063655363, 31.7049091889948], [-91.77486063655363, 31.614997302643427], [-91.81981657972932, 31.614997302643427], [-91.81981657972932, 31.52508541629205], [-91.86477252290501, 31.52508541629205], [-91.86477252290501, 31.435173529940677], [-91.90972846608071, 31.435173529940677], [-91.90972846608071, 31.300305700413613], [-91.9546844092564, 31.300305700413613], [-91.9546844092564, 31.16543787088655], [-91.9996403524321, 31.16543787088655], [-91.9996403524321, 30.985614098183795], [-92.04459629560779, 30.985614098183795], [-92.08955223878348, 30.401186836899853]]]]}}, {"type": "Feature", "properties": {"shapefile": "2021082918_wsp34knt120hr_5km", "PERCENTAGE": "50-60%"}, "geometry": {"type": "MultiPolygon", "coordinates": [[[[-92.08955223878348, 30.401186836899853], [-92.04459629560779, 30.985614098183795], [-91.9996403524321, 30.985614098183795], [-91.9996403524321, 31.16543787088655], [-91.9546844092564, 31.16543787088655], [-91.90972846608071, 31.435173529940677], [-91.86477252290501, 31.435173529940677], [-91.86477252290501, 31.52508541629205], [-91.81981657972932, 31.52508541629205], [-91.81981657972932, 31.614997302643427], [-91.77486063655363, 31.614997302643427], [-91.72990469337793, 31.794821075346178], [-91.68494875020224, 31.794821075346178], [-91.68494875020224, 31.839777018521865], [-91.63999280702654, 31.839777018521865], [-91.63999280702654, 31.92968890487324], [-91.55008092067516, 31.97464484804893], [-91.55008092067516, 32.064556734400306], [-91.50512497749946, 32.064556734400306], [-91.50512497749946, 32.10951267757599], [-91.37025714797238, 32.199424563927366], [-91.37025714797238, 32.289336450278746], [-91.32530120479669, 32.289336450278746], [-91.32530120479669, 32.33429239345443], [-91.280345261621, 32.33429239345443], [-91.280345261621, 32.37924833663012], [-91.2353893184453, 32.37924833663012], [-91.14547743209391, 32.51411616615718], [-91.05556554574252, 32.51411616615718], [-91.05556554574252, 32.559072109332874], [-91.01060960256683, 32.559072109332874], [-91.01060960256683, 32.60402805250856], [-90.92069771621544, 32.60402805250856], [-90.87574177303975, 32.693939938859934], [-90.78582988668836, 32.693939938859934], [-90.78582988668836, 32.73889588203562], [-90.65096205716128, 32.73889588203562], [-90.65096205716128, 32.783851825211315], [-90.56105017080989, 32.783851825211315], [-90.56105017080989, 32.828807768386994], [-90.20140262540434, 32.828807768386994], [-90.20140262540434, 32.783851825211315], [-90.02157885270157, 32.783851825211315], [-90.02157885270157, 32.73889588203562], [-89.93166696635018, 32.73889588203562], [-89.93166696635018, 32.693939938859934], [-89.88671102317448, 32.693939938859934], [-89.88671102317448, 32.64898399568425], [-89.84175507999879, 32.64898399568425], [-89.84175507999879, 32.60402805250856], [-89.7967991368231, 32.60402805250856], [-89.7967991368231, 32.559072109332874], [-89.66193130729602, 32.4691602229815], [-89.66193130729602, 32.37924833663012], [-89.57201942094463, 32.33429239345443], [-89.57201942094463, 32.24438050710306], [-89.52706347776893, 32.24438050710306], [-89.52706347776893, 32.199424563927366], [-89.48210753459324, 32.199424563927366], [-89.48210753459324, 32.10951267757599], [-89.39219564824185, 32.064556734400306], [-89.34723970506616, 31.884732961697555], [-89.30228376189046, 31.884732961697555], [-89.30228376189046, 31.839777018521865], [-89.25732781871477, 31.839777018521865], [-89.25732781871477, 31.74986513217049], [-89.16741593236338, 31.7049091889948], [-89.12245998918769, 31.52508541629205], [-89.0325481028363, 31.480129473116364], [-88.98759215966061, 31.300305700413613], [-88.89768027330922, 31.255349757237923], [-88.89768027330922, 31.16543787088655], [-88.80776838695783, 31.12048192771086], [-88.80776838695783, 31.030570041359486], [-88.71785650060644, 30.985614098183795], [-88.71785650060644, 30.895702211832422], [-88.62794461425506, 30.850746268656735], [-88.62794461425506, 30.760834382305358], [-88.53803272790367, 30.71587843912967], [-88.53803272790367, 30.625966552778294], [-88.44812084155228, 30.581010609602608], [-88.44812084155228, 30.49109872325123], [-88.3582089552009, 30.446142780075544], [-88.3582089552009, 30.356230893724167], [-88.2682970688495, 30.31127495054848], [-88.2682970688495, 30.221363064197103], [-88.22334112567381, 30.221363064197103], [-88.22334112567381, 30.131451177845726], [-88.17838518249812, 30.131451177845726], [-88.17838518249812, 30.041539291494352], [-88.13342923932242, 30.041539291494352], [-88.13342923932242, 29.81675957561591], [-88.08847329614673, 29.81675957561591], [-88.08847329614673, 28.78277288257509], [-88.13342923932242, 28.78277288257509], [-88.13342923932242, 28.557993166696654], [-88.17838518249812, 28.557993166696654], [-88.17838518249812, 28.468081280345277], [-88.22334112567381, 28.468081280345277], [-88.2682970688495, 28.288257507642527], [-88.3132530120252, 28.288257507642527], [-88.3132530120252, 28.243301564466837], [-88.3582089552009, 28.243301564466837], [-88.3582089552009, 28.19834562129115], [-88.40316489837659, 28.19834562129115], [-88.40316489837659, 28.153389678115463], [-88.44812084155228, 28.153389678115463], [-88.44812084155228, 28.108433734939773], [-88.49307678472798, 28.108433734939773], [-88.49307678472798, 28.063477791764086], [-88.53803272790367, 28.063477791764086], [-88.53803272790367, 28.0185218485884], [-88.58298867107936, 28.0185218485884], [-88.58298867107936, 27.973565905412713], [-88.62794461425506, 27.973565905412713], [-88.62794461425506, 27.928609962237022], [-88.76281244378214, 27.83869807588565], [-88.76281244378214, 27.79374213270996], [-88.85272433013353, 27.79374213270996], [-88.85272433013353, 27.748786189534272], [-88.94263621648491, 27.748786189534272], [-88.94263621648491, 27.703830246358585], [-89.12245998918769, 27.703830246358585], [-89.12245998918769, 27.658874303182895], [-89.93166696635018, 27.613918360007208], [-89.93166696635018, 27.658874303182895], [-90.33627045493142, 27.658874303182895], [-90.33627045493142, 27.703830246358585], [-90.5160942276342, 27.703830246358585], [-90.5160942276342, 27.748786189534272], [-90.69591800033697, 27.79374213270996], [-90.69591800033697, 27.83869807588565], [-90.74087394351267, 27.83869807588565], [-90.74087394351267, 27.883654019061336], [-90.78582988668836, 27.883654019061336], [-90.78582988668836, 27.928609962237022], [-90.83078582986406, 27.928609962237022], [-90.92069771621544, 28.063477791764086], [-91.01060960256683, 28.063477791764086], [-91.01060960256683, 28.108433734939773], [-91.05556554574252, 28.108433734939773], [-91.05556554574252, 28.153389678115463], [-91.10052148891822, 28.153389678115463], [-91.10052148891822, 28.19834562129115], [-91.14547743209391, 28.19834562129115], [-91.14547743209391, 28.243301564466837], [-91.1904333752696, 28.243301564466837], [-91.1904333752696, 28.288257507642527], [-91.2353893184453, 28.288257507642527], [-91.2353893184453, 28.333213450818214], [-91.280345261621, 28.333213450818214], [-91.280345261621, 28.3781693939939], [-91.32530120479669, 28.3781693939939], [-91.32530120479669, 28.42312533716959], [-91.37025714797238, 28.42312533716959], [-91.37025714797238, 28.468081280345277], [-91.50512497749946, 28.557993166696654], [-91.50512497749946, 28.647905053048028], [-91.55008092067516, 28.647905053048028], [-91.55008092067516, 28.692860996223715], [-91.59503686385085, 28.692860996223715], [-91.59503686385085, 28.737816939399405], [-91.72990469337793, 28.82772882575078], [-91.72990469337793, 28.917640712102155], [-91.77486063655363, 28.917640712102155], [-91.77486063655363, 29.007552598453533], [-91.81981657972932, 29.007552598453533], [-91.81981657972932, 29.142420427980596], [-91.86477252290501, 29.142420427980596], [-91.86477252290501, 29.322244200683347], [-91.90972846608071, 29.322244200683347], [-91.9546844092564, 29.81675957561591], [-91.9996403524321, 29.81675957561591], [-91.9996403524321, 30.08649523467004], [-92.04459629560779, 30.08649523467004], [-92.04459629560779, 30.401186836899853], [-92.08955223878348, 30.401186836899853]], [[-91.9546844092564, 30.31127495054848], [-91.90972846608071, 30.31127495054848], [-91.90972846608071, 29.996583348318666], [-91.86477252290501, 29.996583348318666], [-91.81981657972932, 29.322244200683347], [-91.77486063655363, 29.322244200683347], [-91.77486063655363, 29.142420427980596], [-91.72990469337793, 29.142420427980596], [-91.72990469337793, 29.007552598453533], [-91.68494875020224, 29.007552598453533], [-91.68494875020224, 28.917640712102155], [-91.59503686385085, 28.87268476892647], [-91.59503686385085, 28.78277288257509], [-91.55008092067516, 28.78277288257509], [-91.55008092067516, 28.737816939399405], [-91.50512497749946, 28.737816939399405], [-91.50512497749946, 28.692860996223715], [-91.46016903432377, 28.692860996223715], [-91.46016903432377, 28.647905053048028], [-91.41521309114808, 28.647905053048028], [-91.41521309114808, 28.60294910987234], [-91.37025714797238, 28.60294910987234], [-91.37025714797238, 28.557993166696654], [-91.32530120479669, 28.557993166696654], [-91.32530120479669, 28.513037223520964], [-91.280345261621, 28.513037223520964], [-91.280345261621, 28.468081280345277], [-91.2353893184453, 28.468081280345277], [-91.2353893184453, 28.42312533716959], [-91.1904333752696, 28.42312533716959], [-91.1904333752696, 28.3781693939939], [-91.14547743209391, 28.3781693939939], [-91.14547743209391, 28.333213450818214], [-91.10052148891822, 28.333213450818214], [-91.10052148891822, 28.288257507642527], [-91.05556554574252, 28.288257507642527], [-90.96565365939114, 28.153389678115463], [-90.87574177303975, 28.153389678115463], [-90.87574177303975, 28.108433734939773], [-90.83078582986406, 28.108433734939773], [-90.83078582986406, 28.063477791764086], [-90.78582988668836, 28.063477791764086], [-90.78582988668836, 28.0185218485884], [-90.74087394351267, 28.0185218485884], [-90.74087394351267, 27.973565905412713], [-90.69591800033697, 27.973565905412713], [-90.60600611398559, 27.83869807588565], [-90.5160942276342, 27.83869807588565], [-90.5160942276342, 27.79374213270996], [-90.38122639810712, 27.79374213270996], [-90.38122639810712, 27.748786189534272], [-90.02157885270157, 27.748786189534272], [-90.02157885270157, 27.703830246358585], [-89.43715159141755, 27.703830246358585], [-89.43715159141755, 27.748786189534272], [-89.077504046012, 27.748786189534272], [-89.077504046012, 27.79374213270996], [-88.94263621648491, 27.79374213270996], [-88.94263621648491, 27.83869807588565], [-88.85272433013353, 27.83869807588565], [-88.85272433013353, 27.883654019061336], [-88.80776838695783, 27.883654019061336], [-88.80776838695783, 27.928609962237022], [-88.76281244378214, 27.928609962237022], [-88.76281244378214, 27.973565905412713], [-88.71785650060644, 27.973565905412713], [-88.71785650060644, 28.0185218485884], [-88.67290055743075, 28.0185218485884], [-88.67290055743075, 28.063477791764086], [-88.62794461425506, 28.063477791764086], [-88.62794461425506, 28.108433734939773], [-88.58298867107936, 28.108433734939773], [-88.58298867107936, 28.153389678115463], [-88.53803272790367, 28.153389678115463], [-88.53803272790367, 28.19834562129115], [-88.49307678472798, 28.19834562129115], [-88.49307678472798, 28.243301564466837], [-88.44812084155228, 28.243301564466837], [-88.44812084155228, 28.288257507642527], [-88.40316489837659, 28.288257507642527], [-88.40316489837659, 28.333213450818214], [-88.2682970688495, 28.42312533716959], [-88.2682970688495, 28.513037223520964], [-88.22334112567381, 28.513037223520964], [-88.22334112567381, 28.737816939399405], [-88.17838518249812, 28.737816939399405], [-88.17838518249812, 29.861715518791602], [-88.22334112567381, 29.861715518791602], [-88.22334112567381, 30.041539291494352], [-88.2682970688495, 30.041539291494352], [-88.3132530120252, 30.221363064197103], [-88.44812084155228, 30.31127495054848], [-88.44812084155228, 30.401186836899853], [-88.58298867107936, 30.49109872325123], [-88.58298867107936, 30.581010609602608], [-88.67290055743075, 30.625966552778294], [-88.71785650060644, 30.805790325481045], [-88.76281244378214, 30.805790325481045], [-88.76281244378214, 30.850746268656735], [-88.85272433013353, 30.895702211832422], [-88.85272433013353, 30.985614098183795], [-88.98759215966061, 31.075525984535172], [-88.98759215966061, 31.16543787088655], [-89.077504046012, 31.210393814062236], [-89.077504046012, 31.300305700413613], [-89.16741593236338, 31.3452616435893], [-89.16741593236338, 31.435173529940677], [-89.25732781871477, 31.480129473116364], [-89.25732781871477, 31.570041359467737], [-89.34723970506616, 31.614997302643427], [-89.34723970506616, 31.7049091889948], [-89.43715159141755, 31.74986513217049], [-89.43715159141755, 31.839777018521865], [-89.48210753459324, 31.839777018521865], [-89.48210753459324, 31.884732961697555], [-89.52706347776893, 31.884732961697555], [-89.52706347776893, 31.97464484804893], [-89.61697536412032, 32.01960079122462], [-89.61697536412032, 32.10951267757599], [-89.70688725047171, 32.154468620751686], [-89.70688725047171, 32.24438050710306], [-89.7518431936474, 32.24438050710306], [-89.7518431936474, 32.289336450278746], [-89.7967991368231, 32.289336450278746], [-89.7967991368231, 32.33429239345443], [-89.84175507999879, 32.33429239345443], [-89.84175507999879, 32.37924833663012], [-89.88671102317448, 32.37924833663012], [-89.97662290952587, 32.51411616615718], [-90.06653479587726, 32.51411616615718], [-90.06653479587726, 32.559072109332874], [-90.15644668222865, 32.559072109332874], [-90.15644668222865, 32.60402805250856], [-90.56105017080989, 32.64898399568425], [-90.56105017080989, 32.60402805250856], [-90.74087394351267, 32.559072109332874], [-90.74087394351267, 32.51411616615718], [-90.83078582986406, 32.51411616615718], [-90.83078582986406, 32.4691602229815], [-90.92069771621544, 32.4691602229815], [-90.92069771621544, 32.42420427980581], [-91.01060960256683, 32.42420427980581], [-91.01060960256683, 32.37924833663012], [-91.05556554574252, 32.37924833663012], [-91.05556554574252, 32.33429239345443], [-91.10052148891822, 32.33429239345443], [-91.10052148891822, 32.289336450278746], [-91.14547743209391, 32.289336450278746], [-91.14547743209391, 32.24438050710306], [-91.1904333752696, 32.24438050710306], [-91.1904333752696, 32.199424563927366], [-91.2353893184453, 32.199424563927366], [-91.2353893184453, 32.154468620751686], [-91.37025714797238, 32.064556734400306], [-91.37025714797238, 31.97464484804893], [-91.41521309114808, 31.97464484804893], [-91.41521309114808, 31.92968890487324], [-91.55008092067516, 31.839777018521865], [-91.55008092067516, 31.74986513217049], [-91.63999280702654, 31.7049091889948], [-91.63999280702654, 31.614997302643427], [-91.68494875020224, 31.614997302643427], [-91.68494875020224, 31.52508541629205], [-91.72990469337793, 31.52508541629205], [-91.72990469337793, 31.435173529940677], [-91.77486063655363, 31.435173529940677], [-91.77486063655363, 31.300305700413613], [-91.81981657972932, 31.300305700413613], [-91.81981657972932, 31.16543787088655], [-91.86477252290501, 31.16543787088655], [-91.86477252290501, 31.030570041359486], [-91.90972846608071, 31.030570041359486], [-91.90972846608071, 30.760834382305358], [-91.9546844092564, 30.760834382305358], [-91.9546844092564, 30.31127495054848]]]]}}, {"type": "Feature", "properties": {"shapefile": "2021082918_wsp34knt120hr_5km", "PERCENTAGE": "60-70%"}, "geometry": {"type": "MultiPolygon", "coordinates": [[[[-91.9546844092564, 30.31127495054848], [-91.9546844092564, 30.760834382305358], [-91.90972846608071, 30.760834382305358], [-91.90972846608071, 31.030570041359486], [-91.86477252290501, 31.030570041359486], [-91.86477252290501, 31.16543787088655], [-91.81981657972932, 31.16543787088655], [-91.77486063655363, 31.435173529940677], [-91.72990469337793, 31.435173529940677], [-91.72990469337793, 31.52508541629205], [-91.68494875020224, 31.52508541629205], [-91.63999280702654, 31.7049091889948], [-91.55008092067516, 31.74986513217049], [-91.55008092067516, 31.839777018521865], [-91.50512497749946, 31.839777018521865], [-91.50512497749946, 31.884732961697555], [-91.37025714797238, 31.97464484804893], [-91.37025714797238, 32.064556734400306], [-91.32530120479669, 32.064556734400306], [-91.32530120479669, 32.10951267757599], [-91.280345261621, 32.10951267757599], [-91.280345261621, 32.154468620751686], [-91.2353893184453, 32.154468620751686], [-91.2353893184453, 32.199424563927366], [-91.1904333752696, 32.199424563927366], [-91.1904333752696, 32.24438050710306], [-91.14547743209391, 32.24438050710306], [-91.14547743209391, 32.289336450278746], [-91.10052148891822, 32.289336450278746], [-91.01060960256683, 32.42420427980581], [-90.92069771621544, 32.42420427980581], [-90.92069771621544, 32.4691602229815], [-90.74087394351267, 32.51411616615718], [-90.74087394351267, 32.559072109332874], [-90.65096205716128, 32.559072109332874], [-90.65096205716128, 32.60402805250856], [-90.56105017080989, 32.60402805250856], [-90.56105017080989, 32.64898399568425], [-90.15644668222865, 32.60402805250856], [-90.15644668222865, 32.559072109332874], [-89.97662290952587, 32.51411616615718], [-89.97662290952587, 32.4691602229815], [-89.93166696635018, 32.4691602229815], [-89.93166696635018, 32.42420427980581], [-89.88671102317448, 32.42420427980581], [-89.88671102317448, 32.37924833663012], [-89.84175507999879, 32.37924833663012], [-89.84175507999879, 32.33429239345443], [-89.70688725047171, 32.24438050710306], [-89.70688725047171, 32.154468620751686], [-89.61697536412032, 32.10951267757599], [-89.61697536412032, 32.01960079122462], [-89.52706347776893, 31.97464484804893], [-89.52706347776893, 31.884732961697555], [-89.43715159141755, 31.839777018521865], [-89.43715159141755, 31.74986513217049], [-89.34723970506616, 31.7049091889948], [-89.34723970506616, 31.614997302643427], [-89.25732781871477, 31.570041359467737], [-89.25732781871477, 31.480129473116364], [-89.21237187553908, 31.480129473116364], [-89.21237187553908, 31.435173529940677], [-89.16741593236338, 31.435173529940677], [-89.16741593236338, 31.3452616435893], [-89.077504046012, 31.300305700413613], [-89.077504046012, 31.210393814062236], [-88.98759215966061, 31.16543787088655], [-88.98759215966061, 31.075525984535172], [-88.94263621648491, 31.075525984535172], [-88.94263621648491, 31.030570041359486], [-88.85272433013353, 30.985614098183795], [-88.85272433013353, 30.895702211832422], [-88.71785650060644, 30.805790325481045], [-88.67290055743075, 30.625966552778294], [-88.58298867107936, 30.581010609602608], [-88.58298867107936, 30.49109872325123], [-88.44812084155228, 30.401186836899853], [-88.44812084155228, 30.31127495054848], [-88.3132530120252, 30.221363064197103], [-88.3132530120252, 30.131451177845726], [-88.2682970688495, 30.131451177845726], [-88.2682970688495, 30.041539291494352], [-88.22334112567381, 30.041539291494352], [-88.22334112567381, 29.861715518791602], [-88.17838518249812, 29.861715518791602], [-88.17838518249812, 28.737816939399405], [-88.22334112567381, 28.737816939399405], [-88.22334112567381, 28.513037223520964], [-88.2682970688495, 28.513037223520964], [-88.2682970688495, 28.42312533716959], [-88.3132530120252, 28.42312533716959], [-88.3132530120252, 28.3781693939939], [-88.3582089552009, 28.3781693939939], [-88.3582089552009, 28.333213450818214], [-88.40316489837659, 28.333213450818214], [-88.40316489837659, 28.288257507642527], [-88.44812084155228, 28.288257507642527], [-88.44812084155228, 28.243301564466837], [-88.49307678472798, 28.243301564466837], [-88.49307678472798, 28.19834562129115], [-88.53803272790367, 28.19834562129115], [-88.53803272790367, 28.153389678115463], [-88.58298867107936, 28.153389678115463], [-88.58298867107936, 28.108433734939773], [-88.62794461425506, 28.108433734939773], [-88.62794461425506, 28.063477791764086], [-88.67290055743075, 28.063477791764086], [-88.67290055743075, 28.0185218485884], [-88.71785650060644, 28.0185218485884], [-88.71785650060644, 27.973565905412713], [-88.76281244378214, 27.973565905412713], [-88.85272433013353, 27.83869807588565], [-88.94263621648491, 27.83869807588565], [-88.94263621648491, 27.79374213270996], [-89.077504046012, 27.79374213270996], [-89.077504046012, 27.748786189534272], [-89.43715159141755, 27.748786189534272], [-89.43715159141755, 27.703830246358585], [-90.02157885270157, 27.703830246358585], [-90.02157885270157, 27.748786189534272], [-90.38122639810712, 27.748786189534272], [-90.38122639810712, 27.79374213270996], [-90.5160942276342, 27.79374213270996], [-90.5160942276342, 27.83869807588565], [-90.60600611398559, 27.83869807588565], [-90.60600611398559, 27.883654019061336], [-90.65096205716128, 27.883654019061336], [-90.65096205716128, 27.928609962237022], [-90.69591800033697, 27.928609962237022], [-90.69591800033697, 27.973565905412713], [-90.74087394351267, 27.973565905412713], [-90.74087394351267, 28.0185218485884], [-90.87574177303975, 28.108433734939773], [-90.87574177303975, 28.153389678115463], [-90.96565365939114, 28.153389678115463], [-90.96565365939114, 28.19834562129115], [-91.01060960256683, 28.19834562129115], [-91.01060960256683, 28.243301564466837], [-91.05556554574252, 28.243301564466837], [-91.05556554574252, 28.288257507642527], [-91.10052148891822, 28.288257507642527], [-91.10052148891822, 28.333213450818214], [-91.14547743209391, 28.333213450818214], [-91.14547743209391, 28.3781693939939], [-91.1904333752696, 28.3781693939939], [-91.1904333752696, 28.42312533716959], [-91.2353893184453, 28.42312533716959], [-91.2353893184453, 28.468081280345277], [-91.280345261621, 28.468081280345277], [-91.280345261621, 28.513037223520964], [-91.32530120479669, 28.513037223520964], [-91.32530120479669, 28.557993166696654], [-91.37025714797238, 28.557993166696654], [-91.37025714797238, 28.60294910987234], [-91.41521309114808, 28.60294910987234], [-91.41521309114808, 28.647905053048028], [-91.46016903432377, 28.647905053048028], [-91.46016903432377, 28.692860996223715], [-91.59503686385085, 28.78277288257509], [-91.59503686385085, 28.87268476892647], [-91.68494875020224, 28.917640712102155], [-91.68494875020224, 29.007552598453533], [-91.72990469337793, 29.007552598453533], [-91.72990469337793, 29.142420427980596], [-91.77486063655363, 29.142420427980596], [-91.77486063655363, 29.322244200683347], [-91.81981657972932, 29.322244200683347], [-91.86477252290501, 29.996583348318666], [-91.90972846608071, 29.996583348318666], [-91.90972846608071, 30.31127495054848], [-91.9546844092564, 30.31127495054848]], [[-91.81981657972932, 30.176407121021416], [-91.77486063655363, 30.176407121021416], [-91.77486063655363, 29.726847689264538], [-91.72990469337793, 29.726847689264538], [-91.72990469337793, 29.322244200683347], [-91.68494875020224, 29.322244200683347], [-91.68494875020224, 29.097464484804906], [-91.63999280702654, 29.097464484804906], [-91.63999280702654, 28.962596655277842], [-91.59503686385085, 28.962596655277842], [-91.59503686385085, 28.917640712102155], [-91.55008092067516, 28.917640712102155], [-91.55008092067516, 28.87268476892647], [-91.50512497749946, 28.87268476892647], [-91.50512497749946, 28.82772882575078], [-91.46016903432377, 28.82772882575078], [-91.46016903432377, 28.78277288257509], [-91.41521309114808, 28.78277288257509], [-91.41521309114808, 28.737816939399405], [-91.37025714797238, 28.737816939399405], [-91.37025714797238, 28.692860996223715], [-91.32530120479669, 28.692860996223715], [-91.32530120479669, 28.647905053048028], [-91.280345261621, 28.647905053048028], [-91.280345261621, 28.60294910987234], [-91.14547743209391, 28.513037223520964], [-91.14547743209391, 28.42312533716959], [-91.10052148891822, 28.42312533716959], [-91.05556554574252, 28.333213450818214], [-90.96565365939114, 28.333213450818214], [-90.96565365939114, 28.288257507642527], [-90.92069771621544, 28.288257507642527], [-90.92069771621544, 28.243301564466837], [-90.87574177303975, 28.243301564466837], [-90.87574177303975, 28.19834562129115], [-90.83078582986406, 28.19834562129115], [-90.83078582986406, 28.153389678115463], [-90.78582988668836, 28.153389678115463], [-90.78582988668836, 28.108433734939773], [-90.74087394351267, 28.108433734939773], [-90.74087394351267, 28.063477791764086], [-90.69591800033697, 28.063477791764086], [-90.69591800033697, 28.0185218485884], [-90.65096205716128, 28.0185218485884], [-90.56105017080989, 27.883654019061336], [-90.4711382844585, 27.883654019061336], [-90.4711382844585, 27.83869807588565], [-90.20140262540434, 27.83869807588565], [-90.20140262540434, 27.79374213270996], [-89.25732781871477, 27.79374213270996], [-89.25732781871477, 27.83869807588565], [-88.98759215966061, 27.83869807588565], [-88.98759215966061, 27.883654019061336], [-88.89768027330922, 27.883654019061336], [-88.89768027330922, 27.928609962237022], [-88.85272433013353, 27.928609962237022], [-88.85272433013353, 27.973565905412713], [-88.71785650060644, 28.063477791764086], [-88.71785650060644, 28.153389678115463], [-88.67290055743075, 28.153389678115463], [-88.62794461425506, 28.243301564466837], [-88.53803272790367, 28.243301564466837], [-88.53803272790367, 28.288257507642527], [-88.49307678472798, 28.288257507642527], [-88.49307678472798, 28.333213450818214], [-88.44812084155228, 28.333213450818214], [-88.44812084155228, 28.3781693939939], [-88.3132530120252, 28.468081280345277], [-88.3132530120252, 28.647905053048028], [-88.2682970688495, 28.647905053048028], [-88.2682970688495, 29.951627405142975], [-88.3132530120252, 29.951627405142975], [-88.3132530120252, 30.08649523467004], [-88.3582089552009, 30.08649523467004], [-88.3582089552009, 30.131451177845726], [-88.40316489837659, 30.131451177845726], [-88.40316489837659, 30.221363064197103], [-88.44812084155228, 30.221363064197103], [-88.44812084155228, 30.26631900737279], [-88.49307678472798, 30.26631900737279], [-88.49307678472798, 30.31127495054848], [-88.53803272790367, 30.31127495054848], [-88.53803272790367, 30.356230893724167], [-88.67290055743075, 30.446142780075544], [-88.67290055743075, 30.536054666426917], [-88.76281244378214, 30.581010609602608], [-88.80776838695783, 30.760834382305358], [-88.85272433013353, 30.760834382305358], [-88.85272433013353, 30.805790325481045], [-88.89768027330922, 30.805790325481045], [-88.89768027330922, 30.850746268656735], [-88.94263621648491, 30.850746268656735], [-88.94263621648491, 30.895702211832422], [-89.077504046012, 30.985614098183795], [-89.077504046012, 31.075525984535172], [-89.12245998918769, 31.075525984535172], [-89.12245998918769, 31.12048192771086], [-89.21237187553908, 31.16543787088655], [-89.21237187553908, 31.255349757237923], [-89.30228376189046, 31.300305700413613], [-89.34723970506616, 31.480129473116364], [-89.39219564824185, 31.480129473116364], [-89.39219564824185, 31.52508541629205], [-89.48210753459324, 31.570041359467737], [-89.48210753459324, 31.659953245819114], [-89.52706347776893, 31.659953245819114], [-89.52706347776893, 31.7049091889948], [-89.66193130729602, 31.794821075346178], [-89.66193130729602, 31.884732961697555], [-89.7518431936474, 31.92968890487324], [-89.7967991368231, 32.10951267757599], [-89.84175507999879, 32.10951267757599], [-89.84175507999879, 32.154468620751686], [-89.88671102317448, 32.154468620751686], [-89.88671102317448, 32.199424563927366], [-89.93166696635018, 32.199424563927366], [-90.02157885270157, 32.33429239345443], [-90.15644668222865, 32.33429239345443], [-90.15644668222865, 32.37924833663012], [-90.29131451175573, 32.37924833663012], [-90.29131451175573, 32.42420427980581], [-90.42618234128281, 32.42420427980581], [-90.42618234128281, 32.4691602229815], [-90.5160942276342, 32.4691602229815], [-90.5160942276342, 32.42420427980581], [-90.60600611398559, 32.42420427980581], [-90.60600611398559, 32.37924833663012], [-90.69591800033697, 32.37924833663012], [-90.69591800033697, 32.33429239345443], [-90.83078582986406, 32.33429239345443], [-90.83078582986406, 32.289336450278746], [-91.01060960256683, 32.24438050710306], [-91.01060960256683, 32.199424563927366], [-91.05556554574252, 32.199424563927366], [-91.05556554574252, 32.154468620751686], [-91.1904333752696, 32.064556734400306], [-91.1904333752696, 31.97464484804893], [-91.2353893184453, 31.97464484804893], [-91.2353893184453, 31.92968890487324], [-91.37025714797238, 31.839777018521865], [-91.37025714797238, 31.74986513217049], [-91.46016903432377, 31.74986513217049], [-91.46016903432377, 31.7049091889948], [-91.50512497749946, 31.7049091889948], [-91.50512497749946, 31.614997302643427], [-91.55008092067516, 31.614997302643427], [-91.55008092067516, 31.52508541629205], [-91.59503686385085, 31.52508541629205], [-91.59503686385085, 31.435173529940677], [-91.63999280702654, 31.435173529940677], [-91.63999280702654, 31.300305700413613], [-91.68494875020224, 31.300305700413613], [-91.68494875020224, 31.210393814062236], [-91.72990469337793, 31.210393814062236], [-91.72990469337793, 31.075525984535172], [-91.77486063655363, 31.075525984535172], [-91.77486063655363, 30.805790325481045], [-91.81981657972932, 30.805790325481045], [-91.81981657972932, 30.176407121021416]]]]}}, {"type": "Feature", "properties": {"shapefile": "2021082918_wsp34knt120hr_5km", "PERCENTAGE": "70-80%"}, "geometry": {"type": "MultiPolygon", "coordinates": [[[[-91.81981657972932, 30.176407121021416], [-91.81981657972932, 30.805790325481045], [-91.77486063655363, 30.805790325481045], [-91.77486063655363, 31.075525984535172], [-91.72990469337793, 31.075525984535172], [-91.72990469337793, 31.210393814062236], [-91.68494875020224, 31.210393814062236], [-91.68494875020224, 31.300305700413613], [-91.63999280702654, 31.300305700413613], [-91.63999280702654, 31.435173529940677], [-91.59503686385085, 31.435173529940677], [-91.59503686385085, 31.52508541629205], [-91.55008092067516, 31.52508541629205], [-91.50512497749946, 31.7049091889948], [-91.46016903432377, 31.7049091889948], [-91.46016903432377, 31.74986513217049], [-91.37025714797238, 31.74986513217049], [-91.37025714797238, 31.839777018521865], [-91.32530120479669, 31.839777018521865], [-91.32530120479669, 31.884732961697555], [-91.1904333752696, 31.97464484804893], [-91.1904333752696, 32.064556734400306], [-91.14547743209391, 32.064556734400306], [-91.14547743209391, 32.10951267757599], [-91.10052148891822, 32.10951267757599], [-91.01060960256683, 32.24438050710306], [-90.92069771621544, 32.24438050710306], [-90.92069771621544, 32.289336450278746], [-90.83078582986406, 32.289336450278746], [-90.83078582986406, 32.33429239345443], [-90.69591800033697, 32.33429239345443], [-90.69591800033697, 32.37924833663012], [-90.5160942276342, 32.42420427980581], [-90.5160942276342, 32.4691602229815], [-90.42618234128281, 32.4691602229815], [-90.42618234128281, 32.42420427980581], [-90.29131451175573, 32.42420427980581], [-90.29131451175573, 32.37924833663012], [-90.15644668222865, 32.37924833663012], [-90.15644668222865, 32.33429239345443], [-90.02157885270157, 32.33429239345443], [-90.02157885270157, 32.289336450278746], [-89.97662290952587, 32.289336450278746], [-89.97662290952587, 32.24438050710306], [-89.93166696635018, 32.24438050710306], [-89.93166696635018, 32.199424563927366], [-89.7967991368231, 32.10951267757599], [-89.7518431936474, 31.92968890487324], [-89.66193130729602, 31.884732961697555], [-89.66193130729602, 31.794821075346178], [-89.61697536412032, 31.794821075346178], [-89.61697536412032, 31.74986513217049], [-89.48210753459324, 31.659953245819114], [-89.48210753459324, 31.570041359467737], [-89.34723970506616, 31.480129473116364], [-89.30228376189046, 31.300305700413613], [-89.25732781871477, 31.300305700413613], [-89.25732781871477, 31.255349757237923], [-89.21237187553908, 31.255349757237923], [-89.21237187553908, 31.16543787088655], [-89.077504046012, 31.075525984535172], [-89.077504046012, 30.985614098183795], [-89.0325481028363, 30.985614098183795], [-89.0325481028363, 30.94065815500811], [-88.98759215966061, 30.94065815500811], [-88.98759215966061, 30.895702211832422], [-88.94263621648491, 30.895702211832422], [-88.94263621648491, 30.850746268656735], [-88.80776838695783, 30.760834382305358], [-88.80776838695783, 30.67092249595398], [-88.76281244378214, 30.67092249595398], [-88.76281244378214, 30.581010609602608], [-88.67290055743075, 30.536054666426917], [-88.67290055743075, 30.446142780075544], [-88.62794461425506, 30.446142780075544], [-88.62794461425506, 30.401186836899853], [-88.58298867107936, 30.401186836899853], [-88.58298867107936, 30.356230893724167], [-88.53803272790367, 30.356230893724167], [-88.53803272790367, 30.31127495054848], [-88.40316489837659, 30.221363064197103], [-88.40316489837659, 30.131451177845726], [-88.3132530120252, 30.08649523467004], [-88.3132530120252, 29.951627405142975], [-88.2682970688495, 29.951627405142975], [-88.2682970688495, 28.647905053048028], [-88.3132530120252, 28.647905053048028], [-88.3132530120252, 28.468081280345277], [-88.3582089552009, 28.468081280345277], [-88.3582089552009, 28.42312533716959], [-88.40316489837659, 28.42312533716959], [-88.40316489837659, 28.3781693939939], [-88.44812084155228, 28.3781693939939], [-88.53803272790367, 28.243301564466837], [-88.62794461425506, 28.243301564466837], [-88.62794461425506, 28.19834562129115], [-88.71785650060644, 28.153389678115463], [-88.71785650060644, 28.063477791764086], [-88.76281244378214, 28.063477791764086], [-88.76281244378214, 28.0185218485884], [-88.80776838695783, 28.0185218485884], [-88.89768027330922, 27.883654019061336], [-88.98759215966061, 27.883654019061336], [-88.98759215966061, 27.83869807588565], [-89.25732781871477, 27.83869807588565], [-89.25732781871477, 27.79374213270996], [-90.20140262540434, 27.79374213270996], [-90.20140262540434, 27.83869807588565], [-90.4711382844585, 27.83869807588565], [-90.4711382844585, 27.883654019061336], [-90.56105017080989, 27.883654019061336], [-90.56105017080989, 27.928609962237022], [-90.60600611398559, 27.928609962237022], [-90.60600611398559, 27.973565905412713], [-90.65096205716128, 27.973565905412713], [-90.65096205716128, 28.0185218485884], [-90.69591800033697, 28.0185218485884], [-90.69591800033697, 28.063477791764086], [-90.74087394351267, 28.063477791764086], [-90.74087394351267, 28.108433734939773], [-90.78582988668836, 28.108433734939773], [-90.78582988668836, 28.153389678115463], [-90.83078582986406, 28.153389678115463], [-90.83078582986406, 28.19834562129115], [-90.87574177303975, 28.19834562129115], [-90.96565365939114, 28.333213450818214], [-91.05556554574252, 28.333213450818214], [-91.05556554574252, 28.3781693939939], [-91.14547743209391, 28.42312533716959], [-91.14547743209391, 28.513037223520964], [-91.1904333752696, 28.513037223520964], [-91.1904333752696, 28.557993166696654], [-91.2353893184453, 28.557993166696654], [-91.2353893184453, 28.60294910987234], [-91.280345261621, 28.60294910987234], [-91.280345261621, 28.647905053048028], [-91.32530120479669, 28.647905053048028], [-91.32530120479669, 28.692860996223715], [-91.37025714797238, 28.692860996223715], [-91.37025714797238, 28.737816939399405], [-91.41521309114808, 28.737816939399405], [-91.41521309114808, 28.78277288257509], [-91.46016903432377, 28.78277288257509], [-91.46016903432377, 28.82772882575078], [-91.50512497749946, 28.82772882575078], [-91.50512497749946, 28.87268476892647], [-91.63999280702654, 28.962596655277842], [-91.63999280702654, 29.097464484804906], [-91.68494875020224, 29.097464484804906], [-91.68494875020224, 29.322244200683347], [-91.72990469337793, 29.322244200683347], [-91.77486063655363, 30.176407121021416], [-91.81981657972932, 30.176407121021416]], [[-91.72990469337793, 30.49109872325123], [-91.68494875020224, 30.49109872325123], [-91.68494875020224, 29.81675957561591], [-91.63999280702654, 29.81675957561591], [-91.63999280702654, 29.23233231433197], [-91.59503686385085, 29.23233231433197], [-91.59503686385085, 29.007552598453533], [-91.55008092067516, 29.007552598453533], [-91.46016903432377, 28.87268476892647], [-91.37025714797238, 28.87268476892647], [-91.32530120479669, 28.78277288257509], [-91.2353893184453, 28.78277288257509], [-91.2353893184453, 28.692860996223715], [-91.14547743209391, 28.647905053048028], [-91.14547743209391, 28.557993166696654], [-91.10052148891822, 28.557993166696654], [-91.10052148891822, 28.513037223520964], [-91.05556554574252, 28.513037223520964], [-90.96565365939114, 28.3781693939939], [-90.87574177303975, 28.3781693939939], [-90.83078582986406, 28.288257507642527], [-90.74087394351267, 28.288257507642527], [-90.74087394351267, 28.243301564466837], [-90.69591800033697, 28.243301564466837], [-90.69591800033697, 28.153389678115463], [-90.60600611398559, 28.108433734939773], [-90.60600611398559, 28.0185218485884], [-90.56105017080989, 28.0185218485884], [-90.5160942276342, 27.928609962237022], [-90.38122639810712, 27.928609962237022], [-90.38122639810712, 27.883654019061336], [-89.077504046012, 27.883654019061336], [-89.077504046012, 27.928609962237022], [-88.94263621648491, 27.928609962237022], [-88.94263621648491, 27.973565905412713], [-88.85272433013353, 28.0185218485884], [-88.85272433013353, 28.108433734939773], [-88.76281244378214, 28.153389678115463], [-88.76281244378214, 28.243301564466837], [-88.71785650060644, 28.243301564466837], [-88.71785650060644, 28.288257507642527], [-88.62794461425506, 28.288257507642527], [-88.58298867107936, 28.3781693939939], [-88.49307678472798, 28.3781693939939], [-88.49307678472798, 28.42312533716959], [-88.3582089552009, 28.513037223520964], [-88.3582089552009, 28.87268476892647], [-88.3132530120252, 28.87268476892647], [-88.3132530120252, 29.681891746088848], [-88.3582089552009, 29.681891746088848], [-88.3582089552009, 30.041539291494352], [-88.40316489837659, 30.041539291494352], [-88.40316489837659, 30.08649523467004], [-88.44812084155228, 30.08649523467004], [-88.53803272790367, 30.221363064197103], [-88.62794461425506, 30.221363064197103], [-88.62794461425506, 30.26631900737279], [-88.71785650060644, 30.31127495054848], [-88.71785650060644, 30.401186836899853], [-88.76281244378214, 30.401186836899853], [-88.80776838695783, 30.581010609602608], [-88.89768027330922, 30.625966552778294], [-88.89768027330922, 30.71587843912967], [-88.94263621648491, 30.71587843912967], [-89.0325481028363, 30.850746268656735], [-89.12245998918769, 30.850746268656735], [-89.12245998918769, 30.895702211832422], [-89.21237187553908, 30.94065815500811], [-89.21237187553908, 31.030570041359486], [-89.30228376189046, 31.075525984535172], [-89.30228376189046, 31.16543787088655], [-89.39219564824185, 31.210393814062236], [-89.39219564824185, 31.300305700413613], [-89.48210753459324, 31.3452616435893], [-89.48210753459324, 31.435173529940677], [-89.52706347776893, 31.435173529940677], [-89.52706347776893, 31.480129473116364], [-89.57201942094463, 31.480129473116364], [-89.57201942094463, 31.52508541629205], [-89.61697536412032, 31.52508541629205], [-89.61697536412032, 31.570041359467737], [-89.66193130729602, 31.570041359467737], [-89.66193130729602, 31.614997302643427], [-89.7967991368231, 31.7049091889948], [-89.7967991368231, 31.794821075346178], [-89.84175507999879, 31.794821075346178], [-89.88671102317448, 31.97464484804893], [-89.93166696635018, 31.97464484804893], [-90.02157885270157, 32.10951267757599], [-90.15644668222865, 32.10951267757599], [-90.15644668222865, 32.154468620751686], [-90.29131451175573, 32.154468620751686], [-90.29131451175573, 32.199424563927366], [-90.42618234128281, 32.199424563927366], [-90.42618234128281, 32.24438050710306], [-90.5160942276342, 32.24438050710306], [-90.5160942276342, 32.199424563927366], [-90.65096205716128, 32.199424563927366], [-90.65096205716128, 32.154468620751686], [-90.78582988668836, 32.154468620751686], [-90.78582988668836, 32.10951267757599], [-90.92069771621544, 32.10951267757599], [-90.92069771621544, 32.064556734400306], [-91.01060960256683, 32.064556734400306], [-91.01060960256683, 32.01960079122462], [-91.05556554574252, 32.01960079122462], [-91.05556554574252, 31.92968890487324], [-91.10052148891822, 31.92968890487324], [-91.10052148891822, 31.839777018521865], [-91.14547743209391, 31.839777018521865], [-91.14547743209391, 31.794821075346178], [-91.1904333752696, 31.794821075346178], [-91.1904333752696, 31.74986513217049], [-91.2353893184453, 31.74986513217049], [-91.2353893184453, 31.7049091889948], [-91.280345261621, 31.7049091889948], [-91.280345261621, 31.659953245819114], [-91.32530120479669, 31.659953245819114], [-91.32530120479669, 31.614997302643427], [-91.37025714797238, 31.614997302643427], [-91.37025714797238, 31.570041359467737], [-91.50512497749946, 31.480129473116364], [-91.55008092067516, 31.210393814062236], [-91.59503686385085, 31.210393814062236], [-91.59503686385085, 31.12048192771086], [-91.63999280702654, 31.12048192771086], [-91.63999280702654, 30.895702211832422], [-91.68494875020224, 30.895702211832422], [-91.68494875020224, 30.536054666426917], [-91.72990469337793, 30.536054666426917], [-91.72990469337793, 30.49109872325123]]]]}}, {"type": "Feature", "properties": {"shapefile": "2021082918_wsp34knt120hr_5km", "PERCENTAGE": "80-90%"}, "geometry": {"type": "MultiPolygon", "coordinates": [[[[-90.5160942276342, 27.928609962237022], [-90.5160942276342, 27.973565905412713], [-88.94263621648491, 27.973565905412713], [-88.94263621648491, 27.928609962237022], [-89.077504046012, 27.928609962237022], [-89.077504046012, 27.883654019061336], [-90.38122639810712, 27.883654019061336], [-90.38122639810712, 27.928609962237022], [-90.5160942276342, 27.928609962237022]]], [[[-88.94263621648491, 27.973565905412713], [-88.85272433013353, 28.288257507642527], [-88.80776838695783, 28.288257507642527], [-88.71785650060644, 28.42312533716959], [-88.44812084155228, 28.468081280345277], [-88.49307678472798, 28.3781693939939], [-88.58298867107936, 28.3781693939939], [-88.62794461425506, 28.288257507642527], [-88.71785650060644, 28.288257507642527], [-88.71785650060644, 28.243301564466837], [-88.76281244378214, 28.243301564466837], [-88.76281244378214, 28.153389678115463], [-88.85272433013353, 28.108433734939773], [-88.85272433013353, 28.0185218485884], [-88.94263621648491, 27.973565905412713]]], [[[-91.01060960256683, 28.42312533716959], [-91.01060960256683, 28.468081280345277], [-90.74087394351267, 28.42312533716959], [-90.74087394351267, 28.3781693939939], [-90.60600611398559, 28.288257507642527], [-90.5160942276342, 27.973565905412713], [-90.60600611398559, 28.0185218485884], [-90.60600611398559, 28.108433734939773], [-90.69591800033697, 28.153389678115463], [-90.69591800033697, 28.243301564466837], [-90.74087394351267, 28.243301564466837], [-90.74087394351267, 28.288257507642527], [-90.83078582986406, 28.288257507642527], [-90.87574177303975, 28.3781693939939], [-90.96565365939114, 28.3781693939939], [-90.96565365939114, 28.42312533716959], [-91.01060960256683, 28.42312533716959]]], [[[-91.50512497749946, 28.917640712102155], [-91.50512497749946, 28.962596655277842], [-91.2353893184453, 28.917640712102155], [-91.2353893184453, 28.87268476892647], [-91.10052148891822, 28.78277288257509], [-91.01060960256683, 28.468081280345277], [-91.14547743209391, 28.557993166696654], [-91.14547743209391, 28.647905053048028], [-91.2353893184453, 28.692860996223715], [-91.2353893184453, 28.78277288257509], [-91.32530120479669, 28.78277288257509], [-91.37025714797238, 28.87268476892647], [-91.46016903432377, 28.87268476892647], [-91.46016903432377, 28.917640712102155], [-91.50512497749946, 28.917640712102155]]], [[[-91.55008092067516, 28.962596655277842], [-91.55008092067516, 29.007552598453533], [-91.50512497749946, 29.007552598453533], [-91.50512497749946, 28.962596655277842], [-91.55008092067516, 28.962596655277842]]], [[[-88.44812084155228, 28.468081280345277], [-88.44812084155228, 28.557993166696654], [-88.40316489837659, 28.557993166696654], [-88.40316489837659, 29.996583348318666], [-88.44812084155228, 29.996583348318666], [-88.44812084155228, 30.08649523467004], [-88.40316489837659, 30.08649523467004], [-88.40316489837659, 30.041539291494352], [-88.3582089552009, 30.041539291494352], [-88.3582089552009, 29.681891746088848], [-88.3132530120252, 29.681891746088848], [-88.3132530120252, 28.87268476892647], [-88.3582089552009, 28.87268476892647], [-88.3582089552009, 28.513037223520964], [-88.44812084155228, 28.468081280345277]]], [[[-91.72990469337793, 30.49109872325123], [-91.72990469337793, 30.536054666426917], [-91.68494875020224, 30.536054666426917], [-91.68494875020224, 30.895702211832422], [-91.63999280702654, 30.895702211832422], [-91.63999280702654, 31.12048192771086], [-91.59503686385085, 31.12048192771086], [-91.59503686385085, 31.210393814062236], [-91.55008092067516, 31.210393814062236], [-91.50512497749946, 31.480129473116364], [-91.46016903432377, 31.480129473116364], [-91.46016903432377, 31.52508541629205], [-91.41521309114808, 31.52508541629205], [-91.41521309114808, 31.570041359467737], [-91.37025714797238, 31.570041359467737], [-91.37025714797238, 31.614997302643427], [-91.32530120479669, 31.614997302643427], [-91.32530120479669, 31.659953245819114], [-91.280345261621, 31.659953245819114], [-91.280345261621, 31.7049091889948], [-91.2353893184453, 31.7049091889948], [-91.2353893184453, 31.74986513217049], [-91.10052148891822, 31.839777018521865], [-91.10052148891822, 31.92968890487324], [-91.05556554574252, 31.92968890487324], [-91.05556554574252, 32.01960079122462], [-91.01060960256683, 32.01960079122462], [-91.01060960256683, 32.064556734400306], [-90.92069771621544, 32.064556734400306], [-90.92069771621544, 32.10951267757599], [-90.78582988668836, 32.10951267757599], [-90.78582988668836, 32.154468620751686], [-90.65096205716128, 32.154468620751686], [-90.65096205716128, 32.199424563927366], [-90.5160942276342, 32.199424563927366], [-90.5160942276342, 32.24438050710306], [-90.42618234128281, 32.24438050710306], [-90.42618234128281, 32.199424563927366], [-90.29131451175573, 32.199424563927366], [-90.29131451175573, 32.154468620751686], [-90.15644668222865, 32.154468620751686], [-90.15644668222865, 32.10951267757599], [-90.02157885270157, 32.10951267757599], [-90.02157885270157, 32.064556734400306], [-89.88671102317448, 31.97464484804893], [-89.88671102317448, 31.884732961697555], [-89.84175507999879, 31.884732961697555], [-89.84175507999879, 31.794821075346178], [-89.7967991368231, 31.794821075346178], [-89.7967991368231, 31.7049091889948], [-89.7518431936474, 31.7049091889948], [-89.7518431936474, 31.659953245819114], [-89.70688725047171, 31.659953245819114], [-89.70688725047171, 31.614997302643427], [-89.66193130729602, 31.614997302643427], [-89.66193130729602, 31.570041359467737], [-89.61697536412032, 31.570041359467737], [-89.61697536412032, 31.52508541629205], [-89.48210753459324, 31.435173529940677], [-89.48210753459324, 31.3452616435893], [-89.39219564824185, 31.300305700413613], [-89.39219564824185, 31.210393814062236], [-89.30228376189046, 31.16543787088655], [-89.30228376189046, 31.075525984535172], [-89.21237187553908, 31.030570041359486], [-89.21237187553908, 30.94065815500811], [-89.16741593236338, 30.94065815500811], [-89.12245998918769, 30.850746268656735], [-89.0325481028363, 30.850746268656735], [-89.0325481028363, 30.805790325481045], [-88.89768027330922, 30.71587843912967], [-88.89768027330922, 30.625966552778294], [-88.80776838695783, 30.581010609602608], [-88.80776838695783, 30.49109872325123], [-88.76281244378214, 30.49109872325123], [-88.71785650060644, 30.31127495054848], [-88.67290055743075, 30.31127495054848], [-88.62794461425506, 30.221363064197103], [-88.53803272790367, 30.221363064197103], [-88.44812084155228, 30.08649523467004], [-88.58298867107936, 30.08649523467004], [-88.58298867107936, 30.131451177845726], [-88.76281244378214, 30.176407121021416], [-88.76281244378214, 30.221363064197103], [-88.80776838695783, 30.221363064197103], [-88.80776838695783, 30.31127495054848], [-88.85272433013353, 30.31127495054848], [-88.85272433013353, 30.401186836899853], [-88.89768027330922, 30.401186836899853], [-88.89768027330922, 30.536054666426917], [-88.94263621648491, 30.536054666426917], [-88.94263621648491, 30.625966552778294], [-88.98759215966061, 30.625966552778294], [-88.98759215966061, 30.67092249595398], [-89.12245998918769, 30.67092249595398], [-89.12245998918769, 30.71587843912967], [-89.21237187553908, 30.71587843912967], [-89.21237187553908, 30.760834382305358], [-89.30228376189046, 30.805790325481045], [-89.30228376189046, 30.895702211832422], [-89.34723970506616, 30.895702211832422], [-89.39219564824185, 31.075525984535172], [-89.43715159141755, 31.075525984535172], [-89.52706347776893, 31.210393814062236], [-89.61697536412032, 31.210393814062236], [-89.61697536412032, 31.255349757237923], [-89.66193130729602, 31.255349757237923], [-89.66193130729602, 31.300305700413613], [-89.70688725047171, 31.300305700413613], [-89.70688725047171, 31.3452616435893], [-89.84175507999879, 31.435173529940677], [-89.84175507999879, 31.52508541629205], [-89.88671102317448, 31.52508541629205], [-89.88671102317448, 31.614997302643427], [-89.97662290952587, 31.659953245819114], [-89.97662290952587, 31.74986513217049], [-90.11149073905295, 31.74986513217049], [-90.11149073905295, 31.794821075346178], [-90.20140262540434, 31.794821075346178], [-90.24635856858004, 31.884732961697555], [-90.33627045493142, 31.884732961697555], [-90.33627045493142, 31.92968890487324], [-90.38122639810712, 31.92968890487324], [-90.38122639810712, 31.97464484804893], [-90.4711382844585, 31.97464484804893], [-90.4711382844585, 32.01960079122462], [-90.5160942276342, 32.01960079122462], [-90.56105017080989, 31.92968890487324], [-90.65096205716128, 31.92968890487324], [-90.65096205716128, 31.884732961697555], [-90.83078582986406, 31.839777018521865], [-90.83078582986406, 31.794821075346178], [-90.96565365939114, 31.794821075346178], [-90.96565365939114, 31.74986513217049], [-91.05556554574252, 31.7049091889948], [-91.05556554574252, 31.614997302643427], [-91.1904333752696, 31.52508541629205], [-91.2353893184453, 31.3452616435893], [-91.280345261621, 31.3452616435893], [-91.280345261621, 31.300305700413613], [-91.32530120479669, 31.300305700413613], [-91.41521309114808, 31.16543787088655], [-91.50512497749946, 31.16543787088655], [-91.50512497749946, 31.030570041359486], [-91.55008092067516, 31.030570041359486], [-91.55008092067516, 30.581010609602608], [-91.59503686385085, 30.581010609602608], [-91.59503686385085, 30.041539291494352], [-91.55008092067516, 30.041539291494352], [-91.55008092067516, 29.007552598453533], [-91.59503686385085, 29.007552598453533], [-91.59503686385085, 29.23233231433197], [-91.63999280702654, 29.23233231433197], [-91.68494875020224, 30.49109872325123], [-91.72990469337793, 30.49109872325123]]]]}}, {"type": "Feature", "properties": {"shapefile": "2021082918_wsp34knt120hr_5km", "PERCENTAGE": ">90%"}, "geometry": {"type": "MultiPolygon", "coordinates": [[[[-91.59503686385085, 30.041539291494352], [-91.59503686385085, 30.581010609602608], [-91.55008092067516, 30.581010609602608], [-91.55008092067516, 31.030570041359486], [-91.50512497749946, 31.030570041359486], [-91.50512497749946, 31.16543787088655], [-91.41521309114808, 31.16543787088655], [-91.41521309114808, 31.210393814062236], [-91.37025714797238, 31.210393814062236], [-91.37025714797238, 31.255349757237923], [-91.2353893184453, 31.3452616435893], [-91.1904333752696, 31.52508541629205], [-91.05556554574252, 31.614997302643427], [-91.05556554574252, 31.7049091889948], [-91.01060960256683, 31.7049091889948], [-90.96565365939114, 31.794821075346178], [-90.83078582986406, 31.794821075346178], [-90.83078582986406, 31.839777018521865], [-90.74087394351267, 31.839777018521865], [-90.74087394351267, 31.884732961697555], [-90.56105017080989, 31.92968890487324], [-90.56105017080989, 31.97464484804893], [-90.4711382844585, 32.01960079122462], [-90.4711382844585, 31.97464484804893], [-90.38122639810712, 31.97464484804893], [-90.33627045493142, 31.884732961697555], [-90.24635856858004, 31.884732961697555], [-90.20140262540434, 31.794821075346178], [-90.11149073905295, 31.794821075346178], [-90.11149073905295, 31.74986513217049], [-89.97662290952587, 31.74986513217049], [-89.97662290952587, 31.659953245819114], [-89.88671102317448, 31.614997302643427], [-89.84175507999879, 31.435173529940677], [-89.7967991368231, 31.435173529940677], [-89.7967991368231, 31.390217586764987], [-89.7518431936474, 31.390217586764987], [-89.7518431936474, 31.3452616435893], [-89.70688725047171, 31.3452616435893], [-89.61697536412032, 31.210393814062236], [-89.52706347776893, 31.210393814062236], [-89.52706347776893, 31.16543787088655], [-89.39219564824185, 31.075525984535172], [-89.39219564824185, 30.985614098183795], [-89.34723970506616, 30.985614098183795], [-89.30228376189046, 30.805790325481045], [-89.25732781871477, 30.805790325481045], [-89.21237187553908, 30.71587843912967], [-89.12245998918769, 30.71587843912967], [-89.12245998918769, 30.67092249595398], [-88.98759215966061, 30.67092249595398], [-88.98759215966061, 30.625966552778294], [-88.94263621648491, 30.625966552778294], [-88.94263621648491, 30.536054666426917], [-88.89768027330922, 30.536054666426917], [-88.89768027330922, 30.401186836899853], [-88.85272433013353, 30.401186836899853], [-88.85272433013353, 30.31127495054848], [-88.80776838695783, 30.31127495054848], [-88.80776838695783, 30.221363064197103], [-88.76281244378214, 30.221363064197103], [-88.76281244378214, 30.176407121021416], [-88.67290055743075, 30.176407121021416], [-88.67290055743075, 30.131451177845726], [-88.58298867107936, 30.131451177845726], [-88.58298867107936, 30.08649523467004], [-88.44812084155228, 30.08649523467004], [-88.44812084155228, 29.996583348318666], [-88.40316489837659, 29.996583348318666], [-88.40316489837659, 28.557993166696654], [-88.44812084155228, 28.557993166696654], [-88.44812084155228, 28.468081280345277], [-88.71785650060644, 28.42312533716959], [-88.71785650060644, 28.3781693939939], [-88.85272433013353, 28.288257507642527], [-88.94263621648491, 27.973565905412713], [-90.5160942276342, 27.973565905412713], [-90.60600611398559, 28.288257507642527], [-90.65096205716128, 28.288257507642527], [-90.74087394351267, 28.42312533716959], [-91.01060960256683, 28.468081280345277], [-91.01060960256683, 28.557993166696654], [-91.05556554574252, 28.557993166696654], [-91.05556554574252, 28.692860996223715], [-91.10052148891822, 28.692860996223715], [-91.10052148891822, 28.78277288257509], [-91.14547743209391, 28.78277288257509], [-91.2353893184453, 28.917640712102155], [-91.37025714797238, 28.917640712102155], [-91.37025714797238, 28.962596655277842], [-91.50512497749946, 28.962596655277842], [-91.50512497749946, 29.007552598453533], [-91.55008092067516, 29.007552598453533], [-91.55008092067516, 30.041539291494352], [-91.59503686385085, 30.041539291494352]]]]}}]}