{"type": "FeatureCollection", "features": [{"type": "Feature", "properties": {"shapefile": "2021082718_wsp64knt120hr_5km", "PERCENTAGE": "<5%"}, "geometry": {"type": "MultiPolygon", "coordinates": [[[[-113.893184678995, 25.815680632979692], [-113.893184678995, 26.445063837439324], [-113.8482287358193, 26.445063837439324], [-113.8482287358193, 26.5349757237907], [-113.80327279264361, 26.5349757237907], [-113.75831684946792, 26.624887610142075], [-113.57849307676514, 26.66984355331776], [-113.57849307676514, 26.714799496493452], [-113.39866930406237, 26.714799496493452], [-113.39866930406237, 26.75975543966914], [-112.85919798595404, 26.75975543966914], [-112.85919798595404, 26.714799496493452], [-112.72433015642696, 26.714799496493452], [-112.72433015642696, 26.66984355331776], [-112.58946232689988, 26.66984355331776], [-112.58946232689988, 26.624887610142075], [-112.4545944973728, 26.624887610142075], [-112.4545944973728, 26.579931666966388], [-112.36468261102141, 26.579931666966388], [-112.36468261102141, 26.624887610142075], [-112.27477072467002, 26.66984355331776], [-112.27477072467002, 26.93957921237189], [-112.31972666784571, 26.93957921237189], [-112.31972666784571, 27.074447041898953], [-112.36468261102141, 27.074447041898953], [-112.36468261102141, 27.16435892825033], [-112.4096385541971, 27.16435892825033], [-112.4096385541971, 27.254270814601703], [-112.4545944973728, 27.254270814601703], [-112.4545944973728, 27.389138644128767], [-112.49955044054849, 27.389138644128767], [-112.49955044054849, 27.479050530480144], [-112.54450638372418, 27.479050530480144], [-112.54450638372418, 27.56896241683152], [-112.58946232689988, 27.56896241683152], [-112.58946232689988, 27.658874303182895], [-112.63441827007557, 27.658874303182895], [-112.63441827007557, 27.748786189534272], [-112.67937421325126, 27.748786189534272], [-112.67937421325126, 27.883654019061336], [-112.72433015642696, 27.883654019061336], [-112.72433015642696, 28.063477791764086], [-112.76928609960265, 28.063477791764086], [-112.76928609960265, 28.87268476892647], [-112.72433015642696, 28.87268476892647], [-112.72433015642696, 29.05250854162922], [-112.67937421325126, 29.05250854162922], [-112.67937421325126, 29.142420427980596], [-112.63441827007557, 29.142420427980596], [-112.63441827007557, 29.187376371156283], [-112.54450638372418, 29.187376371156283], [-112.54450638372418, 29.23233231433197], [-112.27477072467002, 29.187376371156283], [-112.27477072467002, 29.142420427980596], [-112.18485883831863, 29.142420427980596], [-112.18485883831863, 29.097464484804906], [-112.00503506561586, 29.05250854162922], [-111.96007912244016, 28.962596655277842], [-111.78025534973739, 28.917640712102155], [-111.78025534973739, 28.87268476892647], [-111.7352994065617, 28.87268476892647], [-111.7352994065617, 28.82772882575078], [-111.690343463386, 28.82772882575078], [-111.690343463386, 28.78277288257509], [-111.6453875202103, 28.78277288257509], [-111.6453875202103, 28.737816939399405], [-111.60043157703461, 28.737816939399405], [-111.51051969068322, 28.60294910987234], [-111.42060780433184, 28.60294910987234], [-111.42060780433184, 28.557993166696654], [-111.37565186115614, 28.557993166696654], [-111.37565186115614, 28.513037223520964], [-111.28573997480476, 28.513037223520964], [-111.24078403162906, 28.42312533716959], [-111.15087214527767, 28.42312533716959], [-111.15087214527767, 28.3781693939939], [-111.06096025892629, 28.3781693939939], [-111.01600431575059, 28.288257507642527], [-110.9260924293992, 28.288257507642527], [-110.88113648622351, 28.19834562129115], [-110.79122459987212, 28.19834562129115], [-110.79122459987212, 28.153389678115463], [-110.74626865669643, 28.153389678115463], [-110.70131271352074, 28.063477791764086], [-110.61140082716935, 28.063477791764086], [-110.61140082716935, 28.0185218485884], [-110.56644488399365, 28.0185218485884], [-110.56644488399365, 27.973565905412713], [-110.52148894081796, 27.973565905412713], [-110.52148894081796, 27.928609962237022], [-110.47653299764227, 27.928609962237022], [-110.47653299764227, 27.883654019061336], [-110.43157705446657, 27.883654019061336], [-110.43157705446657, 27.83869807588565], [-110.38662111129088, 27.83869807588565], [-110.38662111129088, 27.79374213270996], [-110.34166516811518, 27.79374213270996], [-110.34166516811518, 27.748786189534272], [-110.29670922493949, 27.748786189534272], [-110.29670922493949, 27.703830246358585], [-110.2517532817638, 27.703830246358585], [-110.16184139541241, 27.56896241683152], [-110.07192950906102, 27.56896241683152], [-110.07192950906102, 27.52400647365583], [-110.02697356588533, 27.52400647365583], [-110.02697356588533, 27.479050530480144], [-109.98201762270963, 27.479050530480144], [-109.98201762270963, 27.434094587304457], [-109.93706167953394, 27.434094587304457], [-109.84714979318255, 27.299226757777394], [-109.75723790683116, 27.299226757777394], [-109.75723790683116, 27.254270814601703], [-109.71228196365547, 27.254270814601703], [-109.71228196365547, 27.209314871426017], [-109.62237007730408, 27.209314871426017], [-109.57741413412839, 27.119402985074643], [-109.487502247777, 27.119402985074643], [-109.487502247777, 27.074447041898953], [-109.30767847507423, 27.029491098723266], [-109.26272253189853, 26.93957921237189], [-109.17281064554714, 26.93957921237189], [-109.17281064554714, 26.894623269196202], [-109.12785470237145, 26.894623269196202], [-109.12785470237145, 26.849667326020516], [-109.08289875919576, 26.849667326020516], [-109.08289875919576, 26.804711382844825], [-109.03794281602006, 26.804711382844825], [-109.03794281602006, 26.75975543966914], [-108.99298687284437, 26.75975543966914], [-108.99298687284437, 26.714799496493452], [-108.94803092966868, 26.714799496493452], [-108.94803092966868, 26.66984355331776], [-108.90307498649298, 26.66984355331776], [-108.90307498649298, 26.624887610142075], [-108.85811904331729, 26.624887610142075], [-108.85811904331729, 26.579931666966388], [-108.8131631001416, 26.579931666966388], [-108.8131631001416, 26.5349757237907], [-108.7682071569659, 26.5349757237907], [-108.7682071569659, 26.49001978061501], [-108.7232512137902, 26.49001978061501], [-108.7232512137902, 26.445063837439324], [-108.67829527061451, 26.445063837439324], [-108.58838338426312, 26.31019600791226], [-108.49847149791174, 26.31019600791226], [-108.49847149791174, 26.265240064736574], [-108.45351555473604, 26.265240064736574], [-108.45351555473604, 26.220284121560884], [-108.31864772520896, 26.13037223520951], [-108.31864772520896, 26.040460348858133], [-108.18377989568188, 25.950548462506756], [-108.18377989568188, 25.860636576155382], [-108.0489120661548, 25.770724689804005], [-108.0489120661548, 25.680812803452632], [-107.91404423662772, 25.590900917101255], [-107.91404423662772, 25.500989030749878], [-107.77917640710064, 25.411077144398504], [-107.77917640710064, 25.321165258047127], [-107.73422046392494, 25.321165258047127], [-107.73422046392494, 25.27620931487144], [-107.68926452074925, 25.27620931487144], [-107.68926452074925, 25.23125337169575], [-107.64430857757355, 25.23125337169575], [-107.64430857757355, 25.186297428520064], [-107.59935263439786, 25.186297428520064], [-107.59935263439786, 25.141341485344377], [-107.55439669122217, 25.141341485344377], [-107.55439669122217, 25.09638554216869], [-107.50944074804647, 25.09638554216869], [-107.50944074804647, 25.051429598993], [-107.37457291851939, 24.961517712641626], [-107.37457291851939, 24.87160582629025], [-107.3296169753437, 24.87160582629025], [-107.3296169753437, 24.826649883114563], [-107.284661032168, 24.826649883114563], [-107.284661032168, 24.781693939938872], [-107.23970508899231, 24.781693939938872], [-107.23970508899231, 24.736737996763186], [-107.19474914581662, 24.736737996763186], [-107.19474914581662, 24.6917820535875], [-107.05988131628953, 24.60187016723612], [-107.05988131628953, 24.511958280884745], [-107.01492537311384, 24.511958280884745], [-107.01492537311384, 24.467002337709058], [-106.88005754358676, 24.37709045135768], [-106.88005754358676, 24.287178565006307], [-106.83510160041106, 24.287178565006307], [-106.83510160041106, 24.24222262183062], [-106.79014565723537, 24.24222262183062], [-106.79014565723537, 24.19726667865493], [-106.74518971405968, 24.19726667865493], [-106.74518971405968, 24.152310735479244], [-106.70023377088398, 24.152310735479244], [-106.70023377088398, 24.107354792303557], [-106.65527782770829, 24.107354792303557], [-106.65527782770829, 24.062398849127867], [-106.6103218845326, 24.062398849127867], [-106.6103218845326, 24.01744290595218], [-106.5653659413569, 24.01744290595218], [-106.5653659413569, 23.972486962776493], [-106.52040999818121, 23.972486962776493], [-106.52040999818121, 23.927531019600803], [-106.47545405500551, 23.927531019600803], [-106.47545405500551, 23.882575076425116], [-106.43049811182982, 23.882575076425116], [-106.43049811182982, 23.83761913324943], [-106.38554216865413, 23.83761913324943], [-106.38554216865413, 23.79266319007374], [-106.34058622547843, 23.79266319007374], [-106.34058622547843, 23.747707246898052], [-106.29563028230274, 23.747707246898052], [-106.29563028230274, 23.702751303722366], [-106.25067433912704, 23.702751303722366], [-106.25067433912704, 23.65779536054668], [-106.20571839595135, 23.65779536054668], [-106.20571839595135, 23.61283941737099], [-106.07085056642427, 23.522927531019615], [-106.07085056642427, 23.433015644668238], [-105.93598273689719, 23.34310375831686], [-105.93598273689719, 23.253191871965488], [-105.8460708505458, 23.208235928789797], [-105.8460708505458, 23.118324042438424], [-105.8011149073701, 23.118324042438424], [-105.8011149073701, 23.073368099262733], [-105.71120302101872, 23.028412156087047], [-105.71120302101872, 22.93850026973567], [-105.62129113466733, 22.893544326559983], [-105.62129113466733, 22.80363244020861], [-105.57633519149164, 22.80363244020861], [-105.57633519149164, 22.713720553857232], [-105.53137924831594, 22.713720553857232], [-105.53137924831594, 22.623808667505855], [-105.48642330514025, 22.623808667505855], [-105.48642330514025, 22.48894083797879], [-105.44146736196456, 22.48894083797879], [-105.44146736196456, 22.30911706527604], [-105.39651141878886, 22.30911706527604], [-105.39651141878886, 22.174249235748977], [-105.35155547561317, 22.174249235748977], [-105.35155547561317, 22.084337349397604], [-105.30659953243747, 22.084337349397604], [-105.30659953243747, 21.994425463046227], [-105.26164358926178, 21.994425463046227], [-105.26164358926178, 21.90451357669485], [-105.21668764608609, 21.90451357669485], [-105.21668764608609, 21.814601690343476], [-105.17173170291039, 21.814601690343476], [-105.17173170291039, 21.7246898039921], [-105.1267757597347, 21.7246898039921], [-105.1267757597347, 21.589821974465035], [-105.081819816559, 21.589821974465035], [-105.081819816559, 21.45495414493797], [-105.03686387338331, 21.45495414493797], [-105.03686387338331, 21.05035065635678], [-104.99190793020762, 21.05035065635678], [-104.99190793020762, 20.87052688365403], [-105.03686387338331, 20.87052688365403], [-105.03686387338331, 20.780614997302656], [-104.99190793020762, 20.780614997302656], [-104.99190793020762, 20.46592339507284], [-104.94695198703192, 20.46592339507284], [-104.94695198703192, 20.331055565545775], [-104.90199604385623, 20.331055565545775], [-104.90199604385623, 20.19618773601871], [-104.85704010068054, 20.19618773601871], [-104.81208415750484, 19.701672361086146], [-104.76712821432915, 19.701672361086146], [-104.72217227115345, 19.43193670203202], [-104.67721632797776, 19.43193670203202], [-104.63226038480207, 19.252112929329268], [-104.54234849845068, 19.20715698615358], [-104.54234849845068, 19.117245099802204], [-104.49739255527498, 19.117245099802204], [-104.49739255527498, 18.98237727027514], [-104.45243661209929, 18.98237727027514], [-104.45243661209929, 18.892465383923764], [-104.4074806689236, 18.892465383923764], [-104.4074806689236, 18.7575975543967], [-104.3625247257479, 18.7575975543967], [-104.3625247257479, 18.57777378169395], [-104.31756878257221, 18.57777378169395], [-104.31756878257221, 18.263082179464135], [-104.27261283939652, 18.263082179464135], [-104.27261283939652, 17.72361086135588], [-104.22765689622082, 17.72361086135588], [-104.22765689622082, 17.31900737277469], [-104.18270095304513, 17.31900737277469], [-104.18270095304513, 16.914403884193497], [-104.13774500986943, 16.914403884193497], [-104.13774500986943, 15.65563747527424], [-104.18270095304513, 15.65563747527424], [-104.18270095304513, 15.475813702571488], [-104.22765689622082, 15.475813702571488], [-104.22765689622082, 15.385901816220112], [-104.31756878257221, 15.340945873044424], [-104.31756878257221, 15.251033986693049], [-104.3625247257479, 15.251033986693049], [-104.4074806689236, 15.161122100341673], [-104.49739255527498, 15.161122100341673], [-104.54234849845068, 15.071210213990298], [-104.63226038480207, 15.071210213990298], [-104.63226038480207, 15.02625427081461], [-104.76712821432915, 15.02625427081461], [-104.76712821432915, 14.981298327638921], [-105.30659953243747, 14.981298327638921], [-105.30659953243747, 15.02625427081461], [-105.57633519149164, 15.071210213990298], [-105.57633519149164, 15.116166157165985], [-105.66624707784302, 15.116166157165985], [-105.66624707784302, 15.161122100341673], [-105.8460708505458, 15.206078043517362], [-105.8910267937215, 15.295989929868737], [-105.98093868007288, 15.295989929868737], [-106.02589462324858, 15.385901816220112], [-106.11580650959996, 15.385901816220112], [-106.11580650959996, 15.430857759395801], [-106.16076245277566, 15.430857759395801], [-106.16076245277566, 15.475813702571488], [-106.20571839595135, 15.475813702571488], [-106.20571839595135, 15.520769645747176], [-106.25067433912704, 15.520769645747176], [-106.25067433912704, 15.565725588922863], [-106.29563028230274, 15.565725588922863], [-106.29563028230274, 15.610681532098551], [-106.34058622547843, 15.610681532098551], [-106.34058622547843, 15.65563747527424], [-106.38554216865413, 15.65563747527424], [-106.38554216865413, 15.700593418449927], [-106.43049811182982, 15.700593418449927], [-106.43049811182982, 15.745549361625615], [-106.47545405500551, 15.745549361625615], [-106.47545405500551, 15.790505304801304], [-106.52040999818121, 15.790505304801304], [-106.52040999818121, 15.83546124797699], [-106.65527782770829, 15.925373134328368], [-106.65527782770829, 16.01528502067974], [-106.70023377088398, 16.01528502067974], [-106.70023377088398, 16.060240963855428], [-106.74518971405968, 16.060240963855428], [-106.74518971405968, 16.105196907031118], [-106.79014565723537, 16.105196907031118], [-106.79014565723537, 16.15015285020681], [-106.92501348676245, 16.240064736558182], [-106.92501348676245, 16.329976622909555], [-106.96996942993815, 16.329976622909555], [-106.96996942993815, 16.374932566085246], [-107.05988131628953, 16.419888509260932], [-107.05988131628953, 16.50980039561231], [-107.19474914581662, 16.599712281963683], [-107.23970508899231, 16.779536054666437], [-107.3296169753437, 16.824491997842124], [-107.3296169753437, 16.914403884193497], [-107.41952886169508, 16.959359827369187], [-107.41952886169508, 17.049271713720564], [-107.50944074804647, 17.09422765689625], [-107.50944074804647, 17.184139543247625], [-107.59935263439786, 17.229095486423315], [-107.59935263439786, 17.31900737277469], [-107.68926452074925, 17.36396331595038], [-107.68926452074925, 17.453875202301752], [-107.77917640710064, 17.498831145477443], [-107.77917640710064, 17.588743031828816], [-107.86908829345202, 17.633698975004506], [-107.86908829345202, 17.72361086135588], [-107.95900017980341, 17.76856680453157], [-107.95900017980341, 17.858478690882944], [-108.0489120661548, 17.903434634058634], [-108.0489120661548, 17.993346520410007], [-108.13882395250619, 18.038302463585694], [-108.13882395250619, 18.12821434993707], [-108.18377989568188, 18.12821434993707], [-108.18377989568188, 18.218126236288448], [-108.22873583885757, 18.218126236288448], [-108.27369178203327, 18.3979500089912], [-108.36360366838466, 18.442905952166885], [-108.40855961156035, 18.622729724869636], [-108.45351555473604, 18.622729724869636], [-108.45351555473604, 18.667685668045326], [-108.54342744108743, 18.712641611221013], [-108.54342744108743, 18.80255349757239], [-108.58838338426312, 18.80255349757239], [-108.58838338426312, 18.847509440748077], [-108.7232512137902, 18.937421327099454], [-108.7232512137902, 19.027333213450827], [-108.7682071569659, 19.027333213450827], [-108.7682071569659, 19.072289156626518], [-108.90307498649298, 19.16220104297789], [-108.90307498649298, 19.252112929329268], [-108.94803092966868, 19.252112929329268], [-108.94803092966868, 19.297068872504955], [-108.99298687284437, 19.297068872504955], [-108.99298687284437, 19.342024815680645], [-109.03794281602006, 19.342024815680645], [-109.03794281602006, 19.386980758856332], [-109.08289875919576, 19.386980758856332], [-109.08289875919576, 19.43193670203202], [-109.12785470237145, 19.43193670203202], [-109.12785470237145, 19.476892645207705], [-109.17281064554714, 19.476892645207705], [-109.17281064554714, 19.521848588383396], [-109.21776658872284, 19.521848588383396], [-109.21776658872284, 19.566804531559082], [-109.26272253189853, 19.566804531559082], [-109.26272253189853, 19.61176047473477], [-109.30767847507423, 19.61176047473477], [-109.30767847507423, 19.65671641791046], [-109.35263441824992, 19.65671641791046], [-109.35263441824992, 19.701672361086146], [-109.39759036142561, 19.701672361086146], [-109.39759036142561, 19.746628304261833], [-109.44254630460131, 19.746628304261833], [-109.44254630460131, 19.791584247437523], [-109.487502247777, 19.791584247437523], [-109.487502247777, 19.83654019061321], [-109.5324581909527, 19.83654019061321], [-109.5324581909527, 19.881496133788897], [-109.57741413412839, 19.881496133788897], [-109.57741413412839, 19.926452076964587], [-109.62237007730408, 19.926452076964587], [-109.62237007730408, 19.971408020140274], [-109.66732602047978, 19.971408020140274], [-109.66732602047978, 20.01636396331596], [-109.71228196365547, 20.01636396331596], [-109.71228196365547, 20.061319906491647], [-109.75723790683116, 20.061319906491647], [-109.75723790683116, 20.106275849667337], [-109.80219385000686, 20.106275849667337], [-109.80219385000686, 20.151231792843024], [-109.84714979318255, 20.151231792843024], [-109.93706167953394, 20.286099622370088], [-110.02697356588533, 20.286099622370088], [-110.02697356588533, 20.331055565545775], [-110.07192950906102, 20.331055565545775], [-110.16184139541241, 20.46592339507284], [-110.2517532817638, 20.46592339507284], [-110.2517532817638, 20.51087933824853], [-110.29670922493949, 20.51087933824853], [-110.29670922493949, 20.555835281424216], [-110.34166516811518, 20.555835281424216], [-110.34166516811518, 20.600791224599902], [-110.38662111129088, 20.600791224599902], [-110.38662111129088, 20.645747167775593], [-110.43157705446657, 20.645747167775593], [-110.43157705446657, 20.69070311095128], [-110.47653299764227, 20.69070311095128], [-110.47653299764227, 20.735659054126966], [-110.52148894081796, 20.735659054126966], [-110.52148894081796, 20.780614997302656], [-110.56644488399365, 20.780614997302656], [-110.56644488399365, 20.825570940478343], [-110.61140082716935, 20.825570940478343], [-110.61140082716935, 20.87052688365403], [-110.74626865669643, 20.960438770005407], [-110.74626865669643, 21.05035065635678], [-110.79122459987212, 21.05035065635678], [-110.79122459987212, 21.09530659953247], [-110.83618054304782, 21.09530659953247], [-110.9260924293992, 21.230174429059534], [-111.01600431575059, 21.230174429059534], [-111.01600431575059, 21.27513037223522], [-111.06096025892629, 21.27513037223522], [-111.06096025892629, 21.320086315410908], [-111.10591620210198, 21.320086315410908], [-111.10591620210198, 21.365042258586598], [-111.15087214527767, 21.365042258586598], [-111.15087214527767, 21.409998201762285], [-111.19582808845337, 21.409998201762285], [-111.19582808845337, 21.45495414493797], [-111.24078403162906, 21.45495414493797], [-111.24078403162906, 21.49991008811366], [-111.28573997480476, 21.49991008811366], [-111.28573997480476, 21.54486603128935], [-111.33069591798045, 21.54486603128935], [-111.33069591798045, 21.589821974465035], [-111.37565186115614, 21.589821974465035], [-111.37565186115614, 21.634777917640722], [-111.42060780433184, 21.634777917640722], [-111.42060780433184, 21.679733860816413], [-111.46556374750753, 21.679733860816413], [-111.46556374750753, 21.7246898039921], [-111.51051969068322, 21.7246898039921], [-111.51051969068322, 21.769645747167786], [-111.55547563385892, 21.769645747167786], [-111.6453875202103, 21.90451357669485], [-111.7352994065617, 21.90451357669485], [-111.7352994065617, 21.94946951987054], [-111.78025534973739, 21.94946951987054], [-111.78025534973739, 21.994425463046227], [-111.82521129291308, 21.994425463046227], [-111.82521129291308, 22.039381406221914], [-111.87016723608878, 22.039381406221914], [-111.87016723608878, 22.084337349397604], [-111.91512317926447, 22.084337349397604], [-111.91512317926447, 22.12929329257329], [-111.96007912244016, 22.12929329257329], [-111.96007912244016, 22.174249235748977], [-112.00503506561586, 22.174249235748977], [-112.00503506561586, 22.219205178924668], [-112.04999100879155, 22.219205178924668], [-112.04999100879155, 22.264161122100354], [-112.18485883831863, 22.354073008451728], [-112.18485883831863, 22.443984894803105], [-112.31972666784571, 22.533896781154482], [-112.31972666784571, 22.623808667505855], [-112.4545944973728, 22.713720553857232], [-112.4545944973728, 22.80363244020861], [-112.49955044054849, 22.80363244020861], [-112.49955044054849, 22.848588383384296], [-112.54450638372418, 22.848588383384296], [-112.54450638372418, 22.93850026973567], [-112.63441827007557, 22.98345621291136], [-112.63441827007557, 23.073368099262733], [-112.67937421325126, 23.073368099262733], [-112.67937421325126, 23.16327998561411], [-112.72433015642696, 23.16327998561411], [-112.72433015642696, 23.298147815141174], [-112.76928609960265, 23.298147815141174], [-112.76928609960265, 23.38805970149255], [-112.85919798595404, 23.433015644668238], [-112.85919798595404, 23.522927531019615], [-112.90415392912973, 23.522927531019615], [-112.90415392912973, 23.61283941737099], [-112.94910987230543, 23.61283941737099], [-112.94910987230543, 23.702751303722366], [-112.99406581548112, 23.702751303722366], [-112.99406581548112, 23.79266319007374], [-113.03902175865682, 23.79266319007374], [-113.03902175865682, 23.882575076425116], [-113.08397770183251, 23.882575076425116], [-113.1289336450082, 24.062398849127867], [-113.21884553135959, 24.107354792303557], [-113.26380147453528, 24.287178565006307], [-113.35371336088667, 24.332134508181994], [-113.35371336088667, 24.42204639453337], [-113.39866930406237, 24.42204639453337], [-113.39866930406237, 24.511958280884745], [-113.44362524723806, 24.511958280884745], [-113.44362524723806, 24.6917820535875], [-113.48858119041375, 24.6917820535875], [-113.48858119041375, 24.916561769465936], [-113.53353713358945, 24.916561769465936], [-113.53353713358945, 25.09638554216869], [-113.57849307676514, 25.09638554216869], [-113.57849307676514, 25.23125337169575], [-113.62344901994084, 25.23125337169575], [-113.62344901994084, 25.321165258047127], [-113.66840496311653, 25.321165258047127], [-113.66840496311653, 25.411077144398504], [-113.71336090629222, 25.411077144398504], [-113.71336090629222, 25.500989030749878], [-113.75831684946792, 25.500989030749878], [-113.75831684946792, 25.590900917101255], [-113.80327279264361, 25.590900917101255], [-113.80327279264361, 25.680812803452632], [-113.8482287358193, 25.680812803452632], [-113.8482287358193, 25.815680632979692], [-113.893184678995, 25.815680632979692]], [[-111.01600431575059, 26.355151951087947], [-110.9710483725749, 26.355151951087947], [-110.9710483725749, 26.175328178385197], [-110.9260924293992, 26.175328178385197], [-110.9260924293992, 26.040460348858133], [-110.88113648622351, 26.040460348858133], [-110.88113648622351, 25.90559251933107], [-110.83618054304782, 25.90559251933107], [-110.83618054304782, 25.770724689804005], [-110.79122459987212, 25.770724689804005], [-110.79122459987212, 25.590900917101255], [-110.74626865669643, 25.590900917101255], [-110.74626865669643, 25.23125337169575], [-110.70131271352074, 25.23125337169575], [-110.70131271352074, 24.826649883114563], [-110.65635677034504, 24.826649883114563], [-110.65635677034504, 24.556914224060435], [-110.61140082716935, 24.556914224060435], [-110.61140082716935, 24.42204639453337], [-110.56644488399365, 24.42204639453337], [-110.52148894081796, 24.152310735479244], [-110.47653299764227, 24.152310735479244], [-110.47653299764227, 24.062398849127867], [-110.43157705446657, 24.062398849127867], [-110.43157705446657, 23.927531019600803], [-110.38662111129088, 23.927531019600803], [-110.38662111129088, 23.83761913324943], [-110.34166516811518, 23.83761913324943], [-110.34166516811518, 23.747707246898052], [-110.29670922493949, 23.747707246898052], [-110.29670922493949, 23.65779536054668], [-110.2517532817638, 23.65779536054668], [-110.2517532817638, 23.567883474195302], [-110.16184139541241, 23.522927531019615], [-110.16184139541241, 23.433015644668238], [-110.11688545223672, 23.433015644668238], [-110.11688545223672, 23.298147815141174], [-110.07192950906102, 23.298147815141174], [-110.07192950906102, 23.073368099262733], [-110.11688545223672, 23.073368099262733], [-110.11688545223672, 22.93850026973567], [-110.16184139541241, 22.93850026973567], [-110.16184139541241, 22.848588383384296], [-110.2067973385881, 22.848588383384296], [-110.2067973385881, 22.75867649703292], [-110.2517532817638, 22.75867649703292], [-110.2517532817638, 22.399028951627418], [-110.2067973385881, 22.399028951627418], [-110.16184139541241, 22.219205178924668], [-110.07192950906102, 22.174249235748977], [-110.07192950906102, 22.084337349397604], [-109.98201762270963, 22.039381406221914], [-109.98201762270963, 21.94946951987054], [-109.93706167953394, 21.94946951987054], [-109.93706167953394, 21.90451357669485], [-109.89210573635825, 21.90451357669485], [-109.89210573635825, 21.859557633519163], [-109.84714979318255, 21.859557633519163], [-109.84714979318255, 21.814601690343476], [-109.71228196365547, 21.7246898039921], [-109.71228196365547, 21.634777917640722], [-109.66732602047978, 21.634777917640722], [-109.66732602047978, 21.589821974465035], [-109.62237007730408, 21.589821974465035], [-109.62237007730408, 21.54486603128935], [-109.57741413412839, 21.54486603128935], [-109.57741413412839, 21.49991008811366], [-109.5324581909527, 21.49991008811366], [-109.5324581909527, 21.45495414493797], [-109.487502247777, 21.45495414493797], [-109.487502247777, 21.409998201762285], [-109.44254630460131, 21.409998201762285], [-109.44254630460131, 21.365042258586598], [-109.30767847507423, 21.27513037223522], [-109.30767847507423, 21.185218485883844], [-109.26272253189853, 21.185218485883844], [-109.26272253189853, 21.140262542708157], [-109.12785470237145, 21.05035065635678], [-109.12785470237145, 20.960438770005407], [-109.08289875919576, 20.960438770005407], [-109.08289875919576, 20.915482826829717], [-109.03794281602006, 20.915482826829717], [-109.03794281602006, 20.87052688365403], [-108.90307498649298, 20.780614997302656], [-108.90307498649298, 20.69070311095128], [-108.85811904331729, 20.69070311095128], [-108.85811904331729, 20.645747167775593], [-108.8131631001416, 20.645747167775593], [-108.8131631001416, 20.600791224599902], [-108.67829527061451, 20.51087933824853], [-108.67829527061451, 20.420967451897152], [-108.58838338426312, 20.376011508721465], [-108.58838338426312, 20.286099622370088], [-108.49847149791174, 20.2411436791944], [-108.49847149791174, 20.151231792843024], [-108.40855961156035, 20.106275849667337], [-108.40855961156035, 20.01636396331596], [-108.27369178203327, 19.926452076964587], [-108.27369178203327, 19.83654019061321], [-108.18377989568188, 19.791584247437523], [-108.18377989568188, 19.701672361086146], [-108.13882395250619, 19.701672361086146], [-108.13882395250619, 19.65671641791046], [-108.09386800933049, 19.65671641791046], [-108.09386800933049, 19.566804531559082], [-108.0039561229791, 19.521848588383396], [-107.95900017980341, 19.342024815680645], [-107.86908829345202, 19.297068872504955], [-107.82413235027633, 19.117245099802204], [-107.77917640710064, 19.117245099802204], [-107.77917640710064, 19.072289156626518], [-107.73422046392494, 19.072289156626518], [-107.73422046392494, 18.98237727027514], [-107.64430857757355, 18.937421327099454], [-107.59935263439786, 18.7575975543967], [-107.50944074804647, 18.712641611221013], [-107.50944074804647, 18.622729724869636], [-107.46448480487078, 18.622729724869636], [-107.46448480487078, 18.532817838518262], [-107.41952886169508, 18.532817838518262], [-107.41952886169508, 18.442905952166885], [-107.37457291851939, 18.442905952166885], [-107.37457291851939, 18.352994065815512], [-107.3296169753437, 18.352994065815512], [-107.3296169753437, 18.263082179464135], [-107.284661032168, 18.263082179464135], [-107.284661032168, 18.173170293112758], [-107.23970508899231, 18.173170293112758], [-107.23970508899231, 18.083258406761384], [-107.19474914581662, 18.083258406761384], [-107.19474914581662, 17.993346520410007], [-107.14979320264092, 17.993346520410007], [-107.10483725946523, 17.813522747707257], [-107.01492537311384, 17.76856680453157], [-107.01492537311384, 17.678654918180193], [-106.96996942993815, 17.678654918180193], [-106.92501348676245, 17.498831145477443], [-106.83510160041106, 17.453875202301752], [-106.83510160041106, 17.36396331595038], [-106.79014565723537, 17.36396331595038], [-106.79014565723537, 17.31900737277469], [-106.74518971405968, 17.31900737277469], [-106.74518971405968, 17.229095486423315], [-106.65527782770829, 17.184139543247625], [-106.65527782770829, 17.09422765689625], [-106.6103218845326, 17.09422765689625], [-106.6103218845326, 17.004315770544874], [-106.52040999818121, 16.959359827369187], [-106.52040999818121, 16.86944794101781], [-106.47545405500551, 16.86944794101781], [-106.43049811182982, 16.68962416831506], [-106.34058622547843, 16.644668225139373], [-106.34058622547843, 16.554756338787996], [-106.25067433912704, 16.50980039561231], [-106.25067433912704, 16.419888509260932], [-106.11580650959996, 16.329976622909555], [-106.11580650959996, 16.240064736558182], [-105.98093868007288, 16.15015285020681], [-105.98093868007288, 16.060240963855428], [-105.93598273689719, 16.060240963855428], [-105.93598273689719, 16.01528502067974], [-105.8011149073701, 15.925373134328368], [-105.75615896419441, 15.83546124797699], [-105.66624707784302, 15.83546124797699], [-105.62129113466733, 15.745549361625615], [-105.53137924831594, 15.745549361625615], [-105.53137924831594, 15.700593418449927], [-105.48642330514025, 15.700593418449927], [-105.48642330514025, 15.65563747527424], [-105.39651141878886, 15.65563747527424], [-105.39651141878886, 15.610681532098551], [-105.26164358926178, 15.610681532098551], [-105.26164358926178, 15.565725588922863], [-105.081819816559, 15.565725588922863], [-105.081819816559, 15.520769645747176], [-104.99190793020762, 15.520769645747176], [-104.99190793020762, 15.565725588922863], [-104.85704010068054, 15.565725588922863], [-104.85704010068054, 15.610681532098551], [-104.72217227115345, 15.700593418449927], [-104.67721632797776, 15.880417191152679], [-104.63226038480207, 15.880417191152679], [-104.63226038480207, 16.68962416831506], [-104.67721632797776, 16.68962416831506], [-104.67721632797776, 16.959359827369187], [-104.72217227115345, 16.959359827369187], [-104.72217227115345, 17.184139543247625], [-104.76712821432915, 17.184139543247625], [-104.76712821432915, 17.408919259126066], [-104.81208415750484, 17.408919259126066], [-104.81208415750484, 17.678654918180193], [-104.85704010068054, 17.678654918180193], [-104.85704010068054, 17.903434634058634], [-104.90199604385623, 17.903434634058634], [-104.90199604385623, 18.173170293112758], [-104.94695198703192, 18.173170293112758], [-104.94695198703192, 18.3979500089912], [-104.99190793020762, 18.3979500089912], [-105.03686387338331, 18.7575975543967], [-105.081819816559, 18.7575975543967], [-105.1267757597347, 19.027333213450827], [-105.17173170291039, 19.027333213450827], [-105.17173170291039, 19.117245099802204], [-105.21668764608609, 19.117245099802204], [-105.21668764608609, 19.252112929329268], [-105.26164358926178, 19.252112929329268], [-105.26164358926178, 19.386980758856332], [-105.30659953243747, 19.386980758856332], [-105.30659953243747, 19.521848588383396], [-105.35155547561317, 19.521848588383396], [-105.39651141878886, 19.881496133788897], [-105.44146736196456, 19.881496133788897], [-105.44146736196456, 19.971408020140274], [-105.48642330514025, 19.971408020140274], [-105.48642330514025, 20.106275849667337], [-105.53137924831594, 20.106275849667337], [-105.53137924831594, 20.19618773601871], [-105.57633519149164, 20.19618773601871], [-105.57633519149164, 20.331055565545775], [-105.62129113466733, 20.331055565545775], [-105.62129113466733, 20.420967451897152], [-105.66624707784302, 20.420967451897152], [-105.66624707784302, 20.600791224599902], [-105.71120302101872, 20.600791224599902], [-105.71120302101872, 20.915482826829717], [-105.75615896419441, 20.915482826829717], [-105.75615896419441, 21.320086315410908], [-105.8011149073701, 21.320086315410908], [-105.8011149073701, 21.54486603128935], [-105.8460708505458, 21.54486603128935], [-105.8460708505458, 21.679733860816413], [-105.8910267937215, 21.679733860816413], [-105.8910267937215, 21.859557633519163], [-105.93598273689719, 21.859557633519163], [-105.93598273689719, 21.994425463046227], [-105.98093868007288, 21.994425463046227], [-105.98093868007288, 22.12929329257329], [-106.02589462324858, 22.12929329257329], [-106.02589462324858, 22.264161122100354], [-106.07085056642427, 22.264161122100354], [-106.07085056642427, 22.399028951627418], [-106.11580650959996, 22.399028951627418], [-106.16076245277566, 22.57885272433017], [-106.25067433912704, 22.623808667505855], [-106.29563028230274, 22.80363244020861], [-106.38554216865413, 22.848588383384296], [-106.38554216865413, 22.93850026973567], [-106.47545405500551, 22.98345621291136], [-106.47545405500551, 23.073368099262733], [-106.6103218845326, 23.16327998561411], [-106.6103218845326, 23.253191871965488], [-106.65527782770829, 23.253191871965488], [-106.65527782770829, 23.298147815141174], [-106.79014565723537, 23.38805970149255], [-106.79014565723537, 23.477971587843925], [-106.83510160041106, 23.477971587843925], [-106.83510160041106, 23.522927531019615], [-106.96996942993815, 23.61283941737099], [-106.96996942993815, 23.702751303722366], [-107.01492537311384, 23.702751303722366], [-107.01492537311384, 23.747707246898052], [-107.05988131628953, 23.747707246898052], [-107.05988131628953, 23.79266319007374], [-107.10483725946523, 23.79266319007374], [-107.10483725946523, 23.83761913324943], [-107.14979320264092, 23.83761913324943], [-107.14979320264092, 23.882575076425116], [-107.284661032168, 23.972486962776493], [-107.284661032168, 24.062398849127867], [-107.3296169753437, 24.062398849127867], [-107.3296169753437, 24.107354792303557], [-107.37457291851939, 24.107354792303557], [-107.37457291851939, 24.152310735479244], [-107.50944074804647, 24.24222262183062], [-107.50944074804647, 24.332134508181994], [-107.55439669122217, 24.332134508181994], [-107.55439669122217, 24.37709045135768], [-107.59935263439786, 24.37709045135768], [-107.59935263439786, 24.42204639453337], [-107.73422046392494, 24.511958280884745], [-107.73422046392494, 24.60187016723612], [-107.77917640710064, 24.60187016723612], [-107.77917640710064, 24.64682611041181], [-107.82413235027633, 24.64682611041181], [-107.82413235027633, 24.6917820535875], [-107.86908829345202, 24.6917820535875], [-107.95900017980341, 24.826649883114563], [-108.0489120661548, 24.826649883114563], [-108.0489120661548, 24.87160582629025], [-108.09386800933049, 24.87160582629025], [-108.09386800933049, 24.916561769465936], [-108.13882395250619, 24.916561769465936], [-108.13882395250619, 24.961517712641626], [-108.27369178203327, 25.051429598993], [-108.27369178203327, 25.141341485344377], [-108.31864772520896, 25.141341485344377], [-108.31864772520896, 25.186297428520064], [-108.36360366838466, 25.186297428520064], [-108.45351555473604, 25.321165258047127], [-108.54342744108743, 25.321165258047127], [-108.54342744108743, 25.366121201222814], [-108.63333932743882, 25.411077144398504], [-108.63333932743882, 25.500989030749878], [-108.67829527061451, 25.500989030749878], [-108.7682071569659, 25.63585686027694], [-108.85811904331729, 25.63585686027694], [-108.85811904331729, 25.680812803452632], [-108.90307498649298, 25.680812803452632], [-108.99298687284437, 25.815680632979692], [-109.08289875919576, 25.815680632979692], [-109.08289875919576, 25.860636576155382], [-109.12785470237145, 25.860636576155382], [-109.12785470237145, 25.90559251933107], [-109.21776658872284, 25.90559251933107], [-109.30767847507423, 26.040460348858133], [-109.39759036142561, 26.040460348858133], [-109.39759036142561, 26.08541629203382], [-109.44254630460131, 26.08541629203382], [-109.44254630460131, 26.13037223520951], [-109.487502247777, 26.13037223520951], [-109.487502247777, 26.175328178385197], [-109.5324581909527, 26.175328178385197], [-109.5324581909527, 26.220284121560884], [-109.57741413412839, 26.220284121560884], [-109.66732602047978, 26.355151951087947], [-109.75723790683116, 26.355151951087947], [-109.75723790683116, 26.400107894263638], [-109.80219385000686, 26.400107894263638], [-109.80219385000686, 26.445063837439324], [-109.89210573635825, 26.445063837439324], [-109.93706167953394, 26.5349757237907], [-110.02697356588533, 26.5349757237907], [-110.02697356588533, 26.579931666966388], [-110.2067973385881, 26.624887610142075], [-110.2067973385881, 26.66984355331776], [-110.29670922493949, 26.66984355331776], [-110.29670922493949, 26.714799496493452], [-110.38662111129088, 26.714799496493452], [-110.38662111129088, 26.75975543966914], [-110.47653299764227, 26.75975543966914], [-110.47653299764227, 26.804711382844825], [-110.61140082716935, 26.804711382844825], [-110.61140082716935, 26.849667326020516], [-110.88113648622351, 26.849667326020516], [-110.88113648622351, 26.804711382844825], [-110.9710483725749, 26.75975543966914], [-110.9710483725749, 26.66984355331776], [-111.01600431575059, 26.66984355331776], [-111.01600431575059, 26.355151951087947]]], [[[-94.83186477250081, 28.82772882575078], [-94.83186477250081, 29.412156087034724], [-94.78690882932511, 29.412156087034724], [-94.78690882932511, 29.861715518791602], [-94.74195288614942, 29.861715518791602], [-94.74195288614942, 30.536054666426917], [-94.69699694297373, 30.536054666426917], [-94.69699694297373, 30.760834382305358], [-94.65204099979803, 30.760834382305358], [-94.65204099979803, 30.895702211832422], [-94.60708505662234, 30.895702211832422], [-94.60708505662234, 30.985614098183795], [-94.56212911344664, 30.985614098183795], [-94.56212911344664, 31.075525984535172], [-94.51717317027095, 31.075525984535172], [-94.51717317027095, 31.16543787088655], [-94.47221722709526, 31.16543787088655], [-94.47221722709526, 31.210393814062236], [-94.42726128391956, 31.210393814062236], [-94.42726128391956, 31.255349757237923], [-94.38230534074387, 31.255349757237923], [-94.38230534074387, 31.300305700413613], [-94.33734939756818, 31.300305700413613], [-94.33734939756818, 31.3452616435893], [-94.29239345439248, 31.3452616435893], [-94.29239345439248, 31.390217586764987], [-94.24743751121679, 31.390217586764987], [-94.24743751121679, 31.435173529940677], [-94.2024815680411, 31.435173529940677], [-94.2024815680411, 31.480129473116364], [-94.1575256248654, 31.480129473116364], [-94.1575256248654, 31.52508541629205], [-94.02265779533832, 31.614997302643427], [-94.02265779533832, 31.7049091889948], [-93.97770185216262, 31.7049091889948], [-93.97770185216262, 31.74986513217049], [-93.84283402263554, 31.839777018521865], [-93.84283402263554, 31.92968890487324], [-93.79787807945985, 31.92968890487324], [-93.79787807945985, 31.97464484804893], [-93.75292213628416, 31.97464484804893], [-93.75292213628416, 32.01960079122462], [-93.70796619310846, 32.01960079122462], [-93.70796619310846, 32.064556734400306], [-93.66301024993277, 32.064556734400306], [-93.66301024993277, 32.10951267757599], [-93.61805430675707, 32.10951267757599], [-93.61805430675707, 32.154468620751686], [-93.57309836358138, 32.154468620751686], [-93.57309836358138, 32.199424563927366], [-93.52814242040569, 32.199424563927366], [-93.52814242040569, 32.24438050710306], [-93.48318647722999, 32.24438050710306], [-93.3932745908786, 32.37924833663012], [-93.30336270452722, 32.37924833663012], [-93.30336270452722, 32.42420427980581], [-93.21345081817583, 32.42420427980581], [-93.21345081817583, 32.4691602229815], [-93.12353893182444, 32.4691602229815], [-93.12353893182444, 32.51411616615718], [-92.98867110229736, 32.51411616615718], [-92.98867110229736, 32.559072109332874], [-92.62902355689181, 32.60402805250856], [-92.62902355689181, 32.64898399568425], [-92.40424384101334, 32.64898399568425], [-92.40424384101334, 32.693939938859934], [-92.22442006831056, 32.693939938859934], [-92.22442006831056, 32.73889588203562], [-91.9996403524321, 32.73889588203562], [-91.9996403524321, 32.783851825211315], [-91.68494875020224, 32.783851825211315], [-91.68494875020224, 32.828807768386994], [-91.32530120479669, 32.828807768386994], [-91.32530120479669, 32.87376371156269], [-90.33627045493142, 32.87376371156269], [-90.33627045493142, 32.828807768386994], [-90.11149073905295, 32.828807768386994], [-90.11149073905295, 32.783851825211315], [-89.97662290952587, 32.783851825211315], [-89.97662290952587, 32.73889588203562], [-89.84175507999879, 32.73889588203562], [-89.84175507999879, 32.693939938859934], [-89.7518431936474, 32.693939938859934], [-89.7518431936474, 32.64898399568425], [-89.61697536412032, 32.64898399568425], [-89.61697536412032, 32.60402805250856], [-89.43715159141755, 32.559072109332874], [-89.39219564824185, 32.4691602229815], [-89.21237187553908, 32.42420427980581], [-89.21237187553908, 32.37924833663012], [-89.16741593236338, 32.37924833663012], [-89.16741593236338, 32.33429239345443], [-89.12245998918769, 32.33429239345443], [-89.12245998918769, 32.289336450278746], [-89.077504046012, 32.289336450278746], [-89.077504046012, 32.24438050710306], [-89.0325481028363, 32.24438050710306], [-89.0325481028363, 32.199424563927366], [-88.98759215966061, 32.199424563927366], [-88.98759215966061, 32.154468620751686], [-88.85272433013353, 32.064556734400306], [-88.85272433013353, 31.97464484804893], [-88.80776838695783, 31.97464484804893], [-88.76281244378214, 31.794821075346178], [-88.67290055743075, 31.74986513217049], [-88.67290055743075, 31.659953245819114], [-88.62794461425506, 31.659953245819114], [-88.62794461425506, 31.614997302643427], [-88.58298867107936, 31.614997302643427], [-88.58298867107936, 31.570041359467737], [-88.44812084155228, 31.480129473116364], [-88.44812084155228, 31.390217586764987], [-88.40316489837659, 31.390217586764987], [-88.40316489837659, 31.3452616435893], [-88.2682970688495, 31.255349757237923], [-88.2682970688495, 31.16543787088655], [-88.17838518249812, 31.12048192771086], [-88.17838518249812, 31.030570041359486], [-88.13342923932242, 31.030570041359486], [-88.13342923932242, 30.94065815500811], [-88.08847329614673, 30.94065815500811], [-88.08847329614673, 30.850746268656735], [-88.04351735297104, 30.850746268656735], [-88.04351735297104, 30.71587843912967], [-87.99856140979534, 30.71587843912967], [-87.99856140979534, 30.581010609602608], [-87.95360546661965, 30.581010609602608], [-87.90864952344396, 30.31127495054848], [-87.86369358026826, 30.31127495054848], [-87.86369358026826, 30.221363064197103], [-87.81873763709257, 30.221363064197103], [-87.81873763709257, 30.08649523467004], [-87.77378169391687, 30.08649523467004], [-87.77378169391687, 29.996583348318666], [-87.72882575074118, 29.996583348318666], [-87.72882575074118, 29.861715518791602], [-87.63891386438979, 29.81675957561591], [-87.63891386438979, 29.726847689264538], [-87.5939579212141, 29.726847689264538], [-87.5939579212141, 29.63693580291316], [-87.50404603486271, 29.591979859737474], [-87.45909009168702, 29.412156087034724], [-87.36917820533563, 29.367200143859034], [-87.36917820533563, 29.27728825750766], [-87.27926631898424, 29.23233231433197], [-87.27926631898424, 29.142420427980596], [-87.18935443263285, 29.097464484804906], [-87.18935443263285, 29.007552598453533], [-87.09944254628147, 28.962596655277842], [-87.09944254628147, 28.87268476892647], [-87.00953065993008, 28.82772882575078], [-87.00953065993008, 28.737816939399405], [-86.91961877357869, 28.692860996223715], [-86.91961877357869, 28.60294910987234], [-86.874662830403, 28.60294910987234], [-86.874662830403, 28.557993166696654], [-86.8297068872273, 28.557993166696654], [-86.8297068872273, 28.468081280345277], [-86.73979500087592, 28.42312533716959], [-86.73979500087592, 28.333213450818214], [-86.64988311452453, 28.288257507642527], [-86.64988311452453, 28.19834562129115], [-86.51501528499745, 28.108433734939773], [-86.51501528499745, 28.0185218485884], [-86.42510339864606, 27.973565905412713], [-86.42510339864606, 27.883654019061336], [-86.38014745547036, 27.883654019061336], [-86.38014745547036, 27.83869807588565], [-86.29023556911898, 27.79374213270996], [-86.29023556911898, 27.703830246358585], [-86.24527962594328, 27.703830246358585], [-86.24527962594328, 27.658874303182895], [-86.20032368276759, 27.658874303182895], [-86.20032368276759, 27.613918360007208], [-86.1553677395919, 27.613918360007208], [-86.1553677395919, 27.56896241683152], [-86.1104117964162, 27.56896241683152], [-86.1104117964162, 27.52400647365583], [-86.06545585324051, 27.52400647365583], [-86.06545585324051, 27.479050530480144], [-86.02049991006481, 27.479050530480144], [-86.02049991006481, 27.434094587304457], [-85.97554396688912, 27.434094587304457], [-85.97554396688912, 27.389138644128767], [-85.93058802371343, 27.389138644128767], [-85.93058802371343, 27.34418270095308], [-85.88563208053773, 27.34418270095308], [-85.88563208053773, 27.299226757777394], [-85.84067613736204, 27.299226757777394], [-85.84067613736204, 27.254270814601703], [-85.79572019418634, 27.254270814601703], [-85.79572019418634, 27.209314871426017], [-85.75076425101065, 27.209314871426017], [-85.75076425101065, 27.16435892825033], [-85.70580830783496, 27.16435892825033], [-85.70580830783496, 27.119402985074643], [-85.66085236465926, 27.119402985074643], [-85.66085236465926, 27.074447041898953], [-85.61589642148357, 27.074447041898953], [-85.61589642148357, 27.029491098723266], [-85.57094047830788, 27.029491098723266], [-85.57094047830788, 26.98453515554758], [-85.52598453513218, 26.98453515554758], [-85.52598453513218, 26.93957921237189], [-85.48102859195649, 26.93957921237189], [-85.48102859195649, 26.894623269196202], [-85.4360726487808, 26.894623269196202], [-85.4360726487808, 26.849667326020516], [-85.3911167056051, 26.849667326020516], [-85.3911167056051, 26.804711382844825], [-85.25624887607802, 26.714799496493452], [-85.25624887607802, 26.624887610142075], [-85.12138104655094, 26.5349757237907], [-85.12138104655094, 26.445063837439324], [-85.03146916019955, 26.400107894263638], [-85.03146916019955, 26.31019600791226], [-84.89660133067247, 26.220284121560884], [-84.89660133067247, 26.13037223520951], [-84.80668944432108, 26.08541629203382], [-84.80668944432108, 25.995504405682446], [-84.71677755796969, 25.950548462506756], [-84.71677755796969, 25.860636576155382], [-84.6268656716183, 25.815680632979692], [-84.6268656716183, 25.72576874662832], [-84.49199784209122, 25.63585686027694], [-84.49199784209122, 25.545944973925568], [-84.44704189891553, 25.545944973925568], [-84.44704189891553, 25.500989030749878], [-84.40208595573984, 25.500989030749878], [-84.40208595573984, 25.45603308757419], [-84.26721812621275, 25.366121201222814], [-84.26721812621275, 25.27620931487144], [-84.22226218303706, 25.27620931487144], [-84.22226218303706, 25.23125337169575], [-84.17730623986137, 25.23125337169575], [-84.17730623986137, 25.186297428520064], [-84.13235029668567, 25.186297428520064], [-84.13235029668567, 25.141341485344377], [-83.99748246715859, 25.051429598993], [-83.99748246715859, 24.961517712641626], [-83.9525265239829, 24.961517712641626], [-83.9525265239829, 24.916561769465936], [-83.9075705808072, 24.916561769465936], [-83.9075705808072, 24.87160582629025], [-83.77270275128012, 24.781693939938872], [-83.77270275128012, 24.6917820535875], [-83.72774680810443, 24.6917820535875], [-83.72774680810443, 24.64682611041181], [-83.63783492175304, 24.60187016723612], [-83.63783492175304, 24.511958280884745], [-83.50296709222596, 24.42204639453337], [-83.50296709222596, 24.332134508181994], [-83.45801114905026, 24.332134508181994], [-83.45801114905026, 24.24222262183062], [-83.36809926269888, 24.19726667865493], [-83.36809926269888, 24.107354792303557], [-83.32314331952318, 24.107354792303557], [-83.32314331952318, 23.972486962776493], [-83.27818737634749, 23.972486962776493], [-83.27818737634749, 23.882575076425116], [-83.2332314331718, 23.882575076425116], [-83.2332314331718, 23.702751303722366], [-83.1882754899961, 23.702751303722366], [-83.1882754899961, 23.567883474195302], [-83.14331954682041, 23.567883474195302], [-83.14331954682041, 23.38805970149255], [-83.09836360364471, 23.38805970149255], [-83.09836360364471, 23.208235928789797], [-83.05340766046902, 23.208235928789797], [-83.05340766046902, 23.073368099262733], [-83.00845171729333, 23.073368099262733], [-83.00845171729333, 22.93850026973567], [-82.96349577411763, 22.93850026973567], [-82.96349577411763, 22.80363244020861], [-82.91853983094194, 22.80363244020861], [-82.91853983094194, 22.668764610681546], [-82.87358388776624, 22.668764610681546], [-82.82862794459055, 22.264161122100354], [-82.87358388776624, 22.264161122100354], [-82.87358388776624, 22.12929329257329], [-82.91853983094194, 22.12929329257329], [-82.91853983094194, 22.039381406221914], [-82.96349577411763, 22.039381406221914], [-82.96349577411763, 21.994425463046227], [-83.05340766046902, 21.994425463046227], [-83.05340766046902, 21.94946951987054], [-83.68279086492873, 21.94946951987054], [-83.68279086492873, 21.994425463046227], [-84.85164538749677, 21.94946951987054], [-84.85164538749677, 21.994425463046227], [-85.07642510337524, 21.994425463046227], [-85.07642510337524, 22.039381406221914], [-85.21129293290232, 22.039381406221914], [-85.21129293290232, 22.084337349397604], [-85.3461607624294, 22.084337349397604], [-85.3461607624294, 22.12929329257329], [-85.52598453513218, 22.174249235748977], [-85.52598453513218, 22.219205178924668], [-85.66085236465926, 22.219205178924668], [-85.66085236465926, 22.264161122100354], [-85.75076425101065, 22.264161122100354], [-85.75076425101065, 22.30911706527604], [-85.93058802371343, 22.354073008451728], [-85.97554396688912, 22.443984894803105], [-86.1553677395919, 22.48894083797879], [-86.20032368276759, 22.57885272433017], [-86.29023556911898, 22.57885272433017], [-86.38014745547036, 22.713720553857232], [-86.47005934182175, 22.713720553857232], [-86.51501528499745, 22.80363244020861], [-86.60492717134883, 22.80363244020861], [-86.60492717134883, 22.848588383384296], [-86.64988311452453, 22.848588383384296], [-86.64988311452453, 22.893544326559983], [-86.73979500087592, 22.893544326559983], [-86.78475094405161, 22.98345621291136], [-86.96457471675438, 23.028412156087047], [-86.96457471675438, 23.073368099262733], [-87.00953065993008, 23.073368099262733], [-87.00953065993008, 23.118324042438424], [-87.09944254628147, 23.118324042438424], [-87.14439848945716, 23.208235928789797], [-87.23431037580855, 23.208235928789797], [-87.23431037580855, 23.253191871965488], [-87.32422226215994, 23.253191871965488], [-87.36917820533563, 23.34310375831686], [-87.45909009168702, 23.34310375831686], [-87.45909009168702, 23.38805970149255], [-87.63891386438979, 23.433015644668238], [-87.68386980756549, 23.522927531019615], [-87.86369358026826, 23.567883474195302], [-87.90864952344396, 23.65779536054668], [-88.08847329614673, 23.702751303722366], [-88.17838518249812, 23.83761913324943], [-88.2682970688495, 23.83761913324943], [-88.3132530120252, 23.927531019600803], [-88.40316489837659, 23.927531019600803], [-88.49307678472798, 24.062398849127867], [-88.58298867107936, 24.062398849127867], [-88.58298867107936, 24.107354792303557], [-88.62794461425506, 24.107354792303557], [-88.67290055743075, 24.19726667865493], [-88.76281244378214, 24.19726667865493], [-88.85272433013353, 24.332134508181994], [-88.94263621648491, 24.332134508181994], [-88.98759215966061, 24.42204639453337], [-89.077504046012, 24.42204639453337], [-89.077504046012, 24.467002337709058], [-89.12245998918769, 24.467002337709058], [-89.12245998918769, 24.511958280884745], [-89.21237187553908, 24.511958280884745], [-89.25732781871477, 24.60187016723612], [-89.34723970506616, 24.60187016723612], [-89.39219564824185, 24.6917820535875], [-89.57201942094463, 24.736737996763186], [-89.61697536412032, 24.826649883114563], [-89.70688725047171, 24.826649883114563], [-89.70688725047171, 24.87160582629025], [-89.7518431936474, 24.87160582629025], [-89.7518431936474, 24.916561769465936], [-89.84175507999879, 24.916561769465936], [-89.88671102317448, 25.006473655817313], [-89.97662290952587, 25.006473655817313], [-89.97662290952587, 25.051429598993], [-90.06653479587726, 25.051429598993], [-90.11149073905295, 25.141341485344377], [-90.20140262540434, 25.141341485344377], [-90.20140262540434, 25.186297428520064], [-90.38122639810712, 25.23125337169575], [-90.42618234128281, 25.321165258047127], [-90.60600611398559, 25.366121201222814], [-90.65096205716128, 25.45603308757419], [-90.74087394351267, 25.45603308757419], [-90.74087394351267, 25.500989030749878], [-90.83078582986406, 25.500989030749878], [-90.87574177303975, 25.590900917101255], [-91.05556554574252, 25.63585686027694], [-91.05556554574252, 25.680812803452632], [-91.10052148891822, 25.680812803452632], [-91.10052148891822, 25.72576874662832], [-91.1904333752696, 25.72576874662832], [-91.2353893184453, 25.815680632979692], [-91.32530120479669, 25.815680632979692], [-91.32530120479669, 25.860636576155382], [-91.41521309114808, 25.860636576155382], [-91.46016903432377, 25.950548462506756], [-91.63999280702654, 25.995504405682446], [-91.68494875020224, 26.08541629203382], [-91.86477252290501, 26.13037223520951], [-91.86477252290501, 26.175328178385197], [-91.90972846608071, 26.175328178385197], [-91.90972846608071, 26.220284121560884], [-91.9996403524321, 26.220284121560884], [-92.04459629560779, 26.31019600791226], [-92.22442006831056, 26.355151951087947], [-92.26937601148626, 26.445063837439324], [-92.35928789783765, 26.445063837439324], [-92.35928789783765, 26.49001978061501], [-92.40424384101334, 26.49001978061501], [-92.40424384101334, 26.5349757237907], [-92.49415572736473, 26.5349757237907], [-92.53911167054042, 26.624887610142075], [-92.7189354432432, 26.66984355331776], [-92.7189354432432, 26.714799496493452], [-92.80884732959458, 26.714799496493452], [-92.85380327277028, 26.804711382844825], [-92.94371515912167, 26.804711382844825], [-92.94371515912167, 26.849667326020516], [-93.03362704547305, 26.849667326020516], [-93.07858298864875, 26.93957921237189], [-93.16849487500014, 26.93957921237189], [-93.25840676135152, 27.074447041898953], [-93.34831864770291, 27.074447041898953], [-93.34831864770291, 27.119402985074643], [-93.3932745908786, 27.119402985074643], [-93.3932745908786, 27.16435892825033], [-93.4382305340543, 27.16435892825033], [-93.4382305340543, 27.209314871426017], [-93.48318647722999, 27.209314871426017], [-93.48318647722999, 27.254270814601703], [-93.52814242040569, 27.254270814601703], [-93.61805430675707, 27.389138644128767], [-93.70796619310846, 27.389138644128767], [-93.70796619310846, 27.434094587304457], [-93.75292213628416, 27.434094587304457], [-93.75292213628416, 27.479050530480144], [-93.79787807945985, 27.479050530480144], [-93.88778996581124, 27.613918360007208], [-93.97770185216262, 27.613918360007208], [-93.97770185216262, 27.658874303182895], [-94.02265779533832, 27.658874303182895], [-94.02265779533832, 27.703830246358585], [-94.06761373851401, 27.703830246358585], [-94.06761373851401, 27.748786189534272], [-94.1125696816897, 27.748786189534272], [-94.1125696816897, 27.79374213270996], [-94.1575256248654, 27.79374213270996], [-94.1575256248654, 27.83869807588565], [-94.29239345439248, 27.928609962237022], [-94.29239345439248, 28.0185218485884], [-94.38230534074387, 28.063477791764086], [-94.38230534074387, 28.153389678115463], [-94.47221722709526, 28.19834562129115], [-94.47221722709526, 28.288257507642527], [-94.56212911344664, 28.333213450818214], [-94.56212911344664, 28.42312533716959], [-94.65204099979803, 28.468081280345277], [-94.65204099979803, 28.557993166696654], [-94.74195288614942, 28.60294910987234], [-94.74195288614942, 28.692860996223715], [-94.78690882932511, 28.692860996223715], [-94.78690882932511, 28.82772882575078], [-94.83186477250081, 28.82772882575078]], [[-93.84283402263554, 29.547023916561784], [-93.79787807945985, 29.547023916561784], [-93.79787807945985, 29.27728825750766], [-93.75292213628416, 29.27728825750766], [-93.70796619310846, 29.007552598453533], [-93.66301024993277, 29.007552598453533], [-93.66301024993277, 28.917640712102155], [-93.61805430675707, 28.917640712102155], [-93.61805430675707, 28.78277288257509], [-93.57309836358138, 28.78277288257509], [-93.52814242040569, 28.60294910987234], [-93.4382305340543, 28.557993166696654], [-93.3932745908786, 28.3781693939939], [-93.34831864770291, 28.3781693939939], [-93.34831864770291, 28.333213450818214], [-93.21345081817583, 28.243301564466837], [-93.21345081817583, 28.153389678115463], [-93.16849487500014, 28.153389678115463], [-93.16849487500014, 28.108433734939773], [-93.12353893182444, 28.108433734939773], [-93.12353893182444, 28.063477791764086], [-93.07858298864875, 28.063477791764086], [-93.07858298864875, 28.0185218485884], [-93.03362704547305, 28.0185218485884], [-93.03362704547305, 27.973565905412713], [-92.89875921594597, 27.883654019061336], [-92.89875921594597, 27.79374213270996], [-92.85380327277028, 27.79374213270996], [-92.85380327277028, 27.748786189534272], [-92.80884732959458, 27.748786189534272], [-92.80884732959458, 27.703830246358585], [-92.76389138641889, 27.703830246358585], [-92.76389138641889, 27.658874303182895], [-92.7189354432432, 27.658874303182895], [-92.7189354432432, 27.613918360007208], [-92.6739795000675, 27.613918360007208], [-92.6739795000675, 27.56896241683152], [-92.62902355689181, 27.56896241683152], [-92.53911167054042, 27.434094587304457], [-92.44919978418903, 27.434094587304457], [-92.44919978418903, 27.389138644128767], [-92.40424384101334, 27.389138644128767], [-92.40424384101334, 27.34418270095308], [-92.35928789783765, 27.34418270095308], [-92.35928789783765, 27.299226757777394], [-92.31433195466195, 27.299226757777394], [-92.31433195466195, 27.254270814601703], [-92.26937601148626, 27.254270814601703], [-92.17946412513487, 27.119402985074643], [-92.08955223878348, 27.119402985074643], [-91.9996403524321, 26.98453515554758], [-91.90972846608071, 26.98453515554758], [-91.86477252290501, 26.894623269196202], [-91.77486063655363, 26.894623269196202], [-91.72990469337793, 26.804711382844825], [-91.63999280702654, 26.804711382844825], [-91.59503686385085, 26.714799496493452], [-91.50512497749946, 26.714799496493452], [-91.50512497749946, 26.66984355331776], [-91.46016903432377, 26.66984355331776], [-91.46016903432377, 26.624887610142075], [-91.37025714797238, 26.624887610142075], [-91.32530120479669, 26.5349757237907], [-91.14547743209391, 26.49001978061501], [-91.14547743209391, 26.445063837439324], [-91.10052148891822, 26.445063837439324], [-91.10052148891822, 26.400107894263638], [-91.01060960256683, 26.400107894263638], [-90.96565365939114, 26.31019600791226], [-90.87574177303975, 26.31019600791226], [-90.83078582986406, 26.220284121560884], [-90.74087394351267, 26.220284121560884], [-90.74087394351267, 26.175328178385197], [-90.69591800033697, 26.175328178385197], [-90.69591800033697, 26.13037223520951], [-90.60600611398559, 26.13037223520951], [-90.56105017080989, 26.040460348858133], [-90.4711382844585, 26.040460348858133], [-90.42618234128281, 25.950548462506756], [-90.33627045493142, 25.950548462506756], [-90.33627045493142, 25.90559251933107], [-90.29131451175573, 25.90559251933107], [-90.29131451175573, 25.860636576155382], [-90.20140262540434, 25.860636576155382], [-90.15644668222865, 25.770724689804005], [-90.06653479587726, 25.770724689804005], [-90.06653479587726, 25.72576874662832], [-90.02157885270157, 25.72576874662832], [-90.02157885270157, 25.680812803452632], [-89.93166696635018, 25.680812803452632], [-89.88671102317448, 25.590900917101255], [-89.7967991368231, 25.590900917101255], [-89.7518431936474, 25.500989030749878], [-89.66193130729602, 25.500989030749878], [-89.66193130729602, 25.45603308757419], [-89.61697536412032, 25.45603308757419], [-89.61697536412032, 25.411077144398504], [-89.52706347776893, 25.411077144398504], [-89.48210753459324, 25.321165258047127], [-89.39219564824185, 25.321165258047127], [-89.30228376189046, 25.186297428520064], [-89.21237187553908, 25.186297428520064], [-89.12245998918769, 25.051429598993], [-89.0325481028363, 25.051429598993], [-88.98759215966061, 24.961517712641626], [-88.89768027330922, 24.961517712641626], [-88.89768027330922, 24.916561769465936], [-88.85272433013353, 24.916561769465936], [-88.76281244378214, 24.781693939938872], [-88.67290055743075, 24.781693939938872], [-88.58298867107936, 24.64682611041181], [-88.49307678472798, 24.64682611041181], [-88.44812084155228, 24.556914224060435], [-88.3582089552009, 24.556914224060435], [-88.2682970688495, 24.42204639453337], [-88.17838518249812, 24.42204639453337], [-88.17838518249812, 24.37709045135768], [-88.13342923932242, 24.37709045135768], [-88.08847329614673, 24.287178565006307], [-87.99856140979534, 24.287178565006307], [-87.90864952344396, 24.152310735479244], [-87.81873763709257, 24.152310735479244], [-87.77378169391687, 24.062398849127867], [-87.68386980756549, 24.062398849127867], [-87.63891386438979, 23.972486962776493], [-87.5490019780384, 23.972486962776493], [-87.45909009168702, 23.83761913324943], [-87.36917820533563, 23.83761913324943], [-87.27926631898424, 23.702751303722366], [-87.18935443263285, 23.702751303722366], [-87.18935443263285, 23.65779536054668], [-87.14439848945716, 23.65779536054668], [-87.14439848945716, 23.61283941737099], [-87.05448660310577, 23.61283941737099], [-87.00953065993008, 23.522927531019615], [-86.91961877357869, 23.522927531019615], [-86.91961877357869, 23.477971587843925], [-86.874662830403, 23.477971587843925], [-86.8297068872273, 23.38805970149255], [-86.73979500087592, 23.38805970149255], [-86.64988311452453, 23.253191871965488], [-86.55997122817314, 23.253191871965488], [-86.51501528499745, 23.16327998561411], [-86.42510339864606, 23.16327998561411], [-86.38014745547036, 23.073368099262733], [-86.29023556911898, 23.073368099262733], [-86.20032368276759, 22.93850026973567], [-86.1104117964162, 22.93850026973567], [-86.06545585324051, 22.848588383384296], [-85.97554396688912, 22.848588383384296], [-85.93058802371343, 22.75867649703292], [-85.75076425101065, 22.713720553857232], [-85.75076425101065, 22.668764610681546], [-85.70580830783496, 22.668764610681546], [-85.70580830783496, 22.623808667505855], [-85.61589642148357, 22.623808667505855], [-85.61589642148357, 22.57885272433017], [-85.48102859195649, 22.57885272433017], [-85.48102859195649, 22.533896781154482], [-85.3911167056051, 22.533896781154482], [-85.3911167056051, 22.48894083797879], [-85.25624887607802, 22.48894083797879], [-85.25624887607802, 22.443984894803105], [-85.16633698972663, 22.443984894803105], [-85.16633698972663, 22.399028951627418], [-85.03146916019955, 22.399028951627418], [-85.03146916019955, 22.354073008451728], [-84.76173350114539, 22.354073008451728], [-84.76173350114539, 22.30911706527604], [-84.49199784209122, 22.30911706527604], [-84.49199784209122, 22.354073008451728], [-84.26721812621275, 22.354073008451728], [-84.26721812621275, 22.399028951627418], [-84.13235029668567, 22.399028951627418], [-84.13235029668567, 22.443984894803105], [-83.68279086492873, 22.48894083797879], [-83.68279086492873, 22.533896781154482], [-83.59287897857735, 22.533896781154482], [-83.59287897857735, 22.57885272433017], [-83.50296709222596, 22.623808667505855], [-83.50296709222596, 22.713720553857232], [-83.45801114905026, 22.713720553857232], [-83.45801114905026, 22.893544326559983], [-83.41305520587457, 22.893544326559983], [-83.41305520587457, 23.073368099262733], [-83.45801114905026, 23.073368099262733], [-83.45801114905026, 23.34310375831686], [-83.50296709222596, 23.34310375831686], [-83.50296709222596, 23.567883474195302], [-83.54792303540165, 23.567883474195302], [-83.54792303540165, 23.702751303722366], [-83.59287897857735, 23.702751303722366], [-83.59287897857735, 23.83761913324943], [-83.63783492175304, 23.83761913324943], [-83.68279086492873, 24.01744290595218], [-83.77270275128012, 24.062398849127867], [-83.77270275128012, 24.152310735479244], [-83.86261463763151, 24.19726667865493], [-83.86261463763151, 24.287178565006307], [-83.9525265239829, 24.332134508181994], [-83.9525265239829, 24.42204639453337], [-83.99748246715859, 24.42204639453337], [-83.99748246715859, 24.467002337709058], [-84.08739435350998, 24.511958280884745], [-84.08739435350998, 24.60187016723612], [-84.13235029668567, 24.60187016723612], [-84.13235029668567, 24.64682611041181], [-84.17730623986137, 24.64682611041181], [-84.17730623986137, 24.6917820535875], [-84.22226218303706, 24.6917820535875], [-84.22226218303706, 24.736737996763186], [-84.26721812621275, 24.736737996763186], [-84.26721812621275, 24.781693939938872], [-84.40208595573984, 24.87160582629025], [-84.40208595573984, 24.961517712641626], [-84.44704189891553, 24.961517712641626], [-84.44704189891553, 25.006473655817313], [-84.49199784209122, 25.006473655817313], [-84.49199784209122, 25.051429598993], [-84.53695378526692, 25.051429598993], [-84.53695378526692, 25.09638554216869], [-84.58190972844261, 25.09638554216869], [-84.58190972844261, 25.141341485344377], [-84.6268656716183, 25.141341485344377], [-84.6268656716183, 25.186297428520064], [-84.671821614794, 25.186297428520064], [-84.671821614794, 25.23125337169575], [-84.71677755796969, 25.23125337169575], [-84.71677755796969, 25.27620931487144], [-84.76173350114539, 25.27620931487144], [-84.76173350114539, 25.321165258047127], [-84.89660133067247, 25.411077144398504], [-84.89660133067247, 25.500989030749878], [-84.94155727384816, 25.500989030749878], [-84.94155727384816, 25.545944973925568], [-84.98651321702386, 25.545944973925568], [-84.98651321702386, 25.590900917101255], [-85.03146916019955, 25.590900917101255], [-85.03146916019955, 25.63585686027694], [-85.16633698972663, 25.72576874662832], [-85.16633698972663, 25.815680632979692], [-85.21129293290232, 25.815680632979692], [-85.21129293290232, 25.860636576155382], [-85.25624887607802, 25.860636576155382], [-85.25624887607802, 25.90559251933107], [-85.30120481925371, 25.90559251933107], [-85.30120481925371, 25.950548462506756], [-85.3461607624294, 25.950548462506756], [-85.3461607624294, 25.995504405682446], [-85.3911167056051, 25.995504405682446], [-85.3911167056051, 26.040460348858133], [-85.4360726487808, 26.040460348858133], [-85.4360726487808, 26.08541629203382], [-85.48102859195649, 26.08541629203382], [-85.48102859195649, 26.13037223520951], [-85.52598453513218, 26.13037223520951], [-85.52598453513218, 26.175328178385197], [-85.57094047830788, 26.175328178385197], [-85.57094047830788, 26.220284121560884], [-85.70580830783496, 26.31019600791226], [-85.70580830783496, 26.400107894263638], [-85.75076425101065, 26.400107894263638], [-85.75076425101065, 26.445063837439324], [-85.84067613736204, 26.445063837439324], [-85.84067613736204, 26.49001978061501], [-85.97554396688912, 26.579931666966388], [-85.97554396688912, 26.66984355331776], [-86.02049991006481, 26.66984355331776], [-86.02049991006481, 26.714799496493452], [-86.06545585324051, 26.714799496493452], [-86.06545585324051, 26.75975543966914], [-86.1104117964162, 26.75975543966914], [-86.1104117964162, 26.804711382844825], [-86.1553677395919, 26.804711382844825], [-86.1553677395919, 26.849667326020516], [-86.20032368276759, 26.849667326020516], [-86.20032368276759, 26.894623269196202], [-86.24527962594328, 26.894623269196202], [-86.24527962594328, 26.93957921237189], [-86.29023556911898, 26.93957921237189], [-86.29023556911898, 26.98453515554758], [-86.33519151229467, 26.98453515554758], [-86.33519151229467, 27.029491098723266], [-86.38014745547036, 27.029491098723266], [-86.38014745547036, 27.074447041898953], [-86.42510339864606, 27.074447041898953], [-86.42510339864606, 27.119402985074643], [-86.47005934182175, 27.119402985074643], [-86.47005934182175, 27.16435892825033], [-86.51501528499745, 27.16435892825033], [-86.51501528499745, 27.209314871426017], [-86.55997122817314, 27.209314871426017], [-86.55997122817314, 27.254270814601703], [-86.60492717134883, 27.254270814601703], [-86.60492717134883, 27.299226757777394], [-86.64988311452453, 27.299226757777394], [-86.64988311452453, 27.34418270095308], [-86.69483905770022, 27.34418270095308], [-86.69483905770022, 27.389138644128767], [-86.73979500087592, 27.389138644128767], [-86.73979500087592, 27.434094587304457], [-86.78475094405161, 27.434094587304457], [-86.78475094405161, 27.479050530480144], [-86.8297068872273, 27.479050530480144], [-86.8297068872273, 27.52400647365583], [-86.96457471675438, 27.613918360007208], [-86.96457471675438, 27.703830246358585], [-87.00953065993008, 27.703830246358585], [-87.00953065993008, 27.748786189534272], [-87.05448660310577, 27.748786189534272], [-87.05448660310577, 27.79374213270996], [-87.18935443263285, 27.883654019061336], [-87.18935443263285, 27.973565905412713], [-87.23431037580855, 27.973565905412713], [-87.23431037580855, 28.0185218485884], [-87.27926631898424, 28.0185218485884], [-87.27926631898424, 28.063477791764086], [-87.32422226215994, 28.063477791764086], [-87.32422226215994, 28.108433734939773], [-87.45909009168702, 28.19834562129115], [-87.45909009168702, 28.288257507642527], [-87.50404603486271, 28.288257507642527], [-87.50404603486271, 28.333213450818214], [-87.5490019780384, 28.333213450818214], [-87.5490019780384, 28.3781693939939], [-87.68386980756549, 28.468081280345277], [-87.68386980756549, 28.557993166696654], [-87.72882575074118, 28.557993166696654], [-87.72882575074118, 28.60294910987234], [-87.77378169391687, 28.60294910987234], [-87.77378169391687, 28.647905053048028], [-87.90864952344396, 28.737816939399405], [-87.90864952344396, 28.82772882575078], [-87.99856140979534, 28.87268476892647], [-87.99856140979534, 28.962596655277842], [-88.04351735297104, 28.962596655277842], [-88.04351735297104, 29.007552598453533], [-88.17838518249812, 29.097464484804906], [-88.17838518249812, 29.187376371156283], [-88.3132530120252, 29.27728825750766], [-88.3132530120252, 29.367200143859034], [-88.40316489837659, 29.412156087034724], [-88.40316489837659, 29.502067973386097], [-88.49307678472798, 29.547023916561784], [-88.49307678472798, 29.63693580291316], [-88.58298867107936, 29.681891746088848], [-88.58298867107936, 29.771803632440225], [-88.71785650060644, 29.861715518791602], [-88.71785650060644, 29.951627405142975], [-88.80776838695783, 29.996583348318666], [-88.80776838695783, 30.08649523467004], [-88.89768027330922, 30.131451177845726], [-88.89768027330922, 30.221363064197103], [-89.0325481028363, 30.31127495054848], [-89.0325481028363, 30.401186836899853], [-89.12245998918769, 30.446142780075544], [-89.16741593236338, 30.625966552778294], [-89.25732781871477, 30.67092249595398], [-89.25732781871477, 30.760834382305358], [-89.34723970506616, 30.805790325481045], [-89.34723970506616, 30.895702211832422], [-89.43715159141755, 30.94065815500811], [-89.43715159141755, 31.030570041359486], [-89.52706347776893, 31.075525984535172], [-89.52706347776893, 31.16543787088655], [-89.66193130729602, 31.255349757237923], [-89.66193130729602, 31.3452616435893], [-89.70688725047171, 31.3452616435893], [-89.70688725047171, 31.390217586764987], [-89.7518431936474, 31.390217586764987], [-89.7518431936474, 31.435173529940677], [-89.7967991368231, 31.435173529940677], [-89.7967991368231, 31.480129473116364], [-89.84175507999879, 31.480129473116364], [-89.84175507999879, 31.52508541629205], [-89.88671102317448, 31.52508541629205], [-89.88671102317448, 31.570041359467737], [-89.93166696635018, 31.570041359467737], [-89.93166696635018, 31.614997302643427], [-89.97662290952587, 31.614997302643427], [-89.97662290952587, 31.659953245819114], [-90.02157885270157, 31.659953245819114], [-90.02157885270157, 31.7049091889948], [-90.06653479587726, 31.7049091889948], [-90.15644668222865, 31.839777018521865], [-90.24635856858004, 31.839777018521865], [-90.24635856858004, 31.884732961697555], [-90.33627045493142, 31.884732961697555], [-90.33627045493142, 31.92968890487324], [-90.5160942276342, 31.97464484804893], [-90.5160942276342, 32.01960079122462], [-90.78582988668836, 32.064556734400306], [-90.78582988668836, 32.10951267757599], [-91.41521309114808, 32.154468620751686], [-91.41521309114808, 32.10951267757599], [-91.81981657972932, 32.10951267757599], [-91.81981657972932, 32.064556734400306], [-92.22442006831056, 32.01960079122462], [-92.22442006831056, 31.97464484804893], [-92.31433195466195, 31.97464484804893], [-92.31433195466195, 31.92968890487324], [-92.44919978418903, 31.92968890487324], [-92.44919978418903, 31.884732961697555], [-92.53911167054042, 31.884732961697555], [-92.53911167054042, 31.839777018521865], [-92.7189354432432, 31.794821075346178], [-92.76389138641889, 31.7049091889948], [-92.85380327277028, 31.7049091889948], [-92.89875921594597, 31.614997302643427], [-92.98867110229736, 31.614997302643427], [-92.98867110229736, 31.570041359467737], [-93.03362704547305, 31.570041359467737], [-93.03362704547305, 31.52508541629205], [-93.07858298864875, 31.52508541629205], [-93.07858298864875, 31.480129473116364], [-93.12353893182444, 31.480129473116364], [-93.12353893182444, 31.435173529940677], [-93.16849487500014, 31.435173529940677], [-93.16849487500014, 31.390217586764987], [-93.30336270452722, 31.300305700413613], [-93.30336270452722, 31.210393814062236], [-93.4382305340543, 31.12048192771086], [-93.48318647722999, 30.94065815500811], [-93.57309836358138, 30.895702211832422], [-93.57309836358138, 30.760834382305358], [-93.61805430675707, 30.760834382305358], [-93.61805430675707, 30.67092249595398], [-93.66301024993277, 30.67092249595398], [-93.66301024993277, 30.536054666426917], [-93.70796619310846, 30.536054666426917], [-93.70796619310846, 30.356230893724167], [-93.75292213628416, 30.356230893724167], [-93.84283402263554, 29.547023916561784]]]]}}, {"type": "Feature", "properties": {"shapefile": "2021082718_wsp64knt120hr_5km", "PERCENTAGE": "5-10%"}, "geometry": {"type": "MultiPolygon", "coordinates": [[[[-111.01600431575059, 26.355151951087947], [-111.01600431575059, 26.66984355331776], [-110.9710483725749, 26.66984355331776], [-110.9710483725749, 26.75975543966914], [-110.9260924293992, 26.75975543966914], [-110.88113648622351, 26.849667326020516], [-110.61140082716935, 26.849667326020516], [-110.61140082716935, 26.804711382844825], [-110.47653299764227, 26.804711382844825], [-110.47653299764227, 26.75975543966914], [-110.29670922493949, 26.714799496493452], [-110.29670922493949, 26.66984355331776], [-110.2067973385881, 26.66984355331776], [-110.2067973385881, 26.624887610142075], [-110.11688545223672, 26.624887610142075], [-110.11688545223672, 26.579931666966388], [-109.93706167953394, 26.5349757237907], [-109.93706167953394, 26.49001978061501], [-109.89210573635825, 26.49001978061501], [-109.89210573635825, 26.445063837439324], [-109.80219385000686, 26.445063837439324], [-109.75723790683116, 26.355151951087947], [-109.66732602047978, 26.355151951087947], [-109.66732602047978, 26.31019600791226], [-109.62237007730408, 26.31019600791226], [-109.62237007730408, 26.265240064736574], [-109.57741413412839, 26.265240064736574], [-109.57741413412839, 26.220284121560884], [-109.5324581909527, 26.220284121560884], [-109.5324581909527, 26.175328178385197], [-109.487502247777, 26.175328178385197], [-109.39759036142561, 26.040460348858133], [-109.30767847507423, 26.040460348858133], [-109.21776658872284, 25.90559251933107], [-109.12785470237145, 25.90559251933107], [-109.12785470237145, 25.860636576155382], [-109.08289875919576, 25.860636576155382], [-109.08289875919576, 25.815680632979692], [-108.99298687284437, 25.815680632979692], [-108.99298687284437, 25.770724689804005], [-108.85811904331729, 25.680812803452632], [-108.85811904331729, 25.63585686027694], [-108.7682071569659, 25.63585686027694], [-108.7682071569659, 25.590900917101255], [-108.63333932743882, 25.500989030749878], [-108.63333932743882, 25.411077144398504], [-108.58838338426312, 25.411077144398504], [-108.54342744108743, 25.321165258047127], [-108.45351555473604, 25.321165258047127], [-108.45351555473604, 25.27620931487144], [-108.40855961156035, 25.27620931487144], [-108.40855961156035, 25.23125337169575], [-108.27369178203327, 25.141341485344377], [-108.27369178203327, 25.051429598993], [-108.22873583885757, 25.051429598993], [-108.22873583885757, 25.006473655817313], [-108.18377989568188, 25.006473655817313], [-108.18377989568188, 24.961517712641626], [-108.13882395250619, 24.961517712641626], [-108.0489120661548, 24.826649883114563], [-107.95900017980341, 24.826649883114563], [-107.95900017980341, 24.781693939938872], [-107.91404423662772, 24.781693939938872], [-107.91404423662772, 24.736737996763186], [-107.86908829345202, 24.736737996763186], [-107.86908829345202, 24.6917820535875], [-107.73422046392494, 24.60187016723612], [-107.73422046392494, 24.511958280884745], [-107.68926452074925, 24.511958280884745], [-107.68926452074925, 24.467002337709058], [-107.64430857757355, 24.467002337709058], [-107.64430857757355, 24.42204639453337], [-107.50944074804647, 24.332134508181994], [-107.50944074804647, 24.24222262183062], [-107.46448480487078, 24.24222262183062], [-107.46448480487078, 24.19726667865493], [-107.41952886169508, 24.19726667865493], [-107.41952886169508, 24.152310735479244], [-107.284661032168, 24.062398849127867], [-107.284661032168, 23.972486962776493], [-107.23970508899231, 23.972486962776493], [-107.23970508899231, 23.927531019600803], [-107.19474914581662, 23.927531019600803], [-107.19474914581662, 23.882575076425116], [-107.14979320264092, 23.882575076425116], [-107.14979320264092, 23.83761913324943], [-107.10483725946523, 23.83761913324943], [-107.10483725946523, 23.79266319007374], [-106.96996942993815, 23.702751303722366], [-106.96996942993815, 23.61283941737099], [-106.92501348676245, 23.61283941737099], [-106.92501348676245, 23.567883474195302], [-106.79014565723537, 23.477971587843925], [-106.79014565723537, 23.38805970149255], [-106.74518971405968, 23.38805970149255], [-106.74518971405968, 23.34310375831686], [-106.6103218845326, 23.253191871965488], [-106.6103218845326, 23.16327998561411], [-106.47545405500551, 23.073368099262733], [-106.47545405500551, 22.98345621291136], [-106.43049811182982, 22.98345621291136], [-106.43049811182982, 22.93850026973567], [-106.38554216865413, 22.93850026973567], [-106.38554216865413, 22.848588383384296], [-106.29563028230274, 22.80363244020861], [-106.25067433912704, 22.623808667505855], [-106.16076245277566, 22.57885272433017], [-106.16076245277566, 22.48894083797879], [-106.11580650959996, 22.48894083797879], [-106.11580650959996, 22.399028951627418], [-106.07085056642427, 22.399028951627418], [-106.07085056642427, 22.264161122100354], [-106.02589462324858, 22.264161122100354], [-106.02589462324858, 22.12929329257329], [-105.98093868007288, 22.12929329257329], [-105.98093868007288, 21.994425463046227], [-105.93598273689719, 21.994425463046227], [-105.93598273689719, 21.859557633519163], [-105.8910267937215, 21.859557633519163], [-105.8910267937215, 21.679733860816413], [-105.8460708505458, 21.679733860816413], [-105.8460708505458, 21.54486603128935], [-105.8011149073701, 21.54486603128935], [-105.8011149073701, 21.320086315410908], [-105.75615896419441, 21.320086315410908], [-105.75615896419441, 20.915482826829717], [-105.71120302101872, 20.915482826829717], [-105.71120302101872, 20.600791224599902], [-105.66624707784302, 20.600791224599902], [-105.66624707784302, 20.420967451897152], [-105.62129113466733, 20.420967451897152], [-105.62129113466733, 20.331055565545775], [-105.57633519149164, 20.331055565545775], [-105.57633519149164, 20.19618773601871], [-105.53137924831594, 20.19618773601871], [-105.53137924831594, 20.106275849667337], [-105.48642330514025, 20.106275849667337], [-105.48642330514025, 19.971408020140274], [-105.44146736196456, 19.971408020140274], [-105.44146736196456, 19.881496133788897], [-105.39651141878886, 19.881496133788897], [-105.35155547561317, 19.521848588383396], [-105.30659953243747, 19.521848588383396], [-105.30659953243747, 19.386980758856332], [-105.26164358926178, 19.386980758856332], [-105.21668764608609, 19.117245099802204], [-105.17173170291039, 19.117245099802204], [-105.17173170291039, 19.027333213450827], [-105.1267757597347, 19.027333213450827], [-105.1267757597347, 18.892465383923764], [-105.081819816559, 18.892465383923764], [-105.081819816559, 18.7575975543967], [-105.03686387338331, 18.7575975543967], [-105.03686387338331, 18.57777378169395], [-104.99190793020762, 18.57777378169395], [-104.99190793020762, 18.3979500089912], [-104.94695198703192, 18.3979500089912], [-104.94695198703192, 18.173170293112758], [-104.90199604385623, 18.173170293112758], [-104.90199604385623, 17.903434634058634], [-104.85704010068054, 17.903434634058634], [-104.81208415750484, 17.408919259126066], [-104.76712821432915, 17.408919259126066], [-104.76712821432915, 17.184139543247625], [-104.72217227115345, 17.184139543247625], [-104.72217227115345, 16.959359827369187], [-104.67721632797776, 16.959359827369187], [-104.67721632797776, 16.68962416831506], [-104.63226038480207, 16.68962416831506], [-104.63226038480207, 15.880417191152679], [-104.67721632797776, 15.880417191152679], [-104.72217227115345, 15.700593418449927], [-104.76712821432915, 15.700593418449927], [-104.85704010068054, 15.565725588922863], [-104.99190793020762, 15.565725588922863], [-104.99190793020762, 15.520769645747176], [-105.081819816559, 15.520769645747176], [-105.081819816559, 15.565725588922863], [-105.26164358926178, 15.565725588922863], [-105.26164358926178, 15.610681532098551], [-105.39651141878886, 15.610681532098551], [-105.39651141878886, 15.65563747527424], [-105.48642330514025, 15.65563747527424], [-105.53137924831594, 15.745549361625615], [-105.62129113466733, 15.745549361625615], [-105.66624707784302, 15.83546124797699], [-105.75615896419441, 15.83546124797699], [-105.8011149073701, 15.925373134328368], [-105.8460708505458, 15.925373134328368], [-105.8460708505458, 15.970329077504054], [-105.98093868007288, 16.060240963855428], [-105.98093868007288, 16.15015285020681], [-106.11580650959996, 16.240064736558182], [-106.11580650959996, 16.329976622909555], [-106.25067433912704, 16.419888509260932], [-106.25067433912704, 16.50980039561231], [-106.29563028230274, 16.50980039561231], [-106.29563028230274, 16.554756338787996], [-106.34058622547843, 16.554756338787996], [-106.34058622547843, 16.644668225139373], [-106.43049811182982, 16.68962416831506], [-106.43049811182982, 16.779536054666437], [-106.47545405500551, 16.779536054666437], [-106.52040999818121, 16.959359827369187], [-106.6103218845326, 17.004315770544874], [-106.65527782770829, 17.184139543247625], [-106.74518971405968, 17.229095486423315], [-106.74518971405968, 17.31900737277469], [-106.79014565723537, 17.31900737277469], [-106.79014565723537, 17.36396331595038], [-106.83510160041106, 17.36396331595038], [-106.83510160041106, 17.453875202301752], [-106.92501348676245, 17.498831145477443], [-106.92501348676245, 17.588743031828816], [-106.96996942993815, 17.588743031828816], [-107.01492537311384, 17.76856680453157], [-107.10483725946523, 17.813522747707257], [-107.10483725946523, 17.903434634058634], [-107.14979320264092, 17.903434634058634], [-107.14979320264092, 17.993346520410007], [-107.19474914581662, 17.993346520410007], [-107.19474914581662, 18.083258406761384], [-107.23970508899231, 18.083258406761384], [-107.23970508899231, 18.173170293112758], [-107.284661032168, 18.173170293112758], [-107.284661032168, 18.263082179464135], [-107.3296169753437, 18.263082179464135], [-107.3296169753437, 18.352994065815512], [-107.37457291851939, 18.352994065815512], [-107.37457291851939, 18.442905952166885], [-107.41952886169508, 18.442905952166885], [-107.41952886169508, 18.532817838518262], [-107.46448480487078, 18.532817838518262], [-107.50944074804647, 18.712641611221013], [-107.59935263439786, 18.7575975543967], [-107.64430857757355, 18.937421327099454], [-107.68926452074925, 18.937421327099454], [-107.68926452074925, 18.98237727027514], [-107.73422046392494, 18.98237727027514], [-107.73422046392494, 19.072289156626518], [-107.82413235027633, 19.117245099802204], [-107.86908829345202, 19.297068872504955], [-107.95900017980341, 19.342024815680645], [-108.0039561229791, 19.521848588383396], [-108.09386800933049, 19.566804531559082], [-108.09386800933049, 19.65671641791046], [-108.18377989568188, 19.701672361086146], [-108.18377989568188, 19.791584247437523], [-108.27369178203327, 19.83654019061321], [-108.27369178203327, 19.926452076964587], [-108.40855961156035, 20.01636396331596], [-108.40855961156035, 20.106275849667337], [-108.49847149791174, 20.151231792843024], [-108.49847149791174, 20.2411436791944], [-108.58838338426312, 20.286099622370088], [-108.58838338426312, 20.376011508721465], [-108.67829527061451, 20.420967451897152], [-108.67829527061451, 20.51087933824853], [-108.7232512137902, 20.51087933824853], [-108.7232512137902, 20.555835281424216], [-108.7682071569659, 20.555835281424216], [-108.7682071569659, 20.600791224599902], [-108.90307498649298, 20.69070311095128], [-108.90307498649298, 20.780614997302656], [-108.94803092966868, 20.780614997302656], [-108.94803092966868, 20.825570940478343], [-108.99298687284437, 20.825570940478343], [-108.99298687284437, 20.87052688365403], [-109.12785470237145, 20.960438770005407], [-109.12785470237145, 21.05035065635678], [-109.17281064554714, 21.05035065635678], [-109.17281064554714, 21.09530659953247], [-109.30767847507423, 21.185218485883844], [-109.30767847507423, 21.27513037223522], [-109.35263441824992, 21.27513037223522], [-109.35263441824992, 21.320086315410908], [-109.39759036142561, 21.320086315410908], [-109.39759036142561, 21.365042258586598], [-109.44254630460131, 21.365042258586598], [-109.44254630460131, 21.409998201762285], [-109.487502247777, 21.409998201762285], [-109.487502247777, 21.45495414493797], [-109.5324581909527, 21.45495414493797], [-109.5324581909527, 21.49991008811366], [-109.57741413412839, 21.49991008811366], [-109.57741413412839, 21.54486603128935], [-109.71228196365547, 21.634777917640722], [-109.71228196365547, 21.7246898039921], [-109.75723790683116, 21.7246898039921], [-109.75723790683116, 21.769645747167786], [-109.80219385000686, 21.769645747167786], [-109.80219385000686, 21.814601690343476], [-109.84714979318255, 21.814601690343476], [-109.84714979318255, 21.859557633519163], [-109.98201762270963, 21.94946951987054], [-109.98201762270963, 22.039381406221914], [-110.02697356588533, 22.039381406221914], [-110.02697356588533, 22.084337349397604], [-110.07192950906102, 22.084337349397604], [-110.07192950906102, 22.174249235748977], [-110.16184139541241, 22.219205178924668], [-110.16184139541241, 22.30911706527604], [-110.2067973385881, 22.30911706527604], [-110.2067973385881, 22.399028951627418], [-110.2517532817638, 22.399028951627418], [-110.2517532817638, 22.75867649703292], [-110.2067973385881, 22.75867649703292], [-110.2067973385881, 22.848588383384296], [-110.16184139541241, 22.848588383384296], [-110.16184139541241, 22.93850026973567], [-110.11688545223672, 22.93850026973567], [-110.11688545223672, 23.073368099262733], [-110.07192950906102, 23.073368099262733], [-110.07192950906102, 23.298147815141174], [-110.11688545223672, 23.298147815141174], [-110.11688545223672, 23.433015644668238], [-110.16184139541241, 23.433015644668238], [-110.16184139541241, 23.522927531019615], [-110.2517532817638, 23.567883474195302], [-110.2517532817638, 23.65779536054668], [-110.29670922493949, 23.65779536054668], [-110.29670922493949, 23.747707246898052], [-110.34166516811518, 23.747707246898052], [-110.34166516811518, 23.83761913324943], [-110.38662111129088, 23.83761913324943], [-110.38662111129088, 23.927531019600803], [-110.43157705446657, 23.927531019600803], [-110.43157705446657, 24.062398849127867], [-110.47653299764227, 24.062398849127867], [-110.47653299764227, 24.152310735479244], [-110.52148894081796, 24.152310735479244], [-110.52148894081796, 24.287178565006307], [-110.56644488399365, 24.287178565006307], [-110.56644488399365, 24.42204639453337], [-110.61140082716935, 24.42204639453337], [-110.61140082716935, 24.556914224060435], [-110.65635677034504, 24.556914224060435], [-110.65635677034504, 24.826649883114563], [-110.70131271352074, 24.826649883114563], [-110.70131271352074, 25.23125337169575], [-110.74626865669643, 25.23125337169575], [-110.74626865669643, 25.590900917101255], [-110.79122459987212, 25.590900917101255], [-110.79122459987212, 25.770724689804005], [-110.83618054304782, 25.770724689804005], [-110.83618054304782, 25.90559251933107], [-110.88113648622351, 25.90559251933107], [-110.88113648622351, 26.040460348858133], [-110.9260924293992, 26.040460348858133], [-110.9260924293992, 26.175328178385197], [-110.9710483725749, 26.175328178385197], [-110.9710483725749, 26.355151951087947], [-111.01600431575059, 26.355151951087947]], [[-110.2067973385881, 24.781693939938872], [-110.16184139541241, 24.781693939938872], [-110.16184139541241, 24.511958280884745], [-110.11688545223672, 24.511958280884745], [-110.11688545223672, 24.42204639453337], [-110.07192950906102, 24.42204639453337], [-110.07192950906102, 24.332134508181994], [-110.02697356588533, 24.332134508181994], [-110.02697356588533, 24.19726667865493], [-109.98201762270963, 24.19726667865493], [-109.93706167953394, 24.01744290595218], [-109.89210573635825, 24.01744290595218], [-109.89210573635825, 23.972486962776493], [-109.75723790683116, 23.882575076425116], [-109.75723790683116, 23.79266319007374], [-109.66732602047978, 23.747707246898052], [-109.66732602047978, 23.61283941737099], [-109.62237007730408, 23.61283941737099], [-109.62237007730408, 23.118324042438424], [-109.57741413412839, 23.118324042438424], [-109.57741413412839, 22.848588383384296], [-109.5324581909527, 22.848588383384296], [-109.5324581909527, 22.713720553857232], [-109.487502247777, 22.713720553857232], [-109.487502247777, 22.623808667505855], [-109.39759036142561, 22.57885272433017], [-109.39759036142561, 22.443984894803105], [-109.35263441824992, 22.443984894803105], [-109.35263441824992, 22.354073008451728], [-109.30767847507423, 22.354073008451728], [-109.30767847507423, 22.219205178924668], [-109.26272253189853, 22.219205178924668], [-109.21776658872284, 22.039381406221914], [-109.17281064554714, 22.039381406221914], [-109.17281064554714, 21.994425463046227], [-109.03794281602006, 21.90451357669485], [-109.03794281602006, 21.814601690343476], [-108.99298687284437, 21.814601690343476], [-108.99298687284437, 21.769645747167786], [-108.85811904331729, 21.679733860816413], [-108.85811904331729, 21.589821974465035], [-108.7682071569659, 21.54486603128935], [-108.7682071569659, 21.45495414493797], [-108.7232512137902, 21.45495414493797], [-108.7232512137902, 21.409998201762285], [-108.67829527061451, 21.409998201762285], [-108.67829527061451, 21.320086315410908], [-108.54342744108743, 21.230174429059534], [-108.54342744108743, 21.140262542708157], [-108.40855961156035, 21.05035065635678], [-108.36360366838466, 20.87052688365403], [-108.27369178203327, 20.825570940478343], [-108.22873583885757, 20.645747167775593], [-108.13882395250619, 20.600791224599902], [-108.13882395250619, 20.51087933824853], [-108.09386800933049, 20.51087933824853], [-108.0489120661548, 20.331055565545775], [-107.95900017980341, 20.286099622370088], [-107.91404423662772, 20.106275849667337], [-107.82413235027633, 20.061319906491647], [-107.82413235027633, 19.971408020140274], [-107.77917640710064, 19.971408020140274], [-107.77917640710064, 19.881496133788897], [-107.73422046392494, 19.881496133788897], [-107.73422046392494, 19.791584247437523], [-107.68926452074925, 19.791584247437523], [-107.68926452074925, 19.701672361086146], [-107.64430857757355, 19.701672361086146], [-107.64430857757355, 19.61176047473477], [-107.59935263439786, 19.61176047473477], [-107.55439669122217, 19.43193670203202], [-107.50944074804647, 19.43193670203202], [-107.50944074804647, 19.386980758856332], [-107.46448480487078, 19.386980758856332], [-107.46448480487078, 19.297068872504955], [-107.37457291851939, 19.252112929329268], [-107.37457291851939, 19.16220104297789], [-107.3296169753437, 19.16220104297789], [-107.3296169753437, 19.072289156626518], [-107.284661032168, 19.072289156626518], [-107.284661032168, 18.98237727027514], [-107.23970508899231, 18.98237727027514], [-107.19474914581662, 18.80255349757239], [-107.10483725946523, 18.7575975543967], [-107.05988131628953, 18.57777378169395], [-106.96996942993815, 18.532817838518262], [-106.96996942993815, 18.442905952166885], [-106.92501348676245, 18.442905952166885], [-106.92501348676245, 18.30803812263982], [-106.88005754358676, 18.30803812263982], [-106.88005754358676, 18.218126236288448], [-106.83510160041106, 18.218126236288448], [-106.83510160041106, 18.083258406761384], [-106.79014565723537, 18.083258406761384], [-106.79014565723537, 17.993346520410007], [-106.74518971405968, 17.993346520410007], [-106.74518971405968, 17.903434634058634], [-106.70023377088398, 17.903434634058634], [-106.70023377088398, 17.813522747707257], [-106.65527782770829, 17.813522747707257], [-106.65527782770829, 17.72361086135588], [-106.6103218845326, 17.72361086135588], [-106.6103218845326, 17.678654918180193], [-106.5653659413569, 17.678654918180193], [-106.5653659413569, 17.588743031828816], [-106.47545405500551, 17.54378708865313], [-106.43049811182982, 17.36396331595038], [-106.34058622547843, 17.31900737277469], [-106.34058622547843, 17.229095486423315], [-106.29563028230274, 17.229095486423315], [-106.29563028230274, 17.139183600071938], [-106.25067433912704, 17.139183600071938], [-106.25067433912704, 17.049271713720564], [-106.20571839595135, 17.049271713720564], [-106.20571839595135, 16.959359827369187], [-106.16076245277566, 16.959359827369187], [-106.11580650959996, 16.779536054666437], [-106.07085056642427, 16.779536054666437], [-106.07085056642427, 16.73458011149075], [-105.93598273689719, 16.644668225139373], [-105.93598273689719, 16.554756338787996], [-105.8460708505458, 16.50980039561231], [-105.8460708505458, 16.419888509260932], [-105.75615896419441, 16.374932566085246], [-105.75615896419441, 16.28502067973387], [-105.71120302101872, 16.28502067973387], [-105.71120302101872, 16.240064736558182], [-105.66624707784302, 16.240064736558182], [-105.66624707784302, 16.195108793382495], [-105.62129113466733, 16.195108793382495], [-105.62129113466733, 16.15015285020681], [-105.57633519149164, 16.15015285020681], [-105.48642330514025, 16.01528502067974], [-105.35155547561317, 16.01528502067974], [-105.35155547561317, 15.970329077504054], [-105.081819816559, 15.925373134328368], [-105.081819816559, 15.880417191152679], [-104.94695198703192, 15.880417191152679], [-104.94695198703192, 15.970329077504054], [-104.90199604385623, 15.970329077504054], [-104.90199604385623, 16.554756338787996], [-104.94695198703192, 16.554756338787996], [-104.94695198703192, 16.73458011149075], [-104.99190793020762, 16.73458011149075], [-104.99190793020762, 16.86944794101781], [-105.03686387338331, 16.86944794101781], [-105.03686387338331, 17.09422765689625], [-105.081819816559, 17.09422765689625], [-105.081819816559, 17.31900737277469], [-105.1267757597347, 17.31900737277469], [-105.1267757597347, 17.588743031828816], [-105.17173170291039, 17.588743031828816], [-105.17173170291039, 17.813522747707257], [-105.21668764608609, 17.813522747707257], [-105.26164358926178, 18.263082179464135], [-105.30659953243747, 18.263082179464135], [-105.30659953243747, 18.442905952166885], [-105.35155547561317, 18.442905952166885], [-105.39651141878886, 18.712641611221013], [-105.44146736196456, 18.712641611221013], [-105.44146736196456, 18.80255349757239], [-105.48642330514025, 18.80255349757239], [-105.48642330514025, 18.98237727027514], [-105.53137924831594, 18.98237727027514], [-105.53137924831594, 19.117245099802204], [-105.57633519149164, 19.117245099802204], [-105.57633519149164, 19.297068872504955], [-105.62129113466733, 19.297068872504955], [-105.62129113466733, 19.476892645207705], [-105.66624707784302, 19.476892645207705], [-105.66624707784302, 19.61176047473477], [-105.71120302101872, 19.61176047473477], [-105.75615896419441, 19.881496133788897], [-105.8011149073701, 19.881496133788897], [-105.8011149073701, 19.971408020140274], [-105.8460708505458, 19.971408020140274], [-105.8460708505458, 20.061319906491647], [-105.8910267937215, 20.061319906491647], [-105.8910267937215, 20.151231792843024], [-105.93598273689719, 20.151231792843024], [-105.93598273689719, 20.286099622370088], [-105.98093868007288, 20.286099622370088], [-105.98093868007288, 20.376011508721465], [-106.02589462324858, 20.376011508721465], [-106.02589462324858, 20.51087933824853], [-106.07085056642427, 20.51087933824853], [-106.07085056642427, 20.735659054126966], [-106.11580650959996, 20.735659054126966], [-106.11580650959996, 20.915482826829717], [-106.16076245277566, 20.915482826829717], [-106.16076245277566, 21.05035065635678], [-106.20571839595135, 21.05035065635678], [-106.20571839595135, 21.27513037223522], [-106.25067433912704, 21.27513037223522], [-106.25067433912704, 21.45495414493797], [-106.29563028230274, 21.45495414493797], [-106.29563028230274, 21.634777917640722], [-106.34058622547843, 21.634777917640722], [-106.38554216865413, 21.994425463046227], [-106.43049811182982, 21.994425463046227], [-106.43049811182982, 22.12929329257329], [-106.47545405500551, 22.12929329257329], [-106.47545405500551, 22.219205178924668], [-106.52040999818121, 22.219205178924668], [-106.5653659413569, 22.399028951627418], [-106.65527782770829, 22.443984894803105], [-106.70023377088398, 22.623808667505855], [-106.74518971405968, 22.623808667505855], [-106.74518971405968, 22.668764610681546], [-106.79014565723537, 22.668764610681546], [-106.79014565723537, 22.75867649703292], [-106.88005754358676, 22.80363244020861], [-106.88005754358676, 22.893544326559983], [-106.92501348676245, 22.893544326559983], [-106.92501348676245, 22.98345621291136], [-107.01492537311384, 23.028412156087047], [-107.01492537311384, 23.118324042438424], [-107.05988131628953, 23.118324042438424], [-107.05988131628953, 23.208235928789797], [-107.14979320264092, 23.253191871965488], [-107.14979320264092, 23.34310375831686], [-107.19474914581662, 23.34310375831686], [-107.19474914581662, 23.38805970149255], [-107.284661032168, 23.433015644668238], [-107.284661032168, 23.522927531019615], [-107.3296169753437, 23.522927531019615], [-107.3296169753437, 23.567883474195302], [-107.46448480487078, 23.65779536054668], [-107.46448480487078, 23.747707246898052], [-107.50944074804647, 23.747707246898052], [-107.50944074804647, 23.79266319007374], [-107.64430857757355, 23.882575076425116], [-107.64430857757355, 23.972486962776493], [-107.68926452074925, 23.972486962776493], [-107.68926452074925, 24.01744290595218], [-107.77917640710064, 24.062398849127867], [-107.77917640710064, 24.152310735479244], [-107.82413235027633, 24.152310735479244], [-107.82413235027633, 24.19726667865493], [-107.95900017980341, 24.287178565006307], [-107.95900017980341, 24.37709045135768], [-108.0039561229791, 24.37709045135768], [-108.0039561229791, 24.42204639453337], [-108.09386800933049, 24.42204639453337], [-108.09386800933049, 24.467002337709058], [-108.13882395250619, 24.467002337709058], [-108.13882395250619, 24.511958280884745], [-108.18377989568188, 24.511958280884745], [-108.18377989568188, 24.556914224060435], [-108.22873583885757, 24.556914224060435], [-108.22873583885757, 24.60187016723612], [-108.27369178203327, 24.60187016723612], [-108.27369178203327, 24.64682611041181], [-108.31864772520896, 24.64682611041181], [-108.31864772520896, 24.6917820535875], [-108.36360366838466, 24.6917820535875], [-108.36360366838466, 24.736737996763186], [-108.49847149791174, 24.826649883114563], [-108.49847149791174, 24.87160582629025], [-108.58838338426312, 24.87160582629025], [-108.58838338426312, 24.916561769465936], [-108.63333932743882, 24.916561769465936], [-108.63333932743882, 24.961517712641626], [-108.67829527061451, 24.961517712641626], [-108.67829527061451, 25.006473655817313], [-108.7232512137902, 25.006473655817313], [-108.7232512137902, 25.051429598993], [-108.7682071569659, 25.051429598993], [-108.7682071569659, 25.09638554216869], [-108.8131631001416, 25.09638554216869], [-108.8131631001416, 25.141341485344377], [-108.94803092966868, 25.23125337169575], [-108.94803092966868, 25.27620931487144], [-109.26272253189853, 25.366121201222814], [-109.26272253189853, 25.411077144398504], [-109.30767847507423, 25.411077144398504], [-109.39759036142561, 25.545944973925568], [-109.80219385000686, 25.545944973925568], [-109.80219385000686, 25.590900917101255], [-109.98201762270963, 25.590900917101255], [-109.98201762270963, 25.545944973925568], [-110.11688545223672, 25.45603308757419], [-110.11688545223672, 25.366121201222814], [-110.16184139541241, 25.366121201222814], [-110.16184139541241, 25.23125337169575], [-110.2067973385881, 25.23125337169575], [-110.2067973385881, 24.781693939938872]]], [[[-93.84283402263554, 29.547023916561784], [-93.84283402263554, 29.726847689264538], [-93.79787807945985, 29.726847689264538], [-93.79787807945985, 30.131451177845726], [-93.75292213628416, 30.131451177845726], [-93.75292213628416, 30.356230893724167], [-93.70796619310846, 30.356230893724167], [-93.70796619310846, 30.536054666426917], [-93.66301024993277, 30.536054666426917], [-93.66301024993277, 30.67092249595398], [-93.61805430675707, 30.67092249595398], [-93.61805430675707, 30.760834382305358], [-93.57309836358138, 30.760834382305358], [-93.57309836358138, 30.895702211832422], [-93.48318647722999, 30.94065815500811], [-93.48318647722999, 31.030570041359486], [-93.4382305340543, 31.030570041359486], [-93.4382305340543, 31.12048192771086], [-93.30336270452722, 31.210393814062236], [-93.30336270452722, 31.300305700413613], [-93.25840676135152, 31.300305700413613], [-93.25840676135152, 31.3452616435893], [-93.21345081817583, 31.3452616435893], [-93.21345081817583, 31.390217586764987], [-93.16849487500014, 31.390217586764987], [-93.16849487500014, 31.435173529940677], [-93.12353893182444, 31.435173529940677], [-93.12353893182444, 31.480129473116364], [-92.98867110229736, 31.570041359467737], [-92.98867110229736, 31.614997302643427], [-92.89875921594597, 31.614997302643427], [-92.85380327277028, 31.7049091889948], [-92.76389138641889, 31.7049091889948], [-92.7189354432432, 31.794821075346178], [-92.53911167054042, 31.839777018521865], [-92.53911167054042, 31.884732961697555], [-92.44919978418903, 31.884732961697555], [-92.44919978418903, 31.92968890487324], [-92.31433195466195, 31.92968890487324], [-92.31433195466195, 31.97464484804893], [-92.22442006831056, 31.97464484804893], [-92.22442006831056, 32.01960079122462], [-91.81981657972932, 32.064556734400306], [-91.81981657972932, 32.10951267757599], [-91.41521309114808, 32.10951267757599], [-91.41521309114808, 32.154468620751686], [-90.78582988668836, 32.10951267757599], [-90.78582988668836, 32.064556734400306], [-90.5160942276342, 32.01960079122462], [-90.5160942276342, 31.97464484804893], [-90.42618234128281, 31.97464484804893], [-90.42618234128281, 31.92968890487324], [-90.33627045493142, 31.92968890487324], [-90.33627045493142, 31.884732961697555], [-90.15644668222865, 31.839777018521865], [-90.15644668222865, 31.794821075346178], [-90.11149073905295, 31.794821075346178], [-90.11149073905295, 31.74986513217049], [-90.06653479587726, 31.74986513217049], [-90.06653479587726, 31.7049091889948], [-90.02157885270157, 31.7049091889948], [-90.02157885270157, 31.659953245819114], [-89.97662290952587, 31.659953245819114], [-89.97662290952587, 31.614997302643427], [-89.93166696635018, 31.614997302643427], [-89.93166696635018, 31.570041359467737], [-89.88671102317448, 31.570041359467737], [-89.88671102317448, 31.52508541629205], [-89.84175507999879, 31.52508541629205], [-89.84175507999879, 31.480129473116364], [-89.7967991368231, 31.480129473116364], [-89.7967991368231, 31.435173529940677], [-89.66193130729602, 31.3452616435893], [-89.66193130729602, 31.255349757237923], [-89.52706347776893, 31.16543787088655], [-89.52706347776893, 31.075525984535172], [-89.43715159141755, 31.030570041359486], [-89.43715159141755, 30.94065815500811], [-89.34723970506616, 30.895702211832422], [-89.34723970506616, 30.805790325481045], [-89.25732781871477, 30.760834382305358], [-89.25732781871477, 30.67092249595398], [-89.16741593236338, 30.625966552778294], [-89.12245998918769, 30.446142780075544], [-89.077504046012, 30.446142780075544], [-89.077504046012, 30.401186836899853], [-89.0325481028363, 30.401186836899853], [-89.0325481028363, 30.31127495054848], [-88.89768027330922, 30.221363064197103], [-88.89768027330922, 30.131451177845726], [-88.80776838695783, 30.08649523467004], [-88.80776838695783, 29.996583348318666], [-88.71785650060644, 29.951627405142975], [-88.71785650060644, 29.861715518791602], [-88.58298867107936, 29.771803632440225], [-88.58298867107936, 29.681891746088848], [-88.49307678472798, 29.63693580291316], [-88.49307678472798, 29.547023916561784], [-88.40316489837659, 29.502067973386097], [-88.40316489837659, 29.412156087034724], [-88.3132530120252, 29.367200143859034], [-88.3132530120252, 29.27728825750766], [-88.2682970688495, 29.27728825750766], [-88.2682970688495, 29.23233231433197], [-88.17838518249812, 29.187376371156283], [-88.17838518249812, 29.097464484804906], [-88.13342923932242, 29.097464484804906], [-88.13342923932242, 29.05250854162922], [-87.99856140979534, 28.962596655277842], [-87.99856140979534, 28.87268476892647], [-87.90864952344396, 28.82772882575078], [-87.90864952344396, 28.737816939399405], [-87.86369358026826, 28.737816939399405], [-87.86369358026826, 28.692860996223715], [-87.81873763709257, 28.692860996223715], [-87.81873763709257, 28.647905053048028], [-87.68386980756549, 28.557993166696654], [-87.68386980756549, 28.468081280345277], [-87.63891386438979, 28.468081280345277], [-87.63891386438979, 28.42312533716959], [-87.5939579212141, 28.42312533716959], [-87.5939579212141, 28.3781693939939], [-87.45909009168702, 28.288257507642527], [-87.45909009168702, 28.19834562129115], [-87.41413414851132, 28.19834562129115], [-87.41413414851132, 28.153389678115463], [-87.36917820533563, 28.153389678115463], [-87.36917820533563, 28.108433734939773], [-87.32422226215994, 28.108433734939773], [-87.32422226215994, 28.063477791764086], [-87.18935443263285, 27.973565905412713], [-87.18935443263285, 27.883654019061336], [-87.14439848945716, 27.883654019061336], [-87.14439848945716, 27.83869807588565], [-87.09944254628147, 27.83869807588565], [-87.09944254628147, 27.79374213270996], [-86.96457471675438, 27.703830246358585], [-86.96457471675438, 27.613918360007208], [-86.91961877357869, 27.613918360007208], [-86.91961877357869, 27.56896241683152], [-86.874662830403, 27.56896241683152], [-86.874662830403, 27.52400647365583], [-86.8297068872273, 27.52400647365583], [-86.8297068872273, 27.479050530480144], [-86.78475094405161, 27.479050530480144], [-86.78475094405161, 27.434094587304457], [-86.73979500087592, 27.434094587304457], [-86.73979500087592, 27.389138644128767], [-86.69483905770022, 27.389138644128767], [-86.69483905770022, 27.34418270095308], [-86.64988311452453, 27.34418270095308], [-86.64988311452453, 27.299226757777394], [-86.60492717134883, 27.299226757777394], [-86.60492717134883, 27.254270814601703], [-86.55997122817314, 27.254270814601703], [-86.55997122817314, 27.209314871426017], [-86.51501528499745, 27.209314871426017], [-86.51501528499745, 27.16435892825033], [-86.47005934182175, 27.16435892825033], [-86.47005934182175, 27.119402985074643], [-86.42510339864606, 27.119402985074643], [-86.42510339864606, 27.074447041898953], [-86.38014745547036, 27.074447041898953], [-86.38014745547036, 27.029491098723266], [-86.33519151229467, 27.029491098723266], [-86.33519151229467, 26.98453515554758], [-86.29023556911898, 26.98453515554758], [-86.29023556911898, 26.93957921237189], [-86.24527962594328, 26.93957921237189], [-86.24527962594328, 26.894623269196202], [-86.20032368276759, 26.894623269196202], [-86.20032368276759, 26.849667326020516], [-86.1553677395919, 26.849667326020516], [-86.1553677395919, 26.804711382844825], [-86.1104117964162, 26.804711382844825], [-86.1104117964162, 26.75975543966914], [-85.97554396688912, 26.66984355331776], [-85.97554396688912, 26.579931666966388], [-85.93058802371343, 26.579931666966388], [-85.84067613736204, 26.445063837439324], [-85.75076425101065, 26.445063837439324], [-85.75076425101065, 26.400107894263638], [-85.70580830783496, 26.400107894263638], [-85.70580830783496, 26.31019600791226], [-85.66085236465926, 26.31019600791226], [-85.66085236465926, 26.265240064736574], [-85.61589642148357, 26.265240064736574], [-85.61589642148357, 26.220284121560884], [-85.57094047830788, 26.220284121560884], [-85.57094047830788, 26.175328178385197], [-85.52598453513218, 26.175328178385197], [-85.52598453513218, 26.13037223520951], [-85.48102859195649, 26.13037223520951], [-85.48102859195649, 26.08541629203382], [-85.4360726487808, 26.08541629203382], [-85.4360726487808, 26.040460348858133], [-85.3911167056051, 26.040460348858133], [-85.3911167056051, 25.995504405682446], [-85.3461607624294, 25.995504405682446], [-85.3461607624294, 25.950548462506756], [-85.30120481925371, 25.950548462506756], [-85.30120481925371, 25.90559251933107], [-85.16633698972663, 25.815680632979692], [-85.16633698972663, 25.72576874662832], [-85.12138104655094, 25.72576874662832], [-85.12138104655094, 25.680812803452632], [-85.07642510337524, 25.680812803452632], [-85.07642510337524, 25.63585686027694], [-85.03146916019955, 25.63585686027694], [-85.03146916019955, 25.590900917101255], [-84.89660133067247, 25.500989030749878], [-84.89660133067247, 25.411077144398504], [-84.85164538749677, 25.411077144398504], [-84.85164538749677, 25.366121201222814], [-84.80668944432108, 25.366121201222814], [-84.80668944432108, 25.321165258047127], [-84.76173350114539, 25.321165258047127], [-84.76173350114539, 25.27620931487144], [-84.71677755796969, 25.27620931487144], [-84.71677755796969, 25.23125337169575], [-84.671821614794, 25.23125337169575], [-84.671821614794, 25.186297428520064], [-84.6268656716183, 25.186297428520064], [-84.6268656716183, 25.141341485344377], [-84.58190972844261, 25.141341485344377], [-84.58190972844261, 25.09638554216869], [-84.53695378526692, 25.09638554216869], [-84.53695378526692, 25.051429598993], [-84.40208595573984, 24.961517712641626], [-84.40208595573984, 24.87160582629025], [-84.35713001256414, 24.87160582629025], [-84.35713001256414, 24.826649883114563], [-84.31217406938845, 24.826649883114563], [-84.31217406938845, 24.781693939938872], [-84.26721812621275, 24.781693939938872], [-84.26721812621275, 24.736737996763186], [-84.22226218303706, 24.736737996763186], [-84.22226218303706, 24.6917820535875], [-84.08739435350998, 24.60187016723612], [-84.08739435350998, 24.511958280884745], [-83.9525265239829, 24.42204639453337], [-83.9525265239829, 24.332134508181994], [-83.86261463763151, 24.287178565006307], [-83.86261463763151, 24.19726667865493], [-83.81765869445582, 24.19726667865493], [-83.81765869445582, 24.152310735479244], [-83.77270275128012, 24.152310735479244], [-83.77270275128012, 24.062398849127867], [-83.68279086492873, 24.01744290595218], [-83.68279086492873, 23.927531019600803], [-83.63783492175304, 23.927531019600803], [-83.63783492175304, 23.83761913324943], [-83.59287897857735, 23.83761913324943], [-83.59287897857735, 23.702751303722366], [-83.54792303540165, 23.702751303722366], [-83.54792303540165, 23.567883474195302], [-83.50296709222596, 23.567883474195302], [-83.45801114905026, 23.073368099262733], [-83.41305520587457, 23.073368099262733], [-83.41305520587457, 22.893544326559983], [-83.45801114905026, 22.893544326559983], [-83.45801114905026, 22.713720553857232], [-83.50296709222596, 22.713720553857232], [-83.50296709222596, 22.623808667505855], [-83.54792303540165, 22.623808667505855], [-83.59287897857735, 22.533896781154482], [-83.68279086492873, 22.533896781154482], [-83.68279086492873, 22.48894083797879], [-84.13235029668567, 22.443984894803105], [-84.13235029668567, 22.399028951627418], [-84.26721812621275, 22.399028951627418], [-84.26721812621275, 22.354073008451728], [-84.49199784209122, 22.354073008451728], [-84.49199784209122, 22.30911706527604], [-84.76173350114539, 22.30911706527604], [-84.76173350114539, 22.354073008451728], [-85.03146916019955, 22.354073008451728], [-85.03146916019955, 22.399028951627418], [-85.16633698972663, 22.399028951627418], [-85.16633698972663, 22.443984894803105], [-85.25624887607802, 22.443984894803105], [-85.25624887607802, 22.48894083797879], [-85.3911167056051, 22.48894083797879], [-85.3911167056051, 22.533896781154482], [-85.48102859195649, 22.533896781154482], [-85.48102859195649, 22.57885272433017], [-85.61589642148357, 22.57885272433017], [-85.61589642148357, 22.623808667505855], [-85.70580830783496, 22.623808667505855], [-85.75076425101065, 22.713720553857232], [-85.84067613736204, 22.713720553857232], [-85.84067613736204, 22.75867649703292], [-85.93058802371343, 22.75867649703292], [-85.97554396688912, 22.848588383384296], [-86.06545585324051, 22.848588383384296], [-86.1104117964162, 22.93850026973567], [-86.20032368276759, 22.93850026973567], [-86.29023556911898, 23.073368099262733], [-86.38014745547036, 23.073368099262733], [-86.42510339864606, 23.16327998561411], [-86.51501528499745, 23.16327998561411], [-86.55997122817314, 23.253191871965488], [-86.64988311452453, 23.253191871965488], [-86.73979500087592, 23.38805970149255], [-86.8297068872273, 23.38805970149255], [-86.91961877357869, 23.522927531019615], [-87.00953065993008, 23.522927531019615], [-87.00953065993008, 23.567883474195302], [-87.05448660310577, 23.567883474195302], [-87.05448660310577, 23.61283941737099], [-87.14439848945716, 23.61283941737099], [-87.18935443263285, 23.702751303722366], [-87.27926631898424, 23.702751303722366], [-87.36917820533563, 23.83761913324943], [-87.45909009168702, 23.83761913324943], [-87.5490019780384, 23.972486962776493], [-87.63891386438979, 23.972486962776493], [-87.63891386438979, 24.01744290595218], [-87.68386980756549, 24.01744290595218], [-87.68386980756549, 24.062398849127867], [-87.77378169391687, 24.062398849127867], [-87.81873763709257, 24.152310735479244], [-87.90864952344396, 24.152310735479244], [-87.99856140979534, 24.287178565006307], [-88.08847329614673, 24.287178565006307], [-88.08847329614673, 24.332134508181994], [-88.13342923932242, 24.332134508181994], [-88.17838518249812, 24.42204639453337], [-88.2682970688495, 24.42204639453337], [-88.3582089552009, 24.556914224060435], [-88.44812084155228, 24.556914224060435], [-88.49307678472798, 24.64682611041181], [-88.58298867107936, 24.64682611041181], [-88.67290055743075, 24.781693939938872], [-88.76281244378214, 24.781693939938872], [-88.76281244378214, 24.826649883114563], [-88.80776838695783, 24.826649883114563], [-88.89768027330922, 24.961517712641626], [-88.98759215966061, 24.961517712641626], [-89.0325481028363, 25.051429598993], [-89.12245998918769, 25.051429598993], [-89.12245998918769, 25.09638554216869], [-89.16741593236338, 25.09638554216869], [-89.21237187553908, 25.186297428520064], [-89.30228376189046, 25.186297428520064], [-89.39219564824185, 25.321165258047127], [-89.48210753459324, 25.321165258047127], [-89.52706347776893, 25.411077144398504], [-89.61697536412032, 25.411077144398504], [-89.61697536412032, 25.45603308757419], [-89.66193130729602, 25.45603308757419], [-89.66193130729602, 25.500989030749878], [-89.7518431936474, 25.500989030749878], [-89.7967991368231, 25.590900917101255], [-89.88671102317448, 25.590900917101255], [-89.93166696635018, 25.680812803452632], [-90.02157885270157, 25.680812803452632], [-90.02157885270157, 25.72576874662832], [-90.06653479587726, 25.72576874662832], [-90.06653479587726, 25.770724689804005], [-90.15644668222865, 25.770724689804005], [-90.20140262540434, 25.860636576155382], [-90.29131451175573, 25.860636576155382], [-90.29131451175573, 25.90559251933107], [-90.33627045493142, 25.90559251933107], [-90.33627045493142, 25.950548462506756], [-90.42618234128281, 25.950548462506756], [-90.4711382844585, 26.040460348858133], [-90.56105017080989, 26.040460348858133], [-90.60600611398559, 26.13037223520951], [-90.69591800033697, 26.13037223520951], [-90.69591800033697, 26.175328178385197], [-90.74087394351267, 26.175328178385197], [-90.74087394351267, 26.220284121560884], [-90.83078582986406, 26.220284121560884], [-90.87574177303975, 26.31019600791226], [-90.96565365939114, 26.31019600791226], [-91.01060960256683, 26.400107894263638], [-91.10052148891822, 26.400107894263638], [-91.14547743209391, 26.49001978061501], [-91.32530120479669, 26.5349757237907], [-91.32530120479669, 26.579931666966388], [-91.37025714797238, 26.579931666966388], [-91.37025714797238, 26.624887610142075], [-91.46016903432377, 26.624887610142075], [-91.50512497749946, 26.714799496493452], [-91.59503686385085, 26.714799496493452], [-91.59503686385085, 26.75975543966914], [-91.63999280702654, 26.75975543966914], [-91.63999280702654, 26.804711382844825], [-91.72990469337793, 26.804711382844825], [-91.77486063655363, 26.894623269196202], [-91.86477252290501, 26.894623269196202], [-91.90972846608071, 26.98453515554758], [-91.9996403524321, 26.98453515554758], [-92.08955223878348, 27.119402985074643], [-92.17946412513487, 27.119402985074643], [-92.17946412513487, 27.16435892825033], [-92.22442006831056, 27.16435892825033], [-92.22442006831056, 27.209314871426017], [-92.26937601148626, 27.209314871426017], [-92.26937601148626, 27.254270814601703], [-92.31433195466195, 27.254270814601703], [-92.31433195466195, 27.299226757777394], [-92.44919978418903, 27.389138644128767], [-92.44919978418903, 27.434094587304457], [-92.53911167054042, 27.434094587304457], [-92.53911167054042, 27.479050530480144], [-92.58406761371612, 27.479050530480144], [-92.58406761371612, 27.52400647365583], [-92.62902355689181, 27.52400647365583], [-92.62902355689181, 27.56896241683152], [-92.6739795000675, 27.56896241683152], [-92.6739795000675, 27.613918360007208], [-92.7189354432432, 27.613918360007208], [-92.7189354432432, 27.658874303182895], [-92.76389138641889, 27.658874303182895], [-92.76389138641889, 27.703830246358585], [-92.89875921594597, 27.79374213270996], [-92.89875921594597, 27.883654019061336], [-92.94371515912167, 27.883654019061336], [-92.94371515912167, 27.928609962237022], [-92.98867110229736, 27.928609962237022], [-92.98867110229736, 27.973565905412713], [-93.03362704547305, 27.973565905412713], [-93.03362704547305, 28.0185218485884], [-93.07858298864875, 28.0185218485884], [-93.07858298864875, 28.063477791764086], [-93.21345081817583, 28.153389678115463], [-93.21345081817583, 28.243301564466837], [-93.25840676135152, 28.243301564466837], [-93.25840676135152, 28.288257507642527], [-93.3932745908786, 28.3781693939939], [-93.3932745908786, 28.468081280345277], [-93.4382305340543, 28.468081280345277], [-93.4382305340543, 28.557993166696654], [-93.52814242040569, 28.60294910987234], [-93.52814242040569, 28.692860996223715], [-93.57309836358138, 28.692860996223715], [-93.57309836358138, 28.78277288257509], [-93.61805430675707, 28.78277288257509], [-93.61805430675707, 28.917640712102155], [-93.66301024993277, 28.917640712102155], [-93.66301024993277, 29.007552598453533], [-93.70796619310846, 29.007552598453533], [-93.70796619310846, 29.142420427980596], [-93.75292213628416, 29.142420427980596], [-93.75292213628416, 29.27728825750766], [-93.79787807945985, 29.27728825750766], [-93.79787807945985, 29.547023916561784], [-93.84283402263554, 29.547023916561784]], [[-93.3932745908786, 29.502067973386097], [-93.34831864770291, 29.502067973386097], [-93.34831864770291, 29.322244200683347], [-93.30336270452722, 29.322244200683347], [-93.30336270452722, 29.142420427980596], [-93.25840676135152, 29.142420427980596], [-93.25840676135152, 29.007552598453533], [-93.21345081817583, 29.007552598453533], [-93.21345081817583, 28.917640712102155], [-93.16849487500014, 28.917640712102155], [-93.16849487500014, 28.82772882575078], [-93.12353893182444, 28.82772882575078], [-93.07858298864875, 28.647905053048028], [-92.94371515912167, 28.557993166696654], [-92.94371515912167, 28.468081280345277], [-92.89875921594597, 28.468081280345277], [-92.89875921594597, 28.3781693939939], [-92.80884732959458, 28.333213450818214], [-92.80884732959458, 28.243301564466837], [-92.76389138641889, 28.243301564466837], [-92.76389138641889, 28.19834562129115], [-92.7189354432432, 28.19834562129115], [-92.7189354432432, 28.153389678115463], [-92.6739795000675, 28.153389678115463], [-92.6739795000675, 28.108433734939773], [-92.62902355689181, 28.108433734939773], [-92.62902355689181, 28.063477791764086], [-92.58406761371612, 28.063477791764086], [-92.58406761371612, 28.0185218485884], [-92.53911167054042, 28.0185218485884], [-92.53911167054042, 27.973565905412713], [-92.40424384101334, 27.883654019061336], [-92.40424384101334, 27.79374213270996], [-92.35928789783765, 27.79374213270996], [-92.35928789783765, 27.748786189534272], [-92.31433195466195, 27.748786189534272], [-92.31433195466195, 27.703830246358585], [-92.26937601148626, 27.703830246358585], [-92.17946412513487, 27.56896241683152], [-92.08955223878348, 27.56896241683152], [-92.08955223878348, 27.52400647365583], [-92.04459629560779, 27.52400647365583], [-92.04459629560779, 27.479050530480144], [-91.9996403524321, 27.479050530480144], [-91.9996403524321, 27.434094587304457], [-91.9546844092564, 27.434094587304457], [-91.9546844092564, 27.389138644128767], [-91.90972846608071, 27.389138644128767], [-91.81981657972932, 27.254270814601703], [-91.72990469337793, 27.254270814601703], [-91.68494875020224, 27.16435892825033], [-91.59503686385085, 27.16435892825033], [-91.59503686385085, 27.119402985074643], [-91.41521309114808, 27.074447041898953], [-91.41521309114808, 27.029491098723266], [-91.37025714797238, 27.029491098723266], [-91.37025714797238, 26.98453515554758], [-91.32530120479669, 26.98453515554758], [-91.2353893184453, 26.849667326020516], [-91.14547743209391, 26.849667326020516], [-91.10052148891822, 26.75975543966914], [-91.01060960256683, 26.75975543966914], [-91.01060960256683, 26.714799496493452], [-90.92069771621544, 26.714799496493452], [-90.87574177303975, 26.624887610142075], [-90.78582988668836, 26.624887610142075], [-90.78582988668836, 26.579931666966388], [-90.74087394351267, 26.579931666966388], [-90.65096205716128, 26.445063837439324], [-90.56105017080989, 26.445063837439324], [-90.56105017080989, 26.400107894263638], [-90.5160942276342, 26.400107894263638], [-90.4711382844585, 26.31019600791226], [-90.38122639810712, 26.31019600791226], [-90.29131451175573, 26.175328178385197], [-90.20140262540434, 26.175328178385197], [-90.15644668222865, 26.08541629203382], [-90.06653479587726, 26.08541629203382], [-90.06653479587726, 26.040460348858133], [-90.02157885270157, 26.040460348858133], [-89.97662290952587, 25.950548462506756], [-89.88671102317448, 25.950548462506756], [-89.7967991368231, 25.815680632979692], [-89.70688725047171, 25.815680632979692], [-89.70688725047171, 25.770724689804005], [-89.66193130729602, 25.770724689804005], [-89.66193130729602, 25.72576874662832], [-89.57201942094463, 25.72576874662832], [-89.52706347776893, 25.63585686027694], [-89.43715159141755, 25.63585686027694], [-89.43715159141755, 25.590900917101255], [-89.39219564824185, 25.590900917101255], [-89.34723970506616, 25.500989030749878], [-89.25732781871477, 25.500989030749878], [-89.25732781871477, 25.45603308757419], [-89.21237187553908, 25.45603308757419], [-89.12245998918769, 25.321165258047127], [-89.0325481028363, 25.321165258047127], [-88.94263621648491, 25.186297428520064], [-88.85272433013353, 25.186297428520064], [-88.76281244378214, 25.051429598993], [-88.67290055743075, 25.051429598993], [-88.67290055743075, 25.006473655817313], [-88.62794461425506, 25.006473655817313], [-88.53803272790367, 24.87160582629025], [-88.44812084155228, 24.87160582629025], [-88.3582089552009, 24.736737996763186], [-88.2682970688495, 24.736737996763186], [-88.22334112567381, 24.64682611041181], [-88.13342923932242, 24.64682611041181], [-88.13342923932242, 24.60187016723612], [-88.08847329614673, 24.60187016723612], [-88.04351735297104, 24.511958280884745], [-87.95360546661965, 24.511958280884745], [-87.95360546661965, 24.467002337709058], [-87.90864952344396, 24.467002337709058], [-87.81873763709257, 24.332134508181994], [-87.72882575074118, 24.332134508181994], [-87.72882575074118, 24.287178565006307], [-87.68386980756549, 24.287178565006307], [-87.68386980756549, 24.24222262183062], [-87.5939579212141, 24.24222262183062], [-87.5490019780384, 24.152310735479244], [-87.45909009168702, 24.152310735479244], [-87.45909009168702, 24.107354792303557], [-87.41413414851132, 24.107354792303557], [-87.36917820533563, 24.01744290595218], [-87.27926631898424, 24.01744290595218], [-87.27926631898424, 23.972486962776493], [-87.23431037580855, 23.972486962776493], [-87.14439848945716, 23.83761913324943], [-87.05448660310577, 23.83761913324943], [-87.00953065993008, 23.747707246898052], [-86.91961877357869, 23.747707246898052], [-86.874662830403, 23.65779536054668], [-86.78475094405161, 23.65779536054668], [-86.78475094405161, 23.61283941737099], [-86.73979500087592, 23.61283941737099], [-86.64988311452453, 23.477971587843925], [-86.55997122817314, 23.477971587843925], [-86.47005934182175, 23.34310375831686], [-86.38014745547036, 23.34310375831686], [-86.38014745547036, 23.298147815141174], [-86.33519151229467, 23.298147815141174], [-86.33519151229467, 23.253191871965488], [-86.24527962594328, 23.253191871965488], [-86.20032368276759, 23.16327998561411], [-86.1104117964162, 23.16327998561411], [-86.02049991006481, 23.028412156087047], [-85.93058802371343, 23.028412156087047], [-85.88563208053773, 22.93850026973567], [-85.79572019418634, 22.93850026973567], [-85.75076425101065, 22.848588383384296], [-85.57094047830788, 22.80363244020861], [-85.57094047830788, 22.75867649703292], [-85.48102859195649, 22.75867649703292], [-85.48102859195649, 22.713720553857232], [-85.3911167056051, 22.713720553857232], [-85.3911167056051, 22.668764610681546], [-85.25624887607802, 22.668764610681546], [-85.25624887607802, 22.623808667505855], [-85.16633698972663, 22.623808667505855], [-85.16633698972663, 22.57885272433017], [-85.03146916019955, 22.57885272433017], [-85.03146916019955, 22.533896781154482], [-84.85164538749677, 22.533896781154482], [-84.85164538749677, 22.48894083797879], [-84.44704189891553, 22.48894083797879], [-84.44704189891553, 22.533896781154482], [-84.31217406938845, 22.533896781154482], [-84.31217406938845, 22.57885272433017], [-84.17730623986137, 22.57885272433017], [-84.17730623986137, 22.623808667505855], [-83.81765869445582, 22.668764610681546], [-83.81765869445582, 22.713720553857232], [-83.72774680810443, 22.713720553857232], [-83.72774680810443, 22.75867649703292], [-83.63783492175304, 22.80363244020861], [-83.63783492175304, 22.93850026973567], [-83.59287897857735, 22.93850026973567], [-83.59287897857735, 23.118324042438424], [-83.63783492175304, 23.118324042438424], [-83.63783492175304, 23.38805970149255], [-83.68279086492873, 23.38805970149255], [-83.68279086492873, 23.567883474195302], [-83.72774680810443, 23.567883474195302], [-83.72774680810443, 23.702751303722366], [-83.77270275128012, 23.702751303722366], [-83.77270275128012, 23.79266319007374], [-83.81765869445582, 23.79266319007374], [-83.81765869445582, 23.882575076425116], [-83.86261463763151, 23.882575076425116], [-83.9075705808072, 24.062398849127867], [-84.04243841033428, 24.152310735479244], [-84.04243841033428, 24.24222262183062], [-84.13235029668567, 24.287178565006307], [-84.13235029668567, 24.37709045135768], [-84.17730623986137, 24.37709045135768], [-84.17730623986137, 24.42204639453337], [-84.31217406938845, 24.511958280884745], [-84.31217406938845, 24.60187016723612], [-84.35713001256414, 24.60187016723612], [-84.35713001256414, 24.64682611041181], [-84.40208595573984, 24.64682611041181], [-84.40208595573984, 24.6917820535875], [-84.44704189891553, 24.6917820535875], [-84.44704189891553, 24.736737996763186], [-84.49199784209122, 24.736737996763186], [-84.49199784209122, 24.781693939938872], [-84.53695378526692, 24.781693939938872], [-84.53695378526692, 24.826649883114563], [-84.58190972844261, 24.826649883114563], [-84.58190972844261, 24.87160582629025], [-84.6268656716183, 24.87160582629025], [-84.6268656716183, 24.916561769465936], [-84.671821614794, 24.916561769465936], [-84.671821614794, 24.961517712641626], [-84.80668944432108, 25.051429598993], [-84.80668944432108, 25.141341485344377], [-84.85164538749677, 25.141341485344377], [-84.85164538749677, 25.186297428520064], [-84.89660133067247, 25.186297428520064], [-84.98651321702386, 25.321165258047127], [-85.07642510337524, 25.321165258047127], [-85.07642510337524, 25.411077144398504], [-85.12138104655094, 25.411077144398504], [-85.12138104655094, 25.45603308757419], [-85.16633698972663, 25.45603308757419], [-85.16633698972663, 25.500989030749878], [-85.21129293290232, 25.500989030749878], [-85.21129293290232, 25.545944973925568], [-85.25624887607802, 25.545944973925568], [-85.25624887607802, 25.590900917101255], [-85.30120481925371, 25.590900917101255], [-85.30120481925371, 25.63585686027694], [-85.3461607624294, 25.63585686027694], [-85.3461607624294, 25.680812803452632], [-85.3911167056051, 25.680812803452632], [-85.3911167056051, 25.72576874662832], [-85.4360726487808, 25.72576874662832], [-85.4360726487808, 25.770724689804005], [-85.48102859195649, 25.770724689804005], [-85.48102859195649, 25.815680632979692], [-85.52598453513218, 25.815680632979692], [-85.52598453513218, 25.860636576155382], [-85.57094047830788, 25.860636576155382], [-85.57094047830788, 25.90559251933107], [-85.70580830783496, 25.995504405682446], [-85.70580830783496, 26.08541629203382], [-85.75076425101065, 26.08541629203382], [-85.75076425101065, 26.13037223520951], [-85.79572019418634, 26.13037223520951], [-85.79572019418634, 26.175328178385197], [-85.84067613736204, 26.175328178385197], [-85.84067613736204, 26.220284121560884], [-85.88563208053773, 26.220284121560884], [-85.97554396688912, 26.355151951087947], [-86.06545585324051, 26.355151951087947], [-86.06545585324051, 26.400107894263638], [-86.1553677395919, 26.445063837439324], [-86.1553677395919, 26.5349757237907], [-86.20032368276759, 26.5349757237907], [-86.20032368276759, 26.579931666966388], [-86.24527962594328, 26.579931666966388], [-86.24527962594328, 26.624887610142075], [-86.29023556911898, 26.624887610142075], [-86.29023556911898, 26.66984355331776], [-86.33519151229467, 26.66984355331776], [-86.33519151229467, 26.714799496493452], [-86.47005934182175, 26.804711382844825], [-86.47005934182175, 26.849667326020516], [-86.55997122817314, 26.849667326020516], [-86.55997122817314, 26.894623269196202], [-86.60492717134883, 26.894623269196202], [-86.60492717134883, 26.98453515554758], [-86.64988311452453, 26.98453515554758], [-86.64988311452453, 27.029491098723266], [-86.69483905770022, 27.029491098723266], [-86.69483905770022, 27.074447041898953], [-86.73979500087592, 27.074447041898953], [-86.73979500087592, 27.119402985074643], [-86.78475094405161, 27.119402985074643], [-86.78475094405161, 27.16435892825033], [-86.8297068872273, 27.16435892825033], [-86.8297068872273, 27.209314871426017], [-86.874662830403, 27.209314871426017], [-86.874662830403, 27.254270814601703], [-86.91961877357869, 27.254270814601703], [-87.00953065993008, 27.389138644128767], [-87.09944254628147, 27.389138644128767], [-87.09944254628147, 27.479050530480144], [-87.14439848945716, 27.479050530480144], [-87.14439848945716, 27.52400647365583], [-87.18935443263285, 27.52400647365583], [-87.18935443263285, 27.56896241683152], [-87.23431037580855, 27.56896241683152], [-87.23431037580855, 27.613918360007208], [-87.27926631898424, 27.613918360007208], [-87.27926631898424, 27.658874303182895], [-87.32422226215994, 27.658874303182895], [-87.32422226215994, 27.703830246358585], [-87.36917820533563, 27.703830246358585], [-87.36917820533563, 27.748786189534272], [-87.41413414851132, 27.748786189534272], [-87.41413414851132, 27.79374213270996], [-87.45909009168702, 27.79374213270996], [-87.45909009168702, 27.83869807588565], [-87.50404603486271, 27.83869807588565], [-87.50404603486271, 27.883654019061336], [-87.5490019780384, 27.883654019061336], [-87.5490019780384, 27.928609962237022], [-87.68386980756549, 28.0185218485884], [-87.68386980756549, 28.108433734939773], [-87.72882575074118, 28.108433734939773], [-87.72882575074118, 28.153389678115463], [-87.77378169391687, 28.153389678115463], [-87.77378169391687, 28.19834562129115], [-87.81873763709257, 28.19834562129115], [-87.81873763709257, 28.243301564466837], [-87.86369358026826, 28.243301564466837], [-87.86369358026826, 28.288257507642527], [-87.90864952344396, 28.288257507642527], [-87.90864952344396, 28.333213450818214], [-87.95360546661965, 28.333213450818214], [-87.95360546661965, 28.3781693939939], [-87.99856140979534, 28.3781693939939], [-87.99856140979534, 28.42312533716959], [-88.04351735297104, 28.42312533716959], [-88.04351735297104, 28.468081280345277], [-88.08847329614673, 28.468081280345277], [-88.08847329614673, 28.513037223520964], [-88.22334112567381, 28.60294910987234], [-88.22334112567381, 28.692860996223715], [-88.2682970688495, 28.692860996223715], [-88.2682970688495, 28.737816939399405], [-88.3132530120252, 28.737816939399405], [-88.3132530120252, 28.78277288257509], [-88.3582089552009, 28.78277288257509], [-88.3582089552009, 28.82772882575078], [-88.40316489837659, 28.82772882575078], [-88.40316489837659, 28.87268476892647], [-88.44812084155228, 28.87268476892647], [-88.44812084155228, 28.917640712102155], [-88.58298867107936, 29.007552598453533], [-88.58298867107936, 29.097464484804906], [-88.62794461425506, 29.097464484804906], [-88.62794461425506, 29.187376371156283], [-88.71785650060644, 29.23233231433197], [-88.71785650060644, 29.322244200683347], [-88.76281244378214, 29.322244200683347], [-88.76281244378214, 29.367200143859034], [-88.80776838695783, 29.367200143859034], [-88.80776838695783, 29.412156087034724], [-88.85272433013353, 29.412156087034724], [-88.85272433013353, 29.45711203021041], [-88.98759215966061, 29.547023916561784], [-88.98759215966061, 29.63693580291316], [-89.077504046012, 29.681891746088848], [-89.077504046012, 29.771803632440225], [-89.12245998918769, 29.771803632440225], [-89.12245998918769, 29.81675957561591], [-89.16741593236338, 29.81675957561591], [-89.16741593236338, 29.861715518791602], [-89.21237187553908, 29.861715518791602], [-89.21237187553908, 29.90667146196729], [-89.25732781871477, 29.90667146196729], [-89.25732781871477, 29.951627405142975], [-89.30228376189046, 29.951627405142975], [-89.30228376189046, 29.996583348318666], [-89.34723970506616, 29.996583348318666], [-89.34723970506616, 30.041539291494352], [-89.48210753459324, 30.131451177845726], [-89.52706347776893, 30.31127495054848], [-89.57201942094463, 30.31127495054848], [-89.57201942094463, 30.356230893724167], [-89.61697536412032, 30.356230893724167], [-89.61697536412032, 30.401186836899853], [-89.7518431936474, 30.49109872325123], [-89.7518431936474, 30.581010609602608], [-89.7967991368231, 30.581010609602608], [-89.7967991368231, 30.625966552778294], [-89.84175507999879, 30.625966552778294], [-89.84175507999879, 30.71587843912967], [-89.97662290952587, 30.805790325481045], [-89.97662290952587, 30.895702211832422], [-90.02157885270157, 30.895702211832422], [-90.02157885270157, 30.985614098183795], [-90.11149073905295, 31.030570041359486], [-90.11149073905295, 31.12048192771086], [-90.15644668222865, 31.12048192771086], [-90.15644668222865, 31.16543787088655], [-90.20140262540434, 31.16543787088655], [-90.20140262540434, 31.210393814062236], [-90.24635856858004, 31.210393814062236], [-90.24635856858004, 31.255349757237923], [-90.29131451175573, 31.255349757237923], [-90.29131451175573, 31.300305700413613], [-90.33627045493142, 31.300305700413613], [-90.33627045493142, 31.3452616435893], [-90.38122639810712, 31.3452616435893], [-90.4711382844585, 31.480129473116364], [-90.65096205716128, 31.52508541629205], [-90.65096205716128, 31.570041359467737], [-90.74087394351267, 31.570041359467737], [-90.74087394351267, 31.614997302643427], [-90.83078582986406, 31.614997302643427], [-90.83078582986406, 31.659953245819114], [-90.96565365939114, 31.659953245819114], [-90.96565365939114, 31.7049091889948], [-91.46016903432377, 31.7049091889948], [-91.46016903432377, 31.74986513217049], [-91.50512497749946, 31.74986513217049], [-91.50512497749946, 31.7049091889948], [-91.81981657972932, 31.7049091889948], [-91.81981657972932, 31.659953245819114], [-91.9996403524321, 31.659953245819114], [-91.9996403524321, 31.614997302643427], [-92.08955223878348, 31.614997302643427], [-92.08955223878348, 31.570041359467737], [-92.17946412513487, 31.570041359467737], [-92.17946412513487, 31.52508541629205], [-92.26937601148626, 31.52508541629205], [-92.26937601148626, 31.480129473116364], [-92.44919978418903, 31.435173529940677], [-92.44919978418903, 31.390217586764987], [-92.62902355689181, 31.3452616435893], [-92.6739795000675, 31.255349757237923], [-92.76389138641889, 31.255349757237923], [-92.76389138641889, 31.210393814062236], [-92.80884732959458, 31.210393814062236], [-92.80884732959458, 31.16543787088655], [-92.85380327277028, 31.16543787088655], [-92.85380327277028, 31.12048192771086], [-92.89875921594597, 31.12048192771086], [-92.89875921594597, 31.075525984535172], [-92.94371515912167, 31.075525984535172], [-92.94371515912167, 31.030570041359486], [-93.07858298864875, 30.94065815500811], [-93.07858298864875, 30.850746268656735], [-93.16849487500014, 30.805790325481045], [-93.16849487500014, 30.71587843912967], [-93.25840676135152, 30.67092249595398], [-93.25840676135152, 30.536054666426917], [-93.30336270452722, 30.536054666426917], [-93.30336270452722, 30.31127495054848], [-93.34831864770291, 30.31127495054848], [-93.34831864770291, 29.996583348318666], [-93.3932745908786, 29.996583348318666], [-93.3932745908786, 29.502067973386097]]]]}}, {"type": "Feature", "properties": {"shapefile": "2021082718_wsp64knt120hr_5km", "PERCENTAGE": "10-20%"}, "geometry": {"type": "MultiPolygon", "coordinates": [[[[-110.2067973385881, 24.781693939938872], [-110.2067973385881, 25.23125337169575], [-110.16184139541241, 25.23125337169575], [-110.16184139541241, 25.366121201222814], [-110.11688545223672, 25.366121201222814], [-110.11688545223672, 25.45603308757419], [-110.07192950906102, 25.45603308757419], [-109.98201762270963, 25.590900917101255], [-109.80219385000686, 25.590900917101255], [-109.80219385000686, 25.545944973925568], [-109.39759036142561, 25.545944973925568], [-109.39759036142561, 25.500989030749878], [-109.35263441824992, 25.500989030749878], [-109.26272253189853, 25.366121201222814], [-108.94803092966868, 25.27620931487144], [-108.94803092966868, 25.23125337169575], [-108.90307498649298, 25.23125337169575], [-108.90307498649298, 25.186297428520064], [-108.85811904331729, 25.186297428520064], [-108.85811904331729, 25.141341485344377], [-108.8131631001416, 25.141341485344377], [-108.8131631001416, 25.09638554216869], [-108.7682071569659, 25.09638554216869], [-108.7682071569659, 25.051429598993], [-108.7232512137902, 25.051429598993], [-108.7232512137902, 25.006473655817313], [-108.67829527061451, 25.006473655817313], [-108.58838338426312, 24.87160582629025], [-108.49847149791174, 24.87160582629025], [-108.49847149791174, 24.826649883114563], [-108.45351555473604, 24.826649883114563], [-108.45351555473604, 24.781693939938872], [-108.40855961156035, 24.781693939938872], [-108.40855961156035, 24.736737996763186], [-108.36360366838466, 24.736737996763186], [-108.36360366838466, 24.6917820535875], [-108.31864772520896, 24.6917820535875], [-108.31864772520896, 24.64682611041181], [-108.27369178203327, 24.64682611041181], [-108.27369178203327, 24.60187016723612], [-108.22873583885757, 24.60187016723612], [-108.22873583885757, 24.556914224060435], [-108.18377989568188, 24.556914224060435], [-108.09386800933049, 24.42204639453337], [-108.0039561229791, 24.42204639453337], [-108.0039561229791, 24.37709045135768], [-107.95900017980341, 24.37709045135768], [-107.95900017980341, 24.287178565006307], [-107.91404423662772, 24.287178565006307], [-107.91404423662772, 24.24222262183062], [-107.77917640710064, 24.152310735479244], [-107.77917640710064, 24.062398849127867], [-107.64430857757355, 23.972486962776493], [-107.64430857757355, 23.882575076425116], [-107.59935263439786, 23.882575076425116], [-107.59935263439786, 23.83761913324943], [-107.46448480487078, 23.747707246898052], [-107.46448480487078, 23.65779536054668], [-107.41952886169508, 23.65779536054668], [-107.41952886169508, 23.61283941737099], [-107.284661032168, 23.522927531019615], [-107.284661032168, 23.433015644668238], [-107.14979320264092, 23.34310375831686], [-107.14979320264092, 23.253191871965488], [-107.05988131628953, 23.208235928789797], [-107.05988131628953, 23.118324042438424], [-107.01492537311384, 23.118324042438424], [-107.01492537311384, 23.028412156087047], [-106.92501348676245, 22.98345621291136], [-106.88005754358676, 22.80363244020861], [-106.83510160041106, 22.80363244020861], [-106.83510160041106, 22.75867649703292], [-106.79014565723537, 22.75867649703292], [-106.79014565723537, 22.668764610681546], [-106.70023377088398, 22.623808667505855], [-106.65527782770829, 22.443984894803105], [-106.5653659413569, 22.399028951627418], [-106.5653659413569, 22.30911706527604], [-106.52040999818121, 22.30911706527604], [-106.52040999818121, 22.219205178924668], [-106.47545405500551, 22.219205178924668], [-106.47545405500551, 22.12929329257329], [-106.43049811182982, 22.12929329257329], [-106.43049811182982, 21.994425463046227], [-106.38554216865413, 21.994425463046227], [-106.38554216865413, 21.814601690343476], [-106.34058622547843, 21.814601690343476], [-106.34058622547843, 21.634777917640722], [-106.29563028230274, 21.634777917640722], [-106.25067433912704, 21.27513037223522], [-106.20571839595135, 21.27513037223522], [-106.20571839595135, 21.05035065635678], [-106.16076245277566, 21.05035065635678], [-106.16076245277566, 20.915482826829717], [-106.11580650959996, 20.915482826829717], [-106.11580650959996, 20.735659054126966], [-106.07085056642427, 20.735659054126966], [-106.07085056642427, 20.51087933824853], [-106.02589462324858, 20.51087933824853], [-106.02589462324858, 20.376011508721465], [-105.98093868007288, 20.376011508721465], [-105.98093868007288, 20.286099622370088], [-105.93598273689719, 20.286099622370088], [-105.93598273689719, 20.151231792843024], [-105.8910267937215, 20.151231792843024], [-105.8910267937215, 20.061319906491647], [-105.8460708505458, 20.061319906491647], [-105.8460708505458, 19.971408020140274], [-105.8011149073701, 19.971408020140274], [-105.8011149073701, 19.881496133788897], [-105.75615896419441, 19.881496133788897], [-105.75615896419441, 19.746628304261833], [-105.71120302101872, 19.746628304261833], [-105.71120302101872, 19.61176047473477], [-105.66624707784302, 19.61176047473477], [-105.66624707784302, 19.476892645207705], [-105.62129113466733, 19.476892645207705], [-105.62129113466733, 19.297068872504955], [-105.57633519149164, 19.297068872504955], [-105.57633519149164, 19.117245099802204], [-105.53137924831594, 19.117245099802204], [-105.53137924831594, 18.98237727027514], [-105.48642330514025, 18.98237727027514], [-105.48642330514025, 18.80255349757239], [-105.44146736196456, 18.80255349757239], [-105.44146736196456, 18.712641611221013], [-105.39651141878886, 18.712641611221013], [-105.39651141878886, 18.57777378169395], [-105.35155547561317, 18.57777378169395], [-105.35155547561317, 18.442905952166885], [-105.30659953243747, 18.442905952166885], [-105.30659953243747, 18.263082179464135], [-105.26164358926178, 18.263082179464135], [-105.26164358926178, 18.038302463585694], [-105.21668764608609, 18.038302463585694], [-105.21668764608609, 17.813522747707257], [-105.17173170291039, 17.813522747707257], [-105.17173170291039, 17.588743031828816], [-105.1267757597347, 17.588743031828816], [-105.1267757597347, 17.31900737277469], [-105.081819816559, 17.31900737277469], [-105.03686387338331, 16.86944794101781], [-104.99190793020762, 16.86944794101781], [-104.99190793020762, 16.73458011149075], [-104.94695198703192, 16.73458011149075], [-104.94695198703192, 16.554756338787996], [-104.90199604385623, 16.554756338787996], [-104.90199604385623, 15.970329077504054], [-104.94695198703192, 15.970329077504054], [-104.94695198703192, 15.880417191152679], [-105.081819816559, 15.880417191152679], [-105.081819816559, 15.925373134328368], [-105.21668764608609, 15.925373134328368], [-105.21668764608609, 15.970329077504054], [-105.48642330514025, 16.01528502067974], [-105.57633519149164, 16.15015285020681], [-105.62129113466733, 16.15015285020681], [-105.62129113466733, 16.195108793382495], [-105.75615896419441, 16.28502067973387], [-105.75615896419441, 16.374932566085246], [-105.8460708505458, 16.419888509260932], [-105.8460708505458, 16.50980039561231], [-105.93598273689719, 16.554756338787996], [-105.93598273689719, 16.644668225139373], [-105.98093868007288, 16.644668225139373], [-105.98093868007288, 16.68962416831506], [-106.11580650959996, 16.779536054666437], [-106.11580650959996, 16.86944794101781], [-106.16076245277566, 16.86944794101781], [-106.16076245277566, 16.959359827369187], [-106.20571839595135, 16.959359827369187], [-106.20571839595135, 17.049271713720564], [-106.25067433912704, 17.049271713720564], [-106.25067433912704, 17.139183600071938], [-106.29563028230274, 17.139183600071938], [-106.34058622547843, 17.31900737277469], [-106.43049811182982, 17.36396331595038], [-106.47545405500551, 17.54378708865313], [-106.5653659413569, 17.588743031828816], [-106.5653659413569, 17.678654918180193], [-106.65527782770829, 17.72361086135588], [-106.65527782770829, 17.813522747707257], [-106.70023377088398, 17.813522747707257], [-106.70023377088398, 17.903434634058634], [-106.74518971405968, 17.903434634058634], [-106.74518971405968, 17.993346520410007], [-106.79014565723537, 17.993346520410007], [-106.79014565723537, 18.083258406761384], [-106.83510160041106, 18.083258406761384], [-106.83510160041106, 18.218126236288448], [-106.88005754358676, 18.218126236288448], [-106.88005754358676, 18.30803812263982], [-106.92501348676245, 18.30803812263982], [-106.92501348676245, 18.442905952166885], [-106.96996942993815, 18.442905952166885], [-106.96996942993815, 18.532817838518262], [-107.05988131628953, 18.57777378169395], [-107.10483725946523, 18.7575975543967], [-107.19474914581662, 18.80255349757239], [-107.19474914581662, 18.892465383923764], [-107.23970508899231, 18.892465383923764], [-107.23970508899231, 18.98237727027514], [-107.284661032168, 18.98237727027514], [-107.284661032168, 19.072289156626518], [-107.3296169753437, 19.072289156626518], [-107.37457291851939, 19.252112929329268], [-107.41952886169508, 19.252112929329268], [-107.41952886169508, 19.297068872504955], [-107.46448480487078, 19.297068872504955], [-107.46448480487078, 19.386980758856332], [-107.55439669122217, 19.43193670203202], [-107.55439669122217, 19.521848588383396], [-107.59935263439786, 19.521848588383396], [-107.59935263439786, 19.61176047473477], [-107.64430857757355, 19.61176047473477], [-107.64430857757355, 19.701672361086146], [-107.68926452074925, 19.701672361086146], [-107.68926452074925, 19.791584247437523], [-107.73422046392494, 19.791584247437523], [-107.73422046392494, 19.881496133788897], [-107.77917640710064, 19.881496133788897], [-107.82413235027633, 20.061319906491647], [-107.91404423662772, 20.106275849667337], [-107.95900017980341, 20.286099622370088], [-108.0489120661548, 20.331055565545775], [-108.0489120661548, 20.420967451897152], [-108.09386800933049, 20.420967451897152], [-108.13882395250619, 20.600791224599902], [-108.22873583885757, 20.645747167775593], [-108.22873583885757, 20.735659054126966], [-108.27369178203327, 20.735659054126966], [-108.27369178203327, 20.825570940478343], [-108.36360366838466, 20.87052688365403], [-108.40855961156035, 21.05035065635678], [-108.45351555473604, 21.05035065635678], [-108.45351555473604, 21.09530659953247], [-108.54342744108743, 21.140262542708157], [-108.54342744108743, 21.230174429059534], [-108.67829527061451, 21.320086315410908], [-108.67829527061451, 21.409998201762285], [-108.7682071569659, 21.45495414493797], [-108.7682071569659, 21.54486603128935], [-108.85811904331729, 21.589821974465035], [-108.85811904331729, 21.679733860816413], [-108.90307498649298, 21.679733860816413], [-108.90307498649298, 21.7246898039921], [-109.03794281602006, 21.814601690343476], [-109.03794281602006, 21.90451357669485], [-109.08289875919576, 21.90451357669485], [-109.08289875919576, 21.94946951987054], [-109.21776658872284, 22.039381406221914], [-109.21776658872284, 22.12929329257329], [-109.26272253189853, 22.12929329257329], [-109.26272253189853, 22.219205178924668], [-109.30767847507423, 22.219205178924668], [-109.30767847507423, 22.354073008451728], [-109.35263441824992, 22.354073008451728], [-109.35263441824992, 22.443984894803105], [-109.39759036142561, 22.443984894803105], [-109.39759036142561, 22.57885272433017], [-109.487502247777, 22.623808667505855], [-109.487502247777, 22.713720553857232], [-109.5324581909527, 22.713720553857232], [-109.5324581909527, 22.848588383384296], [-109.57741413412839, 22.848588383384296], [-109.57741413412839, 23.118324042438424], [-109.62237007730408, 23.118324042438424], [-109.62237007730408, 23.61283941737099], [-109.66732602047978, 23.61283941737099], [-109.66732602047978, 23.747707246898052], [-109.71228196365547, 23.747707246898052], [-109.71228196365547, 23.79266319007374], [-109.75723790683116, 23.79266319007374], [-109.75723790683116, 23.882575076425116], [-109.80219385000686, 23.882575076425116], [-109.80219385000686, 23.927531019600803], [-109.93706167953394, 24.01744290595218], [-109.93706167953394, 24.107354792303557], [-109.98201762270963, 24.107354792303557], [-109.98201762270963, 24.19726667865493], [-110.02697356588533, 24.19726667865493], [-110.02697356588533, 24.332134508181994], [-110.07192950906102, 24.332134508181994], [-110.07192950906102, 24.42204639453337], [-110.11688545223672, 24.42204639453337], [-110.11688545223672, 24.511958280884745], [-110.16184139541241, 24.511958280884745], [-110.16184139541241, 24.781693939938872], [-110.2067973385881, 24.781693939938872]], [[-108.09386800933049, 22.848588383384296], [-108.0489120661548, 22.848588383384296], [-108.0489120661548, 22.533896781154482], [-108.0039561229791, 22.533896781154482], [-108.0039561229791, 22.443984894803105], [-108.0489120661548, 22.443984894803105], [-108.0489120661548, 21.994425463046227], [-108.0039561229791, 21.994425463046227], [-108.0039561229791, 21.859557633519163], [-107.95900017980341, 21.859557633519163], [-107.95900017980341, 21.814601690343476], [-107.82413235027633, 21.7246898039921], [-107.82413235027633, 21.634777917640722], [-107.77917640710064, 21.634777917640722], [-107.77917640710064, 21.49991008811366], [-107.64430857757355, 21.409998201762285], [-107.64430857757355, 21.27513037223522], [-107.59935263439786, 21.27513037223522], [-107.59935263439786, 21.140262542708157], [-107.55439669122217, 21.140262542708157], [-107.55439669122217, 20.960438770005407], [-107.50944074804647, 20.960438770005407], [-107.50944074804647, 20.915482826829717], [-107.46448480487078, 20.915482826829717], [-107.46448480487078, 20.87052688365403], [-107.41952886169508, 20.87052688365403], [-107.41952886169508, 20.825570940478343], [-107.284661032168, 20.735659054126966], [-107.284661032168, 20.600791224599902], [-107.23970508899231, 20.600791224599902], [-107.23970508899231, 20.46592339507284], [-107.19474914581662, 20.46592339507284], [-107.19474914581662, 20.286099622370088], [-107.14979320264092, 20.286099622370088], [-107.14979320264092, 20.106275849667337], [-107.10483725946523, 20.106275849667337], [-107.10483725946523, 19.971408020140274], [-107.05988131628953, 19.971408020140274], [-107.05988131628953, 19.881496133788897], [-107.01492537311384, 19.881496133788897], [-107.01492537311384, 19.746628304261833], [-106.92501348676245, 19.701672361086146], [-106.92501348676245, 19.61176047473477], [-106.88005754358676, 19.61176047473477], [-106.88005754358676, 19.521848588383396], [-106.83510160041106, 19.521848588383396], [-106.83510160041106, 19.43193670203202], [-106.79014565723537, 19.43193670203202], [-106.79014565723537, 19.342024815680645], [-106.74518971405968, 19.342024815680645], [-106.74518971405968, 19.20715698615358], [-106.70023377088398, 19.20715698615358], [-106.70023377088398, 19.027333213450827], [-106.65527782770829, 19.027333213450827], [-106.65527782770829, 18.937421327099454], [-106.6103218845326, 18.937421327099454], [-106.6103218845326, 18.847509440748077], [-106.5653659413569, 18.847509440748077], [-106.5653659413569, 18.7575975543967], [-106.52040999818121, 18.7575975543967], [-106.52040999818121, 18.622729724869636], [-106.47545405500551, 18.622729724869636], [-106.43049811182982, 18.532817838518262], [-106.34058622547843, 18.532817838518262], [-106.34058622547843, 18.487861895342576], [-106.25067433912704, 18.442905952166885], [-106.25067433912704, 18.352994065815512], [-106.20571839595135, 18.352994065815512], [-106.16076245277566, 17.993346520410007], [-106.11580650959996, 17.993346520410007], [-106.11580650959996, 17.858478690882944], [-106.07085056642427, 17.858478690882944], [-106.07085056642427, 17.72361086135588], [-106.02589462324858, 17.72361086135588], [-106.02589462324858, 17.498831145477443], [-105.8910267937215, 17.498831145477443], [-105.8910267937215, 17.588743031828816], [-105.8460708505458, 17.588743031828816], [-105.8460708505458, 17.94839057723432], [-105.8011149073701, 17.94839057723432], [-105.8011149073701, 18.038302463585694], [-105.8460708505458, 18.038302463585694], [-105.8460708505458, 18.30803812263982], [-105.8910267937215, 18.30803812263982], [-105.93598273689719, 18.98237727027514], [-105.98093868007288, 18.98237727027514], [-106.02589462324858, 19.16220104297789], [-106.07085056642427, 19.16220104297789], [-106.07085056642427, 19.20715698615358], [-106.11580650959996, 19.20715698615358], [-106.11580650959996, 19.297068872504955], [-106.16076245277566, 19.297068872504955], [-106.16076245277566, 19.476892645207705], [-106.20571839595135, 19.476892645207705], [-106.20571839595135, 19.566804531559082], [-106.25067433912704, 19.566804531559082], [-106.25067433912704, 19.701672361086146], [-106.29563028230274, 19.701672361086146], [-106.29563028230274, 19.791584247437523], [-106.34058622547843, 19.791584247437523], [-106.34058622547843, 19.926452076964587], [-106.38554216865413, 19.926452076964587], [-106.43049811182982, 20.19618773601871], [-106.47545405500551, 20.19618773601871], [-106.47545405500551, 20.286099622370088], [-106.52040999818121, 20.286099622370088], [-106.52040999818121, 20.331055565545775], [-106.65527782770829, 20.420967451897152], [-106.65527782770829, 20.51087933824853], [-106.70023377088398, 20.51087933824853], [-106.70023377088398, 20.600791224599902], [-106.74518971405968, 20.600791224599902], [-106.74518971405968, 20.69070311095128], [-106.79014565723537, 20.69070311095128], [-106.79014565723537, 20.780614997302656], [-106.83510160041106, 20.780614997302656], [-106.83510160041106, 20.915482826829717], [-106.88005754358676, 20.915482826829717], [-106.88005754358676, 21.05035065635678], [-106.92501348676245, 21.05035065635678], [-106.96996942993815, 21.230174429059534], [-107.01492537311384, 21.230174429059534], [-107.01492537311384, 21.27513037223522], [-107.05988131628953, 21.27513037223522], [-107.05988131628953, 21.320086315410908], [-107.19474914581662, 21.409998201762285], [-107.19474914581662, 21.49991008811366], [-107.23970508899231, 21.49991008811366], [-107.23970508899231, 21.634777917640722], [-107.284661032168, 21.634777917640722], [-107.284661032168, 21.7246898039921], [-107.3296169753437, 21.7246898039921], [-107.3296169753437, 21.859557633519163], [-107.37457291851939, 21.859557633519163], [-107.37457291851939, 21.94946951987054], [-107.41952886169508, 21.94946951987054], [-107.46448480487078, 22.219205178924668], [-107.55439669122217, 22.219205178924668], [-107.59935263439786, 22.30911706527604], [-107.68926452074925, 22.30911706527604], [-107.68926452074925, 22.354073008451728], [-107.77917640710064, 22.399028951627418], [-107.77917640710064, 22.48894083797879], [-107.86908829345202, 22.533896781154482], [-107.86908829345202, 22.668764610681546], [-107.91404423662772, 22.668764610681546], [-107.91404423662772, 23.073368099262733], [-107.95900017980341, 23.073368099262733], [-107.95900017980341, 23.118324042438424], [-108.09386800933049, 23.028412156087047], [-108.09386800933049, 22.848588383384296]]], [[[-93.3932745908786, 29.502067973386097], [-93.3932745908786, 29.996583348318666], [-93.34831864770291, 29.996583348318666], [-93.34831864770291, 30.31127495054848], [-93.30336270452722, 30.31127495054848], [-93.30336270452722, 30.536054666426917], [-93.25840676135152, 30.536054666426917], [-93.25840676135152, 30.67092249595398], [-93.16849487500014, 30.71587843912967], [-93.16849487500014, 30.805790325481045], [-93.07858298864875, 30.850746268656735], [-93.07858298864875, 30.94065815500811], [-93.03362704547305, 30.94065815500811], [-93.03362704547305, 30.985614098183795], [-92.98867110229736, 30.985614098183795], [-92.98867110229736, 31.030570041359486], [-92.94371515912167, 31.030570041359486], [-92.94371515912167, 31.075525984535172], [-92.89875921594597, 31.075525984535172], [-92.89875921594597, 31.12048192771086], [-92.85380327277028, 31.12048192771086], [-92.76389138641889, 31.255349757237923], [-92.6739795000675, 31.255349757237923], [-92.62902355689181, 31.3452616435893], [-92.44919978418903, 31.390217586764987], [-92.44919978418903, 31.435173529940677], [-92.35928789783765, 31.435173529940677], [-92.35928789783765, 31.480129473116364], [-92.17946412513487, 31.52508541629205], [-92.17946412513487, 31.570041359467737], [-92.08955223878348, 31.570041359467737], [-92.08955223878348, 31.614997302643427], [-91.9996403524321, 31.614997302643427], [-91.9996403524321, 31.659953245819114], [-91.81981657972932, 31.659953245819114], [-91.81981657972932, 31.7049091889948], [-91.50512497749946, 31.7049091889948], [-91.50512497749946, 31.74986513217049], [-91.46016903432377, 31.74986513217049], [-91.46016903432377, 31.7049091889948], [-90.96565365939114, 31.7049091889948], [-90.96565365939114, 31.659953245819114], [-90.83078582986406, 31.659953245819114], [-90.83078582986406, 31.614997302643427], [-90.74087394351267, 31.614997302643427], [-90.74087394351267, 31.570041359467737], [-90.65096205716128, 31.570041359467737], [-90.65096205716128, 31.52508541629205], [-90.4711382844585, 31.480129473116364], [-90.4711382844585, 31.435173529940677], [-90.42618234128281, 31.435173529940677], [-90.42618234128281, 31.390217586764987], [-90.38122639810712, 31.390217586764987], [-90.38122639810712, 31.3452616435893], [-90.33627045493142, 31.3452616435893], [-90.33627045493142, 31.300305700413613], [-90.29131451175573, 31.300305700413613], [-90.29131451175573, 31.255349757237923], [-90.24635856858004, 31.255349757237923], [-90.24635856858004, 31.210393814062236], [-90.11149073905295, 31.12048192771086], [-90.11149073905295, 31.030570041359486], [-90.02157885270157, 30.985614098183795], [-89.97662290952587, 30.805790325481045], [-89.84175507999879, 30.71587843912967], [-89.84175507999879, 30.625966552778294], [-89.7518431936474, 30.581010609602608], [-89.7518431936474, 30.49109872325123], [-89.70688725047171, 30.49109872325123], [-89.70688725047171, 30.446142780075544], [-89.66193130729602, 30.446142780075544], [-89.66193130729602, 30.401186836899853], [-89.52706347776893, 30.31127495054848], [-89.48210753459324, 30.131451177845726], [-89.43715159141755, 30.131451177845726], [-89.43715159141755, 30.08649523467004], [-89.39219564824185, 30.08649523467004], [-89.39219564824185, 30.041539291494352], [-89.34723970506616, 30.041539291494352], [-89.34723970506616, 29.996583348318666], [-89.30228376189046, 29.996583348318666], [-89.30228376189046, 29.951627405142975], [-89.25732781871477, 29.951627405142975], [-89.25732781871477, 29.90667146196729], [-89.21237187553908, 29.90667146196729], [-89.21237187553908, 29.861715518791602], [-89.077504046012, 29.771803632440225], [-89.077504046012, 29.681891746088848], [-88.98759215966061, 29.63693580291316], [-88.98759215966061, 29.547023916561784], [-88.94263621648491, 29.547023916561784], [-88.94263621648491, 29.502067973386097], [-88.89768027330922, 29.502067973386097], [-88.89768027330922, 29.45711203021041], [-88.85272433013353, 29.45711203021041], [-88.85272433013353, 29.412156087034724], [-88.71785650060644, 29.322244200683347], [-88.71785650060644, 29.23233231433197], [-88.62794461425506, 29.187376371156283], [-88.58298867107936, 29.007552598453533], [-88.53803272790367, 29.007552598453533], [-88.53803272790367, 28.962596655277842], [-88.49307678472798, 28.962596655277842], [-88.49307678472798, 28.917640712102155], [-88.44812084155228, 28.917640712102155], [-88.44812084155228, 28.87268476892647], [-88.40316489837659, 28.87268476892647], [-88.40316489837659, 28.82772882575078], [-88.3582089552009, 28.82772882575078], [-88.3582089552009, 28.78277288257509], [-88.22334112567381, 28.692860996223715], [-88.22334112567381, 28.60294910987234], [-88.17838518249812, 28.60294910987234], [-88.17838518249812, 28.557993166696654], [-88.13342923932242, 28.557993166696654], [-88.13342923932242, 28.513037223520964], [-88.08847329614673, 28.513037223520964], [-88.08847329614673, 28.468081280345277], [-88.04351735297104, 28.468081280345277], [-88.04351735297104, 28.42312533716959], [-87.99856140979534, 28.42312533716959], [-87.99856140979534, 28.3781693939939], [-87.95360546661965, 28.3781693939939], [-87.95360546661965, 28.333213450818214], [-87.90864952344396, 28.333213450818214], [-87.90864952344396, 28.288257507642527], [-87.86369358026826, 28.288257507642527], [-87.86369358026826, 28.243301564466837], [-87.81873763709257, 28.243301564466837], [-87.81873763709257, 28.19834562129115], [-87.68386980756549, 28.108433734939773], [-87.68386980756549, 28.0185218485884], [-87.63891386438979, 28.0185218485884], [-87.63891386438979, 27.973565905412713], [-87.5939579212141, 27.973565905412713], [-87.5939579212141, 27.928609962237022], [-87.5490019780384, 27.928609962237022], [-87.5490019780384, 27.883654019061336], [-87.50404603486271, 27.883654019061336], [-87.50404603486271, 27.83869807588565], [-87.45909009168702, 27.83869807588565], [-87.45909009168702, 27.79374213270996], [-87.41413414851132, 27.79374213270996], [-87.41413414851132, 27.748786189534272], [-87.36917820533563, 27.748786189534272], [-87.36917820533563, 27.703830246358585], [-87.32422226215994, 27.703830246358585], [-87.32422226215994, 27.658874303182895], [-87.27926631898424, 27.658874303182895], [-87.27926631898424, 27.613918360007208], [-87.23431037580855, 27.613918360007208], [-87.23431037580855, 27.56896241683152], [-87.09944254628147, 27.479050530480144], [-87.09944254628147, 27.389138644128767], [-87.00953065993008, 27.389138644128767], [-87.00953065993008, 27.34418270095308], [-86.96457471675438, 27.34418270095308], [-86.96457471675438, 27.299226757777394], [-86.91961877357869, 27.299226757777394], [-86.91961877357869, 27.254270814601703], [-86.874662830403, 27.254270814601703], [-86.874662830403, 27.209314871426017], [-86.8297068872273, 27.209314871426017], [-86.8297068872273, 27.16435892825033], [-86.78475094405161, 27.16435892825033], [-86.78475094405161, 27.119402985074643], [-86.73979500087592, 27.119402985074643], [-86.73979500087592, 27.074447041898953], [-86.60492717134883, 26.98453515554758], [-86.60492717134883, 26.894623269196202], [-86.55997122817314, 26.894623269196202], [-86.55997122817314, 26.849667326020516], [-86.47005934182175, 26.849667326020516], [-86.47005934182175, 26.804711382844825], [-86.42510339864606, 26.804711382844825], [-86.42510339864606, 26.75975543966914], [-86.38014745547036, 26.75975543966914], [-86.38014745547036, 26.714799496493452], [-86.33519151229467, 26.714799496493452], [-86.33519151229467, 26.66984355331776], [-86.29023556911898, 26.66984355331776], [-86.29023556911898, 26.624887610142075], [-86.1553677395919, 26.5349757237907], [-86.1553677395919, 26.445063837439324], [-86.1104117964162, 26.445063837439324], [-86.06545585324051, 26.355151951087947], [-85.97554396688912, 26.355151951087947], [-85.97554396688912, 26.31019600791226], [-85.93058802371343, 26.31019600791226], [-85.93058802371343, 26.265240064736574], [-85.88563208053773, 26.265240064736574], [-85.88563208053773, 26.220284121560884], [-85.84067613736204, 26.220284121560884], [-85.84067613736204, 26.175328178385197], [-85.70580830783496, 26.08541629203382], [-85.70580830783496, 25.995504405682446], [-85.66085236465926, 25.995504405682446], [-85.66085236465926, 25.950548462506756], [-85.61589642148357, 25.950548462506756], [-85.61589642148357, 25.90559251933107], [-85.57094047830788, 25.90559251933107], [-85.57094047830788, 25.860636576155382], [-85.52598453513218, 25.860636576155382], [-85.52598453513218, 25.815680632979692], [-85.48102859195649, 25.815680632979692], [-85.48102859195649, 25.770724689804005], [-85.4360726487808, 25.770724689804005], [-85.4360726487808, 25.72576874662832], [-85.3911167056051, 25.72576874662832], [-85.3911167056051, 25.680812803452632], [-85.3461607624294, 25.680812803452632], [-85.3461607624294, 25.63585686027694], [-85.30120481925371, 25.63585686027694], [-85.30120481925371, 25.590900917101255], [-85.25624887607802, 25.590900917101255], [-85.25624887607802, 25.545944973925568], [-85.21129293290232, 25.545944973925568], [-85.21129293290232, 25.500989030749878], [-85.07642510337524, 25.411077144398504], [-85.07642510337524, 25.321165258047127], [-84.98651321702386, 25.321165258047127], [-84.98651321702386, 25.27620931487144], [-84.94155727384816, 25.27620931487144], [-84.94155727384816, 25.23125337169575], [-84.80668944432108, 25.141341485344377], [-84.80668944432108, 25.051429598993], [-84.76173350114539, 25.051429598993], [-84.76173350114539, 25.006473655817313], [-84.71677755796969, 25.006473655817313], [-84.71677755796969, 24.961517712641626], [-84.671821614794, 24.961517712641626], [-84.671821614794, 24.916561769465936], [-84.6268656716183, 24.916561769465936], [-84.6268656716183, 24.87160582629025], [-84.58190972844261, 24.87160582629025], [-84.58190972844261, 24.826649883114563], [-84.53695378526692, 24.826649883114563], [-84.53695378526692, 24.781693939938872], [-84.49199784209122, 24.781693939938872], [-84.49199784209122, 24.736737996763186], [-84.44704189891553, 24.736737996763186], [-84.44704189891553, 24.6917820535875], [-84.31217406938845, 24.60187016723612], [-84.31217406938845, 24.511958280884745], [-84.26721812621275, 24.511958280884745], [-84.26721812621275, 24.467002337709058], [-84.13235029668567, 24.37709045135768], [-84.13235029668567, 24.287178565006307], [-84.08739435350998, 24.287178565006307], [-84.08739435350998, 24.24222262183062], [-84.04243841033428, 24.24222262183062], [-84.04243841033428, 24.152310735479244], [-83.9075705808072, 24.062398849127867], [-83.9075705808072, 23.972486962776493], [-83.86261463763151, 23.972486962776493], [-83.86261463763151, 23.882575076425116], [-83.81765869445582, 23.882575076425116], [-83.81765869445582, 23.79266319007374], [-83.77270275128012, 23.79266319007374], [-83.77270275128012, 23.702751303722366], [-83.72774680810443, 23.702751303722366], [-83.72774680810443, 23.567883474195302], [-83.68279086492873, 23.567883474195302], [-83.68279086492873, 23.38805970149255], [-83.63783492175304, 23.38805970149255], [-83.63783492175304, 23.118324042438424], [-83.59287897857735, 23.118324042438424], [-83.59287897857735, 22.93850026973567], [-83.63783492175304, 22.93850026973567], [-83.63783492175304, 22.80363244020861], [-83.68279086492873, 22.80363244020861], [-83.72774680810443, 22.713720553857232], [-83.81765869445582, 22.713720553857232], [-83.81765869445582, 22.668764610681546], [-84.17730623986137, 22.623808667505855], [-84.17730623986137, 22.57885272433017], [-84.44704189891553, 22.533896781154482], [-84.44704189891553, 22.48894083797879], [-84.85164538749677, 22.48894083797879], [-84.85164538749677, 22.533896781154482], [-85.03146916019955, 22.533896781154482], [-85.03146916019955, 22.57885272433017], [-85.16633698972663, 22.57885272433017], [-85.16633698972663, 22.623808667505855], [-85.25624887607802, 22.623808667505855], [-85.25624887607802, 22.668764610681546], [-85.3911167056051, 22.668764610681546], [-85.3911167056051, 22.713720553857232], [-85.57094047830788, 22.75867649703292], [-85.57094047830788, 22.80363244020861], [-85.75076425101065, 22.848588383384296], [-85.75076425101065, 22.893544326559983], [-85.79572019418634, 22.893544326559983], [-85.79572019418634, 22.93850026973567], [-85.88563208053773, 22.93850026973567], [-85.93058802371343, 23.028412156087047], [-86.02049991006481, 23.028412156087047], [-86.1104117964162, 23.16327998561411], [-86.20032368276759, 23.16327998561411], [-86.24527962594328, 23.253191871965488], [-86.33519151229467, 23.253191871965488], [-86.38014745547036, 23.34310375831686], [-86.47005934182175, 23.34310375831686], [-86.55997122817314, 23.477971587843925], [-86.64988311452453, 23.477971587843925], [-86.64988311452453, 23.522927531019615], [-86.69483905770022, 23.522927531019615], [-86.78475094405161, 23.65779536054668], [-86.874662830403, 23.65779536054668], [-86.874662830403, 23.702751303722366], [-86.91961877357869, 23.702751303722366], [-86.91961877357869, 23.747707246898052], [-87.00953065993008, 23.747707246898052], [-87.05448660310577, 23.83761913324943], [-87.14439848945716, 23.83761913324943], [-87.14439848945716, 23.882575076425116], [-87.18935443263285, 23.882575076425116], [-87.27926631898424, 24.01744290595218], [-87.36917820533563, 24.01744290595218], [-87.45909009168702, 24.152310735479244], [-87.5490019780384, 24.152310735479244], [-87.5939579212141, 24.24222262183062], [-87.68386980756549, 24.24222262183062], [-87.72882575074118, 24.332134508181994], [-87.81873763709257, 24.332134508181994], [-87.81873763709257, 24.37709045135768], [-87.86369358026826, 24.37709045135768], [-87.95360546661965, 24.511958280884745], [-88.04351735297104, 24.511958280884745], [-88.13342923932242, 24.64682611041181], [-88.22334112567381, 24.64682611041181], [-88.22334112567381, 24.6917820535875], [-88.2682970688495, 24.6917820535875], [-88.2682970688495, 24.736737996763186], [-88.3582089552009, 24.736737996763186], [-88.44812084155228, 24.87160582629025], [-88.53803272790367, 24.87160582629025], [-88.53803272790367, 24.916561769465936], [-88.58298867107936, 24.916561769465936], [-88.67290055743075, 25.051429598993], [-88.76281244378214, 25.051429598993], [-88.85272433013353, 25.186297428520064], [-88.94263621648491, 25.186297428520064], [-89.0325481028363, 25.321165258047127], [-89.12245998918769, 25.321165258047127], [-89.12245998918769, 25.366121201222814], [-89.16741593236338, 25.366121201222814], [-89.25732781871477, 25.500989030749878], [-89.34723970506616, 25.500989030749878], [-89.43715159141755, 25.63585686027694], [-89.52706347776893, 25.63585686027694], [-89.57201942094463, 25.72576874662832], [-89.66193130729602, 25.72576874662832], [-89.70688725047171, 25.815680632979692], [-89.7967991368231, 25.815680632979692], [-89.7967991368231, 25.860636576155382], [-89.84175507999879, 25.860636576155382], [-89.88671102317448, 25.950548462506756], [-89.97662290952587, 25.950548462506756], [-90.06653479587726, 26.08541629203382], [-90.15644668222865, 26.08541629203382], [-90.15644668222865, 26.13037223520951], [-90.20140262540434, 26.13037223520951], [-90.20140262540434, 26.175328178385197], [-90.29131451175573, 26.175328178385197], [-90.38122639810712, 26.31019600791226], [-90.4711382844585, 26.31019600791226], [-90.56105017080989, 26.445063837439324], [-90.65096205716128, 26.445063837439324], [-90.65096205716128, 26.49001978061501], [-90.69591800033697, 26.49001978061501], [-90.78582988668836, 26.624887610142075], [-90.87574177303975, 26.624887610142075], [-90.92069771621544, 26.714799496493452], [-91.01060960256683, 26.714799496493452], [-91.01060960256683, 26.75975543966914], [-91.10052148891822, 26.75975543966914], [-91.14547743209391, 26.849667326020516], [-91.2353893184453, 26.849667326020516], [-91.2353893184453, 26.894623269196202], [-91.280345261621, 26.894623269196202], [-91.280345261621, 26.93957921237189], [-91.32530120479669, 26.93957921237189], [-91.41521309114808, 27.074447041898953], [-91.50512497749946, 27.074447041898953], [-91.50512497749946, 27.119402985074643], [-91.68494875020224, 27.16435892825033], [-91.68494875020224, 27.209314871426017], [-91.72990469337793, 27.209314871426017], [-91.72990469337793, 27.254270814601703], [-91.81981657972932, 27.254270814601703], [-91.81981657972932, 27.299226757777394], [-91.86477252290501, 27.299226757777394], [-91.86477252290501, 27.34418270095308], [-91.90972846608071, 27.34418270095308], [-91.90972846608071, 27.389138644128767], [-91.9546844092564, 27.389138644128767], [-91.9546844092564, 27.434094587304457], [-91.9996403524321, 27.434094587304457], [-92.08955223878348, 27.56896241683152], [-92.17946412513487, 27.56896241683152], [-92.17946412513487, 27.613918360007208], [-92.22442006831056, 27.613918360007208], [-92.22442006831056, 27.658874303182895], [-92.26937601148626, 27.658874303182895], [-92.26937601148626, 27.703830246358585], [-92.40424384101334, 27.79374213270996], [-92.40424384101334, 27.883654019061336], [-92.44919978418903, 27.883654019061336], [-92.44919978418903, 27.928609962237022], [-92.49415572736473, 27.928609962237022], [-92.49415572736473, 27.973565905412713], [-92.53911167054042, 27.973565905412713], [-92.53911167054042, 28.0185218485884], [-92.58406761371612, 28.0185218485884], [-92.58406761371612, 28.063477791764086], [-92.62902355689181, 28.063477791764086], [-92.62902355689181, 28.108433734939773], [-92.6739795000675, 28.108433734939773], [-92.6739795000675, 28.153389678115463], [-92.80884732959458, 28.243301564466837], [-92.80884732959458, 28.333213450818214], [-92.89875921594597, 28.3781693939939], [-92.94371515912167, 28.557993166696654], [-93.07858298864875, 28.647905053048028], [-93.07858298864875, 28.737816939399405], [-93.12353893182444, 28.737816939399405], [-93.12353893182444, 28.82772882575078], [-93.16849487500014, 28.82772882575078], [-93.16849487500014, 28.917640712102155], [-93.21345081817583, 28.917640712102155], [-93.21345081817583, 29.007552598453533], [-93.25840676135152, 29.007552598453533], [-93.25840676135152, 29.142420427980596], [-93.30336270452722, 29.142420427980596], [-93.30336270452722, 29.322244200683347], [-93.34831864770291, 29.322244200683347], [-93.34831864770291, 29.502067973386097], [-93.3932745908786, 29.502067973386097]], [[-92.89875921594597, 29.45711203021041], [-92.85380327277028, 29.45711203021041], [-92.85380327277028, 29.27728825750766], [-92.80884732959458, 29.27728825750766], [-92.80884732959458, 29.097464484804906], [-92.76389138641889, 29.097464484804906], [-92.76389138641889, 28.962596655277842], [-92.7189354432432, 28.962596655277842], [-92.6739795000675, 28.78277288257509], [-92.58406761371612, 28.737816939399405], [-92.58406761371612, 28.647905053048028], [-92.49415572736473, 28.60294910987234], [-92.44919978418903, 28.42312533716959], [-92.40424384101334, 28.42312533716959], [-92.40424384101334, 28.3781693939939], [-92.35928789783765, 28.3781693939939], [-92.35928789783765, 28.288257507642527], [-92.31433195466195, 28.288257507642527], [-92.31433195466195, 28.243301564466837], [-92.17946412513487, 28.153389678115463], [-92.17946412513487, 28.063477791764086], [-92.13450818195918, 28.063477791764086], [-92.13450818195918, 28.0185218485884], [-92.08955223878348, 28.0185218485884], [-92.08955223878348, 27.973565905412713], [-92.04459629560779, 27.973565905412713], [-92.04459629560779, 27.928609962237022], [-91.9996403524321, 27.928609962237022], [-91.9996403524321, 27.883654019061336], [-91.9546844092564, 27.883654019061336], [-91.9546844092564, 27.83869807588565], [-91.90972846608071, 27.83869807588565], [-91.90972846608071, 27.79374213270996], [-91.86477252290501, 27.79374213270996], [-91.86477252290501, 27.748786189534272], [-91.81981657972932, 27.748786189534272], [-91.81981657972932, 27.703830246358585], [-91.77486063655363, 27.703830246358585], [-91.77486063655363, 27.658874303182895], [-91.72990469337793, 27.658874303182895], [-91.72990469337793, 27.613918360007208], [-91.68494875020224, 27.613918360007208], [-91.68494875020224, 27.56896241683152], [-91.63999280702654, 27.56896241683152], [-91.55008092067516, 27.434094587304457], [-91.46016903432377, 27.434094587304457], [-91.46016903432377, 27.389138644128767], [-91.41521309114808, 27.389138644128767], [-91.41521309114808, 27.34418270095308], [-91.37025714797238, 27.34418270095308], [-91.280345261621, 27.209314871426017], [-91.1904333752696, 27.209314871426017], [-91.1904333752696, 27.16435892825033], [-91.14547743209391, 27.16435892825033], [-91.05556554574252, 27.029491098723266], [-90.96565365939114, 27.029491098723266], [-90.87574177303975, 26.894623269196202], [-90.78582988668836, 26.894623269196202], [-90.78582988668836, 26.849667326020516], [-90.74087394351267, 26.849667326020516], [-90.65096205716128, 26.714799496493452], [-90.56105017080989, 26.714799496493452], [-90.4711382844585, 26.579931666966388], [-90.38122639810712, 26.579931666966388], [-90.29131451175573, 26.445063837439324], [-90.20140262540434, 26.445063837439324], [-90.11149073905295, 26.31019600791226], [-90.02157885270157, 26.31019600791226], [-89.93166696635018, 26.175328178385197], [-89.84175507999879, 26.175328178385197], [-89.7518431936474, 26.040460348858133], [-89.66193130729602, 26.040460348858133], [-89.57201942094463, 25.90559251933107], [-89.48210753459324, 25.90559251933107], [-89.39219564824185, 25.770724689804005], [-89.30228376189046, 25.770724689804005], [-89.21237187553908, 25.63585686027694], [-89.12245998918769, 25.63585686027694], [-89.12245998918769, 25.590900917101255], [-89.077504046012, 25.590900917101255], [-88.98759215966061, 25.45603308757419], [-88.89768027330922, 25.45603308757419], [-88.80776838695783, 25.321165258047127], [-88.71785650060644, 25.321165258047127], [-88.71785650060644, 25.27620931487144], [-88.67290055743075, 25.27620931487144], [-88.58298867107936, 25.141341485344377], [-88.49307678472798, 25.141341485344377], [-88.40316489837659, 25.006473655817313], [-88.3132530120252, 25.006473655817313], [-88.22334112567381, 24.87160582629025], [-88.13342923932242, 24.87160582629025], [-88.04351735297104, 24.736737996763186], [-87.95360546661965, 24.736737996763186], [-87.86369358026826, 24.60187016723612], [-87.77378169391687, 24.60187016723612], [-87.68386980756549, 24.467002337709058], [-87.5939579212141, 24.467002337709058], [-87.50404603486271, 24.332134508181994], [-87.41413414851132, 24.332134508181994], [-87.32422226215994, 24.19726667865493], [-87.23431037580855, 24.19726667865493], [-87.14439848945716, 24.062398849127867], [-87.05448660310577, 24.062398849127867], [-86.96457471675438, 23.927531019600803], [-86.874662830403, 23.927531019600803], [-86.78475094405161, 23.79266319007374], [-86.69483905770022, 23.79266319007374], [-86.60492717134883, 23.65779536054668], [-86.51501528499745, 23.65779536054668], [-86.42510339864606, 23.522927531019615], [-86.33519151229467, 23.522927531019615], [-86.24527962594328, 23.38805970149255], [-86.1553677395919, 23.38805970149255], [-86.1104117964162, 23.298147815141174], [-86.02049991006481, 23.298147815141174], [-85.93058802371343, 23.16327998561411], [-85.84067613736204, 23.16327998561411], [-85.79572019418634, 23.073368099262733], [-85.70580830783496, 23.073368099262733], [-85.66085236465926, 22.98345621291136], [-85.57094047830788, 22.98345621291136], [-85.57094047830788, 22.93850026973567], [-85.48102859195649, 22.93850026973567], [-85.48102859195649, 22.893544326559983], [-85.3911167056051, 22.893544326559983], [-85.3911167056051, 22.848588383384296], [-85.30120481925371, 22.848588383384296], [-85.30120481925371, 22.80363244020861], [-85.16633698972663, 22.80363244020861], [-85.16633698972663, 22.75867649703292], [-85.07642510337524, 22.75867649703292], [-85.07642510337524, 22.713720553857232], [-84.94155727384816, 22.713720553857232], [-84.94155727384816, 22.668764610681546], [-84.76173350114539, 22.668764610681546], [-84.76173350114539, 22.623808667505855], [-84.40208595573984, 22.623808667505855], [-84.40208595573984, 22.668764610681546], [-84.26721812621275, 22.668764610681546], [-84.26721812621275, 22.713720553857232], [-83.99748246715859, 22.75867649703292], [-83.99748246715859, 22.80363244020861], [-83.9075705808072, 22.80363244020861], [-83.9075705808072, 22.848588383384296], [-83.86261463763151, 22.848588383384296], [-83.86261463763151, 22.893544326559983], [-83.72774680810443, 22.98345621291136], [-83.72774680810443, 23.073368099262733], [-83.77270275128012, 23.073368099262733], [-83.77270275128012, 23.298147815141174], [-83.81765869445582, 23.298147815141174], [-83.81765869445582, 23.477971587843925], [-83.86261463763151, 23.477971587843925], [-83.86261463763151, 23.61283941737099], [-83.9075705808072, 23.61283941737099], [-83.9075705808072, 23.702751303722366], [-83.9525265239829, 23.702751303722366], [-83.9525265239829, 23.79266319007374], [-83.99748246715859, 23.79266319007374], [-83.99748246715859, 23.882575076425116], [-84.04243841033428, 23.882575076425116], [-84.04243841033428, 23.972486962776493], [-84.13235029668567, 24.01744290595218], [-84.13235029668567, 24.107354792303557], [-84.17730623986137, 24.107354792303557], [-84.17730623986137, 24.152310735479244], [-84.26721812621275, 24.19726667865493], [-84.26721812621275, 24.287178565006307], [-84.31217406938845, 24.287178565006307], [-84.31217406938845, 24.332134508181994], [-84.35713001256414, 24.332134508181994], [-84.35713001256414, 24.37709045135768], [-84.40208595573984, 24.37709045135768], [-84.40208595573984, 24.42204639453337], [-84.53695378526692, 24.511958280884745], [-84.53695378526692, 24.60187016723612], [-84.58190972844261, 24.60187016723612], [-84.58190972844261, 24.64682611041181], [-84.6268656716183, 24.64682611041181], [-84.6268656716183, 24.6917820535875], [-84.671821614794, 24.6917820535875], [-84.671821614794, 24.736737996763186], [-84.71677755796969, 24.736737996763186], [-84.71677755796969, 24.781693939938872], [-84.76173350114539, 24.781693939938872], [-84.76173350114539, 24.826649883114563], [-84.80668944432108, 24.826649883114563], [-84.80668944432108, 24.87160582629025], [-84.85164538749677, 24.87160582629025], [-84.85164538749677, 24.916561769465936], [-84.89660133067247, 24.916561769465936], [-84.89660133067247, 24.961517712641626], [-84.94155727384816, 24.961517712641626], [-84.94155727384816, 25.006473655817313], [-84.98651321702386, 25.006473655817313], [-84.98651321702386, 25.051429598993], [-85.03146916019955, 25.051429598993], [-85.03146916019955, 25.09638554216869], [-85.07642510337524, 25.09638554216869], [-85.07642510337524, 25.141341485344377], [-85.12138104655094, 25.141341485344377], [-85.12138104655094, 25.186297428520064], [-85.16633698972663, 25.186297428520064], [-85.16633698972663, 25.23125337169575], [-85.21129293290232, 25.23125337169575], [-85.21129293290232, 25.27620931487144], [-85.25624887607802, 25.27620931487144], [-85.25624887607802, 25.321165258047127], [-85.3911167056051, 25.411077144398504], [-85.3911167056051, 25.500989030749878], [-85.4360726487808, 25.500989030749878], [-85.4360726487808, 25.545944973925568], [-85.48102859195649, 25.545944973925568], [-85.48102859195649, 25.590900917101255], [-85.52598453513218, 25.590900917101255], [-85.52598453513218, 25.63585686027694], [-85.57094047830788, 25.63585686027694], [-85.57094047830788, 25.680812803452632], [-85.61589642148357, 25.680812803452632], [-85.61589642148357, 25.72576874662832], [-85.66085236465926, 25.72576874662832], [-85.66085236465926, 25.770724689804005], [-85.70580830783496, 25.770724689804005], [-85.70580830783496, 25.815680632979692], [-85.75076425101065, 25.815680632979692], [-85.75076425101065, 25.860636576155382], [-85.79572019418634, 25.860636576155382], [-85.79572019418634, 25.90559251933107], [-85.84067613736204, 25.90559251933107], [-85.84067613736204, 25.950548462506756], [-85.88563208053773, 25.950548462506756], [-85.88563208053773, 25.995504405682446], [-85.93058802371343, 25.995504405682446], [-85.93058802371343, 26.040460348858133], [-85.97554396688912, 26.040460348858133], [-85.97554396688912, 26.08541629203382], [-86.02049991006481, 26.08541629203382], [-86.02049991006481, 26.13037223520951], [-86.06545585324051, 26.13037223520951], [-86.06545585324051, 26.175328178385197], [-86.1104117964162, 26.175328178385197], [-86.1104117964162, 26.220284121560884], [-86.1553677395919, 26.220284121560884], [-86.1553677395919, 26.265240064736574], [-86.20032368276759, 26.265240064736574], [-86.20032368276759, 26.31019600791226], [-86.24527962594328, 26.31019600791226], [-86.24527962594328, 26.355151951087947], [-86.29023556911898, 26.355151951087947], [-86.29023556911898, 26.400107894263638], [-86.33519151229467, 26.400107894263638], [-86.33519151229467, 26.445063837439324], [-86.38014745547036, 26.445063837439324], [-86.38014745547036, 26.49001978061501], [-86.42510339864606, 26.49001978061501], [-86.42510339864606, 26.5349757237907], [-86.47005934182175, 26.5349757237907], [-86.47005934182175, 26.579931666966388], [-86.60492717134883, 26.66984355331776], [-86.60492717134883, 26.714799496493452], [-86.69483905770022, 26.714799496493452], [-86.69483905770022, 26.75975543966914], [-86.73979500087592, 26.75975543966914], [-86.73979500087592, 26.804711382844825], [-86.78475094405161, 26.804711382844825], [-86.78475094405161, 26.849667326020516], [-86.8297068872273, 26.849667326020516], [-86.8297068872273, 26.894623269196202], [-86.874662830403, 26.894623269196202], [-86.874662830403, 26.93957921237189], [-86.91961877357869, 26.93957921237189], [-86.91961877357869, 26.98453515554758], [-86.96457471675438, 26.98453515554758], [-86.96457471675438, 27.029491098723266], [-87.00953065993008, 27.029491098723266], [-87.00953065993008, 27.074447041898953], [-87.05448660310577, 27.074447041898953], [-87.05448660310577, 27.119402985074643], [-87.09944254628147, 27.119402985074643], [-87.09944254628147, 27.16435892825033], [-87.14439848945716, 27.16435892825033], [-87.14439848945716, 27.209314871426017], [-87.18935443263285, 27.209314871426017], [-87.18935443263285, 27.254270814601703], [-87.23431037580855, 27.254270814601703], [-87.23431037580855, 27.299226757777394], [-87.36917820533563, 27.389138644128767], [-87.36917820533563, 27.479050530480144], [-87.41413414851132, 27.479050530480144], [-87.41413414851132, 27.52400647365583], [-87.45909009168702, 27.52400647365583], [-87.45909009168702, 27.56896241683152], [-87.50404603486271, 27.56896241683152], [-87.50404603486271, 27.613918360007208], [-87.5490019780384, 27.613918360007208], [-87.5490019780384, 27.658874303182895], [-87.5939579212141, 27.658874303182895], [-87.5939579212141, 27.703830246358585], [-87.63891386438979, 27.703830246358585], [-87.63891386438979, 27.748786189534272], [-87.68386980756549, 27.748786189534272], [-87.68386980756549, 27.79374213270996], [-87.72882575074118, 27.79374213270996], [-87.72882575074118, 27.83869807588565], [-87.77378169391687, 27.83869807588565], [-87.77378169391687, 27.883654019061336], [-87.81873763709257, 27.883654019061336], [-87.81873763709257, 27.928609962237022], [-87.86369358026826, 27.928609962237022], [-87.86369358026826, 27.973565905412713], [-87.90864952344396, 27.973565905412713], [-87.90864952344396, 28.0185218485884], [-87.95360546661965, 28.0185218485884], [-87.95360546661965, 28.063477791764086], [-87.99856140979534, 28.063477791764086], [-87.99856140979534, 28.108433734939773], [-88.04351735297104, 28.108433734939773], [-88.04351735297104, 28.153389678115463], [-88.08847329614673, 28.153389678115463], [-88.08847329614673, 28.19834562129115], [-88.13342923932242, 28.19834562129115], [-88.13342923932242, 28.243301564466837], [-88.17838518249812, 28.243301564466837], [-88.17838518249812, 28.288257507642527], [-88.22334112567381, 28.288257507642527], [-88.22334112567381, 28.333213450818214], [-88.2682970688495, 28.333213450818214], [-88.2682970688495, 28.3781693939939], [-88.3132530120252, 28.3781693939939], [-88.3132530120252, 28.42312533716959], [-88.44812084155228, 28.513037223520964], [-88.44812084155228, 28.60294910987234], [-88.49307678472798, 28.60294910987234], [-88.49307678472798, 28.647905053048028], [-88.53803272790367, 28.647905053048028], [-88.53803272790367, 28.692860996223715], [-88.58298867107936, 28.692860996223715], [-88.58298867107936, 28.737816939399405], [-88.62794461425506, 28.737816939399405], [-88.62794461425506, 28.78277288257509], [-88.67290055743075, 28.78277288257509], [-88.67290055743075, 28.82772882575078], [-88.71785650060644, 28.82772882575078], [-88.71785650060644, 28.87268476892647], [-88.76281244378214, 28.87268476892647], [-88.76281244378214, 28.917640712102155], [-88.80776838695783, 28.917640712102155], [-88.80776838695783, 28.962596655277842], [-88.85272433013353, 28.962596655277842], [-88.85272433013353, 29.007552598453533], [-88.89768027330922, 29.007552598453533], [-88.89768027330922, 29.05250854162922], [-88.94263621648491, 29.05250854162922], [-88.94263621648491, 29.097464484804906], [-88.98759215966061, 29.097464484804906], [-88.98759215966061, 29.142420427980596], [-89.0325481028363, 29.142420427980596], [-89.0325481028363, 29.187376371156283], [-89.077504046012, 29.187376371156283], [-89.077504046012, 29.23233231433197], [-89.12245998918769, 29.23233231433197], [-89.12245998918769, 29.27728825750766], [-89.16741593236338, 29.27728825750766], [-89.16741593236338, 29.322244200683347], [-89.30228376189046, 29.412156087034724], [-89.30228376189046, 29.502067973386097], [-89.34723970506616, 29.502067973386097], [-89.43715159141755, 29.63693580291316], [-89.52706347776893, 29.63693580291316], [-89.52706347776893, 29.681891746088848], [-89.57201942094463, 29.681891746088848], [-89.57201942094463, 29.726847689264538], [-89.61697536412032, 29.726847689264538], [-89.61697536412032, 29.771803632440225], [-89.66193130729602, 29.771803632440225], [-89.66193130729602, 29.81675957561591], [-89.70688725047171, 29.81675957561591], [-89.70688725047171, 29.861715518791602], [-89.7518431936474, 29.861715518791602], [-89.7518431936474, 29.90667146196729], [-89.7967991368231, 29.90667146196729], [-89.7967991368231, 29.951627405142975], [-89.84175507999879, 29.951627405142975], [-89.84175507999879, 29.996583348318666], [-89.97662290952587, 30.08649523467004], [-89.97662290952587, 30.176407121021416], [-90.02157885270157, 30.176407121021416], [-90.02157885270157, 30.221363064197103], [-90.15644668222865, 30.31127495054848], [-90.15644668222865, 30.401186836899853], [-90.20140262540434, 30.401186836899853], [-90.24635856858004, 30.49109872325123], [-90.33627045493142, 30.49109872325123], [-90.33627045493142, 30.581010609602608], [-90.38122639810712, 30.581010609602608], [-90.38122639810712, 30.625966552778294], [-90.42618234128281, 30.625966552778294], [-90.42618234128281, 30.67092249595398], [-90.4711382844585, 30.67092249595398], [-90.4711382844585, 30.71587843912967], [-90.5160942276342, 30.71587843912967], [-90.5160942276342, 30.760834382305358], [-90.56105017080989, 30.760834382305358], [-90.56105017080989, 30.805790325481045], [-90.60600611398559, 30.805790325481045], [-90.69591800033697, 30.94065815500811], [-90.87574177303975, 30.985614098183795], [-90.87574177303975, 31.030570041359486], [-90.92069771621544, 31.030570041359486], [-90.92069771621544, 31.075525984535172], [-91.01060960256683, 31.075525984535172], [-91.01060960256683, 31.12048192771086], [-91.14547743209391, 31.12048192771086], [-91.14547743209391, 31.16543787088655], [-91.280345261621, 31.16543787088655], [-91.280345261621, 31.210393814062236], [-91.46016903432377, 31.210393814062236], [-91.46016903432377, 31.255349757237923], [-91.50512497749946, 31.255349757237923], [-91.50512497749946, 31.210393814062236], [-91.90972846608071, 31.16543787088655], [-91.90972846608071, 31.12048192771086], [-91.9996403524321, 31.12048192771086], [-91.9996403524321, 31.075525984535172], [-92.17946412513487, 31.030570041359486], [-92.17946412513487, 30.985614098183795], [-92.35928789783765, 30.94065815500811], [-92.40424384101334, 30.850746268656735], [-92.49415572736473, 30.850746268656735], [-92.49415572736473, 30.805790325481045], [-92.53911167054042, 30.805790325481045], [-92.53911167054042, 30.760834382305358], [-92.58406761371612, 30.760834382305358], [-92.58406761371612, 30.71587843912967], [-92.62902355689181, 30.71587843912967], [-92.62902355689181, 30.67092249595398], [-92.76389138641889, 30.581010609602608], [-92.76389138641889, 30.446142780075544], [-92.80884732959458, 30.446142780075544], [-92.89875921594597, 29.45711203021041]]]]}}, {"type": "Feature", "properties": {"shapefile": "2021082718_wsp64knt120hr_5km", "PERCENTAGE": "20-30%"}, "geometry": {"type": "MultiPolygon", "coordinates": [[[[-108.09386800933049, 22.848588383384296], [-108.09386800933049, 23.028412156087047], [-107.95900017980341, 23.118324042438424], [-107.95900017980341, 23.073368099262733], [-107.91404423662772, 23.073368099262733], [-107.91404423662772, 22.668764610681546], [-107.86908829345202, 22.668764610681546], [-107.86908829345202, 22.533896781154482], [-107.77917640710064, 22.48894083797879], [-107.77917640710064, 22.399028951627418], [-107.73422046392494, 22.399028951627418], [-107.68926452074925, 22.30911706527604], [-107.59935263439786, 22.30911706527604], [-107.55439669122217, 22.219205178924668], [-107.46448480487078, 22.219205178924668], [-107.46448480487078, 22.084337349397604], [-107.41952886169508, 22.084337349397604], [-107.41952886169508, 21.94946951987054], [-107.37457291851939, 21.94946951987054], [-107.37457291851939, 21.859557633519163], [-107.3296169753437, 21.859557633519163], [-107.3296169753437, 21.7246898039921], [-107.284661032168, 21.7246898039921], [-107.284661032168, 21.634777917640722], [-107.23970508899231, 21.634777917640722], [-107.23970508899231, 21.49991008811366], [-107.19474914581662, 21.49991008811366], [-107.19474914581662, 21.409998201762285], [-107.14979320264092, 21.409998201762285], [-107.14979320264092, 21.365042258586598], [-107.10483725946523, 21.365042258586598], [-107.10483725946523, 21.320086315410908], [-106.96996942993815, 21.230174429059534], [-106.96996942993815, 21.140262542708157], [-106.92501348676245, 21.140262542708157], [-106.92501348676245, 21.05035065635678], [-106.88005754358676, 21.05035065635678], [-106.88005754358676, 20.915482826829717], [-106.83510160041106, 20.915482826829717], [-106.83510160041106, 20.780614997302656], [-106.79014565723537, 20.780614997302656], [-106.79014565723537, 20.69070311095128], [-106.74518971405968, 20.69070311095128], [-106.74518971405968, 20.600791224599902], [-106.70023377088398, 20.600791224599902], [-106.65527782770829, 20.420967451897152], [-106.6103218845326, 20.420967451897152], [-106.6103218845326, 20.376011508721465], [-106.47545405500551, 20.286099622370088], [-106.47545405500551, 20.19618773601871], [-106.43049811182982, 20.19618773601871], [-106.43049811182982, 20.061319906491647], [-106.38554216865413, 20.061319906491647], [-106.34058622547843, 19.791584247437523], [-106.29563028230274, 19.791584247437523], [-106.29563028230274, 19.701672361086146], [-106.25067433912704, 19.701672361086146], [-106.25067433912704, 19.566804531559082], [-106.20571839595135, 19.566804531559082], [-106.20571839595135, 19.476892645207705], [-106.16076245277566, 19.476892645207705], [-106.16076245277566, 19.297068872504955], [-106.11580650959996, 19.297068872504955], [-106.11580650959996, 19.20715698615358], [-106.02589462324858, 19.16220104297789], [-106.02589462324858, 19.072289156626518], [-105.98093868007288, 19.072289156626518], [-105.98093868007288, 18.98237727027514], [-105.93598273689719, 18.98237727027514], [-105.93598273689719, 18.622729724869636], [-105.8910267937215, 18.622729724869636], [-105.8910267937215, 18.30803812263982], [-105.8460708505458, 18.30803812263982], [-105.8460708505458, 18.038302463585694], [-105.8011149073701, 18.038302463585694], [-105.8011149073701, 17.94839057723432], [-105.8460708505458, 17.94839057723432], [-105.8460708505458, 17.588743031828816], [-105.8910267937215, 17.588743031828816], [-105.8910267937215, 17.498831145477443], [-106.02589462324858, 17.498831145477443], [-106.02589462324858, 17.72361086135588], [-106.07085056642427, 17.72361086135588], [-106.07085056642427, 17.858478690882944], [-106.11580650959996, 17.858478690882944], [-106.11580650959996, 17.993346520410007], [-106.16076245277566, 17.993346520410007], [-106.20571839595135, 18.352994065815512], [-106.25067433912704, 18.352994065815512], [-106.25067433912704, 18.442905952166885], [-106.29563028230274, 18.442905952166885], [-106.34058622547843, 18.532817838518262], [-106.43049811182982, 18.532817838518262], [-106.43049811182982, 18.57777378169395], [-106.52040999818121, 18.622729724869636], [-106.52040999818121, 18.7575975543967], [-106.5653659413569, 18.7575975543967], [-106.5653659413569, 18.847509440748077], [-106.6103218845326, 18.847509440748077], [-106.6103218845326, 18.937421327099454], [-106.65527782770829, 18.937421327099454], [-106.65527782770829, 19.027333213450827], [-106.70023377088398, 19.027333213450827], [-106.70023377088398, 19.20715698615358], [-106.74518971405968, 19.20715698615358], [-106.74518971405968, 19.342024815680645], [-106.79014565723537, 19.342024815680645], [-106.79014565723537, 19.43193670203202], [-106.83510160041106, 19.43193670203202], [-106.83510160041106, 19.521848588383396], [-106.88005754358676, 19.521848588383396], [-106.92501348676245, 19.701672361086146], [-107.01492537311384, 19.746628304261833], [-107.01492537311384, 19.881496133788897], [-107.05988131628953, 19.881496133788897], [-107.05988131628953, 19.971408020140274], [-107.10483725946523, 19.971408020140274], [-107.10483725946523, 20.106275849667337], [-107.14979320264092, 20.106275849667337], [-107.14979320264092, 20.286099622370088], [-107.19474914581662, 20.286099622370088], [-107.19474914581662, 20.46592339507284], [-107.23970508899231, 20.46592339507284], [-107.284661032168, 20.735659054126966], [-107.3296169753437, 20.735659054126966], [-107.3296169753437, 20.780614997302656], [-107.37457291851939, 20.780614997302656], [-107.37457291851939, 20.825570940478343], [-107.41952886169508, 20.825570940478343], [-107.41952886169508, 20.87052688365403], [-107.55439669122217, 20.960438770005407], [-107.55439669122217, 21.140262542708157], [-107.59935263439786, 21.140262542708157], [-107.64430857757355, 21.409998201762285], [-107.77917640710064, 21.49991008811366], [-107.77917640710064, 21.634777917640722], [-107.82413235027633, 21.634777917640722], [-107.82413235027633, 21.7246898039921], [-107.86908829345202, 21.7246898039921], [-107.86908829345202, 21.769645747167786], [-108.0039561229791, 21.859557633519163], [-108.0039561229791, 21.994425463046227], [-108.0489120661548, 21.994425463046227], [-108.0489120661548, 22.443984894803105], [-108.0039561229791, 22.443984894803105], [-108.0039561229791, 22.533896781154482], [-108.0489120661548, 22.533896781154482], [-108.0489120661548, 22.848588383384296], [-108.09386800933049, 22.848588383384296]]], [[[-92.89875921594597, 29.45711203021041], [-92.80884732959458, 30.446142780075544], [-92.76389138641889, 30.446142780075544], [-92.76389138641889, 30.581010609602608], [-92.7189354432432, 30.581010609602608], [-92.7189354432432, 30.625966552778294], [-92.6739795000675, 30.625966552778294], [-92.6739795000675, 30.67092249595398], [-92.62902355689181, 30.67092249595398], [-92.62902355689181, 30.71587843912967], [-92.58406761371612, 30.71587843912967], [-92.49415572736473, 30.850746268656735], [-92.40424384101334, 30.850746268656735], [-92.35928789783765, 30.94065815500811], [-92.17946412513487, 30.985614098183795], [-92.17946412513487, 31.030570041359486], [-91.9996403524321, 31.075525984535172], [-91.9996403524321, 31.12048192771086], [-91.90972846608071, 31.12048192771086], [-91.90972846608071, 31.16543787088655], [-91.50512497749946, 31.210393814062236], [-91.50512497749946, 31.255349757237923], [-91.46016903432377, 31.255349757237923], [-91.46016903432377, 31.210393814062236], [-91.280345261621, 31.210393814062236], [-91.280345261621, 31.16543787088655], [-91.14547743209391, 31.16543787088655], [-91.14547743209391, 31.12048192771086], [-91.01060960256683, 31.12048192771086], [-91.01060960256683, 31.075525984535172], [-90.92069771621544, 31.075525984535172], [-90.87574177303975, 30.985614098183795], [-90.69591800033697, 30.94065815500811], [-90.69591800033697, 30.895702211832422], [-90.65096205716128, 30.895702211832422], [-90.65096205716128, 30.850746268656735], [-90.60600611398559, 30.850746268656735], [-90.60600611398559, 30.805790325481045], [-90.56105017080989, 30.805790325481045], [-90.56105017080989, 30.760834382305358], [-90.5160942276342, 30.760834382305358], [-90.5160942276342, 30.71587843912967], [-90.4711382844585, 30.71587843912967], [-90.4711382844585, 30.67092249595398], [-90.33627045493142, 30.581010609602608], [-90.33627045493142, 30.49109872325123], [-90.24635856858004, 30.49109872325123], [-90.24635856858004, 30.446142780075544], [-90.15644668222865, 30.401186836899853], [-90.15644668222865, 30.31127495054848], [-90.11149073905295, 30.31127495054848], [-90.11149073905295, 30.26631900737279], [-89.97662290952587, 30.176407121021416], [-89.97662290952587, 30.08649523467004], [-89.93166696635018, 30.08649523467004], [-89.93166696635018, 30.041539291494352], [-89.88671102317448, 30.041539291494352], [-89.88671102317448, 29.996583348318666], [-89.84175507999879, 29.996583348318666], [-89.84175507999879, 29.951627405142975], [-89.7967991368231, 29.951627405142975], [-89.7967991368231, 29.90667146196729], [-89.7518431936474, 29.90667146196729], [-89.7518431936474, 29.861715518791602], [-89.70688725047171, 29.861715518791602], [-89.70688725047171, 29.81675957561591], [-89.66193130729602, 29.81675957561591], [-89.66193130729602, 29.771803632440225], [-89.61697536412032, 29.771803632440225], [-89.52706347776893, 29.63693580291316], [-89.43715159141755, 29.63693580291316], [-89.43715159141755, 29.591979859737474], [-89.30228376189046, 29.502067973386097], [-89.30228376189046, 29.412156087034724], [-89.25732781871477, 29.412156087034724], [-89.25732781871477, 29.367200143859034], [-89.21237187553908, 29.367200143859034], [-89.21237187553908, 29.322244200683347], [-89.16741593236338, 29.322244200683347], [-89.16741593236338, 29.27728825750766], [-89.12245998918769, 29.27728825750766], [-89.12245998918769, 29.23233231433197], [-89.077504046012, 29.23233231433197], [-89.077504046012, 29.187376371156283], [-89.0325481028363, 29.187376371156283], [-89.0325481028363, 29.142420427980596], [-88.98759215966061, 29.142420427980596], [-88.98759215966061, 29.097464484804906], [-88.94263621648491, 29.097464484804906], [-88.94263621648491, 29.05250854162922], [-88.89768027330922, 29.05250854162922], [-88.89768027330922, 29.007552598453533], [-88.85272433013353, 29.007552598453533], [-88.85272433013353, 28.962596655277842], [-88.80776838695783, 28.962596655277842], [-88.80776838695783, 28.917640712102155], [-88.76281244378214, 28.917640712102155], [-88.76281244378214, 28.87268476892647], [-88.71785650060644, 28.87268476892647], [-88.71785650060644, 28.82772882575078], [-88.67290055743075, 28.82772882575078], [-88.67290055743075, 28.78277288257509], [-88.62794461425506, 28.78277288257509], [-88.62794461425506, 28.737816939399405], [-88.58298867107936, 28.737816939399405], [-88.58298867107936, 28.692860996223715], [-88.44812084155228, 28.60294910987234], [-88.44812084155228, 28.513037223520964], [-88.40316489837659, 28.513037223520964], [-88.40316489837659, 28.468081280345277], [-88.3582089552009, 28.468081280345277], [-88.3582089552009, 28.42312533716959], [-88.3132530120252, 28.42312533716959], [-88.3132530120252, 28.3781693939939], [-88.2682970688495, 28.3781693939939], [-88.2682970688495, 28.333213450818214], [-88.22334112567381, 28.333213450818214], [-88.22334112567381, 28.288257507642527], [-88.17838518249812, 28.288257507642527], [-88.17838518249812, 28.243301564466837], [-88.13342923932242, 28.243301564466837], [-88.13342923932242, 28.19834562129115], [-88.08847329614673, 28.19834562129115], [-88.08847329614673, 28.153389678115463], [-88.04351735297104, 28.153389678115463], [-88.04351735297104, 28.108433734939773], [-87.99856140979534, 28.108433734939773], [-87.99856140979534, 28.063477791764086], [-87.95360546661965, 28.063477791764086], [-87.95360546661965, 28.0185218485884], [-87.90864952344396, 28.0185218485884], [-87.90864952344396, 27.973565905412713], [-87.86369358026826, 27.973565905412713], [-87.86369358026826, 27.928609962237022], [-87.81873763709257, 27.928609962237022], [-87.81873763709257, 27.883654019061336], [-87.77378169391687, 27.883654019061336], [-87.77378169391687, 27.83869807588565], [-87.72882575074118, 27.83869807588565], [-87.72882575074118, 27.79374213270996], [-87.68386980756549, 27.79374213270996], [-87.68386980756549, 27.748786189534272], [-87.63891386438979, 27.748786189534272], [-87.63891386438979, 27.703830246358585], [-87.5939579212141, 27.703830246358585], [-87.5939579212141, 27.658874303182895], [-87.5490019780384, 27.658874303182895], [-87.5490019780384, 27.613918360007208], [-87.50404603486271, 27.613918360007208], [-87.50404603486271, 27.56896241683152], [-87.36917820533563, 27.479050530480144], [-87.36917820533563, 27.389138644128767], [-87.32422226215994, 27.389138644128767], [-87.32422226215994, 27.34418270095308], [-87.27926631898424, 27.34418270095308], [-87.27926631898424, 27.299226757777394], [-87.23431037580855, 27.299226757777394], [-87.23431037580855, 27.254270814601703], [-87.18935443263285, 27.254270814601703], [-87.18935443263285, 27.209314871426017], [-87.14439848945716, 27.209314871426017], [-87.14439848945716, 27.16435892825033], [-87.09944254628147, 27.16435892825033], [-87.09944254628147, 27.119402985074643], [-87.05448660310577, 27.119402985074643], [-87.05448660310577, 27.074447041898953], [-87.00953065993008, 27.074447041898953], [-87.00953065993008, 27.029491098723266], [-86.96457471675438, 27.029491098723266], [-86.96457471675438, 26.98453515554758], [-86.91961877357869, 26.98453515554758], [-86.91961877357869, 26.93957921237189], [-86.874662830403, 26.93957921237189], [-86.874662830403, 26.894623269196202], [-86.8297068872273, 26.894623269196202], [-86.8297068872273, 26.849667326020516], [-86.78475094405161, 26.849667326020516], [-86.69483905770022, 26.714799496493452], [-86.60492717134883, 26.714799496493452], [-86.60492717134883, 26.66984355331776], [-86.55997122817314, 26.66984355331776], [-86.55997122817314, 26.624887610142075], [-86.51501528499745, 26.624887610142075], [-86.51501528499745, 26.579931666966388], [-86.47005934182175, 26.579931666966388], [-86.47005934182175, 26.5349757237907], [-86.42510339864606, 26.5349757237907], [-86.42510339864606, 26.49001978061501], [-86.38014745547036, 26.49001978061501], [-86.38014745547036, 26.445063837439324], [-86.33519151229467, 26.445063837439324], [-86.33519151229467, 26.400107894263638], [-86.29023556911898, 26.400107894263638], [-86.29023556911898, 26.355151951087947], [-86.24527962594328, 26.355151951087947], [-86.24527962594328, 26.31019600791226], [-86.20032368276759, 26.31019600791226], [-86.20032368276759, 26.265240064736574], [-86.1553677395919, 26.265240064736574], [-86.1553677395919, 26.220284121560884], [-86.1104117964162, 26.220284121560884], [-86.1104117964162, 26.175328178385197], [-86.06545585324051, 26.175328178385197], [-86.06545585324051, 26.13037223520951], [-86.02049991006481, 26.13037223520951], [-86.02049991006481, 26.08541629203382], [-85.97554396688912, 26.08541629203382], [-85.97554396688912, 26.040460348858133], [-85.93058802371343, 26.040460348858133], [-85.93058802371343, 25.995504405682446], [-85.88563208053773, 25.995504405682446], [-85.88563208053773, 25.950548462506756], [-85.84067613736204, 25.950548462506756], [-85.84067613736204, 25.90559251933107], [-85.79572019418634, 25.90559251933107], [-85.79572019418634, 25.860636576155382], [-85.75076425101065, 25.860636576155382], [-85.75076425101065, 25.815680632979692], [-85.70580830783496, 25.815680632979692], [-85.70580830783496, 25.770724689804005], [-85.66085236465926, 25.770724689804005], [-85.66085236465926, 25.72576874662832], [-85.61589642148357, 25.72576874662832], [-85.61589642148357, 25.680812803452632], [-85.57094047830788, 25.680812803452632], [-85.57094047830788, 25.63585686027694], [-85.52598453513218, 25.63585686027694], [-85.52598453513218, 25.590900917101255], [-85.3911167056051, 25.500989030749878], [-85.3911167056051, 25.411077144398504], [-85.3461607624294, 25.411077144398504], [-85.3461607624294, 25.366121201222814], [-85.30120481925371, 25.366121201222814], [-85.30120481925371, 25.321165258047127], [-85.25624887607802, 25.321165258047127], [-85.25624887607802, 25.27620931487144], [-85.21129293290232, 25.27620931487144], [-85.21129293290232, 25.23125337169575], [-85.16633698972663, 25.23125337169575], [-85.16633698972663, 25.186297428520064], [-85.12138104655094, 25.186297428520064], [-85.12138104655094, 25.141341485344377], [-85.07642510337524, 25.141341485344377], [-85.07642510337524, 25.09638554216869], [-85.03146916019955, 25.09638554216869], [-85.03146916019955, 25.051429598993], [-84.98651321702386, 25.051429598993], [-84.98651321702386, 25.006473655817313], [-84.94155727384816, 25.006473655817313], [-84.94155727384816, 24.961517712641626], [-84.89660133067247, 24.961517712641626], [-84.89660133067247, 24.916561769465936], [-84.85164538749677, 24.916561769465936], [-84.85164538749677, 24.87160582629025], [-84.80668944432108, 24.87160582629025], [-84.80668944432108, 24.826649883114563], [-84.76173350114539, 24.826649883114563], [-84.76173350114539, 24.781693939938872], [-84.71677755796969, 24.781693939938872], [-84.71677755796969, 24.736737996763186], [-84.671821614794, 24.736737996763186], [-84.671821614794, 24.6917820535875], [-84.53695378526692, 24.60187016723612], [-84.53695378526692, 24.511958280884745], [-84.49199784209122, 24.511958280884745], [-84.49199784209122, 24.467002337709058], [-84.44704189891553, 24.467002337709058], [-84.44704189891553, 24.42204639453337], [-84.40208595573984, 24.42204639453337], [-84.40208595573984, 24.37709045135768], [-84.26721812621275, 24.287178565006307], [-84.26721812621275, 24.19726667865493], [-84.22226218303706, 24.19726667865493], [-84.22226218303706, 24.152310735479244], [-84.13235029668567, 24.107354792303557], [-84.13235029668567, 24.01744290595218], [-84.04243841033428, 23.972486962776493], [-84.04243841033428, 23.882575076425116], [-83.99748246715859, 23.882575076425116], [-83.99748246715859, 23.79266319007374], [-83.9525265239829, 23.79266319007374], [-83.9525265239829, 23.702751303722366], [-83.9075705808072, 23.702751303722366], [-83.9075705808072, 23.61283941737099], [-83.86261463763151, 23.61283941737099], [-83.86261463763151, 23.477971587843925], [-83.81765869445582, 23.477971587843925], [-83.81765869445582, 23.298147815141174], [-83.77270275128012, 23.298147815141174], [-83.77270275128012, 23.073368099262733], [-83.72774680810443, 23.073368099262733], [-83.72774680810443, 22.98345621291136], [-83.77270275128012, 22.98345621291136], [-83.77270275128012, 22.93850026973567], [-83.81765869445582, 22.93850026973567], [-83.9075705808072, 22.80363244020861], [-83.99748246715859, 22.80363244020861], [-83.99748246715859, 22.75867649703292], [-84.26721812621275, 22.713720553857232], [-84.26721812621275, 22.668764610681546], [-84.40208595573984, 22.668764610681546], [-84.40208595573984, 22.623808667505855], [-84.76173350114539, 22.623808667505855], [-84.76173350114539, 22.668764610681546], [-84.94155727384816, 22.668764610681546], [-84.94155727384816, 22.713720553857232], [-85.07642510337524, 22.713720553857232], [-85.07642510337524, 22.75867649703292], [-85.16633698972663, 22.75867649703292], [-85.16633698972663, 22.80363244020861], [-85.30120481925371, 22.80363244020861], [-85.30120481925371, 22.848588383384296], [-85.3911167056051, 22.848588383384296], [-85.3911167056051, 22.893544326559983], [-85.48102859195649, 22.893544326559983], [-85.48102859195649, 22.93850026973567], [-85.66085236465926, 22.98345621291136], [-85.66085236465926, 23.028412156087047], [-85.70580830783496, 23.028412156087047], [-85.70580830783496, 23.073368099262733], [-85.79572019418634, 23.073368099262733], [-85.84067613736204, 23.16327998561411], [-85.93058802371343, 23.16327998561411], [-86.02049991006481, 23.298147815141174], [-86.1104117964162, 23.298147815141174], [-86.1553677395919, 23.38805970149255], [-86.24527962594328, 23.38805970149255], [-86.33519151229467, 23.522927531019615], [-86.42510339864606, 23.522927531019615], [-86.51501528499745, 23.65779536054668], [-86.60492717134883, 23.65779536054668], [-86.69483905770022, 23.79266319007374], [-86.78475094405161, 23.79266319007374], [-86.874662830403, 23.927531019600803], [-86.96457471675438, 23.927531019600803], [-87.05448660310577, 24.062398849127867], [-87.14439848945716, 24.062398849127867], [-87.23431037580855, 24.19726667865493], [-87.32422226215994, 24.19726667865493], [-87.41413414851132, 24.332134508181994], [-87.50404603486271, 24.332134508181994], [-87.5939579212141, 24.467002337709058], [-87.68386980756549, 24.467002337709058], [-87.77378169391687, 24.60187016723612], [-87.86369358026826, 24.60187016723612], [-87.95360546661965, 24.736737996763186], [-88.04351735297104, 24.736737996763186], [-88.13342923932242, 24.87160582629025], [-88.22334112567381, 24.87160582629025], [-88.3132530120252, 25.006473655817313], [-88.40316489837659, 25.006473655817313], [-88.49307678472798, 25.141341485344377], [-88.58298867107936, 25.141341485344377], [-88.58298867107936, 25.186297428520064], [-88.62794461425506, 25.186297428520064], [-88.71785650060644, 25.321165258047127], [-88.80776838695783, 25.321165258047127], [-88.89768027330922, 25.45603308757419], [-88.98759215966061, 25.45603308757419], [-88.98759215966061, 25.500989030749878], [-89.0325481028363, 25.500989030749878], [-89.12245998918769, 25.63585686027694], [-89.21237187553908, 25.63585686027694], [-89.30228376189046, 25.770724689804005], [-89.39219564824185, 25.770724689804005], [-89.48210753459324, 25.90559251933107], [-89.57201942094463, 25.90559251933107], [-89.66193130729602, 26.040460348858133], [-89.7518431936474, 26.040460348858133], [-89.84175507999879, 26.175328178385197], [-89.93166696635018, 26.175328178385197], [-90.02157885270157, 26.31019600791226], [-90.11149073905295, 26.31019600791226], [-90.20140262540434, 26.445063837439324], [-90.29131451175573, 26.445063837439324], [-90.38122639810712, 26.579931666966388], [-90.4711382844585, 26.579931666966388], [-90.56105017080989, 26.714799496493452], [-90.65096205716128, 26.714799496493452], [-90.65096205716128, 26.75975543966914], [-90.69591800033697, 26.75975543966914], [-90.78582988668836, 26.894623269196202], [-90.87574177303975, 26.894623269196202], [-90.87574177303975, 26.93957921237189], [-90.92069771621544, 26.93957921237189], [-90.96565365939114, 27.029491098723266], [-91.05556554574252, 27.029491098723266], [-91.05556554574252, 27.074447041898953], [-91.10052148891822, 27.074447041898953], [-91.1904333752696, 27.209314871426017], [-91.280345261621, 27.209314871426017], [-91.280345261621, 27.254270814601703], [-91.32530120479669, 27.254270814601703], [-91.32530120479669, 27.299226757777394], [-91.37025714797238, 27.299226757777394], [-91.46016903432377, 27.434094587304457], [-91.55008092067516, 27.434094587304457], [-91.55008092067516, 27.479050530480144], [-91.59503686385085, 27.479050530480144], [-91.59503686385085, 27.52400647365583], [-91.63999280702654, 27.52400647365583], [-91.63999280702654, 27.56896241683152], [-91.68494875020224, 27.56896241683152], [-91.68494875020224, 27.613918360007208], [-91.72990469337793, 27.613918360007208], [-91.72990469337793, 27.658874303182895], [-91.77486063655363, 27.658874303182895], [-91.77486063655363, 27.703830246358585], [-91.81981657972932, 27.703830246358585], [-91.81981657972932, 27.748786189534272], [-91.86477252290501, 27.748786189534272], [-91.86477252290501, 27.79374213270996], [-91.90972846608071, 27.79374213270996], [-91.90972846608071, 27.83869807588565], [-91.9546844092564, 27.83869807588565], [-91.9546844092564, 27.883654019061336], [-91.9996403524321, 27.883654019061336], [-91.9996403524321, 27.928609962237022], [-92.04459629560779, 27.928609962237022], [-92.04459629560779, 27.973565905412713], [-92.17946412513487, 28.063477791764086], [-92.17946412513487, 28.153389678115463], [-92.22442006831056, 28.153389678115463], [-92.22442006831056, 28.19834562129115], [-92.35928789783765, 28.288257507642527], [-92.35928789783765, 28.3781693939939], [-92.44919978418903, 28.42312533716959], [-92.49415572736473, 28.60294910987234], [-92.58406761371612, 28.647905053048028], [-92.58406761371612, 28.737816939399405], [-92.6739795000675, 28.78277288257509], [-92.6739795000675, 28.87268476892647], [-92.7189354432432, 28.87268476892647], [-92.7189354432432, 28.962596655277842], [-92.76389138641889, 28.962596655277842], [-92.76389138641889, 29.097464484804906], [-92.80884732959458, 29.097464484804906], [-92.80884732959458, 29.27728825750766], [-92.85380327277028, 29.27728825750766], [-92.85380327277028, 29.45711203021041], [-92.89875921594597, 29.45711203021041]], [[-92.58406761371612, 29.45711203021041], [-92.53911167054042, 29.45711203021041], [-92.53911167054042, 29.322244200683347], [-92.49415572736473, 29.322244200683347], [-92.49415572736473, 29.187376371156283], [-92.44919978418903, 29.187376371156283], [-92.44919978418903, 29.007552598453533], [-92.40424384101334, 29.007552598453533], [-92.40424384101334, 28.917640712102155], [-92.35928789783765, 28.917640712102155], [-92.35928789783765, 28.82772882575078], [-92.31433195466195, 28.82772882575078], [-92.26937601148626, 28.647905053048028], [-92.17946412513487, 28.60294910987234], [-92.13450818195918, 28.42312533716959], [-91.9996403524321, 28.333213450818214], [-91.9996403524321, 28.243301564466837], [-91.9546844092564, 28.243301564466837], [-91.9546844092564, 28.19834562129115], [-91.90972846608071, 28.19834562129115], [-91.90972846608071, 28.153389678115463], [-91.86477252290501, 28.153389678115463], [-91.86477252290501, 28.108433734939773], [-91.81981657972932, 28.108433734939773], [-91.81981657972932, 28.063477791764086], [-91.77486063655363, 28.063477791764086], [-91.77486063655363, 28.0185218485884], [-91.72990469337793, 28.0185218485884], [-91.72990469337793, 27.973565905412713], [-91.68494875020224, 27.973565905412713], [-91.68494875020224, 27.928609962237022], [-91.63999280702654, 27.928609962237022], [-91.63999280702654, 27.883654019061336], [-91.59503686385085, 27.883654019061336], [-91.59503686385085, 27.83869807588565], [-91.55008092067516, 27.83869807588565], [-91.55008092067516, 27.79374213270996], [-91.50512497749946, 27.79374213270996], [-91.50512497749946, 27.748786189534272], [-91.46016903432377, 27.748786189534272], [-91.46016903432377, 27.703830246358585], [-91.41521309114808, 27.703830246358585], [-91.41521309114808, 27.658874303182895], [-91.37025714797238, 27.658874303182895], [-91.37025714797238, 27.613918360007208], [-91.32530120479669, 27.613918360007208], [-91.32530120479669, 27.56896241683152], [-91.280345261621, 27.56896241683152], [-91.280345261621, 27.52400647365583], [-91.14547743209391, 27.434094587304457], [-91.14547743209391, 27.389138644128767], [-91.05556554574252, 27.389138644128767], [-91.05556554574252, 27.34418270095308], [-91.01060960256683, 27.34418270095308], [-91.01060960256683, 27.299226757777394], [-90.96565365939114, 27.299226757777394], [-90.87574177303975, 27.16435892825033], [-90.78582988668836, 27.16435892825033], [-90.78582988668836, 27.119402985074643], [-90.74087394351267, 27.119402985074643], [-90.65096205716128, 26.98453515554758], [-90.56105017080989, 26.98453515554758], [-90.56105017080989, 26.93957921237189], [-90.5160942276342, 26.93957921237189], [-90.42618234128281, 26.804711382844825], [-90.33627045493142, 26.804711382844825], [-90.24635856858004, 26.66984355331776], [-90.15644668222865, 26.66984355331776], [-90.15644668222865, 26.624887610142075], [-90.11149073905295, 26.624887610142075], [-90.02157885270157, 26.49001978061501], [-89.93166696635018, 26.49001978061501], [-89.93166696635018, 26.445063837439324], [-89.88671102317448, 26.445063837439324], [-89.7967991368231, 26.31019600791226], [-89.70688725047171, 26.31019600791226], [-89.61697536412032, 26.175328178385197], [-89.52706347776893, 26.175328178385197], [-89.43715159141755, 26.040460348858133], [-89.34723970506616, 26.040460348858133], [-89.34723970506616, 25.995504405682446], [-89.30228376189046, 25.995504405682446], [-89.21237187553908, 25.860636576155382], [-89.12245998918769, 25.860636576155382], [-89.12245998918769, 25.815680632979692], [-89.077504046012, 25.815680632979692], [-88.98759215966061, 25.680812803452632], [-88.89768027330922, 25.680812803452632], [-88.80776838695783, 25.545944973925568], [-88.71785650060644, 25.545944973925568], [-88.71785650060644, 25.500989030749878], [-88.67290055743075, 25.500989030749878], [-88.58298867107936, 25.366121201222814], [-88.49307678472798, 25.366121201222814], [-88.49307678472798, 25.321165258047127], [-88.44812084155228, 25.321165258047127], [-88.3582089552009, 25.186297428520064], [-88.2682970688495, 25.186297428520064], [-88.17838518249812, 25.051429598993], [-88.08847329614673, 25.051429598993], [-87.99856140979534, 24.916561769465936], [-87.90864952344396, 24.916561769465936], [-87.81873763709257, 24.781693939938872], [-87.72882575074118, 24.781693939938872], [-87.72882575074118, 24.736737996763186], [-87.68386980756549, 24.736737996763186], [-87.5939579212141, 24.60187016723612], [-87.50404603486271, 24.60187016723612], [-87.41413414851132, 24.467002337709058], [-87.32422226215994, 24.467002337709058], [-87.23431037580855, 24.332134508181994], [-87.14439848945716, 24.332134508181994], [-87.05448660310577, 24.19726667865493], [-86.96457471675438, 24.19726667865493], [-86.874662830403, 24.062398849127867], [-86.78475094405161, 24.062398849127867], [-86.78475094405161, 24.01744290595218], [-86.73979500087592, 24.01744290595218], [-86.64988311452453, 23.882575076425116], [-86.55997122817314, 23.882575076425116], [-86.47005934182175, 23.747707246898052], [-86.38014745547036, 23.747707246898052], [-86.29023556911898, 23.61283941737099], [-86.20032368276759, 23.61283941737099], [-86.1104117964162, 23.477971587843925], [-86.02049991006481, 23.477971587843925], [-85.93058802371343, 23.34310375831686], [-85.84067613736204, 23.34310375831686], [-85.79572019418634, 23.253191871965488], [-85.70580830783496, 23.253191871965488], [-85.66085236465926, 23.16327998561411], [-85.48102859195649, 23.118324042438424], [-85.4360726487808, 23.028412156087047], [-85.25624887607802, 22.98345621291136], [-85.25624887607802, 22.93850026973567], [-85.12138104655094, 22.93850026973567], [-85.12138104655094, 22.893544326559983], [-85.03146916019955, 22.893544326559983], [-85.03146916019955, 22.848588383384296], [-84.76173350114539, 22.80363244020861], [-84.76173350114539, 22.75867649703292], [-84.31217406938845, 22.75867649703292], [-84.31217406938845, 22.80363244020861], [-84.17730623986137, 22.80363244020861], [-84.17730623986137, 22.848588383384296], [-83.99748246715859, 22.893544326559983], [-83.99748246715859, 22.93850026973567], [-83.9075705808072, 22.98345621291136], [-83.9075705808072, 23.208235928789797], [-83.9525265239829, 23.208235928789797], [-83.99748246715859, 23.567883474195302], [-84.04243841033428, 23.567883474195302], [-84.04243841033428, 23.65779536054668], [-84.08739435350998, 23.65779536054668], [-84.08739435350998, 23.747707246898052], [-84.13235029668567, 23.747707246898052], [-84.17730623986137, 23.927531019600803], [-84.22226218303706, 23.927531019600803], [-84.22226218303706, 23.972486962776493], [-84.31217406938845, 24.01744290595218], [-84.31217406938845, 24.107354792303557], [-84.35713001256414, 24.107354792303557], [-84.35713001256414, 24.152310735479244], [-84.40208595573984, 24.152310735479244], [-84.40208595573984, 24.19726667865493], [-84.53695378526692, 24.287178565006307], [-84.53695378526692, 24.37709045135768], [-84.58190972844261, 24.37709045135768], [-84.58190972844261, 24.42204639453337], [-84.6268656716183, 24.42204639453337], [-84.6268656716183, 24.467002337709058], [-84.671821614794, 24.467002337709058], [-84.671821614794, 24.511958280884745], [-84.71677755796969, 24.511958280884745], [-84.71677755796969, 24.556914224060435], [-84.76173350114539, 24.556914224060435], [-84.76173350114539, 24.60187016723612], [-84.80668944432108, 24.60187016723612], [-84.80668944432108, 24.64682611041181], [-84.85164538749677, 24.64682611041181], [-84.85164538749677, 24.6917820535875], [-84.89660133067247, 24.6917820535875], [-84.89660133067247, 24.736737996763186], [-84.94155727384816, 24.736737996763186], [-84.94155727384816, 24.781693939938872], [-84.98651321702386, 24.781693939938872], [-84.98651321702386, 24.826649883114563], [-85.03146916019955, 24.826649883114563], [-85.03146916019955, 24.87160582629025], [-85.07642510337524, 24.87160582629025], [-85.07642510337524, 24.916561769465936], [-85.12138104655094, 24.916561769465936], [-85.12138104655094, 24.961517712641626], [-85.16633698972663, 24.961517712641626], [-85.16633698972663, 25.006473655817313], [-85.21129293290232, 25.006473655817313], [-85.21129293290232, 25.051429598993], [-85.25624887607802, 25.051429598993], [-85.25624887607802, 25.09638554216869], [-85.30120481925371, 25.09638554216869], [-85.30120481925371, 25.141341485344377], [-85.3461607624294, 25.141341485344377], [-85.3461607624294, 25.186297428520064], [-85.3911167056051, 25.186297428520064], [-85.3911167056051, 25.23125337169575], [-85.4360726487808, 25.23125337169575], [-85.4360726487808, 25.27620931487144], [-85.48102859195649, 25.27620931487144], [-85.48102859195649, 25.321165258047127], [-85.52598453513218, 25.321165258047127], [-85.52598453513218, 25.366121201222814], [-85.57094047830788, 25.366121201222814], [-85.57094047830788, 25.411077144398504], [-85.61589642148357, 25.411077144398504], [-85.61589642148357, 25.45603308757419], [-85.66085236465926, 25.45603308757419], [-85.66085236465926, 25.500989030749878], [-85.70580830783496, 25.500989030749878], [-85.70580830783496, 25.545944973925568], [-85.75076425101065, 25.545944973925568], [-85.75076425101065, 25.590900917101255], [-85.79572019418634, 25.590900917101255], [-85.79572019418634, 25.63585686027694], [-85.84067613736204, 25.63585686027694], [-85.84067613736204, 25.680812803452632], [-85.88563208053773, 25.680812803452632], [-85.88563208053773, 25.72576874662832], [-85.93058802371343, 25.72576874662832], [-85.93058802371343, 25.770724689804005], [-85.97554396688912, 25.770724689804005], [-85.97554396688912, 25.815680632979692], [-86.02049991006481, 25.815680632979692], [-86.02049991006481, 25.860636576155382], [-86.06545585324051, 25.860636576155382], [-86.06545585324051, 25.90559251933107], [-86.1104117964162, 25.90559251933107], [-86.1104117964162, 25.950548462506756], [-86.1553677395919, 25.950548462506756], [-86.1553677395919, 25.995504405682446], [-86.20032368276759, 25.995504405682446], [-86.20032368276759, 26.040460348858133], [-86.24527962594328, 26.040460348858133], [-86.24527962594328, 26.08541629203382], [-86.29023556911898, 26.08541629203382], [-86.29023556911898, 26.13037223520951], [-86.33519151229467, 26.13037223520951], [-86.33519151229467, 26.175328178385197], [-86.38014745547036, 26.175328178385197], [-86.38014745547036, 26.220284121560884], [-86.42510339864606, 26.220284121560884], [-86.42510339864606, 26.265240064736574], [-86.47005934182175, 26.265240064736574], [-86.47005934182175, 26.31019600791226], [-86.51501528499745, 26.31019600791226], [-86.51501528499745, 26.355151951087947], [-86.55997122817314, 26.355151951087947], [-86.55997122817314, 26.400107894263638], [-86.60492717134883, 26.400107894263638], [-86.60492717134883, 26.445063837439324], [-86.64988311452453, 26.445063837439324], [-86.64988311452453, 26.49001978061501], [-86.69483905770022, 26.49001978061501], [-86.69483905770022, 26.5349757237907], [-86.73979500087592, 26.5349757237907], [-86.73979500087592, 26.579931666966388], [-86.78475094405161, 26.579931666966388], [-86.78475094405161, 26.624887610142075], [-86.8297068872273, 26.624887610142075], [-86.8297068872273, 26.66984355331776], [-86.874662830403, 26.66984355331776], [-86.874662830403, 26.714799496493452], [-86.91961877357869, 26.714799496493452], [-86.91961877357869, 26.75975543966914], [-86.96457471675438, 26.75975543966914], [-86.96457471675438, 26.804711382844825], [-87.00953065993008, 26.804711382844825], [-87.00953065993008, 26.849667326020516], [-87.05448660310577, 26.849667326020516], [-87.05448660310577, 26.894623269196202], [-87.09944254628147, 26.894623269196202], [-87.18935443263285, 27.029491098723266], [-87.27926631898424, 27.029491098723266], [-87.27926631898424, 27.074447041898953], [-87.32422226215994, 27.074447041898953], [-87.32422226215994, 27.119402985074643], [-87.36917820533563, 27.119402985074643], [-87.36917820533563, 27.16435892825033], [-87.41413414851132, 27.16435892825033], [-87.41413414851132, 27.209314871426017], [-87.45909009168702, 27.209314871426017], [-87.45909009168702, 27.254270814601703], [-87.50404603486271, 27.254270814601703], [-87.50404603486271, 27.299226757777394], [-87.5490019780384, 27.299226757777394], [-87.5490019780384, 27.34418270095308], [-87.5939579212141, 27.34418270095308], [-87.5939579212141, 27.389138644128767], [-87.63891386438979, 27.389138644128767], [-87.63891386438979, 27.434094587304457], [-87.68386980756549, 27.434094587304457], [-87.68386980756549, 27.479050530480144], [-87.72882575074118, 27.479050530480144], [-87.72882575074118, 27.52400647365583], [-87.77378169391687, 27.52400647365583], [-87.77378169391687, 27.56896241683152], [-87.81873763709257, 27.56896241683152], [-87.81873763709257, 27.613918360007208], [-87.86369358026826, 27.613918360007208], [-87.86369358026826, 27.658874303182895], [-87.99856140979534, 27.748786189534272], [-87.99856140979534, 27.83869807588565], [-88.04351735297104, 27.83869807588565], [-88.04351735297104, 27.883654019061336], [-88.08847329614673, 27.883654019061336], [-88.08847329614673, 27.928609962237022], [-88.13342923932242, 27.928609962237022], [-88.13342923932242, 27.973565905412713], [-88.17838518249812, 27.973565905412713], [-88.17838518249812, 28.0185218485884], [-88.22334112567381, 28.0185218485884], [-88.22334112567381, 28.063477791764086], [-88.2682970688495, 28.063477791764086], [-88.2682970688495, 28.108433734939773], [-88.3132530120252, 28.108433734939773], [-88.3132530120252, 28.153389678115463], [-88.3582089552009, 28.153389678115463], [-88.3582089552009, 28.19834562129115], [-88.40316489837659, 28.19834562129115], [-88.40316489837659, 28.243301564466837], [-88.44812084155228, 28.243301564466837], [-88.44812084155228, 28.288257507642527], [-88.49307678472798, 28.288257507642527], [-88.49307678472798, 28.333213450818214], [-88.53803272790367, 28.333213450818214], [-88.53803272790367, 28.3781693939939], [-88.58298867107936, 28.3781693939939], [-88.58298867107936, 28.42312533716959], [-88.62794461425506, 28.42312533716959], [-88.62794461425506, 28.468081280345277], [-88.67290055743075, 28.468081280345277], [-88.67290055743075, 28.513037223520964], [-88.71785650060644, 28.513037223520964], [-88.71785650060644, 28.557993166696654], [-88.76281244378214, 28.557993166696654], [-88.76281244378214, 28.60294910987234], [-88.80776838695783, 28.60294910987234], [-88.80776838695783, 28.647905053048028], [-88.85272433013353, 28.647905053048028], [-88.85272433013353, 28.692860996223715], [-88.89768027330922, 28.692860996223715], [-88.89768027330922, 28.737816939399405], [-88.94263621648491, 28.737816939399405], [-88.94263621648491, 28.78277288257509], [-88.98759215966061, 28.78277288257509], [-88.98759215966061, 28.82772882575078], [-89.0325481028363, 28.82772882575078], [-89.0325481028363, 28.87268476892647], [-89.077504046012, 28.87268476892647], [-89.077504046012, 28.917640712102155], [-89.12245998918769, 28.917640712102155], [-89.12245998918769, 28.962596655277842], [-89.16741593236338, 28.962596655277842], [-89.16741593236338, 29.007552598453533], [-89.21237187553908, 29.007552598453533], [-89.21237187553908, 29.05250854162922], [-89.25732781871477, 29.05250854162922], [-89.25732781871477, 29.097464484804906], [-89.30228376189046, 29.097464484804906], [-89.30228376189046, 29.142420427980596], [-89.34723970506616, 29.142420427980596], [-89.34723970506616, 29.187376371156283], [-89.39219564824185, 29.187376371156283], [-89.39219564824185, 29.23233231433197], [-89.43715159141755, 29.23233231433197], [-89.43715159141755, 29.27728825750766], [-89.48210753459324, 29.27728825750766], [-89.48210753459324, 29.322244200683347], [-89.52706347776893, 29.322244200683347], [-89.52706347776893, 29.367200143859034], [-89.57201942094463, 29.367200143859034], [-89.57201942094463, 29.412156087034724], [-89.61697536412032, 29.412156087034724], [-89.61697536412032, 29.45711203021041], [-89.66193130729602, 29.45711203021041], [-89.66193130729602, 29.502067973386097], [-89.70688725047171, 29.502067973386097], [-89.70688725047171, 29.547023916561784], [-89.7518431936474, 29.547023916561784], [-89.84175507999879, 29.681891746088848], [-89.93166696635018, 29.681891746088848], [-89.93166696635018, 29.726847689264538], [-89.97662290952587, 29.726847689264538], [-89.97662290952587, 29.771803632440225], [-90.02157885270157, 29.771803632440225], [-90.02157885270157, 29.81675957561591], [-90.06653479587726, 29.81675957561591], [-90.06653479587726, 29.861715518791602], [-90.11149073905295, 29.861715518791602], [-90.11149073905295, 29.90667146196729], [-90.15644668222865, 29.90667146196729], [-90.15644668222865, 29.951627405142975], [-90.20140262540434, 29.951627405142975], [-90.20140262540434, 29.996583348318666], [-90.33627045493142, 30.08649523467004], [-90.33627045493142, 30.176407121021416], [-90.38122639810712, 30.176407121021416], [-90.42618234128281, 30.26631900737279], [-90.5160942276342, 30.26631900737279], [-90.5160942276342, 30.31127495054848], [-90.56105017080989, 30.31127495054848], [-90.56105017080989, 30.356230893724167], [-90.60600611398559, 30.356230893724167], [-90.69591800033697, 30.49109872325123], [-90.78582988668836, 30.49109872325123], [-90.78582988668836, 30.536054666426917], [-90.83078582986406, 30.536054666426917], [-90.92069771621544, 30.67092249595398], [-91.01060960256683, 30.67092249595398], [-91.01060960256683, 30.71587843912967], [-91.14547743209391, 30.71587843912967], [-91.14547743209391, 30.760834382305358], [-91.280345261621, 30.760834382305358], [-91.280345261621, 30.805790325481045], [-91.41521309114808, 30.805790325481045], [-91.41521309114808, 30.850746268656735], [-91.55008092067516, 30.850746268656735], [-91.55008092067516, 30.805790325481045], [-91.68494875020224, 30.805790325481045], [-91.68494875020224, 30.760834382305358], [-91.9546844092564, 30.71587843912967], [-91.9546844092564, 30.67092249595398], [-92.04459629560779, 30.67092249595398], [-92.08955223878348, 30.581010609602608], [-92.17946412513487, 30.581010609602608], [-92.17946412513487, 30.536054666426917], [-92.26937601148626, 30.49109872325123], [-92.26937601148626, 30.401186836899853], [-92.35928789783765, 30.356230893724167], [-92.35928789783765, 30.26631900737279], [-92.40424384101334, 30.26631900737279], [-92.44919978418903, 30.08649523467004], [-92.49415572736473, 30.08649523467004], [-92.49415572736473, 29.951627405142975], [-92.53911167054042, 29.951627405142975], [-92.53911167054042, 29.681891746088848], [-92.58406761371612, 29.681891746088848], [-92.58406761371612, 29.45711203021041]]]]}}, {"type": "Feature", "properties": {"shapefile": "2021082718_wsp64knt120hr_5km", "PERCENTAGE": "30-40%"}, "geometry": {"type": "Polygon", "coordinates": [[[-92.58406761371612, 29.45711203021041], [-92.58406761371612, 29.681891746088848], [-92.53911167054042, 29.681891746088848], [-92.53911167054042, 29.951627405142975], [-92.49415572736473, 29.951627405142975], [-92.49415572736473, 30.08649523467004], [-92.44919978418903, 30.08649523467004], [-92.44919978418903, 30.176407121021416], [-92.40424384101334, 30.176407121021416], [-92.35928789783765, 30.356230893724167], [-92.26937601148626, 30.401186836899853], [-92.26937601148626, 30.49109872325123], [-92.22442006831056, 30.49109872325123], [-92.17946412513487, 30.581010609602608], [-92.08955223878348, 30.581010609602608], [-92.08955223878348, 30.625966552778294], [-92.04459629560779, 30.625966552778294], [-92.04459629560779, 30.67092249595398], [-91.9546844092564, 30.67092249595398], [-91.9546844092564, 30.71587843912967], [-91.81981657972932, 30.71587843912967], [-91.81981657972932, 30.760834382305358], [-91.55008092067516, 30.805790325481045], [-91.55008092067516, 30.850746268656735], [-91.41521309114808, 30.850746268656735], [-91.41521309114808, 30.805790325481045], [-91.280345261621, 30.805790325481045], [-91.280345261621, 30.760834382305358], [-91.14547743209391, 30.760834382305358], [-91.14547743209391, 30.71587843912967], [-91.01060960256683, 30.71587843912967], [-91.01060960256683, 30.67092249595398], [-90.92069771621544, 30.67092249595398], [-90.92069771621544, 30.625966552778294], [-90.87574177303975, 30.625966552778294], [-90.78582988668836, 30.49109872325123], [-90.69591800033697, 30.49109872325123], [-90.69591800033697, 30.446142780075544], [-90.65096205716128, 30.446142780075544], [-90.65096205716128, 30.401186836899853], [-90.60600611398559, 30.401186836899853], [-90.5160942276342, 30.26631900737279], [-90.42618234128281, 30.26631900737279], [-90.42618234128281, 30.221363064197103], [-90.33627045493142, 30.176407121021416], [-90.33627045493142, 30.08649523467004], [-90.29131451175573, 30.08649523467004], [-90.29131451175573, 30.041539291494352], [-90.24635856858004, 30.041539291494352], [-90.24635856858004, 29.996583348318666], [-90.20140262540434, 29.996583348318666], [-90.20140262540434, 29.951627405142975], [-90.15644668222865, 29.951627405142975], [-90.15644668222865, 29.90667146196729], [-90.11149073905295, 29.90667146196729], [-90.11149073905295, 29.861715518791602], [-90.06653479587726, 29.861715518791602], [-90.06653479587726, 29.81675957561591], [-89.93166696635018, 29.726847689264538], [-89.93166696635018, 29.681891746088848], [-89.84175507999879, 29.681891746088848], [-89.84175507999879, 29.63693580291316], [-89.7967991368231, 29.63693580291316], [-89.7967991368231, 29.591979859737474], [-89.7518431936474, 29.591979859737474], [-89.7518431936474, 29.547023916561784], [-89.70688725047171, 29.547023916561784], [-89.70688725047171, 29.502067973386097], [-89.66193130729602, 29.502067973386097], [-89.66193130729602, 29.45711203021041], [-89.61697536412032, 29.45711203021041], [-89.61697536412032, 29.412156087034724], [-89.57201942094463, 29.412156087034724], [-89.57201942094463, 29.367200143859034], [-89.52706347776893, 29.367200143859034], [-89.52706347776893, 29.322244200683347], [-89.48210753459324, 29.322244200683347], [-89.48210753459324, 29.27728825750766], [-89.43715159141755, 29.27728825750766], [-89.43715159141755, 29.23233231433197], [-89.39219564824185, 29.23233231433197], [-89.39219564824185, 29.187376371156283], [-89.34723970506616, 29.187376371156283], [-89.34723970506616, 29.142420427980596], [-89.30228376189046, 29.142420427980596], [-89.30228376189046, 29.097464484804906], [-89.25732781871477, 29.097464484804906], [-89.25732781871477, 29.05250854162922], [-89.21237187553908, 29.05250854162922], [-89.21237187553908, 29.007552598453533], [-89.16741593236338, 29.007552598453533], [-89.16741593236338, 28.962596655277842], [-89.12245998918769, 28.962596655277842], [-89.12245998918769, 28.917640712102155], [-89.077504046012, 28.917640712102155], [-89.077504046012, 28.87268476892647], [-89.0325481028363, 28.87268476892647], [-89.0325481028363, 28.82772882575078], [-88.98759215966061, 28.82772882575078], [-88.98759215966061, 28.78277288257509], [-88.94263621648491, 28.78277288257509], [-88.94263621648491, 28.737816939399405], [-88.89768027330922, 28.737816939399405], [-88.89768027330922, 28.692860996223715], [-88.85272433013353, 28.692860996223715], [-88.85272433013353, 28.647905053048028], [-88.80776838695783, 28.647905053048028], [-88.80776838695783, 28.60294910987234], [-88.76281244378214, 28.60294910987234], [-88.76281244378214, 28.557993166696654], [-88.71785650060644, 28.557993166696654], [-88.71785650060644, 28.513037223520964], [-88.67290055743075, 28.513037223520964], [-88.67290055743075, 28.468081280345277], [-88.62794461425506, 28.468081280345277], [-88.62794461425506, 28.42312533716959], [-88.58298867107936, 28.42312533716959], [-88.58298867107936, 28.3781693939939], [-88.53803272790367, 28.3781693939939], [-88.53803272790367, 28.333213450818214], [-88.49307678472798, 28.333213450818214], [-88.49307678472798, 28.288257507642527], [-88.44812084155228, 28.288257507642527], [-88.44812084155228, 28.243301564466837], [-88.40316489837659, 28.243301564466837], [-88.40316489837659, 28.19834562129115], [-88.3582089552009, 28.19834562129115], [-88.3582089552009, 28.153389678115463], [-88.3132530120252, 28.153389678115463], [-88.3132530120252, 28.108433734939773], [-88.2682970688495, 28.108433734939773], [-88.2682970688495, 28.063477791764086], [-88.22334112567381, 28.063477791764086], [-88.22334112567381, 28.0185218485884], [-88.17838518249812, 28.0185218485884], [-88.17838518249812, 27.973565905412713], [-88.13342923932242, 27.973565905412713], [-88.04351735297104, 27.83869807588565], [-87.99856140979534, 27.83869807588565], [-87.99856140979534, 27.748786189534272], [-87.95360546661965, 27.748786189534272], [-87.95360546661965, 27.703830246358585], [-87.90864952344396, 27.703830246358585], [-87.90864952344396, 27.658874303182895], [-87.86369358026826, 27.658874303182895], [-87.86369358026826, 27.613918360007208], [-87.81873763709257, 27.613918360007208], [-87.81873763709257, 27.56896241683152], [-87.77378169391687, 27.56896241683152], [-87.77378169391687, 27.52400647365583], [-87.72882575074118, 27.52400647365583], [-87.72882575074118, 27.479050530480144], [-87.68386980756549, 27.479050530480144], [-87.68386980756549, 27.434094587304457], [-87.63891386438979, 27.434094587304457], [-87.63891386438979, 27.389138644128767], [-87.5939579212141, 27.389138644128767], [-87.5939579212141, 27.34418270095308], [-87.5490019780384, 27.34418270095308], [-87.5490019780384, 27.299226757777394], [-87.50404603486271, 27.299226757777394], [-87.50404603486271, 27.254270814601703], [-87.45909009168702, 27.254270814601703], [-87.45909009168702, 27.209314871426017], [-87.41413414851132, 27.209314871426017], [-87.41413414851132, 27.16435892825033], [-87.36917820533563, 27.16435892825033], [-87.27926631898424, 27.029491098723266], [-87.18935443263285, 27.029491098723266], [-87.18935443263285, 26.98453515554758], [-87.14439848945716, 26.98453515554758], [-87.14439848945716, 26.93957921237189], [-87.09944254628147, 26.93957921237189], [-87.09944254628147, 26.894623269196202], [-87.05448660310577, 26.894623269196202], [-87.05448660310577, 26.849667326020516], [-87.00953065993008, 26.849667326020516], [-87.00953065993008, 26.804711382844825], [-86.96457471675438, 26.804711382844825], [-86.96457471675438, 26.75975543966914], [-86.91961877357869, 26.75975543966914], [-86.91961877357869, 26.714799496493452], [-86.874662830403, 26.714799496493452], [-86.874662830403, 26.66984355331776], [-86.8297068872273, 26.66984355331776], [-86.8297068872273, 26.624887610142075], [-86.78475094405161, 26.624887610142075], [-86.78475094405161, 26.579931666966388], [-86.73979500087592, 26.579931666966388], [-86.73979500087592, 26.5349757237907], [-86.69483905770022, 26.5349757237907], [-86.69483905770022, 26.49001978061501], [-86.64988311452453, 26.49001978061501], [-86.64988311452453, 26.445063837439324], [-86.60492717134883, 26.445063837439324], [-86.60492717134883, 26.400107894263638], [-86.55997122817314, 26.400107894263638], [-86.55997122817314, 26.355151951087947], [-86.51501528499745, 26.355151951087947], [-86.51501528499745, 26.31019600791226], [-86.47005934182175, 26.31019600791226], [-86.47005934182175, 26.265240064736574], [-86.42510339864606, 26.265240064736574], [-86.42510339864606, 26.220284121560884], [-86.38014745547036, 26.220284121560884], [-86.38014745547036, 26.175328178385197], [-86.33519151229467, 26.175328178385197], [-86.33519151229467, 26.13037223520951], [-86.29023556911898, 26.13037223520951], [-86.29023556911898, 26.08541629203382], [-86.24527962594328, 26.08541629203382], [-86.24527962594328, 26.040460348858133], [-86.20032368276759, 26.040460348858133], [-86.20032368276759, 25.995504405682446], [-86.1553677395919, 25.995504405682446], [-86.1553677395919, 25.950548462506756], [-86.1104117964162, 25.950548462506756], [-86.1104117964162, 25.90559251933107], [-86.06545585324051, 25.90559251933107], [-86.06545585324051, 25.860636576155382], [-86.02049991006481, 25.860636576155382], [-86.02049991006481, 25.815680632979692], [-85.97554396688912, 25.815680632979692], [-85.97554396688912, 25.770724689804005], [-85.93058802371343, 25.770724689804005], [-85.93058802371343, 25.72576874662832], [-85.88563208053773, 25.72576874662832], [-85.88563208053773, 25.680812803452632], [-85.84067613736204, 25.680812803452632], [-85.84067613736204, 25.63585686027694], [-85.79572019418634, 25.63585686027694], [-85.79572019418634, 25.590900917101255], [-85.75076425101065, 25.590900917101255], [-85.75076425101065, 25.545944973925568], [-85.70580830783496, 25.545944973925568], [-85.70580830783496, 25.500989030749878], [-85.66085236465926, 25.500989030749878], [-85.66085236465926, 25.45603308757419], [-85.61589642148357, 25.45603308757419], [-85.61589642148357, 25.411077144398504], [-85.57094047830788, 25.411077144398504], [-85.57094047830788, 25.366121201222814], [-85.52598453513218, 25.366121201222814], [-85.52598453513218, 25.321165258047127], [-85.48102859195649, 25.321165258047127], [-85.48102859195649, 25.27620931487144], [-85.4360726487808, 25.27620931487144], [-85.4360726487808, 25.23125337169575], [-85.3911167056051, 25.23125337169575], [-85.3911167056051, 25.186297428520064], [-85.3461607624294, 25.186297428520064], [-85.3461607624294, 25.141341485344377], [-85.30120481925371, 25.141341485344377], [-85.30120481925371, 25.09638554216869], [-85.25624887607802, 25.09638554216869], [-85.25624887607802, 25.051429598993], [-85.21129293290232, 25.051429598993], [-85.21129293290232, 25.006473655817313], [-85.16633698972663, 25.006473655817313], [-85.16633698972663, 24.961517712641626], [-85.12138104655094, 24.961517712641626], [-85.12138104655094, 24.916561769465936], [-85.07642510337524, 24.916561769465936], [-85.07642510337524, 24.87160582629025], [-85.03146916019955, 24.87160582629025], [-85.03146916019955, 24.826649883114563], [-84.98651321702386, 24.826649883114563], [-84.98651321702386, 24.781693939938872], [-84.94155727384816, 24.781693939938872], [-84.94155727384816, 24.736737996763186], [-84.89660133067247, 24.736737996763186], [-84.89660133067247, 24.6917820535875], [-84.85164538749677, 24.6917820535875], [-84.85164538749677, 24.64682611041181], [-84.80668944432108, 24.64682611041181], [-84.80668944432108, 24.60187016723612], [-84.76173350114539, 24.60187016723612], [-84.76173350114539, 24.556914224060435], [-84.71677755796969, 24.556914224060435], [-84.6268656716183, 24.42204639453337], [-84.58190972844261, 24.42204639453337], [-84.58190972844261, 24.37709045135768], [-84.53695378526692, 24.37709045135768], [-84.53695378526692, 24.287178565006307], [-84.49199784209122, 24.287178565006307], [-84.49199784209122, 24.24222262183062], [-84.44704189891553, 24.24222262183062], [-84.44704189891553, 24.19726667865493], [-84.31217406938845, 24.107354792303557], [-84.31217406938845, 24.01744290595218], [-84.17730623986137, 23.927531019600803], [-84.17730623986137, 23.83761913324943], [-84.13235029668567, 23.83761913324943], [-84.13235029668567, 23.747707246898052], [-84.08739435350998, 23.747707246898052], [-84.08739435350998, 23.65779536054668], [-84.04243841033428, 23.65779536054668], [-84.04243841033428, 23.567883474195302], [-83.99748246715859, 23.567883474195302], [-83.99748246715859, 23.38805970149255], [-83.9525265239829, 23.38805970149255], [-83.9525265239829, 23.208235928789797], [-83.9075705808072, 23.208235928789797], [-83.9075705808072, 22.98345621291136], [-83.9525265239829, 22.98345621291136], [-83.99748246715859, 22.893544326559983], [-84.17730623986137, 22.848588383384296], [-84.17730623986137, 22.80363244020861], [-84.31217406938845, 22.80363244020861], [-84.31217406938845, 22.75867649703292], [-84.76173350114539, 22.75867649703292], [-84.76173350114539, 22.80363244020861], [-85.03146916019955, 22.848588383384296], [-85.03146916019955, 22.893544326559983], [-85.12138104655094, 22.893544326559983], [-85.12138104655094, 22.93850026973567], [-85.25624887607802, 22.93850026973567], [-85.25624887607802, 22.98345621291136], [-85.4360726487808, 23.028412156087047], [-85.48102859195649, 23.118324042438424], [-85.66085236465926, 23.16327998561411], [-85.70580830783496, 23.253191871965488], [-85.79572019418634, 23.253191871965488], [-85.84067613736204, 23.34310375831686], [-85.93058802371343, 23.34310375831686], [-86.02049991006481, 23.477971587843925], [-86.1104117964162, 23.477971587843925], [-86.20032368276759, 23.61283941737099], [-86.29023556911898, 23.61283941737099], [-86.38014745547036, 23.747707246898052], [-86.47005934182175, 23.747707246898052], [-86.55997122817314, 23.882575076425116], [-86.64988311452453, 23.882575076425116], [-86.64988311452453, 23.927531019600803], [-86.69483905770022, 23.927531019600803], [-86.78475094405161, 24.062398849127867], [-86.874662830403, 24.062398849127867], [-86.96457471675438, 24.19726667865493], [-87.05448660310577, 24.19726667865493], [-87.14439848945716, 24.332134508181994], [-87.23431037580855, 24.332134508181994], [-87.32422226215994, 24.467002337709058], [-87.41413414851132, 24.467002337709058], [-87.50404603486271, 24.60187016723612], [-87.5939579212141, 24.60187016723612], [-87.5939579212141, 24.64682611041181], [-87.63891386438979, 24.64682611041181], [-87.72882575074118, 24.781693939938872], [-87.81873763709257, 24.781693939938872], [-87.90864952344396, 24.916561769465936], [-87.99856140979534, 24.916561769465936], [-88.08847329614673, 25.051429598993], [-88.17838518249812, 25.051429598993], [-88.2682970688495, 25.186297428520064], [-88.3582089552009, 25.186297428520064], [-88.3582089552009, 25.23125337169575], [-88.40316489837659, 25.23125337169575], [-88.49307678472798, 25.366121201222814], [-88.58298867107936, 25.366121201222814], [-88.58298867107936, 25.411077144398504], [-88.62794461425506, 25.411077144398504], [-88.71785650060644, 25.545944973925568], [-88.80776838695783, 25.545944973925568], [-88.89768027330922, 25.680812803452632], [-88.98759215966061, 25.680812803452632], [-88.98759215966061, 25.72576874662832], [-89.0325481028363, 25.72576874662832], [-89.12245998918769, 25.860636576155382], [-89.21237187553908, 25.860636576155382], [-89.21237187553908, 25.90559251933107], [-89.25732781871477, 25.90559251933107], [-89.34723970506616, 26.040460348858133], [-89.43715159141755, 26.040460348858133], [-89.52706347776893, 26.175328178385197], [-89.61697536412032, 26.175328178385197], [-89.70688725047171, 26.31019600791226], [-89.7967991368231, 26.31019600791226], [-89.7967991368231, 26.355151951087947], [-89.84175507999879, 26.355151951087947], [-89.93166696635018, 26.49001978061501], [-90.02157885270157, 26.49001978061501], [-90.02157885270157, 26.5349757237907], [-90.06653479587726, 26.5349757237907], [-90.15644668222865, 26.66984355331776], [-90.24635856858004, 26.66984355331776], [-90.33627045493142, 26.804711382844825], [-90.42618234128281, 26.804711382844825], [-90.42618234128281, 26.849667326020516], [-90.4711382844585, 26.849667326020516], [-90.56105017080989, 26.98453515554758], [-90.65096205716128, 26.98453515554758], [-90.65096205716128, 27.029491098723266], [-90.69591800033697, 27.029491098723266], [-90.78582988668836, 27.16435892825033], [-90.87574177303975, 27.16435892825033], [-90.87574177303975, 27.209314871426017], [-90.92069771621544, 27.209314871426017], [-90.92069771621544, 27.254270814601703], [-90.96565365939114, 27.254270814601703], [-91.05556554574252, 27.389138644128767], [-91.14547743209391, 27.389138644128767], [-91.14547743209391, 27.434094587304457], [-91.1904333752696, 27.434094587304457], [-91.1904333752696, 27.479050530480144], [-91.2353893184453, 27.479050530480144], [-91.2353893184453, 27.52400647365583], [-91.280345261621, 27.52400647365583], [-91.280345261621, 27.56896241683152], [-91.32530120479669, 27.56896241683152], [-91.32530120479669, 27.613918360007208], [-91.37025714797238, 27.613918360007208], [-91.37025714797238, 27.658874303182895], [-91.41521309114808, 27.658874303182895], [-91.41521309114808, 27.703830246358585], [-91.46016903432377, 27.703830246358585], [-91.46016903432377, 27.748786189534272], [-91.50512497749946, 27.748786189534272], [-91.50512497749946, 27.79374213270996], [-91.55008092067516, 27.79374213270996], [-91.55008092067516, 27.83869807588565], [-91.59503686385085, 27.83869807588565], [-91.59503686385085, 27.883654019061336], [-91.63999280702654, 27.883654019061336], [-91.63999280702654, 27.928609962237022], [-91.68494875020224, 27.928609962237022], [-91.68494875020224, 27.973565905412713], [-91.72990469337793, 27.973565905412713], [-91.72990469337793, 28.0185218485884], [-91.77486063655363, 28.0185218485884], [-91.77486063655363, 28.063477791764086], [-91.81981657972932, 28.063477791764086], [-91.81981657972932, 28.108433734939773], [-91.86477252290501, 28.108433734939773], [-91.86477252290501, 28.153389678115463], [-91.9996403524321, 28.243301564466837], [-91.9996403524321, 28.333213450818214], [-92.13450818195918, 28.42312533716959], [-92.17946412513487, 28.60294910987234], [-92.26937601148626, 28.647905053048028], [-92.26937601148626, 28.737816939399405], [-92.31433195466195, 28.737816939399405], [-92.31433195466195, 28.82772882575078], [-92.35928789783765, 28.82772882575078], [-92.35928789783765, 28.917640712102155], [-92.40424384101334, 28.917640712102155], [-92.40424384101334, 29.007552598453533], [-92.44919978418903, 29.007552598453533], [-92.44919978418903, 29.187376371156283], [-92.49415572736473, 29.187376371156283], [-92.49415572736473, 29.322244200683347], [-92.53911167054042, 29.322244200683347], [-92.53911167054042, 29.45711203021041], [-92.58406761371612, 29.45711203021041]], [[-92.26937601148626, 29.367200143859034], [-92.22442006831056, 29.367200143859034], [-92.17946412513487, 28.962596655277842], [-92.08955223878348, 28.917640712102155], [-92.08955223878348, 28.82772882575078], [-92.04459629560779, 28.82772882575078], [-92.04459629560779, 28.737816939399405], [-91.9546844092564, 28.692860996223715], [-91.9546844092564, 28.60294910987234], [-91.86477252290501, 28.557993166696654], [-91.86477252290501, 28.468081280345277], [-91.72990469337793, 28.3781693939939], [-91.72990469337793, 28.288257507642527], [-91.68494875020224, 28.288257507642527], [-91.68494875020224, 28.243301564466837], [-91.63999280702654, 28.243301564466837], [-91.63999280702654, 28.19834562129115], [-91.59503686385085, 28.19834562129115], [-91.59503686385085, 28.153389678115463], [-91.55008092067516, 28.153389678115463], [-91.55008092067516, 28.108433734939773], [-91.50512497749946, 28.108433734939773], [-91.50512497749946, 28.063477791764086], [-91.46016903432377, 28.063477791764086], [-91.46016903432377, 28.0185218485884], [-91.41521309114808, 28.0185218485884], [-91.41521309114808, 27.973565905412713], [-91.37025714797238, 27.973565905412713], [-91.37025714797238, 27.928609962237022], [-91.32530120479669, 27.928609962237022], [-91.32530120479669, 27.883654019061336], [-91.280345261621, 27.883654019061336], [-91.280345261621, 27.83869807588565], [-91.2353893184453, 27.83869807588565], [-91.2353893184453, 27.79374213270996], [-91.1904333752696, 27.79374213270996], [-91.1904333752696, 27.748786189534272], [-91.14547743209391, 27.748786189534272], [-91.14547743209391, 27.703830246358585], [-91.10052148891822, 27.703830246358585], [-91.10052148891822, 27.658874303182895], [-91.05556554574252, 27.658874303182895], [-91.05556554574252, 27.613918360007208], [-91.01060960256683, 27.613918360007208], [-91.01060960256683, 27.56896241683152], [-90.96565365939114, 27.56896241683152], [-90.87574177303975, 27.434094587304457], [-90.78582988668836, 27.434094587304457], [-90.78582988668836, 27.389138644128767], [-90.74087394351267, 27.389138644128767], [-90.74087394351267, 27.34418270095308], [-90.69591800033697, 27.34418270095308], [-90.69591800033697, 27.299226757777394], [-90.65096205716128, 27.299226757777394], [-90.56105017080989, 27.16435892825033], [-90.4711382844585, 27.16435892825033], [-90.4711382844585, 27.119402985074643], [-90.42618234128281, 27.119402985074643], [-90.33627045493142, 26.98453515554758], [-90.24635856858004, 26.98453515554758], [-90.24635856858004, 26.93957921237189], [-90.20140262540434, 26.93957921237189], [-90.11149073905295, 26.804711382844825], [-90.02157885270157, 26.804711382844825], [-90.02157885270157, 26.75975543966914], [-89.97662290952587, 26.75975543966914], [-89.97662290952587, 26.714799496493452], [-89.93166696635018, 26.714799496493452], [-89.84175507999879, 26.579931666966388], [-89.7518431936474, 26.579931666966388], [-89.7518431936474, 26.5349757237907], [-89.70688725047171, 26.5349757237907], [-89.61697536412032, 26.400107894263638], [-89.52706347776893, 26.400107894263638], [-89.52706347776893, 26.355151951087947], [-89.48210753459324, 26.355151951087947], [-89.39219564824185, 26.220284121560884], [-89.30228376189046, 26.220284121560884], [-89.30228376189046, 26.175328178385197], [-89.25732781871477, 26.175328178385197], [-89.16741593236338, 26.040460348858133], [-89.077504046012, 26.040460348858133], [-89.077504046012, 25.995504405682446], [-89.0325481028363, 25.995504405682446], [-88.94263621648491, 25.860636576155382], [-88.85272433013353, 25.860636576155382], [-88.85272433013353, 25.815680632979692], [-88.80776838695783, 25.815680632979692], [-88.71785650060644, 25.680812803452632], [-88.62794461425506, 25.680812803452632], [-88.62794461425506, 25.63585686027694], [-88.58298867107936, 25.63585686027694], [-88.49307678472798, 25.500989030749878], [-88.40316489837659, 25.500989030749878], [-88.40316489837659, 25.45603308757419], [-88.3582089552009, 25.45603308757419], [-88.2682970688495, 25.321165258047127], [-88.17838518249812, 25.321165258047127], [-88.17838518249812, 25.27620931487144], [-88.13342923932242, 25.27620931487144], [-88.08847329614673, 25.186297428520064], [-87.99856140979534, 25.186297428520064], [-87.99856140979534, 25.141341485344377], [-87.95360546661965, 25.141341485344377], [-87.86369358026826, 25.006473655817313], [-87.77378169391687, 25.006473655817313], [-87.68386980756549, 24.87160582629025], [-87.5939579212141, 24.87160582629025], [-87.50404603486271, 24.736737996763186], [-87.41413414851132, 24.736737996763186], [-87.41413414851132, 24.6917820535875], [-87.36917820533563, 24.6917820535875], [-87.27926631898424, 24.556914224060435], [-87.18935443263285, 24.556914224060435], [-87.09944254628147, 24.42204639453337], [-87.00953065993008, 24.42204639453337], [-87.00953065993008, 24.37709045135768], [-86.96457471675438, 24.37709045135768], [-86.874662830403, 24.24222262183062], [-86.78475094405161, 24.24222262183062], [-86.78475094405161, 24.19726667865493], [-86.73979500087592, 24.19726667865493], [-86.64988311452453, 24.062398849127867], [-86.55997122817314, 24.062398849127867], [-86.47005934182175, 23.927531019600803], [-86.38014745547036, 23.927531019600803], [-86.38014745547036, 23.882575076425116], [-86.33519151229467, 23.882575076425116], [-86.24527962594328, 23.747707246898052], [-86.1553677395919, 23.747707246898052], [-86.06545585324051, 23.61283941737099], [-85.97554396688912, 23.61283941737099], [-85.88563208053773, 23.477971587843925], [-85.79572019418634, 23.477971587843925], [-85.79572019418634, 23.433015644668238], [-85.75076425101065, 23.433015644668238], [-85.75076425101065, 23.38805970149255], [-85.66085236465926, 23.38805970149255], [-85.61589642148357, 23.298147815141174], [-85.52598453513218, 23.298147815141174], [-85.48102859195649, 23.208235928789797], [-85.30120481925371, 23.16327998561411], [-85.30120481925371, 23.118324042438424], [-85.21129293290232, 23.118324042438424], [-85.21129293290232, 23.073368099262733], [-85.12138104655094, 23.073368099262733], [-85.12138104655094, 23.028412156087047], [-84.98651321702386, 23.028412156087047], [-84.98651321702386, 22.98345621291136], [-84.89660133067247, 22.98345621291136], [-84.89660133067247, 22.93850026973567], [-84.6268656716183, 22.893544326559983], [-84.6268656716183, 22.848588383384296], [-84.35713001256414, 22.848588383384296], [-84.35713001256414, 22.893544326559983], [-84.26721812621275, 22.893544326559983], [-84.26721812621275, 22.93850026973567], [-84.13235029668567, 22.93850026973567], [-84.13235029668567, 22.98345621291136], [-84.04243841033428, 23.028412156087047], [-84.04243841033428, 23.073368099262733], [-84.08739435350998, 23.073368099262733], [-84.08739435350998, 23.38805970149255], [-84.13235029668567, 23.38805970149255], [-84.13235029668567, 23.567883474195302], [-84.17730623986137, 23.567883474195302], [-84.17730623986137, 23.65779536054668], [-84.22226218303706, 23.65779536054668], [-84.26721812621275, 23.83761913324943], [-84.31217406938845, 23.83761913324943], [-84.31217406938845, 23.882575076425116], [-84.44704189891553, 23.972486962776493], [-84.44704189891553, 24.062398849127867], [-84.49199784209122, 24.062398849127867], [-84.49199784209122, 24.107354792303557], [-84.53695378526692, 24.107354792303557], [-84.53695378526692, 24.152310735479244], [-84.58190972844261, 24.152310735479244], [-84.58190972844261, 24.19726667865493], [-84.6268656716183, 24.19726667865493], [-84.6268656716183, 24.24222262183062], [-84.76173350114539, 24.332134508181994], [-84.76173350114539, 24.42204639453337], [-84.80668944432108, 24.42204639453337], [-84.80668944432108, 24.467002337709058], [-84.85164538749677, 24.467002337709058], [-84.85164538749677, 24.511958280884745], [-84.89660133067247, 24.511958280884745], [-84.89660133067247, 24.556914224060435], [-84.94155727384816, 24.556914224060435], [-84.94155727384816, 24.60187016723612], [-84.98651321702386, 24.60187016723612], [-84.98651321702386, 24.64682611041181], [-85.03146916019955, 24.64682611041181], [-85.03146916019955, 24.6917820535875], [-85.07642510337524, 24.6917820535875], [-85.07642510337524, 24.736737996763186], [-85.12138104655094, 24.736737996763186], [-85.12138104655094, 24.781693939938872], [-85.16633698972663, 24.781693939938872], [-85.16633698972663, 24.826649883114563], [-85.21129293290232, 24.826649883114563], [-85.21129293290232, 24.87160582629025], [-85.25624887607802, 24.87160582629025], [-85.25624887607802, 24.916561769465936], [-85.30120481925371, 24.916561769465936], [-85.30120481925371, 24.961517712641626], [-85.3461607624294, 24.961517712641626], [-85.3461607624294, 25.006473655817313], [-85.3911167056051, 25.006473655817313], [-85.3911167056051, 25.051429598993], [-85.4360726487808, 25.051429598993], [-85.4360726487808, 25.09638554216869], [-85.48102859195649, 25.09638554216869], [-85.48102859195649, 25.141341485344377], [-85.52598453513218, 25.141341485344377], [-85.52598453513218, 25.186297428520064], [-85.57094047830788, 25.186297428520064], [-85.57094047830788, 25.23125337169575], [-85.61589642148357, 25.23125337169575], [-85.61589642148357, 25.27620931487144], [-85.66085236465926, 25.27620931487144], [-85.66085236465926, 25.321165258047127], [-85.70580830783496, 25.321165258047127], [-85.70580830783496, 25.366121201222814], [-85.75076425101065, 25.366121201222814], [-85.75076425101065, 25.411077144398504], [-85.79572019418634, 25.411077144398504], [-85.79572019418634, 25.45603308757419], [-85.84067613736204, 25.45603308757419], [-85.84067613736204, 25.500989030749878], [-85.88563208053773, 25.500989030749878], [-85.88563208053773, 25.545944973925568], [-86.02049991006481, 25.63585686027694], [-86.02049991006481, 25.680812803452632], [-86.1104117964162, 25.680812803452632], [-86.1104117964162, 25.72576874662832], [-86.1553677395919, 25.72576874662832], [-86.1553677395919, 25.770724689804005], [-86.20032368276759, 25.770724689804005], [-86.20032368276759, 25.815680632979692], [-86.24527962594328, 25.815680632979692], [-86.24527962594328, 25.860636576155382], [-86.29023556911898, 25.860636576155382], [-86.29023556911898, 25.90559251933107], [-86.33519151229467, 25.90559251933107], [-86.33519151229467, 25.950548462506756], [-86.38014745547036, 25.950548462506756], [-86.38014745547036, 25.995504405682446], [-86.42510339864606, 25.995504405682446], [-86.42510339864606, 26.040460348858133], [-86.47005934182175, 26.040460348858133], [-86.47005934182175, 26.08541629203382], [-86.51501528499745, 26.08541629203382], [-86.51501528499745, 26.13037223520951], [-86.55997122817314, 26.13037223520951], [-86.55997122817314, 26.175328178385197], [-86.60492717134883, 26.175328178385197], [-86.60492717134883, 26.220284121560884], [-86.64988311452453, 26.220284121560884], [-86.64988311452453, 26.265240064736574], [-86.69483905770022, 26.265240064736574], [-86.69483905770022, 26.31019600791226], [-86.73979500087592, 26.31019600791226], [-86.73979500087592, 26.355151951087947], [-86.78475094405161, 26.355151951087947], [-86.874662830403, 26.49001978061501], [-86.96457471675438, 26.49001978061501], [-86.96457471675438, 26.5349757237907], [-87.00953065993008, 26.5349757237907], [-87.00953065993008, 26.579931666966388], [-87.05448660310577, 26.579931666966388], [-87.05448660310577, 26.624887610142075], [-87.09944254628147, 26.624887610142075], [-87.09944254628147, 26.66984355331776], [-87.14439848945716, 26.66984355331776], [-87.14439848945716, 26.714799496493452], [-87.18935443263285, 26.714799496493452], [-87.18935443263285, 26.75975543966914], [-87.23431037580855, 26.75975543966914], [-87.23431037580855, 26.804711382844825], [-87.27926631898424, 26.804711382844825], [-87.27926631898424, 26.849667326020516], [-87.32422226215994, 26.849667326020516], [-87.32422226215994, 26.894623269196202], [-87.36917820533563, 26.894623269196202], [-87.36917820533563, 26.93957921237189], [-87.41413414851132, 26.93957921237189], [-87.41413414851132, 26.98453515554758], [-87.45909009168702, 26.98453515554758], [-87.45909009168702, 27.029491098723266], [-87.50404603486271, 27.029491098723266], [-87.50404603486271, 27.074447041898953], [-87.5490019780384, 27.074447041898953], [-87.5490019780384, 27.119402985074643], [-87.5939579212141, 27.119402985074643], [-87.5939579212141, 27.16435892825033], [-87.63891386438979, 27.16435892825033], [-87.63891386438979, 27.209314871426017], [-87.68386980756549, 27.209314871426017], [-87.68386980756549, 27.254270814601703], [-87.72882575074118, 27.254270814601703], [-87.72882575074118, 27.299226757777394], [-87.77378169391687, 27.299226757777394], [-87.77378169391687, 27.34418270095308], [-87.81873763709257, 27.34418270095308], [-87.81873763709257, 27.389138644128767], [-87.86369358026826, 27.389138644128767], [-87.86369358026826, 27.434094587304457], [-87.90864952344396, 27.434094587304457], [-87.90864952344396, 27.479050530480144], [-87.95360546661965, 27.479050530480144], [-87.95360546661965, 27.52400647365583], [-87.99856140979534, 27.52400647365583], [-87.99856140979534, 27.56896241683152], [-88.04351735297104, 27.56896241683152], [-88.04351735297104, 27.613918360007208], [-88.08847329614673, 27.613918360007208], [-88.08847329614673, 27.658874303182895], [-88.13342923932242, 27.658874303182895], [-88.13342923932242, 27.703830246358585], [-88.17838518249812, 27.703830246358585], [-88.17838518249812, 27.748786189534272], [-88.22334112567381, 27.748786189534272], [-88.22334112567381, 27.79374213270996], [-88.2682970688495, 27.79374213270996], [-88.2682970688495, 27.83869807588565], [-88.3132530120252, 27.83869807588565], [-88.3132530120252, 27.883654019061336], [-88.3582089552009, 27.883654019061336], [-88.3582089552009, 27.928609962237022], [-88.40316489837659, 27.928609962237022], [-88.40316489837659, 27.973565905412713], [-88.44812084155228, 27.973565905412713], [-88.44812084155228, 28.0185218485884], [-88.49307678472798, 28.0185218485884], [-88.49307678472798, 28.063477791764086], [-88.53803272790367, 28.063477791764086], [-88.53803272790367, 28.108433734939773], [-88.58298867107936, 28.108433734939773], [-88.58298867107936, 28.153389678115463], [-88.62794461425506, 28.153389678115463], [-88.62794461425506, 28.19834562129115], [-88.67290055743075, 28.19834562129115], [-88.67290055743075, 28.243301564466837], [-88.71785650060644, 28.243301564466837], [-88.80776838695783, 28.3781693939939], [-88.89768027330922, 28.3781693939939], [-88.89768027330922, 28.42312533716959], [-88.94263621648491, 28.42312533716959], [-88.94263621648491, 28.468081280345277], [-88.98759215966061, 28.468081280345277], [-88.98759215966061, 28.513037223520964], [-89.0325481028363, 28.513037223520964], [-89.0325481028363, 28.557993166696654], [-89.077504046012, 28.557993166696654], [-89.077504046012, 28.60294910987234], [-89.12245998918769, 28.60294910987234], [-89.12245998918769, 28.647905053048028], [-89.16741593236338, 28.647905053048028], [-89.16741593236338, 28.692860996223715], [-89.21237187553908, 28.692860996223715], [-89.21237187553908, 28.737816939399405], [-89.25732781871477, 28.737816939399405], [-89.25732781871477, 28.78277288257509], [-89.30228376189046, 28.78277288257509], [-89.30228376189046, 28.82772882575078], [-89.34723970506616, 28.82772882575078], [-89.34723970506616, 28.87268476892647], [-89.39219564824185, 28.87268476892647], [-89.39219564824185, 28.917640712102155], [-89.43715159141755, 28.917640712102155], [-89.43715159141755, 28.962596655277842], [-89.48210753459324, 28.962596655277842], [-89.48210753459324, 29.007552598453533], [-89.61697536412032, 29.097464484804906], [-89.61697536412032, 29.142420427980596], [-89.66193130729602, 29.142420427980596], [-89.66193130729602, 29.187376371156283], [-89.70688725047171, 29.187376371156283], [-89.70688725047171, 29.23233231433197], [-89.7518431936474, 29.23233231433197], [-89.7518431936474, 29.27728825750766], [-89.7967991368231, 29.27728825750766], [-89.88671102317448, 29.412156087034724], [-89.97662290952587, 29.412156087034724], [-89.97662290952587, 29.45711203021041], [-90.02157885270157, 29.45711203021041], [-90.02157885270157, 29.502067973386097], [-90.06653479587726, 29.502067973386097], [-90.15644668222865, 29.63693580291316], [-90.24635856858004, 29.63693580291316], [-90.24635856858004, 29.681891746088848], [-90.29131451175573, 29.681891746088848], [-90.29131451175573, 29.726847689264538], [-90.33627045493142, 29.726847689264538], [-90.33627045493142, 29.771803632440225], [-90.38122639810712, 29.771803632440225], [-90.38122639810712, 29.81675957561591], [-90.42618234128281, 29.81675957561591], [-90.42618234128281, 29.861715518791602], [-90.4711382844585, 29.861715518791602], [-90.4711382844585, 29.90667146196729], [-90.5160942276342, 29.90667146196729], [-90.5160942276342, 29.951627405142975], [-90.56105017080989, 29.951627405142975], [-90.65096205716128, 30.08649523467004], [-90.74087394351267, 30.08649523467004], [-90.74087394351267, 30.131451177845726], [-90.78582988668836, 30.131451177845726], [-90.78582988668836, 30.176407121021416], [-90.83078582986406, 30.176407121021416], [-90.92069771621544, 30.31127495054848], [-91.01060960256683, 30.31127495054848], [-91.01060960256683, 30.356230893724167], [-91.1904333752696, 30.356230893724167], [-91.1904333752696, 30.401186836899853], [-91.32530120479669, 30.401186836899853], [-91.32530120479669, 30.446142780075544], [-91.55008092067516, 30.446142780075544], [-91.55008092067516, 30.401186836899853], [-91.72990469337793, 30.356230893724167], [-91.72990469337793, 30.31127495054848], [-91.77486063655363, 30.31127495054848], [-91.77486063655363, 30.26631900737279], [-91.81981657972932, 30.26631900737279], [-91.81981657972932, 30.221363064197103], [-91.86477252290501, 30.221363064197103], [-91.86477252290501, 30.176407121021416], [-91.90972846608071, 30.176407121021416], [-91.90972846608071, 30.131451177845726], [-92.04459629560779, 30.041539291494352], [-92.04459629560779, 29.951627405142975], [-92.13450818195918, 29.90667146196729], [-92.13450818195918, 29.81675957561591], [-92.17946412513487, 29.81675957561591], [-92.17946412513487, 29.726847689264538], [-92.22442006831056, 29.726847689264538], [-92.22442006831056, 29.63693580291316], [-92.26937601148626, 29.63693580291316], [-92.26937601148626, 29.367200143859034]]]}}, {"type": "Feature", "properties": {"shapefile": "2021082718_wsp64knt120hr_5km", "PERCENTAGE": "40-50%"}, "geometry": {"type": "Polygon", "coordinates": [[[-92.26937601148626, 29.367200143859034], [-92.26937601148626, 29.63693580291316], [-92.22442006831056, 29.63693580291316], [-92.22442006831056, 29.726847689264538], [-92.17946412513487, 29.726847689264538], [-92.13450818195918, 29.90667146196729], [-92.04459629560779, 29.951627405142975], [-92.04459629560779, 30.041539291494352], [-91.9996403524321, 30.041539291494352], [-91.9996403524321, 30.08649523467004], [-91.9546844092564, 30.08649523467004], [-91.9546844092564, 30.131451177845726], [-91.90972846608071, 30.131451177845726], [-91.90972846608071, 30.176407121021416], [-91.86477252290501, 30.176407121021416], [-91.86477252290501, 30.221363064197103], [-91.81981657972932, 30.221363064197103], [-91.72990469337793, 30.356230893724167], [-91.55008092067516, 30.401186836899853], [-91.55008092067516, 30.446142780075544], [-91.32530120479669, 30.446142780075544], [-91.32530120479669, 30.401186836899853], [-91.1904333752696, 30.401186836899853], [-91.1904333752696, 30.356230893724167], [-91.01060960256683, 30.356230893724167], [-91.01060960256683, 30.31127495054848], [-90.92069771621544, 30.31127495054848], [-90.92069771621544, 30.26631900737279], [-90.87574177303975, 30.26631900737279], [-90.87574177303975, 30.221363064197103], [-90.83078582986406, 30.221363064197103], [-90.74087394351267, 30.08649523467004], [-90.65096205716128, 30.08649523467004], [-90.65096205716128, 30.041539291494352], [-90.60600611398559, 30.041539291494352], [-90.60600611398559, 29.996583348318666], [-90.56105017080989, 29.996583348318666], [-90.56105017080989, 29.951627405142975], [-90.5160942276342, 29.951627405142975], [-90.5160942276342, 29.90667146196729], [-90.4711382844585, 29.90667146196729], [-90.4711382844585, 29.861715518791602], [-90.42618234128281, 29.861715518791602], [-90.42618234128281, 29.81675957561591], [-90.38122639810712, 29.81675957561591], [-90.38122639810712, 29.771803632440225], [-90.33627045493142, 29.771803632440225], [-90.24635856858004, 29.63693580291316], [-90.15644668222865, 29.63693580291316], [-90.15644668222865, 29.591979859737474], [-90.11149073905295, 29.591979859737474], [-90.11149073905295, 29.547023916561784], [-90.06653479587726, 29.547023916561784], [-89.97662290952587, 29.412156087034724], [-89.88671102317448, 29.412156087034724], [-89.88671102317448, 29.367200143859034], [-89.84175507999879, 29.367200143859034], [-89.84175507999879, 29.322244200683347], [-89.7967991368231, 29.322244200683347], [-89.7967991368231, 29.27728825750766], [-89.7518431936474, 29.27728825750766], [-89.7518431936474, 29.23233231433197], [-89.70688725047171, 29.23233231433197], [-89.70688725047171, 29.187376371156283], [-89.66193130729602, 29.187376371156283], [-89.66193130729602, 29.142420427980596], [-89.61697536412032, 29.142420427980596], [-89.61697536412032, 29.097464484804906], [-89.57201942094463, 29.097464484804906], [-89.57201942094463, 29.05250854162922], [-89.52706347776893, 29.05250854162922], [-89.52706347776893, 29.007552598453533], [-89.48210753459324, 29.007552598453533], [-89.48210753459324, 28.962596655277842], [-89.43715159141755, 28.962596655277842], [-89.43715159141755, 28.917640712102155], [-89.39219564824185, 28.917640712102155], [-89.39219564824185, 28.87268476892647], [-89.34723970506616, 28.87268476892647], [-89.34723970506616, 28.82772882575078], [-89.30228376189046, 28.82772882575078], [-89.30228376189046, 28.78277288257509], [-89.25732781871477, 28.78277288257509], [-89.25732781871477, 28.737816939399405], [-89.21237187553908, 28.737816939399405], [-89.21237187553908, 28.692860996223715], [-89.16741593236338, 28.692860996223715], [-89.16741593236338, 28.647905053048028], [-89.12245998918769, 28.647905053048028], [-89.12245998918769, 28.60294910987234], [-89.077504046012, 28.60294910987234], [-89.077504046012, 28.557993166696654], [-89.0325481028363, 28.557993166696654], [-89.0325481028363, 28.513037223520964], [-88.89768027330922, 28.42312533716959], [-88.89768027330922, 28.3781693939939], [-88.80776838695783, 28.3781693939939], [-88.80776838695783, 28.333213450818214], [-88.76281244378214, 28.333213450818214], [-88.76281244378214, 28.288257507642527], [-88.71785650060644, 28.288257507642527], [-88.71785650060644, 28.243301564466837], [-88.67290055743075, 28.243301564466837], [-88.67290055743075, 28.19834562129115], [-88.62794461425506, 28.19834562129115], [-88.62794461425506, 28.153389678115463], [-88.58298867107936, 28.153389678115463], [-88.58298867107936, 28.108433734939773], [-88.53803272790367, 28.108433734939773], [-88.53803272790367, 28.063477791764086], [-88.49307678472798, 28.063477791764086], [-88.49307678472798, 28.0185218485884], [-88.44812084155228, 28.0185218485884], [-88.44812084155228, 27.973565905412713], [-88.40316489837659, 27.973565905412713], [-88.40316489837659, 27.928609962237022], [-88.3582089552009, 27.928609962237022], [-88.3582089552009, 27.883654019061336], [-88.3132530120252, 27.883654019061336], [-88.3132530120252, 27.83869807588565], [-88.2682970688495, 27.83869807588565], [-88.2682970688495, 27.79374213270996], [-88.22334112567381, 27.79374213270996], [-88.22334112567381, 27.748786189534272], [-88.17838518249812, 27.748786189534272], [-88.17838518249812, 27.703830246358585], [-88.13342923932242, 27.703830246358585], [-88.13342923932242, 27.658874303182895], [-88.08847329614673, 27.658874303182895], [-88.08847329614673, 27.613918360007208], [-88.04351735297104, 27.613918360007208], [-88.04351735297104, 27.56896241683152], [-87.99856140979534, 27.56896241683152], [-87.99856140979534, 27.52400647365583], [-87.95360546661965, 27.52400647365583], [-87.95360546661965, 27.479050530480144], [-87.90864952344396, 27.479050530480144], [-87.90864952344396, 27.434094587304457], [-87.86369358026826, 27.434094587304457], [-87.86369358026826, 27.389138644128767], [-87.81873763709257, 27.389138644128767], [-87.81873763709257, 27.34418270095308], [-87.77378169391687, 27.34418270095308], [-87.77378169391687, 27.299226757777394], [-87.72882575074118, 27.299226757777394], [-87.72882575074118, 27.254270814601703], [-87.68386980756549, 27.254270814601703], [-87.68386980756549, 27.209314871426017], [-87.63891386438979, 27.209314871426017], [-87.63891386438979, 27.16435892825033], [-87.5939579212141, 27.16435892825033], [-87.5939579212141, 27.119402985074643], [-87.5490019780384, 27.119402985074643], [-87.5490019780384, 27.074447041898953], [-87.50404603486271, 27.074447041898953], [-87.50404603486271, 27.029491098723266], [-87.45909009168702, 27.029491098723266], [-87.45909009168702, 26.98453515554758], [-87.41413414851132, 26.98453515554758], [-87.32422226215994, 26.849667326020516], [-87.27926631898424, 26.849667326020516], [-87.27926631898424, 26.804711382844825], [-87.23431037580855, 26.804711382844825], [-87.23431037580855, 26.75975543966914], [-87.18935443263285, 26.75975543966914], [-87.18935443263285, 26.714799496493452], [-87.14439848945716, 26.714799496493452], [-87.14439848945716, 26.66984355331776], [-87.09944254628147, 26.66984355331776], [-87.09944254628147, 26.624887610142075], [-86.96457471675438, 26.5349757237907], [-86.96457471675438, 26.49001978061501], [-86.874662830403, 26.49001978061501], [-86.874662830403, 26.445063837439324], [-86.8297068872273, 26.445063837439324], [-86.8297068872273, 26.400107894263638], [-86.78475094405161, 26.400107894263638], [-86.78475094405161, 26.355151951087947], [-86.73979500087592, 26.355151951087947], [-86.73979500087592, 26.31019600791226], [-86.69483905770022, 26.31019600791226], [-86.69483905770022, 26.265240064736574], [-86.64988311452453, 26.265240064736574], [-86.64988311452453, 26.220284121560884], [-86.60492717134883, 26.220284121560884], [-86.60492717134883, 26.175328178385197], [-86.55997122817314, 26.175328178385197], [-86.55997122817314, 26.13037223520951], [-86.51501528499745, 26.13037223520951], [-86.51501528499745, 26.08541629203382], [-86.47005934182175, 26.08541629203382], [-86.47005934182175, 26.040460348858133], [-86.42510339864606, 26.040460348858133], [-86.42510339864606, 25.995504405682446], [-86.38014745547036, 25.995504405682446], [-86.38014745547036, 25.950548462506756], [-86.33519151229467, 25.950548462506756], [-86.33519151229467, 25.90559251933107], [-86.29023556911898, 25.90559251933107], [-86.29023556911898, 25.860636576155382], [-86.24527962594328, 25.860636576155382], [-86.24527962594328, 25.815680632979692], [-86.20032368276759, 25.815680632979692], [-86.1104117964162, 25.680812803452632], [-86.02049991006481, 25.680812803452632], [-86.02049991006481, 25.63585686027694], [-85.97554396688912, 25.63585686027694], [-85.97554396688912, 25.590900917101255], [-85.93058802371343, 25.590900917101255], [-85.93058802371343, 25.545944973925568], [-85.88563208053773, 25.545944973925568], [-85.88563208053773, 25.500989030749878], [-85.84067613736204, 25.500989030749878], [-85.84067613736204, 25.45603308757419], [-85.79572019418634, 25.45603308757419], [-85.79572019418634, 25.411077144398504], [-85.75076425101065, 25.411077144398504], [-85.75076425101065, 25.366121201222814], [-85.70580830783496, 25.366121201222814], [-85.70580830783496, 25.321165258047127], [-85.66085236465926, 25.321165258047127], [-85.66085236465926, 25.27620931487144], [-85.61589642148357, 25.27620931487144], [-85.61589642148357, 25.23125337169575], [-85.57094047830788, 25.23125337169575], [-85.57094047830788, 25.186297428520064], [-85.52598453513218, 25.186297428520064], [-85.52598453513218, 25.141341485344377], [-85.48102859195649, 25.141341485344377], [-85.48102859195649, 25.09638554216869], [-85.4360726487808, 25.09638554216869], [-85.4360726487808, 25.051429598993], [-85.3911167056051, 25.051429598993], [-85.3911167056051, 25.006473655817313], [-85.3461607624294, 25.006473655817313], [-85.3461607624294, 24.961517712641626], [-85.30120481925371, 24.961517712641626], [-85.30120481925371, 24.916561769465936], [-85.25624887607802, 24.916561769465936], [-85.25624887607802, 24.87160582629025], [-85.21129293290232, 24.87160582629025], [-85.21129293290232, 24.826649883114563], [-85.16633698972663, 24.826649883114563], [-85.16633698972663, 24.781693939938872], [-85.12138104655094, 24.781693939938872], [-85.12138104655094, 24.736737996763186], [-85.07642510337524, 24.736737996763186], [-85.07642510337524, 24.6917820535875], [-85.03146916019955, 24.6917820535875], [-85.03146916019955, 24.64682611041181], [-84.98651321702386, 24.64682611041181], [-84.98651321702386, 24.60187016723612], [-84.94155727384816, 24.60187016723612], [-84.94155727384816, 24.556914224060435], [-84.89660133067247, 24.556914224060435], [-84.89660133067247, 24.511958280884745], [-84.76173350114539, 24.42204639453337], [-84.76173350114539, 24.332134508181994], [-84.71677755796969, 24.332134508181994], [-84.71677755796969, 24.287178565006307], [-84.671821614794, 24.287178565006307], [-84.671821614794, 24.24222262183062], [-84.6268656716183, 24.24222262183062], [-84.6268656716183, 24.19726667865493], [-84.58190972844261, 24.19726667865493], [-84.58190972844261, 24.152310735479244], [-84.44704189891553, 24.062398849127867], [-84.44704189891553, 23.972486962776493], [-84.40208595573984, 23.972486962776493], [-84.40208595573984, 23.927531019600803], [-84.26721812621275, 23.83761913324943], [-84.26721812621275, 23.747707246898052], [-84.22226218303706, 23.747707246898052], [-84.22226218303706, 23.65779536054668], [-84.17730623986137, 23.65779536054668], [-84.17730623986137, 23.567883474195302], [-84.13235029668567, 23.567883474195302], [-84.13235029668567, 23.38805970149255], [-84.08739435350998, 23.38805970149255], [-84.08739435350998, 23.073368099262733], [-84.04243841033428, 23.073368099262733], [-84.04243841033428, 23.028412156087047], [-84.08739435350998, 23.028412156087047], [-84.13235029668567, 22.93850026973567], [-84.26721812621275, 22.93850026973567], [-84.26721812621275, 22.893544326559983], [-84.35713001256414, 22.893544326559983], [-84.35713001256414, 22.848588383384296], [-84.6268656716183, 22.848588383384296], [-84.6268656716183, 22.893544326559983], [-84.89660133067247, 22.93850026973567], [-84.89660133067247, 22.98345621291136], [-84.98651321702386, 22.98345621291136], [-84.98651321702386, 23.028412156087047], [-85.12138104655094, 23.028412156087047], [-85.12138104655094, 23.073368099262733], [-85.21129293290232, 23.073368099262733], [-85.21129293290232, 23.118324042438424], [-85.30120481925371, 23.118324042438424], [-85.30120481925371, 23.16327998561411], [-85.48102859195649, 23.208235928789797], [-85.52598453513218, 23.298147815141174], [-85.61589642148357, 23.298147815141174], [-85.66085236465926, 23.38805970149255], [-85.75076425101065, 23.38805970149255], [-85.79572019418634, 23.477971587843925], [-85.88563208053773, 23.477971587843925], [-85.97554396688912, 23.61283941737099], [-86.06545585324051, 23.61283941737099], [-86.1553677395919, 23.747707246898052], [-86.24527962594328, 23.747707246898052], [-86.24527962594328, 23.79266319007374], [-86.29023556911898, 23.79266319007374], [-86.38014745547036, 23.927531019600803], [-86.47005934182175, 23.927531019600803], [-86.47005934182175, 23.972486962776493], [-86.51501528499745, 23.972486962776493], [-86.55997122817314, 24.062398849127867], [-86.64988311452453, 24.062398849127867], [-86.64988311452453, 24.107354792303557], [-86.69483905770022, 24.107354792303557], [-86.78475094405161, 24.24222262183062], [-86.874662830403, 24.24222262183062], [-86.874662830403, 24.287178565006307], [-87.00953065993008, 24.37709045135768], [-87.00953065993008, 24.42204639453337], [-87.09944254628147, 24.42204639453337], [-87.18935443263285, 24.556914224060435], [-87.27926631898424, 24.556914224060435], [-87.27926631898424, 24.60187016723612], [-87.32422226215994, 24.60187016723612], [-87.41413414851132, 24.736737996763186], [-87.50404603486271, 24.736737996763186], [-87.5939579212141, 24.87160582629025], [-87.68386980756549, 24.87160582629025], [-87.77378169391687, 25.006473655817313], [-87.86369358026826, 25.006473655817313], [-87.86369358026826, 25.051429598993], [-87.90864952344396, 25.051429598993], [-87.99856140979534, 25.186297428520064], [-88.08847329614673, 25.186297428520064], [-88.17838518249812, 25.321165258047127], [-88.2682970688495, 25.321165258047127], [-88.2682970688495, 25.366121201222814], [-88.3132530120252, 25.366121201222814], [-88.40316489837659, 25.500989030749878], [-88.49307678472798, 25.500989030749878], [-88.49307678472798, 25.545944973925568], [-88.53803272790367, 25.545944973925568], [-88.62794461425506, 25.680812803452632], [-88.71785650060644, 25.680812803452632], [-88.71785650060644, 25.72576874662832], [-88.85272433013353, 25.815680632979692], [-88.85272433013353, 25.860636576155382], [-88.94263621648491, 25.860636576155382], [-88.94263621648491, 25.90559251933107], [-88.98759215966061, 25.90559251933107], [-89.077504046012, 26.040460348858133], [-89.16741593236338, 26.040460348858133], [-89.16741593236338, 26.08541629203382], [-89.21237187553908, 26.08541629203382], [-89.30228376189046, 26.220284121560884], [-89.39219564824185, 26.220284121560884], [-89.39219564824185, 26.265240064736574], [-89.43715159141755, 26.265240064736574], [-89.52706347776893, 26.400107894263638], [-89.61697536412032, 26.400107894263638], [-89.61697536412032, 26.445063837439324], [-89.66193130729602, 26.445063837439324], [-89.7518431936474, 26.579931666966388], [-89.84175507999879, 26.579931666966388], [-89.84175507999879, 26.624887610142075], [-89.88671102317448, 26.624887610142075], [-89.88671102317448, 26.66984355331776], [-89.93166696635018, 26.66984355331776], [-90.02157885270157, 26.804711382844825], [-90.11149073905295, 26.804711382844825], [-90.11149073905295, 26.849667326020516], [-90.15644668222865, 26.849667326020516], [-90.24635856858004, 26.98453515554758], [-90.33627045493142, 26.98453515554758], [-90.33627045493142, 27.029491098723266], [-90.38122639810712, 27.029491098723266], [-90.4711382844585, 27.16435892825033], [-90.56105017080989, 27.16435892825033], [-90.56105017080989, 27.209314871426017], [-90.60600611398559, 27.209314871426017], [-90.60600611398559, 27.254270814601703], [-90.65096205716128, 27.254270814601703], [-90.65096205716128, 27.299226757777394], [-90.69591800033697, 27.299226757777394], [-90.78582988668836, 27.434094587304457], [-90.87574177303975, 27.434094587304457], [-90.87574177303975, 27.479050530480144], [-90.92069771621544, 27.479050530480144], [-90.92069771621544, 27.52400647365583], [-90.96565365939114, 27.52400647365583], [-90.96565365939114, 27.56896241683152], [-91.01060960256683, 27.56896241683152], [-91.01060960256683, 27.613918360007208], [-91.05556554574252, 27.613918360007208], [-91.05556554574252, 27.658874303182895], [-91.10052148891822, 27.658874303182895], [-91.10052148891822, 27.703830246358585], [-91.14547743209391, 27.703830246358585], [-91.14547743209391, 27.748786189534272], [-91.1904333752696, 27.748786189534272], [-91.1904333752696, 27.79374213270996], [-91.2353893184453, 27.79374213270996], [-91.2353893184453, 27.83869807588565], [-91.280345261621, 27.83869807588565], [-91.280345261621, 27.883654019061336], [-91.32530120479669, 27.883654019061336], [-91.32530120479669, 27.928609962237022], [-91.37025714797238, 27.928609962237022], [-91.37025714797238, 27.973565905412713], [-91.41521309114808, 27.973565905412713], [-91.41521309114808, 28.0185218485884], [-91.46016903432377, 28.0185218485884], [-91.46016903432377, 28.063477791764086], [-91.50512497749946, 28.063477791764086], [-91.50512497749946, 28.108433734939773], [-91.55008092067516, 28.108433734939773], [-91.55008092067516, 28.153389678115463], [-91.59503686385085, 28.153389678115463], [-91.59503686385085, 28.19834562129115], [-91.72990469337793, 28.288257507642527], [-91.72990469337793, 28.3781693939939], [-91.86477252290501, 28.468081280345277], [-91.86477252290501, 28.557993166696654], [-91.90972846608071, 28.557993166696654], [-91.90972846608071, 28.60294910987234], [-91.9546844092564, 28.60294910987234], [-91.9546844092564, 28.692860996223715], [-92.04459629560779, 28.737816939399405], [-92.08955223878348, 28.917640712102155], [-92.17946412513487, 28.962596655277842], [-92.22442006831056, 29.367200143859034], [-92.26937601148626, 29.367200143859034]], [[-91.9996403524321, 29.412156087034724], [-91.9546844092564, 29.412156087034724], [-91.9546844092564, 29.097464484804906], [-91.90972846608071, 29.097464484804906], [-91.90972846608071, 28.962596655277842], [-91.86477252290501, 28.962596655277842], [-91.86477252290501, 28.917640712102155], [-91.81981657972932, 28.917640712102155], [-91.81981657972932, 28.82772882575078], [-91.72990469337793, 28.78277288257509], [-91.72990469337793, 28.692860996223715], [-91.68494875020224, 28.692860996223715], [-91.68494875020224, 28.60294910987234], [-91.59503686385085, 28.557993166696654], [-91.59503686385085, 28.468081280345277], [-91.55008092067516, 28.468081280345277], [-91.55008092067516, 28.42312533716959], [-91.50512497749946, 28.42312533716959], [-91.50512497749946, 28.3781693939939], [-91.46016903432377, 28.3781693939939], [-91.46016903432377, 28.333213450818214], [-91.41521309114808, 28.333213450818214], [-91.41521309114808, 28.288257507642527], [-91.37025714797238, 28.288257507642527], [-91.37025714797238, 28.243301564466837], [-91.32530120479669, 28.243301564466837], [-91.32530120479669, 28.19834562129115], [-91.280345261621, 28.19834562129115], [-91.280345261621, 28.153389678115463], [-91.2353893184453, 28.153389678115463], [-91.2353893184453, 28.108433734939773], [-91.10052148891822, 28.0185218485884], [-91.10052148891822, 27.928609962237022], [-91.01060960256683, 27.928609962237022], [-91.01060960256683, 27.883654019061336], [-90.96565365939114, 27.883654019061336], [-90.96565365939114, 27.83869807588565], [-90.92069771621544, 27.83869807588565], [-90.92069771621544, 27.79374213270996], [-90.87574177303975, 27.79374213270996], [-90.87574177303975, 27.748786189534272], [-90.83078582986406, 27.748786189534272], [-90.83078582986406, 27.703830246358585], [-90.78582988668836, 27.703830246358585], [-90.78582988668836, 27.658874303182895], [-90.74087394351267, 27.658874303182895], [-90.74087394351267, 27.613918360007208], [-90.69591800033697, 27.613918360007208], [-90.69591800033697, 27.56896241683152], [-90.65096205716128, 27.56896241683152], [-90.65096205716128, 27.52400647365583], [-90.60600611398559, 27.52400647365583], [-90.60600611398559, 27.479050530480144], [-90.56105017080989, 27.479050530480144], [-90.56105017080989, 27.434094587304457], [-90.5160942276342, 27.434094587304457], [-90.42618234128281, 27.299226757777394], [-90.33627045493142, 27.299226757777394], [-90.33627045493142, 27.254270814601703], [-90.29131451175573, 27.254270814601703], [-90.20140262540434, 27.119402985074643], [-90.11149073905295, 27.119402985074643], [-90.11149073905295, 27.074447041898953], [-90.06653479587726, 27.074447041898953], [-90.06653479587726, 27.029491098723266], [-90.02157885270157, 27.029491098723266], [-90.02157885270157, 26.98453515554758], [-89.97662290952587, 26.98453515554758], [-89.88671102317448, 26.849667326020516], [-89.7967991368231, 26.849667326020516], [-89.7967991368231, 26.804711382844825], [-89.7518431936474, 26.804711382844825], [-89.7518431936474, 26.75975543966914], [-89.70688725047171, 26.75975543966914], [-89.61697536412032, 26.624887610142075], [-89.52706347776893, 26.624887610142075], [-89.52706347776893, 26.579931666966388], [-89.48210753459324, 26.579931666966388], [-89.48210753459324, 26.5349757237907], [-89.43715159141755, 26.5349757237907], [-89.34723970506616, 26.400107894263638], [-89.25732781871477, 26.400107894263638], [-89.25732781871477, 26.355151951087947], [-89.21237187553908, 26.355151951087947], [-89.12245998918769, 26.220284121560884], [-89.0325481028363, 26.220284121560884], [-89.0325481028363, 26.175328178385197], [-88.98759215966061, 26.175328178385197], [-88.98759215966061, 26.13037223520951], [-88.94263621648491, 26.13037223520951], [-88.85272433013353, 25.995504405682446], [-88.76281244378214, 25.995504405682446], [-88.76281244378214, 25.950548462506756], [-88.71785650060644, 25.950548462506756], [-88.71785650060644, 25.90559251933107], [-88.67290055743075, 25.90559251933107], [-88.58298867107936, 25.770724689804005], [-88.49307678472798, 25.770724689804005], [-88.49307678472798, 25.72576874662832], [-88.44812084155228, 25.72576874662832], [-88.3582089552009, 25.590900917101255], [-88.2682970688495, 25.590900917101255], [-88.2682970688495, 25.545944973925568], [-88.22334112567381, 25.545944973925568], [-88.22334112567381, 25.500989030749878], [-88.17838518249812, 25.500989030749878], [-88.08847329614673, 25.366121201222814], [-87.99856140979534, 25.366121201222814], [-87.90864952344396, 25.23125337169575], [-87.81873763709257, 25.23125337169575], [-87.72882575074118, 25.09638554216869], [-87.63891386438979, 25.09638554216869], [-87.63891386438979, 25.051429598993], [-87.5939579212141, 25.051429598993], [-87.50404603486271, 24.916561769465936], [-87.41413414851132, 24.916561769465936], [-87.41413414851132, 24.87160582629025], [-87.36917820533563, 24.87160582629025], [-87.27926631898424, 24.736737996763186], [-87.18935443263285, 24.736737996763186], [-87.09944254628147, 24.60187016723612], [-87.00953065993008, 24.60187016723612], [-87.00953065993008, 24.556914224060435], [-86.96457471675438, 24.556914224060435], [-86.96457471675438, 24.511958280884745], [-86.91961877357869, 24.511958280884745], [-86.8297068872273, 24.37709045135768], [-86.73979500087592, 24.37709045135768], [-86.73979500087592, 24.332134508181994], [-86.60492717134883, 24.24222262183062], [-86.60492717134883, 24.19726667865493], [-86.51501528499745, 24.19726667865493], [-86.42510339864606, 24.062398849127867], [-86.33519151229467, 24.062398849127867], [-86.33519151229467, 24.01744290595218], [-86.29023556911898, 24.01744290595218], [-86.29023556911898, 23.972486962776493], [-86.24527962594328, 23.972486962776493], [-86.1553677395919, 23.83761913324943], [-86.06545585324051, 23.83761913324943], [-85.97554396688912, 23.702751303722366], [-85.88563208053773, 23.702751303722366], [-85.84067613736204, 23.61283941737099], [-85.75076425101065, 23.61283941737099], [-85.75076425101065, 23.567883474195302], [-85.70580830783496, 23.567883474195302], [-85.66085236465926, 23.477971587843925], [-85.57094047830788, 23.477971587843925], [-85.48102859195649, 23.34310375831686], [-85.30120481925371, 23.298147815141174], [-85.30120481925371, 23.253191871965488], [-85.21129293290232, 23.253191871965488], [-85.21129293290232, 23.208235928789797], [-85.12138104655094, 23.208235928789797], [-85.12138104655094, 23.16327998561411], [-84.85164538749677, 23.118324042438424], [-84.85164538749677, 23.073368099262733], [-84.671821614794, 23.028412156087047], [-84.671821614794, 22.98345621291136], [-84.58190972844261, 22.98345621291136], [-84.58190972844261, 22.93850026973567], [-84.40208595573984, 22.93850026973567], [-84.40208595573984, 22.98345621291136], [-84.26721812621275, 22.98345621291136], [-84.26721812621275, 23.118324042438424], [-84.22226218303706, 23.118324042438424], [-84.22226218303706, 23.477971587843925], [-84.26721812621275, 23.477971587843925], [-84.26721812621275, 23.61283941737099], [-84.31217406938845, 23.61283941737099], [-84.31217406938845, 23.702751303722366], [-84.35713001256414, 23.702751303722366], [-84.35713001256414, 23.747707246898052], [-84.49199784209122, 23.83761913324943], [-84.49199784209122, 23.927531019600803], [-84.53695378526692, 23.927531019600803], [-84.53695378526692, 23.972486962776493], [-84.58190972844261, 23.972486962776493], [-84.58190972844261, 24.01744290595218], [-84.6268656716183, 24.01744290595218], [-84.6268656716183, 24.062398849127867], [-84.76173350114539, 24.152310735479244], [-84.76173350114539, 24.24222262183062], [-84.80668944432108, 24.24222262183062], [-84.80668944432108, 24.287178565006307], [-84.85164538749677, 24.287178565006307], [-84.85164538749677, 24.332134508181994], [-84.89660133067247, 24.332134508181994], [-84.89660133067247, 24.37709045135768], [-84.94155727384816, 24.37709045135768], [-84.94155727384816, 24.42204639453337], [-84.98651321702386, 24.42204639453337], [-84.98651321702386, 24.467002337709058], [-85.03146916019955, 24.467002337709058], [-85.03146916019955, 24.511958280884745], [-85.07642510337524, 24.511958280884745], [-85.07642510337524, 24.556914224060435], [-85.12138104655094, 24.556914224060435], [-85.12138104655094, 24.60187016723612], [-85.16633698972663, 24.60187016723612], [-85.16633698972663, 24.64682611041181], [-85.21129293290232, 24.64682611041181], [-85.21129293290232, 24.6917820535875], [-85.25624887607802, 24.6917820535875], [-85.25624887607802, 24.736737996763186], [-85.30120481925371, 24.736737996763186], [-85.30120481925371, 24.781693939938872], [-85.3461607624294, 24.781693939938872], [-85.3461607624294, 24.826649883114563], [-85.48102859195649, 24.916561769465936], [-85.48102859195649, 24.961517712641626], [-85.57094047830788, 24.961517712641626], [-85.57094047830788, 25.006473655817313], [-85.61589642148357, 25.006473655817313], [-85.61589642148357, 25.051429598993], [-85.66085236465926, 25.051429598993], [-85.66085236465926, 25.09638554216869], [-85.70580830783496, 25.09638554216869], [-85.70580830783496, 25.141341485344377], [-85.75076425101065, 25.141341485344377], [-85.75076425101065, 25.186297428520064], [-85.79572019418634, 25.186297428520064], [-85.79572019418634, 25.23125337169575], [-85.84067613736204, 25.23125337169575], [-85.84067613736204, 25.27620931487144], [-85.88563208053773, 25.27620931487144], [-85.88563208053773, 25.321165258047127], [-85.93058802371343, 25.321165258047127], [-85.93058802371343, 25.366121201222814], [-85.97554396688912, 25.366121201222814], [-85.97554396688912, 25.411077144398504], [-86.02049991006481, 25.411077144398504], [-86.02049991006481, 25.45603308757419], [-86.06545585324051, 25.45603308757419], [-86.06545585324051, 25.500989030749878], [-86.1104117964162, 25.500989030749878], [-86.1104117964162, 25.545944973925568], [-86.1553677395919, 25.545944973925568], [-86.1553677395919, 25.590900917101255], [-86.20032368276759, 25.590900917101255], [-86.20032368276759, 25.63585686027694], [-86.24527962594328, 25.63585686027694], [-86.24527962594328, 25.680812803452632], [-86.29023556911898, 25.680812803452632], [-86.29023556911898, 25.72576874662832], [-86.42510339864606, 25.815680632979692], [-86.42510339864606, 25.860636576155382], [-86.51501528499745, 25.860636576155382], [-86.51501528499745, 25.90559251933107], [-86.55997122817314, 25.90559251933107], [-86.55997122817314, 25.950548462506756], [-86.60492717134883, 25.950548462506756], [-86.60492717134883, 25.995504405682446], [-86.64988311452453, 25.995504405682446], [-86.64988311452453, 26.040460348858133], [-86.69483905770022, 26.040460348858133], [-86.69483905770022, 26.08541629203382], [-86.73979500087592, 26.08541629203382], [-86.73979500087592, 26.13037223520951], [-86.78475094405161, 26.13037223520951], [-86.78475094405161, 26.175328178385197], [-86.8297068872273, 26.175328178385197], [-86.8297068872273, 26.220284121560884], [-86.874662830403, 26.220284121560884], [-86.874662830403, 26.265240064736574], [-87.00953065993008, 26.355151951087947], [-87.00953065993008, 26.400107894263638], [-87.09944254628147, 26.400107894263638], [-87.09944254628147, 26.445063837439324], [-87.14439848945716, 26.445063837439324], [-87.14439848945716, 26.49001978061501], [-87.18935443263285, 26.49001978061501], [-87.18935443263285, 26.5349757237907], [-87.23431037580855, 26.5349757237907], [-87.23431037580855, 26.579931666966388], [-87.27926631898424, 26.579931666966388], [-87.27926631898424, 26.624887610142075], [-87.32422226215994, 26.624887610142075], [-87.32422226215994, 26.66984355331776], [-87.36917820533563, 26.66984355331776], [-87.36917820533563, 26.714799496493452], [-87.41413414851132, 26.714799496493452], [-87.41413414851132, 26.75975543966914], [-87.45909009168702, 26.75975543966914], [-87.45909009168702, 26.804711382844825], [-87.50404603486271, 26.804711382844825], [-87.50404603486271, 26.849667326020516], [-87.5490019780384, 26.849667326020516], [-87.5490019780384, 26.894623269196202], [-87.5939579212141, 26.894623269196202], [-87.5939579212141, 26.93957921237189], [-87.63891386438979, 26.93957921237189], [-87.72882575074118, 27.074447041898953], [-87.81873763709257, 27.074447041898953], [-87.81873763709257, 27.119402985074643], [-87.86369358026826, 27.119402985074643], [-87.86369358026826, 27.16435892825033], [-87.90864952344396, 27.16435892825033], [-87.90864952344396, 27.209314871426017], [-87.95360546661965, 27.209314871426017], [-87.95360546661965, 27.254270814601703], [-87.99856140979534, 27.254270814601703], [-87.99856140979534, 27.299226757777394], [-88.04351735297104, 27.299226757777394], [-88.04351735297104, 27.34418270095308], [-88.08847329614673, 27.34418270095308], [-88.08847329614673, 27.389138644128767], [-88.13342923932242, 27.389138644128767], [-88.13342923932242, 27.434094587304457], [-88.17838518249812, 27.434094587304457], [-88.17838518249812, 27.479050530480144], [-88.22334112567381, 27.479050530480144], [-88.22334112567381, 27.52400647365583], [-88.2682970688495, 27.52400647365583], [-88.2682970688495, 27.56896241683152], [-88.3132530120252, 27.56896241683152], [-88.3132530120252, 27.613918360007208], [-88.3582089552009, 27.613918360007208], [-88.3582089552009, 27.658874303182895], [-88.40316489837659, 27.658874303182895], [-88.40316489837659, 27.703830246358585], [-88.44812084155228, 27.703830246358585], [-88.44812084155228, 27.748786189534272], [-88.49307678472798, 27.748786189534272], [-88.49307678472798, 27.79374213270996], [-88.53803272790367, 27.79374213270996], [-88.53803272790367, 27.83869807588565], [-88.58298867107936, 27.83869807588565], [-88.58298867107936, 27.883654019061336], [-88.62794461425506, 27.883654019061336], [-88.62794461425506, 27.928609962237022], [-88.67290055743075, 27.928609962237022], [-88.67290055743075, 27.973565905412713], [-88.71785650060644, 27.973565905412713], [-88.71785650060644, 28.0185218485884], [-88.76281244378214, 28.0185218485884], [-88.76281244378214, 28.063477791764086], [-88.80776838695783, 28.063477791764086], [-88.80776838695783, 28.108433734939773], [-88.85272433013353, 28.108433734939773], [-88.94263621648491, 28.243301564466837], [-89.0325481028363, 28.243301564466837], [-89.0325481028363, 28.288257507642527], [-89.077504046012, 28.288257507642527], [-89.077504046012, 28.333213450818214], [-89.12245998918769, 28.333213450818214], [-89.12245998918769, 28.3781693939939], [-89.16741593236338, 28.3781693939939], [-89.16741593236338, 28.42312533716959], [-89.21237187553908, 28.42312533716959], [-89.21237187553908, 28.468081280345277], [-89.25732781871477, 28.468081280345277], [-89.25732781871477, 28.513037223520964], [-89.30228376189046, 28.513037223520964], [-89.30228376189046, 28.557993166696654], [-89.34723970506616, 28.557993166696654], [-89.34723970506616, 28.60294910987234], [-89.39219564824185, 28.60294910987234], [-89.39219564824185, 28.647905053048028], [-89.43715159141755, 28.647905053048028], [-89.43715159141755, 28.692860996223715], [-89.48210753459324, 28.692860996223715], [-89.48210753459324, 28.737816939399405], [-89.52706347776893, 28.737816939399405], [-89.52706347776893, 28.78277288257509], [-89.57201942094463, 28.78277288257509], [-89.57201942094463, 28.82772882575078], [-89.61697536412032, 28.82772882575078], [-89.61697536412032, 28.87268476892647], [-89.66193130729602, 28.87268476892647], [-89.66193130729602, 28.917640712102155], [-89.70688725047171, 28.917640712102155], [-89.70688725047171, 28.962596655277842], [-89.7518431936474, 28.962596655277842], [-89.84175507999879, 29.097464484804906], [-89.93166696635018, 29.097464484804906], [-89.93166696635018, 29.142420427980596], [-89.97662290952587, 29.142420427980596], [-90.06653479587726, 29.27728825750766], [-90.15644668222865, 29.27728825750766], [-90.24635856858004, 29.412156087034724], [-90.42618234128281, 29.45711203021041], [-90.42618234128281, 29.502067973386097], [-90.4711382844585, 29.502067973386097], [-90.4711382844585, 29.547023916561784], [-90.56105017080989, 29.547023916561784], [-90.60600611398559, 29.63693580291316], [-90.78582988668836, 29.681891746088848], [-90.78582988668836, 29.726847689264538], [-90.83078582986406, 29.726847689264538], [-90.83078582986406, 29.771803632440225], [-90.87574177303975, 29.771803632440225], [-90.87574177303975, 29.81675957561591], [-90.92069771621544, 29.81675957561591], [-91.01060960256683, 29.951627405142975], [-91.14547743209391, 29.951627405142975], [-91.14547743209391, 29.996583348318666], [-91.32530120479669, 29.996583348318666], [-91.32530120479669, 30.041539291494352], [-91.50512497749946, 30.041539291494352], [-91.55008092067516, 29.951627405142975], [-91.63999280702654, 29.951627405142975], [-91.63999280702654, 29.90667146196729], [-91.68494875020224, 29.90667146196729], [-91.68494875020224, 29.861715518791602], [-91.72990469337793, 29.861715518791602], [-91.72990469337793, 29.81675957561591], [-91.77486063655363, 29.81675957561591], [-91.77486063655363, 29.771803632440225], [-91.90972846608071, 29.681891746088848], [-91.90972846608071, 29.591979859737474], [-91.9996403524321, 29.547023916561784], [-91.9996403524321, 29.412156087034724]]]}}, {"type": "Feature", "properties": {"shapefile": "2021082718_wsp64knt120hr_5km", "PERCENTAGE": "50-60%"}, "geometry": {"type": "Polygon", "coordinates": [[[-91.9996403524321, 29.412156087034724], [-91.9996403524321, 29.547023916561784], [-91.90972846608071, 29.591979859737474], [-91.90972846608071, 29.681891746088848], [-91.86477252290501, 29.681891746088848], [-91.86477252290501, 29.726847689264538], [-91.81981657972932, 29.726847689264538], [-91.81981657972932, 29.771803632440225], [-91.77486063655363, 29.771803632440225], [-91.77486063655363, 29.81675957561591], [-91.72990469337793, 29.81675957561591], [-91.63999280702654, 29.951627405142975], [-91.55008092067516, 29.951627405142975], [-91.50512497749946, 30.041539291494352], [-91.32530120479669, 30.041539291494352], [-91.32530120479669, 29.996583348318666], [-91.14547743209391, 29.996583348318666], [-91.14547743209391, 29.951627405142975], [-91.01060960256683, 29.951627405142975], [-91.01060960256683, 29.90667146196729], [-90.96565365939114, 29.90667146196729], [-90.96565365939114, 29.861715518791602], [-90.92069771621544, 29.861715518791602], [-90.92069771621544, 29.81675957561591], [-90.87574177303975, 29.81675957561591], [-90.78582988668836, 29.681891746088848], [-90.60600611398559, 29.63693580291316], [-90.56105017080989, 29.547023916561784], [-90.4711382844585, 29.547023916561784], [-90.42618234128281, 29.45711203021041], [-90.24635856858004, 29.412156087034724], [-90.15644668222865, 29.27728825750766], [-90.06653479587726, 29.27728825750766], [-90.06653479587726, 29.23233231433197], [-90.02157885270157, 29.23233231433197], [-89.93166696635018, 29.097464484804906], [-89.84175507999879, 29.097464484804906], [-89.84175507999879, 29.05250854162922], [-89.7967991368231, 29.05250854162922], [-89.7967991368231, 29.007552598453533], [-89.7518431936474, 29.007552598453533], [-89.7518431936474, 28.962596655277842], [-89.70688725047171, 28.962596655277842], [-89.70688725047171, 28.917640712102155], [-89.66193130729602, 28.917640712102155], [-89.66193130729602, 28.87268476892647], [-89.61697536412032, 28.87268476892647], [-89.61697536412032, 28.82772882575078], [-89.57201942094463, 28.82772882575078], [-89.57201942094463, 28.78277288257509], [-89.52706347776893, 28.78277288257509], [-89.52706347776893, 28.737816939399405], [-89.48210753459324, 28.737816939399405], [-89.48210753459324, 28.692860996223715], [-89.43715159141755, 28.692860996223715], [-89.43715159141755, 28.647905053048028], [-89.39219564824185, 28.647905053048028], [-89.39219564824185, 28.60294910987234], [-89.34723970506616, 28.60294910987234], [-89.34723970506616, 28.557993166696654], [-89.30228376189046, 28.557993166696654], [-89.30228376189046, 28.513037223520964], [-89.25732781871477, 28.513037223520964], [-89.25732781871477, 28.468081280345277], [-89.21237187553908, 28.468081280345277], [-89.21237187553908, 28.42312533716959], [-89.16741593236338, 28.42312533716959], [-89.16741593236338, 28.3781693939939], [-89.0325481028363, 28.288257507642527], [-89.0325481028363, 28.243301564466837], [-88.94263621648491, 28.243301564466837], [-88.94263621648491, 28.19834562129115], [-88.89768027330922, 28.19834562129115], [-88.89768027330922, 28.153389678115463], [-88.85272433013353, 28.153389678115463], [-88.85272433013353, 28.108433734939773], [-88.80776838695783, 28.108433734939773], [-88.80776838695783, 28.063477791764086], [-88.76281244378214, 28.063477791764086], [-88.76281244378214, 28.0185218485884], [-88.71785650060644, 28.0185218485884], [-88.71785650060644, 27.973565905412713], [-88.67290055743075, 27.973565905412713], [-88.67290055743075, 27.928609962237022], [-88.62794461425506, 27.928609962237022], [-88.62794461425506, 27.883654019061336], [-88.58298867107936, 27.883654019061336], [-88.58298867107936, 27.83869807588565], [-88.53803272790367, 27.83869807588565], [-88.53803272790367, 27.79374213270996], [-88.49307678472798, 27.79374213270996], [-88.49307678472798, 27.748786189534272], [-88.44812084155228, 27.748786189534272], [-88.44812084155228, 27.703830246358585], [-88.40316489837659, 27.703830246358585], [-88.40316489837659, 27.658874303182895], [-88.3582089552009, 27.658874303182895], [-88.3582089552009, 27.613918360007208], [-88.3132530120252, 27.613918360007208], [-88.3132530120252, 27.56896241683152], [-88.2682970688495, 27.56896241683152], [-88.2682970688495, 27.52400647365583], [-88.22334112567381, 27.52400647365583], [-88.22334112567381, 27.479050530480144], [-88.17838518249812, 27.479050530480144], [-88.17838518249812, 27.434094587304457], [-88.13342923932242, 27.434094587304457], [-88.13342923932242, 27.389138644128767], [-88.08847329614673, 27.389138644128767], [-88.08847329614673, 27.34418270095308], [-88.04351735297104, 27.34418270095308], [-88.04351735297104, 27.299226757777394], [-87.99856140979534, 27.299226757777394], [-87.99856140979534, 27.254270814601703], [-87.95360546661965, 27.254270814601703], [-87.95360546661965, 27.209314871426017], [-87.81873763709257, 27.119402985074643], [-87.81873763709257, 27.074447041898953], [-87.72882575074118, 27.074447041898953], [-87.72882575074118, 27.029491098723266], [-87.68386980756549, 27.029491098723266], [-87.68386980756549, 26.98453515554758], [-87.63891386438979, 26.98453515554758], [-87.63891386438979, 26.93957921237189], [-87.5939579212141, 26.93957921237189], [-87.5939579212141, 26.894623269196202], [-87.5490019780384, 26.894623269196202], [-87.5490019780384, 26.849667326020516], [-87.50404603486271, 26.849667326020516], [-87.50404603486271, 26.804711382844825], [-87.45909009168702, 26.804711382844825], [-87.45909009168702, 26.75975543966914], [-87.41413414851132, 26.75975543966914], [-87.41413414851132, 26.714799496493452], [-87.36917820533563, 26.714799496493452], [-87.36917820533563, 26.66984355331776], [-87.32422226215994, 26.66984355331776], [-87.32422226215994, 26.624887610142075], [-87.27926631898424, 26.624887610142075], [-87.27926631898424, 26.579931666966388], [-87.23431037580855, 26.579931666966388], [-87.23431037580855, 26.5349757237907], [-87.18935443263285, 26.5349757237907], [-87.09944254628147, 26.400107894263638], [-87.00953065993008, 26.400107894263638], [-87.00953065993008, 26.355151951087947], [-86.96457471675438, 26.355151951087947], [-86.96457471675438, 26.31019600791226], [-86.91961877357869, 26.31019600791226], [-86.91961877357869, 26.265240064736574], [-86.874662830403, 26.265240064736574], [-86.874662830403, 26.220284121560884], [-86.8297068872273, 26.220284121560884], [-86.8297068872273, 26.175328178385197], [-86.78475094405161, 26.175328178385197], [-86.78475094405161, 26.13037223520951], [-86.73979500087592, 26.13037223520951], [-86.73979500087592, 26.08541629203382], [-86.69483905770022, 26.08541629203382], [-86.69483905770022, 26.040460348858133], [-86.64988311452453, 26.040460348858133], [-86.64988311452453, 25.995504405682446], [-86.60492717134883, 25.995504405682446], [-86.51501528499745, 25.860636576155382], [-86.42510339864606, 25.860636576155382], [-86.42510339864606, 25.815680632979692], [-86.38014745547036, 25.815680632979692], [-86.38014745547036, 25.770724689804005], [-86.33519151229467, 25.770724689804005], [-86.33519151229467, 25.72576874662832], [-86.29023556911898, 25.72576874662832], [-86.29023556911898, 25.680812803452632], [-86.24527962594328, 25.680812803452632], [-86.24527962594328, 25.63585686027694], [-86.20032368276759, 25.63585686027694], [-86.20032368276759, 25.590900917101255], [-86.1553677395919, 25.590900917101255], [-86.1553677395919, 25.545944973925568], [-86.1104117964162, 25.545944973925568], [-86.1104117964162, 25.500989030749878], [-86.06545585324051, 25.500989030749878], [-86.06545585324051, 25.45603308757419], [-86.02049991006481, 25.45603308757419], [-86.02049991006481, 25.411077144398504], [-85.97554396688912, 25.411077144398504], [-85.97554396688912, 25.366121201222814], [-85.93058802371343, 25.366121201222814], [-85.93058802371343, 25.321165258047127], [-85.88563208053773, 25.321165258047127], [-85.88563208053773, 25.27620931487144], [-85.84067613736204, 25.27620931487144], [-85.84067613736204, 25.23125337169575], [-85.79572019418634, 25.23125337169575], [-85.79572019418634, 25.186297428520064], [-85.75076425101065, 25.186297428520064], [-85.75076425101065, 25.141341485344377], [-85.70580830783496, 25.141341485344377], [-85.70580830783496, 25.09638554216869], [-85.66085236465926, 25.09638554216869], [-85.57094047830788, 24.961517712641626], [-85.48102859195649, 24.961517712641626], [-85.48102859195649, 24.916561769465936], [-85.4360726487808, 24.916561769465936], [-85.4360726487808, 24.87160582629025], [-85.3911167056051, 24.87160582629025], [-85.3911167056051, 24.826649883114563], [-85.3461607624294, 24.826649883114563], [-85.3461607624294, 24.781693939938872], [-85.30120481925371, 24.781693939938872], [-85.30120481925371, 24.736737996763186], [-85.25624887607802, 24.736737996763186], [-85.25624887607802, 24.6917820535875], [-85.21129293290232, 24.6917820535875], [-85.21129293290232, 24.64682611041181], [-85.16633698972663, 24.64682611041181], [-85.16633698972663, 24.60187016723612], [-85.12138104655094, 24.60187016723612], [-85.12138104655094, 24.556914224060435], [-85.07642510337524, 24.556914224060435], [-85.07642510337524, 24.511958280884745], [-85.03146916019955, 24.511958280884745], [-85.03146916019955, 24.467002337709058], [-84.98651321702386, 24.467002337709058], [-84.98651321702386, 24.42204639453337], [-84.94155727384816, 24.42204639453337], [-84.94155727384816, 24.37709045135768], [-84.89660133067247, 24.37709045135768], [-84.89660133067247, 24.332134508181994], [-84.76173350114539, 24.24222262183062], [-84.76173350114539, 24.152310735479244], [-84.71677755796969, 24.152310735479244], [-84.71677755796969, 24.107354792303557], [-84.671821614794, 24.107354792303557], [-84.671821614794, 24.062398849127867], [-84.6268656716183, 24.062398849127867], [-84.6268656716183, 24.01744290595218], [-84.49199784209122, 23.927531019600803], [-84.49199784209122, 23.83761913324943], [-84.44704189891553, 23.83761913324943], [-84.44704189891553, 23.79266319007374], [-84.31217406938845, 23.702751303722366], [-84.31217406938845, 23.61283941737099], [-84.26721812621275, 23.61283941737099], [-84.26721812621275, 23.477971587843925], [-84.22226218303706, 23.477971587843925], [-84.22226218303706, 23.118324042438424], [-84.26721812621275, 23.118324042438424], [-84.26721812621275, 22.98345621291136], [-84.40208595573984, 22.98345621291136], [-84.40208595573984, 22.93850026973567], [-84.58190972844261, 22.93850026973567], [-84.58190972844261, 22.98345621291136], [-84.76173350114539, 23.028412156087047], [-84.76173350114539, 23.073368099262733], [-84.85164538749677, 23.073368099262733], [-84.85164538749677, 23.118324042438424], [-85.12138104655094, 23.16327998561411], [-85.12138104655094, 23.208235928789797], [-85.21129293290232, 23.208235928789797], [-85.21129293290232, 23.253191871965488], [-85.30120481925371, 23.253191871965488], [-85.30120481925371, 23.298147815141174], [-85.48102859195649, 23.34310375831686], [-85.48102859195649, 23.38805970149255], [-85.52598453513218, 23.38805970149255], [-85.57094047830788, 23.477971587843925], [-85.66085236465926, 23.477971587843925], [-85.75076425101065, 23.61283941737099], [-85.84067613736204, 23.61283941737099], [-85.84067613736204, 23.65779536054668], [-85.88563208053773, 23.65779536054668], [-85.88563208053773, 23.702751303722366], [-85.97554396688912, 23.702751303722366], [-86.06545585324051, 23.83761913324943], [-86.1553677395919, 23.83761913324943], [-86.1553677395919, 23.882575076425116], [-86.20032368276759, 23.882575076425116], [-86.20032368276759, 23.927531019600803], [-86.24527962594328, 23.927531019600803], [-86.33519151229467, 24.062398849127867], [-86.42510339864606, 24.062398849127867], [-86.51501528499745, 24.19726667865493], [-86.60492717134883, 24.19726667865493], [-86.60492717134883, 24.24222262183062], [-86.64988311452453, 24.24222262183062], [-86.73979500087592, 24.37709045135768], [-86.8297068872273, 24.37709045135768], [-86.8297068872273, 24.42204639453337], [-86.874662830403, 24.42204639453337], [-86.874662830403, 24.467002337709058], [-86.91961877357869, 24.467002337709058], [-87.00953065993008, 24.60187016723612], [-87.09944254628147, 24.60187016723612], [-87.09944254628147, 24.64682611041181], [-87.14439848945716, 24.64682611041181], [-87.18935443263285, 24.736737996763186], [-87.27926631898424, 24.736737996763186], [-87.27926631898424, 24.781693939938872], [-87.32422226215994, 24.781693939938872], [-87.41413414851132, 24.916561769465936], [-87.50404603486271, 24.916561769465936], [-87.50404603486271, 24.961517712641626], [-87.5490019780384, 24.961517712641626], [-87.63891386438979, 25.09638554216869], [-87.72882575074118, 25.09638554216869], [-87.81873763709257, 25.23125337169575], [-87.90864952344396, 25.23125337169575], [-87.99856140979534, 25.366121201222814], [-88.08847329614673, 25.366121201222814], [-88.08847329614673, 25.411077144398504], [-88.13342923932242, 25.411077144398504], [-88.13342923932242, 25.45603308757419], [-88.17838518249812, 25.45603308757419], [-88.2682970688495, 25.590900917101255], [-88.3582089552009, 25.590900917101255], [-88.3582089552009, 25.63585686027694], [-88.40316489837659, 25.63585686027694], [-88.49307678472798, 25.770724689804005], [-88.58298867107936, 25.770724689804005], [-88.58298867107936, 25.815680632979692], [-88.62794461425506, 25.815680632979692], [-88.62794461425506, 25.860636576155382], [-88.67290055743075, 25.860636576155382], [-88.76281244378214, 25.995504405682446], [-88.85272433013353, 25.995504405682446], [-88.85272433013353, 26.040460348858133], [-88.89768027330922, 26.040460348858133], [-88.89768027330922, 26.08541629203382], [-88.94263621648491, 26.08541629203382], [-89.0325481028363, 26.220284121560884], [-89.12245998918769, 26.220284121560884], [-89.12245998918769, 26.265240064736574], [-89.16741593236338, 26.265240064736574], [-89.25732781871477, 26.400107894263638], [-89.34723970506616, 26.400107894263638], [-89.34723970506616, 26.445063837439324], [-89.39219564824185, 26.445063837439324], [-89.39219564824185, 26.49001978061501], [-89.43715159141755, 26.49001978061501], [-89.52706347776893, 26.624887610142075], [-89.61697536412032, 26.624887610142075], [-89.61697536412032, 26.66984355331776], [-89.66193130729602, 26.66984355331776], [-89.66193130729602, 26.714799496493452], [-89.70688725047171, 26.714799496493452], [-89.7967991368231, 26.849667326020516], [-89.88671102317448, 26.849667326020516], [-89.88671102317448, 26.894623269196202], [-89.93166696635018, 26.894623269196202], [-89.93166696635018, 26.93957921237189], [-89.97662290952587, 26.93957921237189], [-89.97662290952587, 26.98453515554758], [-90.02157885270157, 26.98453515554758], [-90.11149073905295, 27.119402985074643], [-90.20140262540434, 27.119402985074643], [-90.20140262540434, 27.16435892825033], [-90.33627045493142, 27.254270814601703], [-90.33627045493142, 27.299226757777394], [-90.42618234128281, 27.299226757777394], [-90.42618234128281, 27.34418270095308], [-90.4711382844585, 27.34418270095308], [-90.4711382844585, 27.389138644128767], [-90.5160942276342, 27.389138644128767], [-90.5160942276342, 27.434094587304457], [-90.56105017080989, 27.434094587304457], [-90.56105017080989, 27.479050530480144], [-90.60600611398559, 27.479050530480144], [-90.60600611398559, 27.52400647365583], [-90.65096205716128, 27.52400647365583], [-90.65096205716128, 27.56896241683152], [-90.69591800033697, 27.56896241683152], [-90.69591800033697, 27.613918360007208], [-90.74087394351267, 27.613918360007208], [-90.74087394351267, 27.658874303182895], [-90.78582988668836, 27.658874303182895], [-90.78582988668836, 27.703830246358585], [-90.83078582986406, 27.703830246358585], [-90.83078582986406, 27.748786189534272], [-90.87574177303975, 27.748786189534272], [-90.87574177303975, 27.79374213270996], [-90.92069771621544, 27.79374213270996], [-91.01060960256683, 27.928609962237022], [-91.10052148891822, 27.928609962237022], [-91.10052148891822, 28.0185218485884], [-91.14547743209391, 28.0185218485884], [-91.14547743209391, 28.063477791764086], [-91.1904333752696, 28.063477791764086], [-91.1904333752696, 28.108433734939773], [-91.2353893184453, 28.108433734939773], [-91.2353893184453, 28.153389678115463], [-91.280345261621, 28.153389678115463], [-91.280345261621, 28.19834562129115], [-91.32530120479669, 28.19834562129115], [-91.32530120479669, 28.243301564466837], [-91.37025714797238, 28.243301564466837], [-91.37025714797238, 28.288257507642527], [-91.41521309114808, 28.288257507642527], [-91.41521309114808, 28.333213450818214], [-91.46016903432377, 28.333213450818214], [-91.46016903432377, 28.3781693939939], [-91.59503686385085, 28.468081280345277], [-91.59503686385085, 28.557993166696654], [-91.68494875020224, 28.60294910987234], [-91.72990469337793, 28.78277288257509], [-91.77486063655363, 28.78277288257509], [-91.77486063655363, 28.82772882575078], [-91.81981657972932, 28.82772882575078], [-91.81981657972932, 28.917640712102155], [-91.90972846608071, 28.962596655277842], [-91.90972846608071, 29.097464484804906], [-91.9546844092564, 29.097464484804906], [-91.9546844092564, 29.412156087034724], [-91.9996403524321, 29.412156087034724]], [[-91.63999280702654, 29.007552598453533], [-91.55008092067516, 28.962596655277842], [-91.50512497749946, 28.78277288257509], [-91.41521309114808, 28.737816939399405], [-91.37025714797238, 28.557993166696654], [-91.32530120479669, 28.557993166696654], [-91.32530120479669, 28.513037223520964], [-91.1904333752696, 28.42312533716959], [-91.1904333752696, 28.333213450818214], [-91.14547743209391, 28.333213450818214], [-91.14547743209391, 28.288257507642527], [-91.10052148891822, 28.288257507642527], [-91.10052148891822, 28.243301564466837], [-91.05556554574252, 28.243301564466837], [-91.05556554574252, 28.19834562129115], [-91.01060960256683, 28.19834562129115], [-91.01060960256683, 28.153389678115463], [-90.96565365939114, 28.153389678115463], [-90.96565365939114, 28.108433734939773], [-90.92069771621544, 28.108433734939773], [-90.92069771621544, 28.063477791764086], [-90.87574177303975, 28.063477791764086], [-90.87574177303975, 28.0185218485884], [-90.83078582986406, 28.0185218485884], [-90.83078582986406, 27.973565905412713], [-90.78582988668836, 27.973565905412713], [-90.78582988668836, 27.928609962237022], [-90.74087394351267, 27.928609962237022], [-90.74087394351267, 27.883654019061336], [-90.69591800033697, 27.883654019061336], [-90.69591800033697, 27.83869807588565], [-90.65096205716128, 27.83869807588565], [-90.65096205716128, 27.79374213270996], [-90.60600611398559, 27.79374213270996], [-90.60600611398559, 27.748786189534272], [-90.56105017080989, 27.748786189534272], [-90.56105017080989, 27.703830246358585], [-90.42618234128281, 27.613918360007208], [-90.42618234128281, 27.52400647365583], [-90.33627045493142, 27.52400647365583], [-90.33627045493142, 27.479050530480144], [-90.29131451175573, 27.479050530480144], [-90.20140262540434, 27.34418270095308], [-90.11149073905295, 27.34418270095308], [-90.02157885270157, 27.209314871426017], [-89.93166696635018, 27.209314871426017], [-89.93166696635018, 27.16435892825033], [-89.88671102317448, 27.16435892825033], [-89.88671102317448, 27.119402985074643], [-89.84175507999879, 27.119402985074643], [-89.84175507999879, 27.074447041898953], [-89.7967991368231, 27.074447041898953], [-89.7967991368231, 27.029491098723266], [-89.7518431936474, 27.029491098723266], [-89.7518431936474, 26.98453515554758], [-89.70688725047171, 26.98453515554758], [-89.70688725047171, 26.93957921237189], [-89.57201942094463, 26.849667326020516], [-89.57201942094463, 26.804711382844825], [-89.48210753459324, 26.804711382844825], [-89.48210753459324, 26.75975543966914], [-89.43715159141755, 26.75975543966914], [-89.34723970506616, 26.624887610142075], [-89.25732781871477, 26.624887610142075], [-89.25732781871477, 26.579931666966388], [-89.21237187553908, 26.579931666966388], [-89.21237187553908, 26.5349757237907], [-89.16741593236338, 26.5349757237907], [-89.16741593236338, 26.49001978061501], [-89.12245998918769, 26.49001978061501], [-89.12245998918769, 26.445063837439324], [-89.077504046012, 26.445063837439324], [-88.98759215966061, 26.31019600791226], [-88.89768027330922, 26.31019600791226], [-88.89768027330922, 26.265240064736574], [-88.85272433013353, 26.265240064736574], [-88.85272433013353, 26.220284121560884], [-88.80776838695783, 26.220284121560884], [-88.80776838695783, 26.175328178385197], [-88.76281244378214, 26.175328178385197], [-88.76281244378214, 26.13037223520951], [-88.71785650060644, 26.13037223520951], [-88.71785650060644, 26.08541629203382], [-88.58298867107936, 25.995504405682446], [-88.58298867107936, 25.950548462506756], [-88.49307678472798, 25.950548462506756], [-88.49307678472798, 25.90559251933107], [-88.44812084155228, 25.90559251933107], [-88.40316489837659, 25.815680632979692], [-88.3132530120252, 25.815680632979692], [-88.3132530120252, 25.770724689804005], [-88.17838518249812, 25.680812803452632], [-88.17838518249812, 25.63585686027694], [-88.08847329614673, 25.63585686027694], [-88.08847329614673, 25.590900917101255], [-88.04351735297104, 25.590900917101255], [-88.04351735297104, 25.545944973925568], [-87.99856140979534, 25.545944973925568], [-87.90864952344396, 25.411077144398504], [-87.81873763709257, 25.411077144398504], [-87.72882575074118, 25.27620931487144], [-87.63891386438979, 25.27620931487144], [-87.5490019780384, 25.141341485344377], [-87.45909009168702, 25.141341485344377], [-87.45909009168702, 25.09638554216869], [-87.41413414851132, 25.09638554216869], [-87.41413414851132, 25.051429598993], [-87.36917820533563, 25.051429598993], [-87.36917820533563, 25.006473655817313], [-87.32422226215994, 25.006473655817313], [-87.23431037580855, 24.87160582629025], [-87.14439848945716, 24.87160582629025], [-87.14439848945716, 24.826649883114563], [-87.09944254628147, 24.826649883114563], [-87.05448660310577, 24.736737996763186], [-86.96457471675438, 24.736737996763186], [-86.96457471675438, 24.6917820535875], [-86.91961877357869, 24.6917820535875], [-86.91961877357869, 24.64682611041181], [-86.874662830403, 24.64682611041181], [-86.78475094405161, 24.511958280884745], [-86.69483905770022, 24.511958280884745], [-86.69483905770022, 24.467002337709058], [-86.64988311452453, 24.467002337709058], [-86.64988311452453, 24.42204639453337], [-86.60492717134883, 24.42204639453337], [-86.51501528499745, 24.287178565006307], [-86.42510339864606, 24.287178565006307], [-86.33519151229467, 24.152310735479244], [-86.24527962594328, 24.152310735479244], [-86.24527962594328, 24.107354792303557], [-86.20032368276759, 24.107354792303557], [-86.20032368276759, 24.062398849127867], [-86.1553677395919, 24.062398849127867], [-86.1553677395919, 24.01744290595218], [-86.1104117964162, 24.01744290595218], [-86.02049991006481, 23.882575076425116], [-85.93058802371343, 23.882575076425116], [-85.88563208053773, 23.79266319007374], [-85.79572019418634, 23.79266319007374], [-85.75076425101065, 23.702751303722366], [-85.66085236465926, 23.702751303722366], [-85.66085236465926, 23.65779536054668], [-85.61589642148357, 23.65779536054668], [-85.61589642148357, 23.61283941737099], [-85.57094047830788, 23.61283941737099], [-85.48102859195649, 23.477971587843925], [-85.3911167056051, 23.477971587843925], [-85.3911167056051, 23.433015644668238], [-85.21129293290232, 23.38805970149255], [-85.21129293290232, 23.34310375831686], [-85.12138104655094, 23.34310375831686], [-85.12138104655094, 23.298147815141174], [-85.03146916019955, 23.298147815141174], [-85.03146916019955, 23.253191871965488], [-84.85164538749677, 23.253191871965488], [-84.85164538749677, 23.208235928789797], [-84.71677755796969, 23.208235928789797], [-84.71677755796969, 23.16327998561411], [-84.6268656716183, 23.16327998561411], [-84.6268656716183, 23.118324042438424], [-84.58190972844261, 23.118324042438424], [-84.58190972844261, 23.073368099262733], [-84.49199784209122, 23.073368099262733], [-84.49199784209122, 23.028412156087047], [-84.40208595573984, 23.073368099262733], [-84.40208595573984, 23.208235928789797], [-84.35713001256414, 23.208235928789797], [-84.35713001256414, 23.61283941737099], [-84.40208595573984, 23.61283941737099], [-84.40208595573984, 23.65779536054668], [-84.44704189891553, 23.65779536054668], [-84.44704189891553, 23.702751303722366], [-84.49199784209122, 23.702751303722366], [-84.49199784209122, 23.747707246898052], [-84.53695378526692, 23.747707246898052], [-84.53695378526692, 23.79266319007374], [-84.58190972844261, 23.79266319007374], [-84.58190972844261, 23.83761913324943], [-84.6268656716183, 23.83761913324943], [-84.6268656716183, 23.882575076425116], [-84.76173350114539, 23.972486962776493], [-84.76173350114539, 24.062398849127867], [-84.80668944432108, 24.062398849127867], [-84.80668944432108, 24.107354792303557], [-84.85164538749677, 24.107354792303557], [-84.85164538749677, 24.152310735479244], [-84.89660133067247, 24.152310735479244], [-84.89660133067247, 24.19726667865493], [-84.94155727384816, 24.19726667865493], [-84.94155727384816, 24.24222262183062], [-84.98651321702386, 24.24222262183062], [-84.98651321702386, 24.287178565006307], [-85.03146916019955, 24.287178565006307], [-85.03146916019955, 24.332134508181994], [-85.07642510337524, 24.332134508181994], [-85.07642510337524, 24.37709045135768], [-85.12138104655094, 24.37709045135768], [-85.12138104655094, 24.42204639453337], [-85.16633698972663, 24.42204639453337], [-85.16633698972663, 24.467002337709058], [-85.21129293290232, 24.467002337709058], [-85.21129293290232, 24.511958280884745], [-85.25624887607802, 24.511958280884745], [-85.25624887607802, 24.556914224060435], [-85.30120481925371, 24.556914224060435], [-85.30120481925371, 24.60187016723612], [-85.3461607624294, 24.60187016723612], [-85.3461607624294, 24.64682611041181], [-85.3911167056051, 24.64682611041181], [-85.3911167056051, 24.6917820535875], [-85.52598453513218, 24.781693939938872], [-85.52598453513218, 24.826649883114563], [-85.61589642148357, 24.826649883114563], [-85.61589642148357, 24.87160582629025], [-85.66085236465926, 24.87160582629025], [-85.66085236465926, 24.916561769465936], [-85.70580830783496, 24.916561769465936], [-85.70580830783496, 24.961517712641626], [-85.84067613736204, 25.051429598993], [-85.84067613736204, 25.141341485344377], [-85.93058802371343, 25.141341485344377], [-85.93058802371343, 25.186297428520064], [-85.97554396688912, 25.186297428520064], [-85.97554396688912, 25.23125337169575], [-86.02049991006481, 25.23125337169575], [-86.02049991006481, 25.27620931487144], [-86.06545585324051, 25.27620931487144], [-86.06545585324051, 25.321165258047127], [-86.1104117964162, 25.321165258047127], [-86.1104117964162, 25.366121201222814], [-86.1553677395919, 25.366121201222814], [-86.1553677395919, 25.411077144398504], [-86.20032368276759, 25.411077144398504], [-86.20032368276759, 25.45603308757419], [-86.24527962594328, 25.45603308757419], [-86.24527962594328, 25.500989030749878], [-86.29023556911898, 25.500989030749878], [-86.38014745547036, 25.63585686027694], [-86.47005934182175, 25.63585686027694], [-86.47005934182175, 25.680812803452632], [-86.51501528499745, 25.680812803452632], [-86.51501528499745, 25.72576874662832], [-86.55997122817314, 25.72576874662832], [-86.55997122817314, 25.770724689804005], [-86.60492717134883, 25.770724689804005], [-86.60492717134883, 25.815680632979692], [-86.64988311452453, 25.815680632979692], [-86.64988311452453, 25.860636576155382], [-86.69483905770022, 25.860636576155382], [-86.69483905770022, 25.90559251933107], [-86.73979500087592, 25.90559251933107], [-86.73979500087592, 25.950548462506756], [-86.78475094405161, 25.950548462506756], [-86.78475094405161, 25.995504405682446], [-86.91961877357869, 26.08541629203382], [-86.91961877357869, 26.13037223520951], [-87.00953065993008, 26.13037223520951], [-87.00953065993008, 26.175328178385197], [-87.05448660310577, 26.175328178385197], [-87.05448660310577, 26.220284121560884], [-87.09944254628147, 26.220284121560884], [-87.18935443263285, 26.355151951087947], [-87.27926631898424, 26.355151951087947], [-87.27926631898424, 26.400107894263638], [-87.32422226215994, 26.400107894263638], [-87.32422226215994, 26.445063837439324], [-87.36917820533563, 26.445063837439324], [-87.36917820533563, 26.49001978061501], [-87.41413414851132, 26.49001978061501], [-87.41413414851132, 26.5349757237907], [-87.45909009168702, 26.5349757237907], [-87.45909009168702, 26.579931666966388], [-87.50404603486271, 26.579931666966388], [-87.50404603486271, 26.624887610142075], [-87.5490019780384, 26.624887610142075], [-87.5490019780384, 26.66984355331776], [-87.5939579212141, 26.66984355331776], [-87.5939579212141, 26.714799496493452], [-87.63891386438979, 26.714799496493452], [-87.63891386438979, 26.75975543966914], [-87.68386980756549, 26.75975543966914], [-87.77378169391687, 26.894623269196202], [-87.86369358026826, 26.894623269196202], [-87.86369358026826, 26.93957921237189], [-87.90864952344396, 26.93957921237189], [-87.90864952344396, 26.98453515554758], [-87.95360546661965, 26.98453515554758], [-87.95360546661965, 27.029491098723266], [-87.99856140979534, 27.029491098723266], [-87.99856140979534, 27.074447041898953], [-88.04351735297104, 27.074447041898953], [-88.04351735297104, 27.119402985074643], [-88.08847329614673, 27.119402985074643], [-88.08847329614673, 27.16435892825033], [-88.13342923932242, 27.16435892825033], [-88.13342923932242, 27.209314871426017], [-88.17838518249812, 27.209314871426017], [-88.17838518249812, 27.254270814601703], [-88.22334112567381, 27.254270814601703], [-88.22334112567381, 27.299226757777394], [-88.2682970688495, 27.299226757777394], [-88.2682970688495, 27.34418270095308], [-88.3132530120252, 27.34418270095308], [-88.3132530120252, 27.389138644128767], [-88.3582089552009, 27.389138644128767], [-88.3582089552009, 27.434094587304457], [-88.49307678472798, 27.52400647365583], [-88.49307678472798, 27.56896241683152], [-88.58298867107936, 27.56896241683152], [-88.58298867107936, 27.613918360007208], [-88.62794461425506, 27.613918360007208], [-88.62794461425506, 27.658874303182895], [-88.67290055743075, 27.658874303182895], [-88.67290055743075, 27.703830246358585], [-88.71785650060644, 27.703830246358585], [-88.71785650060644, 27.748786189534272], [-88.76281244378214, 27.748786189534272], [-88.76281244378214, 27.79374213270996], [-88.80776838695783, 27.79374213270996], [-88.80776838695783, 27.83869807588565], [-88.85272433013353, 27.83869807588565], [-88.85272433013353, 27.883654019061336], [-88.89768027330922, 27.883654019061336], [-88.89768027330922, 27.928609962237022], [-88.94263621648491, 27.928609962237022], [-88.94263621648491, 27.973565905412713], [-88.98759215966061, 27.973565905412713], [-88.98759215966061, 28.0185218485884], [-89.0325481028363, 28.0185218485884], [-89.0325481028363, 28.063477791764086], [-89.077504046012, 28.063477791764086], [-89.16741593236338, 28.19834562129115], [-89.25732781871477, 28.19834562129115], [-89.25732781871477, 28.243301564466837], [-89.30228376189046, 28.243301564466837], [-89.30228376189046, 28.288257507642527], [-89.34723970506616, 28.288257507642527], [-89.34723970506616, 28.333213450818214], [-89.39219564824185, 28.333213450818214], [-89.39219564824185, 28.3781693939939], [-89.43715159141755, 28.3781693939939], [-89.43715159141755, 28.42312533716959], [-89.48210753459324, 28.42312533716959], [-89.48210753459324, 28.468081280345277], [-89.52706347776893, 28.468081280345277], [-89.52706347776893, 28.513037223520964], [-89.57201942094463, 28.513037223520964], [-89.57201942094463, 28.557993166696654], [-89.61697536412032, 28.557993166696654], [-89.61697536412032, 28.60294910987234], [-89.66193130729602, 28.60294910987234], [-89.66193130729602, 28.647905053048028], [-89.70688725047171, 28.647905053048028], [-89.70688725047171, 28.692860996223715], [-89.7518431936474, 28.692860996223715], [-89.7518431936474, 28.737816939399405], [-89.7967991368231, 28.737816939399405], [-89.7967991368231, 28.78277288257509], [-89.84175507999879, 28.78277288257509], [-89.93166696635018, 28.917640712102155], [-90.02157885270157, 28.917640712102155], [-90.02157885270157, 28.962596655277842], [-90.06653479587726, 28.962596655277842], [-90.15644668222865, 29.097464484804906], [-90.24635856858004, 29.097464484804906], [-90.29131451175573, 29.187376371156283], [-90.4711382844585, 29.23233231433197], [-90.4711382844585, 29.27728825750766], [-90.60600611398559, 29.27728825750766], [-90.60600611398559, 29.322244200683347], [-90.74087394351267, 29.322244200683347], [-90.74087394351267, 29.367200143859034], [-90.92069771621544, 29.367200143859034], [-90.92069771621544, 29.412156087034724], [-91.01060960256683, 29.412156087034724], [-91.01060960256683, 29.45711203021041], [-91.14547743209391, 29.45711203021041], [-91.14547743209391, 29.502067973386097], [-91.32530120479669, 29.547023916561784], [-91.32530120479669, 29.591979859737474], [-91.41521309114808, 29.591979859737474], [-91.41521309114808, 29.63693580291316], [-91.50512497749946, 29.63693580291316], [-91.50512497749946, 29.591979859737474], [-91.59503686385085, 29.547023916561784], [-91.59503686385085, 29.097464484804906], [-91.63999280702654, 29.097464484804906], [-91.63999280702654, 29.007552598453533]]]}}, {"type": "Feature", "properties": {"shapefile": "2021082718_wsp64knt120hr_5km", "PERCENTAGE": "60-70%"}, "geometry": {"type": "Polygon", "coordinates": [[[-91.63999280702654, 29.007552598453533], [-91.63999280702654, 29.097464484804906], [-91.59503686385085, 29.097464484804906], [-91.59503686385085, 29.547023916561784], [-91.55008092067516, 29.547023916561784], [-91.50512497749946, 29.63693580291316], [-91.41521309114808, 29.63693580291316], [-91.41521309114808, 29.591979859737474], [-91.32530120479669, 29.591979859737474], [-91.32530120479669, 29.547023916561784], [-91.2353893184453, 29.547023916561784], [-91.2353893184453, 29.502067973386097], [-91.14547743209391, 29.502067973386097], [-91.14547743209391, 29.45711203021041], [-91.01060960256683, 29.45711203021041], [-91.01060960256683, 29.412156087034724], [-90.92069771621544, 29.412156087034724], [-90.92069771621544, 29.367200143859034], [-90.74087394351267, 29.367200143859034], [-90.74087394351267, 29.322244200683347], [-90.4711382844585, 29.27728825750766], [-90.4711382844585, 29.23233231433197], [-90.29131451175573, 29.187376371156283], [-90.24635856858004, 29.097464484804906], [-90.15644668222865, 29.097464484804906], [-90.15644668222865, 29.05250854162922], [-90.11149073905295, 29.05250854162922], [-90.02157885270157, 28.917640712102155], [-89.93166696635018, 28.917640712102155], [-89.93166696635018, 28.87268476892647], [-89.88671102317448, 28.87268476892647], [-89.88671102317448, 28.82772882575078], [-89.84175507999879, 28.82772882575078], [-89.84175507999879, 28.78277288257509], [-89.7967991368231, 28.78277288257509], [-89.7967991368231, 28.737816939399405], [-89.7518431936474, 28.737816939399405], [-89.7518431936474, 28.692860996223715], [-89.70688725047171, 28.692860996223715], [-89.70688725047171, 28.647905053048028], [-89.66193130729602, 28.647905053048028], [-89.66193130729602, 28.60294910987234], [-89.61697536412032, 28.60294910987234], [-89.61697536412032, 28.557993166696654], [-89.57201942094463, 28.557993166696654], [-89.57201942094463, 28.513037223520964], [-89.52706347776893, 28.513037223520964], [-89.52706347776893, 28.468081280345277], [-89.48210753459324, 28.468081280345277], [-89.48210753459324, 28.42312533716959], [-89.43715159141755, 28.42312533716959], [-89.43715159141755, 28.3781693939939], [-89.39219564824185, 28.3781693939939], [-89.39219564824185, 28.333213450818214], [-89.34723970506616, 28.333213450818214], [-89.25732781871477, 28.19834562129115], [-89.16741593236338, 28.19834562129115], [-89.16741593236338, 28.153389678115463], [-89.12245998918769, 28.153389678115463], [-89.12245998918769, 28.108433734939773], [-89.077504046012, 28.108433734939773], [-89.077504046012, 28.063477791764086], [-89.0325481028363, 28.063477791764086], [-89.0325481028363, 28.0185218485884], [-88.98759215966061, 28.0185218485884], [-88.98759215966061, 27.973565905412713], [-88.94263621648491, 27.973565905412713], [-88.94263621648491, 27.928609962237022], [-88.89768027330922, 27.928609962237022], [-88.89768027330922, 27.883654019061336], [-88.85272433013353, 27.883654019061336], [-88.85272433013353, 27.83869807588565], [-88.80776838695783, 27.83869807588565], [-88.80776838695783, 27.79374213270996], [-88.76281244378214, 27.79374213270996], [-88.76281244378214, 27.748786189534272], [-88.71785650060644, 27.748786189534272], [-88.71785650060644, 27.703830246358585], [-88.67290055743075, 27.703830246358585], [-88.58298867107936, 27.56896241683152], [-88.49307678472798, 27.56896241683152], [-88.49307678472798, 27.52400647365583], [-88.44812084155228, 27.52400647365583], [-88.44812084155228, 27.479050530480144], [-88.40316489837659, 27.479050530480144], [-88.40316489837659, 27.434094587304457], [-88.3582089552009, 27.434094587304457], [-88.3582089552009, 27.389138644128767], [-88.3132530120252, 27.389138644128767], [-88.3132530120252, 27.34418270095308], [-88.2682970688495, 27.34418270095308], [-88.2682970688495, 27.299226757777394], [-88.22334112567381, 27.299226757777394], [-88.22334112567381, 27.254270814601703], [-88.17838518249812, 27.254270814601703], [-88.17838518249812, 27.209314871426017], [-88.13342923932242, 27.209314871426017], [-88.13342923932242, 27.16435892825033], [-88.08847329614673, 27.16435892825033], [-88.08847329614673, 27.119402985074643], [-88.04351735297104, 27.119402985074643], [-88.04351735297104, 27.074447041898953], [-87.99856140979534, 27.074447041898953], [-87.99856140979534, 27.029491098723266], [-87.95360546661965, 27.029491098723266], [-87.86369358026826, 26.894623269196202], [-87.77378169391687, 26.894623269196202], [-87.77378169391687, 26.849667326020516], [-87.72882575074118, 26.849667326020516], [-87.72882575074118, 26.804711382844825], [-87.68386980756549, 26.804711382844825], [-87.68386980756549, 26.75975543966914], [-87.63891386438979, 26.75975543966914], [-87.63891386438979, 26.714799496493452], [-87.5939579212141, 26.714799496493452], [-87.5939579212141, 26.66984355331776], [-87.5490019780384, 26.66984355331776], [-87.5490019780384, 26.624887610142075], [-87.50404603486271, 26.624887610142075], [-87.50404603486271, 26.579931666966388], [-87.45909009168702, 26.579931666966388], [-87.45909009168702, 26.5349757237907], [-87.41413414851132, 26.5349757237907], [-87.41413414851132, 26.49001978061501], [-87.27926631898424, 26.400107894263638], [-87.27926631898424, 26.355151951087947], [-87.18935443263285, 26.355151951087947], [-87.18935443263285, 26.31019600791226], [-87.14439848945716, 26.31019600791226], [-87.14439848945716, 26.265240064736574], [-87.09944254628147, 26.265240064736574], [-87.00953065993008, 26.13037223520951], [-86.91961877357869, 26.13037223520951], [-86.91961877357869, 26.08541629203382], [-86.874662830403, 26.08541629203382], [-86.874662830403, 26.040460348858133], [-86.8297068872273, 26.040460348858133], [-86.8297068872273, 25.995504405682446], [-86.78475094405161, 25.995504405682446], [-86.78475094405161, 25.950548462506756], [-86.73979500087592, 25.950548462506756], [-86.73979500087592, 25.90559251933107], [-86.69483905770022, 25.90559251933107], [-86.69483905770022, 25.860636576155382], [-86.64988311452453, 25.860636576155382], [-86.64988311452453, 25.815680632979692], [-86.60492717134883, 25.815680632979692], [-86.60492717134883, 25.770724689804005], [-86.47005934182175, 25.680812803452632], [-86.47005934182175, 25.63585686027694], [-86.38014745547036, 25.63585686027694], [-86.38014745547036, 25.590900917101255], [-86.33519151229467, 25.590900917101255], [-86.33519151229467, 25.545944973925568], [-86.29023556911898, 25.545944973925568], [-86.29023556911898, 25.500989030749878], [-86.24527962594328, 25.500989030749878], [-86.24527962594328, 25.45603308757419], [-86.20032368276759, 25.45603308757419], [-86.20032368276759, 25.411077144398504], [-86.1553677395919, 25.411077144398504], [-86.1553677395919, 25.366121201222814], [-86.1104117964162, 25.366121201222814], [-86.1104117964162, 25.321165258047127], [-86.06545585324051, 25.321165258047127], [-86.06545585324051, 25.27620931487144], [-86.02049991006481, 25.27620931487144], [-85.93058802371343, 25.141341485344377], [-85.84067613736204, 25.141341485344377], [-85.84067613736204, 25.051429598993], [-85.79572019418634, 25.051429598993], [-85.79572019418634, 25.006473655817313], [-85.75076425101065, 25.006473655817313], [-85.75076425101065, 24.961517712641626], [-85.70580830783496, 24.961517712641626], [-85.61589642148357, 24.826649883114563], [-85.52598453513218, 24.826649883114563], [-85.52598453513218, 24.781693939938872], [-85.48102859195649, 24.781693939938872], [-85.48102859195649, 24.736737996763186], [-85.4360726487808, 24.736737996763186], [-85.4360726487808, 24.6917820535875], [-85.3911167056051, 24.6917820535875], [-85.3911167056051, 24.64682611041181], [-85.3461607624294, 24.64682611041181], [-85.3461607624294, 24.60187016723612], [-85.30120481925371, 24.60187016723612], [-85.30120481925371, 24.556914224060435], [-85.25624887607802, 24.556914224060435], [-85.25624887607802, 24.511958280884745], [-85.21129293290232, 24.511958280884745], [-85.21129293290232, 24.467002337709058], [-85.16633698972663, 24.467002337709058], [-85.16633698972663, 24.42204639453337], [-85.12138104655094, 24.42204639453337], [-85.12138104655094, 24.37709045135768], [-85.07642510337524, 24.37709045135768], [-85.07642510337524, 24.332134508181994], [-85.03146916019955, 24.332134508181994], [-85.03146916019955, 24.287178565006307], [-84.98651321702386, 24.287178565006307], [-84.98651321702386, 24.24222262183062], [-84.94155727384816, 24.24222262183062], [-84.94155727384816, 24.19726667865493], [-84.89660133067247, 24.19726667865493], [-84.89660133067247, 24.152310735479244], [-84.76173350114539, 24.062398849127867], [-84.76173350114539, 23.972486962776493], [-84.71677755796969, 23.972486962776493], [-84.71677755796969, 23.927531019600803], [-84.671821614794, 23.927531019600803], [-84.671821614794, 23.882575076425116], [-84.6268656716183, 23.882575076425116], [-84.6268656716183, 23.83761913324943], [-84.58190972844261, 23.83761913324943], [-84.58190972844261, 23.79266319007374], [-84.53695378526692, 23.79266319007374], [-84.53695378526692, 23.747707246898052], [-84.49199784209122, 23.747707246898052], [-84.49199784209122, 23.702751303722366], [-84.35713001256414, 23.61283941737099], [-84.35713001256414, 23.208235928789797], [-84.40208595573984, 23.208235928789797], [-84.40208595573984, 23.073368099262733], [-84.49199784209122, 23.028412156087047], [-84.49199784209122, 23.073368099262733], [-84.58190972844261, 23.073368099262733], [-84.58190972844261, 23.118324042438424], [-84.6268656716183, 23.118324042438424], [-84.6268656716183, 23.16327998561411], [-84.71677755796969, 23.16327998561411], [-84.71677755796969, 23.208235928789797], [-84.85164538749677, 23.208235928789797], [-84.85164538749677, 23.253191871965488], [-85.03146916019955, 23.253191871965488], [-85.03146916019955, 23.298147815141174], [-85.21129293290232, 23.34310375831686], [-85.21129293290232, 23.38805970149255], [-85.30120481925371, 23.38805970149255], [-85.30120481925371, 23.433015644668238], [-85.48102859195649, 23.477971587843925], [-85.48102859195649, 23.522927531019615], [-85.52598453513218, 23.522927531019615], [-85.52598453513218, 23.567883474195302], [-85.57094047830788, 23.567883474195302], [-85.66085236465926, 23.702751303722366], [-85.75076425101065, 23.702751303722366], [-85.75076425101065, 23.747707246898052], [-85.79572019418634, 23.747707246898052], [-85.79572019418634, 23.79266319007374], [-85.88563208053773, 23.79266319007374], [-85.93058802371343, 23.882575076425116], [-86.02049991006481, 23.882575076425116], [-86.02049991006481, 23.927531019600803], [-86.06545585324051, 23.927531019600803], [-86.06545585324051, 23.972486962776493], [-86.1104117964162, 23.972486962776493], [-86.1104117964162, 24.01744290595218], [-86.1553677395919, 24.01744290595218], [-86.24527962594328, 24.152310735479244], [-86.33519151229467, 24.152310735479244], [-86.33519151229467, 24.19726667865493], [-86.38014745547036, 24.19726667865493], [-86.42510339864606, 24.287178565006307], [-86.51501528499745, 24.287178565006307], [-86.51501528499745, 24.332134508181994], [-86.55997122817314, 24.332134508181994], [-86.55997122817314, 24.37709045135768], [-86.60492717134883, 24.37709045135768], [-86.69483905770022, 24.511958280884745], [-86.78475094405161, 24.511958280884745], [-86.78475094405161, 24.556914224060435], [-86.8297068872273, 24.556914224060435], [-86.8297068872273, 24.60187016723612], [-86.874662830403, 24.60187016723612], [-86.96457471675438, 24.736737996763186], [-87.05448660310577, 24.736737996763186], [-87.14439848945716, 24.87160582629025], [-87.23431037580855, 24.87160582629025], [-87.23431037580855, 24.916561769465936], [-87.27926631898424, 24.916561769465936], [-87.27926631898424, 24.961517712641626], [-87.32422226215994, 24.961517712641626], [-87.32422226215994, 25.006473655817313], [-87.36917820533563, 25.006473655817313], [-87.45909009168702, 25.141341485344377], [-87.5490019780384, 25.141341485344377], [-87.63891386438979, 25.27620931487144], [-87.72882575074118, 25.27620931487144], [-87.81873763709257, 25.411077144398504], [-87.90864952344396, 25.411077144398504], [-87.90864952344396, 25.45603308757419], [-87.95360546661965, 25.45603308757419], [-87.95360546661965, 25.500989030749878], [-87.99856140979534, 25.500989030749878], [-88.08847329614673, 25.63585686027694], [-88.17838518249812, 25.63585686027694], [-88.17838518249812, 25.680812803452632], [-88.22334112567381, 25.680812803452632], [-88.3132530120252, 25.815680632979692], [-88.40316489837659, 25.815680632979692], [-88.49307678472798, 25.950548462506756], [-88.58298867107936, 25.950548462506756], [-88.58298867107936, 25.995504405682446], [-88.62794461425506, 25.995504405682446], [-88.62794461425506, 26.040460348858133], [-88.67290055743075, 26.040460348858133], [-88.67290055743075, 26.08541629203382], [-88.71785650060644, 26.08541629203382], [-88.71785650060644, 26.13037223520951], [-88.76281244378214, 26.13037223520951], [-88.76281244378214, 26.175328178385197], [-88.80776838695783, 26.175328178385197], [-88.89768027330922, 26.31019600791226], [-88.98759215966061, 26.31019600791226], [-88.98759215966061, 26.355151951087947], [-89.0325481028363, 26.355151951087947], [-89.0325481028363, 26.400107894263638], [-89.077504046012, 26.400107894263638], [-89.077504046012, 26.445063837439324], [-89.12245998918769, 26.445063837439324], [-89.12245998918769, 26.49001978061501], [-89.16741593236338, 26.49001978061501], [-89.25732781871477, 26.624887610142075], [-89.34723970506616, 26.624887610142075], [-89.34723970506616, 26.66984355331776], [-89.39219564824185, 26.66984355331776], [-89.48210753459324, 26.804711382844825], [-89.57201942094463, 26.804711382844825], [-89.57201942094463, 26.849667326020516], [-89.61697536412032, 26.849667326020516], [-89.61697536412032, 26.894623269196202], [-89.66193130729602, 26.894623269196202], [-89.66193130729602, 26.93957921237189], [-89.70688725047171, 26.93957921237189], [-89.70688725047171, 26.98453515554758], [-89.7518431936474, 26.98453515554758], [-89.7518431936474, 27.029491098723266], [-89.7967991368231, 27.029491098723266], [-89.7967991368231, 27.074447041898953], [-89.84175507999879, 27.074447041898953], [-89.93166696635018, 27.209314871426017], [-90.02157885270157, 27.209314871426017], [-90.02157885270157, 27.254270814601703], [-90.06653479587726, 27.254270814601703], [-90.11149073905295, 27.34418270095308], [-90.20140262540434, 27.34418270095308], [-90.20140262540434, 27.389138644128767], [-90.24635856858004, 27.389138644128767], [-90.33627045493142, 27.52400647365583], [-90.42618234128281, 27.52400647365583], [-90.42618234128281, 27.613918360007208], [-90.4711382844585, 27.613918360007208], [-90.4711382844585, 27.658874303182895], [-90.5160942276342, 27.658874303182895], [-90.5160942276342, 27.703830246358585], [-90.56105017080989, 27.703830246358585], [-90.56105017080989, 27.748786189534272], [-90.60600611398559, 27.748786189534272], [-90.60600611398559, 27.79374213270996], [-90.65096205716128, 27.79374213270996], [-90.65096205716128, 27.83869807588565], [-90.69591800033697, 27.83869807588565], [-90.69591800033697, 27.883654019061336], [-90.74087394351267, 27.883654019061336], [-90.74087394351267, 27.928609962237022], [-90.78582988668836, 27.928609962237022], [-90.78582988668836, 27.973565905412713], [-90.83078582986406, 27.973565905412713], [-90.83078582986406, 28.0185218485884], [-90.87574177303975, 28.0185218485884], [-90.87574177303975, 28.063477791764086], [-90.92069771621544, 28.063477791764086], [-90.92069771621544, 28.108433734939773], [-90.96565365939114, 28.108433734939773], [-90.96565365939114, 28.153389678115463], [-91.01060960256683, 28.153389678115463], [-91.01060960256683, 28.19834562129115], [-91.05556554574252, 28.19834562129115], [-91.05556554574252, 28.243301564466837], [-91.1904333752696, 28.333213450818214], [-91.1904333752696, 28.42312533716959], [-91.2353893184453, 28.42312533716959], [-91.2353893184453, 28.468081280345277], [-91.37025714797238, 28.557993166696654], [-91.41521309114808, 28.737816939399405], [-91.50512497749946, 28.78277288257509], [-91.55008092067516, 28.962596655277842], [-91.63999280702654, 29.007552598453533]], [[-91.14547743209391, 28.962596655277842], [-91.10052148891822, 28.962596655277842], [-91.10052148891822, 28.78277288257509], [-91.05556554574252, 28.78277288257509], [-91.05556554574252, 28.557993166696654], [-91.01060960256683, 28.557993166696654], [-91.01060960256683, 28.468081280345277], [-90.92069771621544, 28.468081280345277], [-90.87574177303975, 28.3781693939939], [-90.78582988668836, 28.3781693939939], [-90.78582988668836, 28.333213450818214], [-90.69591800033697, 28.288257507642527], [-90.69591800033697, 28.19834562129115], [-90.60600611398559, 28.153389678115463], [-90.56105017080989, 27.973565905412713], [-90.5160942276342, 27.973565905412713], [-90.5160942276342, 27.928609962237022], [-90.42618234128281, 27.928609962237022], [-90.33627045493142, 27.79374213270996], [-90.24635856858004, 27.79374213270996], [-90.24635856858004, 27.703830246358585], [-90.11149073905295, 27.613918360007208], [-90.11149073905295, 27.52400647365583], [-90.06653479587726, 27.52400647365583], [-90.02157885270157, 27.434094587304457], [-89.84175507999879, 27.389138644128767], [-89.84175507999879, 27.34418270095308], [-89.7967991368231, 27.34418270095308], [-89.7967991368231, 27.299226757777394], [-89.7518431936474, 27.299226757777394], [-89.7518431936474, 27.254270814601703], [-89.61697536412032, 27.16435892825033], [-89.61697536412032, 27.074447041898953], [-89.57201942094463, 27.074447041898953], [-89.48210753459324, 26.93957921237189], [-89.30228376189046, 26.894623269196202], [-89.30228376189046, 26.849667326020516], [-89.25732781871477, 26.849667326020516], [-89.25732781871477, 26.804711382844825], [-89.21237187553908, 26.804711382844825], [-89.21237187553908, 26.75975543966914], [-89.16741593236338, 26.75975543966914], [-89.16741593236338, 26.714799496493452], [-89.12245998918769, 26.714799496493452], [-89.12245998918769, 26.66984355331776], [-88.98759215966061, 26.579931666966388], [-88.98759215966061, 26.49001978061501], [-88.80776838695783, 26.445063837439324], [-88.71785650060644, 26.31019600791226], [-88.62794461425506, 26.31019600791226], [-88.62794461425506, 26.265240064736574], [-88.58298867107936, 26.265240064736574], [-88.58298867107936, 26.175328178385197], [-88.53803272790367, 26.175328178385197], [-88.53803272790367, 26.13037223520951], [-88.49307678472798, 26.13037223520951], [-88.40316489837659, 25.995504405682446], [-88.3132530120252, 25.995504405682446], [-88.2682970688495, 25.90559251933107], [-88.17838518249812, 25.90559251933107], [-88.17838518249812, 25.860636576155382], [-88.13342923932242, 25.860636576155382], [-88.13342923932242, 25.815680632979692], [-88.08847329614673, 25.815680632979692], [-87.99856140979534, 25.680812803452632], [-87.90864952344396, 25.680812803452632], [-87.90864952344396, 25.63585686027694], [-87.86369358026826, 25.63585686027694], [-87.86369358026826, 25.590900917101255], [-87.81873763709257, 25.590900917101255], [-87.72882575074118, 25.45603308757419], [-87.63891386438979, 25.45603308757419], [-87.5490019780384, 25.321165258047127], [-87.45909009168702, 25.321165258047127], [-87.41413414851132, 25.23125337169575], [-87.32422226215994, 25.23125337169575], [-87.32422226215994, 25.186297428520064], [-87.18935443263285, 25.09638554216869], [-87.18935443263285, 25.006473655817313], [-87.14439848945716, 25.006473655817313], [-87.14439848945716, 24.961517712641626], [-87.05448660310577, 24.961517712641626], [-87.00953065993008, 24.87160582629025], [-86.91961877357869, 24.87160582629025], [-86.874662830403, 24.781693939938872], [-86.78475094405161, 24.781693939938872], [-86.78475094405161, 24.736737996763186], [-86.64988311452453, 24.64682611041181], [-86.64988311452453, 24.556914224060435], [-86.60492717134883, 24.556914224060435], [-86.51501528499745, 24.42204639453337], [-86.42510339864606, 24.42204639453337], [-86.42510339864606, 24.37709045135768], [-86.33519151229467, 24.37709045135768], [-86.29023556911898, 24.287178565006307], [-86.20032368276759, 24.287178565006307], [-86.20032368276759, 24.24222262183062], [-86.1553677395919, 24.24222262183062], [-86.1553677395919, 24.19726667865493], [-86.02049991006481, 24.107354792303557], [-86.02049991006481, 24.01744290595218], [-85.97554396688912, 24.01744290595218], [-85.97554396688912, 23.972486962776493], [-85.88563208053773, 23.972486962776493], [-85.88563208053773, 23.927531019600803], [-85.70580830783496, 23.882575076425116], [-85.66085236465926, 23.79266319007374], [-85.57094047830788, 23.79266319007374], [-85.57094047830788, 23.747707246898052], [-85.52598453513218, 23.747707246898052], [-85.48102859195649, 23.65779536054668], [-85.3911167056051, 23.65779536054668], [-85.3911167056051, 23.61283941737099], [-85.3461607624294, 23.61283941737099], [-85.25624887607802, 23.477971587843925], [-85.16633698972663, 23.477971587843925], [-85.16633698972663, 23.433015644668238], [-85.07642510337524, 23.433015644668238], [-85.07642510337524, 23.38805970149255], [-84.89660133067247, 23.38805970149255], [-84.89660133067247, 23.34310375831686], [-84.53695378526692, 23.34310375831686], [-84.53695378526692, 23.298147815141174], [-84.44704189891553, 23.298147815141174], [-84.44704189891553, 23.477971587843925], [-84.40208595573984, 23.477971587843925], [-84.40208595573984, 23.522927531019615], [-84.44704189891553, 23.522927531019615], [-84.44704189891553, 23.61283941737099], [-84.58190972844261, 23.61283941737099], [-84.6268656716183, 23.702751303722366], [-84.71677755796969, 23.702751303722366], [-84.71677755796969, 23.747707246898052], [-84.76173350114539, 23.747707246898052], [-84.76173350114539, 23.83761913324943], [-84.85164538749677, 23.882575076425116], [-84.89660133067247, 24.062398849127867], [-84.94155727384816, 24.062398849127867], [-84.98651321702386, 24.152310735479244], [-85.07642510337524, 24.152310735479244], [-85.12138104655094, 24.24222262183062], [-85.21129293290232, 24.24222262183062], [-85.21129293290232, 24.287178565006307], [-85.30120481925371, 24.332134508181994], [-85.30120481925371, 24.42204639453337], [-85.3911167056051, 24.467002337709058], [-85.3911167056051, 24.556914224060435], [-85.4360726487808, 24.556914224060435], [-85.4360726487808, 24.60187016723612], [-85.52598453513218, 24.60187016723612], [-85.57094047830788, 24.6917820535875], [-85.66085236465926, 24.6917820535875], [-85.66085236465926, 24.736737996763186], [-85.70580830783496, 24.736737996763186], [-85.70580830783496, 24.781693939938872], [-85.75076425101065, 24.781693939938872], [-85.75076425101065, 24.826649883114563], [-85.88563208053773, 24.916561769465936], [-85.88563208053773, 25.006473655817313], [-85.93058802371343, 25.006473655817313], [-85.97554396688912, 25.09638554216869], [-86.06545585324051, 25.09638554216869], [-86.1104117964162, 25.186297428520064], [-86.20032368276759, 25.186297428520064], [-86.20032368276759, 25.23125337169575], [-86.24527962594328, 25.23125337169575], [-86.24527962594328, 25.27620931487144], [-86.29023556911898, 25.27620931487144], [-86.29023556911898, 25.321165258047127], [-86.33519151229467, 25.321165258047127], [-86.33519151229467, 25.366121201222814], [-86.47005934182175, 25.45603308757419], [-86.47005934182175, 25.545944973925568], [-86.55997122817314, 25.545944973925568], [-86.60492717134883, 25.63585686027694], [-86.69483905770022, 25.63585686027694], [-86.69483905770022, 25.680812803452632], [-86.73979500087592, 25.680812803452632], [-86.73979500087592, 25.72576874662832], [-86.78475094405161, 25.72576874662832], [-86.78475094405161, 25.770724689804005], [-86.8297068872273, 25.770724689804005], [-86.8297068872273, 25.815680632979692], [-86.874662830403, 25.815680632979692], [-86.874662830403, 25.860636576155382], [-86.91961877357869, 25.860636576155382], [-86.91961877357869, 25.90559251933107], [-86.96457471675438, 25.90559251933107], [-86.96457471675438, 25.950548462506756], [-87.00953065993008, 25.950548462506756], [-87.09944254628147, 26.08541629203382], [-87.18935443263285, 26.08541629203382], [-87.18935443263285, 26.13037223520951], [-87.23431037580855, 26.13037223520951], [-87.23431037580855, 26.175328178385197], [-87.27926631898424, 26.175328178385197], [-87.36917820533563, 26.31019600791226], [-87.45909009168702, 26.31019600791226], [-87.45909009168702, 26.355151951087947], [-87.50404603486271, 26.355151951087947], [-87.50404603486271, 26.400107894263638], [-87.5490019780384, 26.400107894263638], [-87.5490019780384, 26.445063837439324], [-87.5939579212141, 26.445063837439324], [-87.5939579212141, 26.49001978061501], [-87.63891386438979, 26.49001978061501], [-87.63891386438979, 26.5349757237907], [-87.68386980756549, 26.5349757237907], [-87.68386980756549, 26.579931666966388], [-87.72882575074118, 26.579931666966388], [-87.72882575074118, 26.624887610142075], [-87.77378169391687, 26.624887610142075], [-87.77378169391687, 26.66984355331776], [-87.81873763709257, 26.66984355331776], [-87.81873763709257, 26.714799496493452], [-87.95360546661965, 26.804711382844825], [-87.95360546661965, 26.849667326020516], [-88.04351735297104, 26.849667326020516], [-88.04351735297104, 26.894623269196202], [-88.08847329614673, 26.894623269196202], [-88.08847329614673, 26.93957921237189], [-88.13342923932242, 26.93957921237189], [-88.13342923932242, 26.98453515554758], [-88.17838518249812, 26.98453515554758], [-88.17838518249812, 27.029491098723266], [-88.22334112567381, 27.029491098723266], [-88.22334112567381, 27.074447041898953], [-88.2682970688495, 27.074447041898953], [-88.2682970688495, 27.119402985074643], [-88.3132530120252, 27.119402985074643], [-88.3132530120252, 27.16435892825033], [-88.44812084155228, 27.254270814601703], [-88.44812084155228, 27.299226757777394], [-88.53803272790367, 27.299226757777394], [-88.58298867107936, 27.389138644128767], [-88.67290055743075, 27.389138644128767], [-88.67290055743075, 27.479050530480144], [-88.71785650060644, 27.479050530480144], [-88.71785650060644, 27.52400647365583], [-88.76281244378214, 27.52400647365583], [-88.76281244378214, 27.56896241683152], [-88.80776838695783, 27.56896241683152], [-88.80776838695783, 27.613918360007208], [-88.85272433013353, 27.613918360007208], [-88.94263621648491, 27.748786189534272], [-89.12245998918769, 27.79374213270996], [-89.12245998918769, 27.83869807588565], [-89.16741593236338, 27.83869807588565], [-89.16741593236338, 27.883654019061336], [-89.30228376189046, 27.973565905412713], [-89.30228376189046, 28.063477791764086], [-89.39219564824185, 28.063477791764086], [-89.48210753459324, 28.19834562129115], [-89.57201942094463, 28.19834562129115], [-89.61697536412032, 28.288257507642527], [-89.70688725047171, 28.288257507642527], [-89.70688725047171, 28.333213450818214], [-89.7518431936474, 28.333213450818214], [-89.7518431936474, 28.42312533716959], [-89.84175507999879, 28.468081280345277], [-89.84175507999879, 28.557993166696654], [-89.88671102317448, 28.557993166696654], [-89.93166696635018, 28.647905053048028], [-90.02157885270157, 28.647905053048028], [-90.02157885270157, 28.692860996223715], [-90.20140262540434, 28.737816939399405], [-90.20140262540434, 28.78277288257509], [-90.24635856858004, 28.78277288257509], [-90.24635856858004, 28.82772882575078], [-90.38122639810712, 28.917640712102155], [-90.38122639810712, 29.007552598453533], [-90.42618234128281, 29.007552598453533], [-90.42618234128281, 29.05250854162922], [-90.69591800033697, 29.05250854162922], [-90.69591800033697, 29.097464484804906], [-91.05556554574252, 29.097464484804906], [-91.05556554574252, 29.05250854162922], [-91.14547743209391, 29.05250854162922], [-91.14547743209391, 28.962596655277842]]]}}, {"type": "Feature", "properties": {"shapefile": "2021082718_wsp64knt120hr_5km", "PERCENTAGE": "70-80%"}, "geometry": {"type": "Polygon", "coordinates": [[[-91.14547743209391, 28.962596655277842], [-91.14547743209391, 29.05250854162922], [-91.05556554574252, 29.05250854162922], [-91.05556554574252, 29.097464484804906], [-90.69591800033697, 29.097464484804906], [-90.69591800033697, 29.05250854162922], [-90.42618234128281, 29.05250854162922], [-90.42618234128281, 29.007552598453533], [-90.38122639810712, 29.007552598453533], [-90.38122639810712, 28.917640712102155], [-90.33627045493142, 28.917640712102155], [-90.33627045493142, 28.87268476892647], [-90.29131451175573, 28.87268476892647], [-90.20140262540434, 28.737816939399405], [-90.11149073905295, 28.737816939399405], [-90.11149073905295, 28.692860996223715], [-89.93166696635018, 28.647905053048028], [-89.93166696635018, 28.60294910987234], [-89.84175507999879, 28.557993166696654], [-89.84175507999879, 28.468081280345277], [-89.7518431936474, 28.42312533716959], [-89.7518431936474, 28.333213450818214], [-89.70688725047171, 28.333213450818214], [-89.70688725047171, 28.288257507642527], [-89.61697536412032, 28.288257507642527], [-89.61697536412032, 28.243301564466837], [-89.57201942094463, 28.243301564466837], [-89.57201942094463, 28.19834562129115], [-89.48210753459324, 28.19834562129115], [-89.39219564824185, 28.063477791764086], [-89.30228376189046, 28.063477791764086], [-89.30228376189046, 27.973565905412713], [-89.25732781871477, 27.973565905412713], [-89.25732781871477, 27.928609962237022], [-89.21237187553908, 27.928609962237022], [-89.12245998918769, 27.79374213270996], [-88.94263621648491, 27.748786189534272], [-88.94263621648491, 27.703830246358585], [-88.89768027330922, 27.703830246358585], [-88.89768027330922, 27.658874303182895], [-88.85272433013353, 27.658874303182895], [-88.85272433013353, 27.613918360007208], [-88.80776838695783, 27.613918360007208], [-88.80776838695783, 27.56896241683152], [-88.67290055743075, 27.479050530480144], [-88.67290055743075, 27.389138644128767], [-88.58298867107936, 27.389138644128767], [-88.53803272790367, 27.299226757777394], [-88.44812084155228, 27.299226757777394], [-88.44812084155228, 27.254270814601703], [-88.40316489837659, 27.254270814601703], [-88.40316489837659, 27.209314871426017], [-88.3582089552009, 27.209314871426017], [-88.3582089552009, 27.16435892825033], [-88.3132530120252, 27.16435892825033], [-88.3132530120252, 27.119402985074643], [-88.2682970688495, 27.119402985074643], [-88.2682970688495, 27.074447041898953], [-88.22334112567381, 27.074447041898953], [-88.22334112567381, 27.029491098723266], [-88.17838518249812, 27.029491098723266], [-88.17838518249812, 26.98453515554758], [-88.13342923932242, 26.98453515554758], [-88.04351735297104, 26.849667326020516], [-87.95360546661965, 26.849667326020516], [-87.95360546661965, 26.804711382844825], [-87.90864952344396, 26.804711382844825], [-87.90864952344396, 26.75975543966914], [-87.86369358026826, 26.75975543966914], [-87.86369358026826, 26.714799496493452], [-87.81873763709257, 26.714799496493452], [-87.81873763709257, 26.66984355331776], [-87.77378169391687, 26.66984355331776], [-87.77378169391687, 26.624887610142075], [-87.72882575074118, 26.624887610142075], [-87.72882575074118, 26.579931666966388], [-87.68386980756549, 26.579931666966388], [-87.68386980756549, 26.5349757237907], [-87.63891386438979, 26.5349757237907], [-87.63891386438979, 26.49001978061501], [-87.5939579212141, 26.49001978061501], [-87.5939579212141, 26.445063837439324], [-87.5490019780384, 26.445063837439324], [-87.45909009168702, 26.31019600791226], [-87.36917820533563, 26.31019600791226], [-87.36917820533563, 26.265240064736574], [-87.32422226215994, 26.265240064736574], [-87.32422226215994, 26.220284121560884], [-87.27926631898424, 26.220284121560884], [-87.18935443263285, 26.08541629203382], [-87.09944254628147, 26.08541629203382], [-87.09944254628147, 26.040460348858133], [-87.05448660310577, 26.040460348858133], [-87.05448660310577, 25.995504405682446], [-87.00953065993008, 25.995504405682446], [-87.00953065993008, 25.950548462506756], [-86.96457471675438, 25.950548462506756], [-86.96457471675438, 25.90559251933107], [-86.91961877357869, 25.90559251933107], [-86.91961877357869, 25.860636576155382], [-86.874662830403, 25.860636576155382], [-86.874662830403, 25.815680632979692], [-86.8297068872273, 25.815680632979692], [-86.8297068872273, 25.770724689804005], [-86.69483905770022, 25.680812803452632], [-86.69483905770022, 25.63585686027694], [-86.60492717134883, 25.63585686027694], [-86.55997122817314, 25.545944973925568], [-86.47005934182175, 25.545944973925568], [-86.47005934182175, 25.45603308757419], [-86.42510339864606, 25.45603308757419], [-86.42510339864606, 25.411077144398504], [-86.38014745547036, 25.411077144398504], [-86.38014745547036, 25.366121201222814], [-86.33519151229467, 25.366121201222814], [-86.33519151229467, 25.321165258047127], [-86.29023556911898, 25.321165258047127], [-86.20032368276759, 25.186297428520064], [-86.1104117964162, 25.186297428520064], [-86.06545585324051, 25.09638554216869], [-85.97554396688912, 25.09638554216869], [-85.97554396688912, 25.051429598993], [-85.88563208053773, 25.006473655817313], [-85.88563208053773, 24.916561769465936], [-85.84067613736204, 24.916561769465936], [-85.84067613736204, 24.87160582629025], [-85.79572019418634, 24.87160582629025], [-85.79572019418634, 24.826649883114563], [-85.75076425101065, 24.826649883114563], [-85.66085236465926, 24.6917820535875], [-85.57094047830788, 24.6917820535875], [-85.52598453513218, 24.60187016723612], [-85.4360726487808, 24.60187016723612], [-85.4360726487808, 24.556914224060435], [-85.3911167056051, 24.556914224060435], [-85.3911167056051, 24.467002337709058], [-85.30120481925371, 24.42204639453337], [-85.30120481925371, 24.332134508181994], [-84.89660133067247, 24.062398849127867], [-84.89660133067247, 23.972486962776493], [-84.85164538749677, 23.972486962776493], [-84.85164538749677, 23.882575076425116], [-84.76173350114539, 23.83761913324943], [-84.76173350114539, 23.747707246898052], [-84.71677755796969, 23.747707246898052], [-84.71677755796969, 23.702751303722366], [-84.6268656716183, 23.702751303722366], [-84.58190972844261, 23.61283941737099], [-84.44704189891553, 23.61283941737099], [-84.44704189891553, 23.522927531019615], [-84.40208595573984, 23.522927531019615], [-84.40208595573984, 23.477971587843925], [-84.44704189891553, 23.477971587843925], [-84.44704189891553, 23.298147815141174], [-84.53695378526692, 23.298147815141174], [-84.53695378526692, 23.34310375831686], [-84.89660133067247, 23.34310375831686], [-84.89660133067247, 23.38805970149255], [-85.07642510337524, 23.38805970149255], [-85.07642510337524, 23.433015644668238], [-85.25624887607802, 23.477971587843925], [-85.25624887607802, 23.522927531019615], [-85.30120481925371, 23.522927531019615], [-85.3911167056051, 23.65779536054668], [-85.48102859195649, 23.65779536054668], [-85.57094047830788, 23.79266319007374], [-85.66085236465926, 23.79266319007374], [-85.70580830783496, 23.882575076425116], [-85.79572019418634, 23.882575076425116], [-85.79572019418634, 23.927531019600803], [-85.97554396688912, 23.972486962776493], [-85.97554396688912, 24.01744290595218], [-86.02049991006481, 24.01744290595218], [-86.02049991006481, 24.107354792303557], [-86.06545585324051, 24.107354792303557], [-86.06545585324051, 24.152310735479244], [-86.1104117964162, 24.152310735479244], [-86.20032368276759, 24.287178565006307], [-86.29023556911898, 24.287178565006307], [-86.33519151229467, 24.37709045135768], [-86.51501528499745, 24.42204639453337], [-86.51501528499745, 24.467002337709058], [-86.64988311452453, 24.556914224060435], [-86.64988311452453, 24.64682611041181], [-86.69483905770022, 24.64682611041181], [-86.78475094405161, 24.781693939938872], [-86.874662830403, 24.781693939938872], [-86.91961877357869, 24.87160582629025], [-87.00953065993008, 24.87160582629025], [-87.05448660310577, 24.961517712641626], [-87.14439848945716, 24.961517712641626], [-87.14439848945716, 25.006473655817313], [-87.18935443263285, 25.006473655817313], [-87.18935443263285, 25.09638554216869], [-87.23431037580855, 25.09638554216869], [-87.32422226215994, 25.23125337169575], [-87.41413414851132, 25.23125337169575], [-87.45909009168702, 25.321165258047127], [-87.5490019780384, 25.321165258047127], [-87.5490019780384, 25.366121201222814], [-87.5939579212141, 25.366121201222814], [-87.63891386438979, 25.45603308757419], [-87.72882575074118, 25.45603308757419], [-87.72882575074118, 25.500989030749878], [-87.77378169391687, 25.500989030749878], [-87.77378169391687, 25.545944973925568], [-87.81873763709257, 25.545944973925568], [-87.90864952344396, 25.680812803452632], [-87.99856140979534, 25.680812803452632], [-87.99856140979534, 25.72576874662832], [-88.04351735297104, 25.72576874662832], [-88.04351735297104, 25.770724689804005], [-88.08847329614673, 25.770724689804005], [-88.17838518249812, 25.90559251933107], [-88.2682970688495, 25.90559251933107], [-88.3132530120252, 25.995504405682446], [-88.40316489837659, 25.995504405682446], [-88.40316489837659, 26.040460348858133], [-88.44812084155228, 26.040460348858133], [-88.44812084155228, 26.08541629203382], [-88.58298867107936, 26.175328178385197], [-88.58298867107936, 26.265240064736574], [-88.62794461425506, 26.265240064736574], [-88.62794461425506, 26.31019600791226], [-88.71785650060644, 26.31019600791226], [-88.80776838695783, 26.445063837439324], [-88.98759215966061, 26.49001978061501], [-88.98759215966061, 26.579931666966388], [-89.0325481028363, 26.579931666966388], [-89.0325481028363, 26.624887610142075], [-89.077504046012, 26.624887610142075], [-89.077504046012, 26.66984355331776], [-89.12245998918769, 26.66984355331776], [-89.12245998918769, 26.714799496493452], [-89.16741593236338, 26.714799496493452], [-89.16741593236338, 26.75975543966914], [-89.21237187553908, 26.75975543966914], [-89.30228376189046, 26.894623269196202], [-89.48210753459324, 26.93957921237189], [-89.48210753459324, 26.98453515554758], [-89.61697536412032, 27.074447041898953], [-89.61697536412032, 27.16435892825033], [-89.66193130729602, 27.16435892825033], [-89.66193130729602, 27.209314871426017], [-89.70688725047171, 27.209314871426017], [-89.70688725047171, 27.254270814601703], [-89.7518431936474, 27.254270814601703], [-89.84175507999879, 27.389138644128767], [-89.93166696635018, 27.389138644128767], [-89.93166696635018, 27.434094587304457], [-90.02157885270157, 27.434094587304457], [-90.02157885270157, 27.479050530480144], [-90.11149073905295, 27.52400647365583], [-90.11149073905295, 27.613918360007208], [-90.24635856858004, 27.703830246358585], [-90.24635856858004, 27.79374213270996], [-90.33627045493142, 27.79374213270996], [-90.42618234128281, 27.928609962237022], [-90.5160942276342, 27.928609962237022], [-90.5160942276342, 27.973565905412713], [-90.56105017080989, 27.973565905412713], [-90.56105017080989, 28.063477791764086], [-90.60600611398559, 28.063477791764086], [-90.60600611398559, 28.153389678115463], [-90.69591800033697, 28.19834562129115], [-90.69591800033697, 28.288257507642527], [-90.74087394351267, 28.288257507642527], [-90.78582988668836, 28.3781693939939], [-90.87574177303975, 28.3781693939939], [-90.92069771621544, 28.468081280345277], [-91.01060960256683, 28.468081280345277], [-91.01060960256683, 28.557993166696654], [-91.05556554574252, 28.557993166696654], [-91.05556554574252, 28.78277288257509], [-91.10052148891822, 28.78277288257509], [-91.10052148891822, 28.962596655277842], [-91.14547743209391, 28.962596655277842]], [[-89.61697536412032, 27.52400647365583], [-89.57201942094463, 27.52400647365583], [-89.48210753459324, 27.389138644128767], [-89.21237187553908, 27.389138644128767], [-89.21237187553908, 27.34418270095308], [-89.16741593236338, 27.34418270095308], [-89.16741593236338, 27.029491098723266], [-89.12245998918769, 27.029491098723266], [-89.12245998918769, 26.98453515554758], [-89.077504046012, 26.98453515554758], [-88.98759215966061, 26.849667326020516], [-88.85272433013353, 26.849667326020516], [-88.85272433013353, 26.804711382844825], [-88.76281244378214, 26.804711382844825], [-88.76281244378214, 26.75975543966914], [-88.71785650060644, 26.75975543966914], [-88.71785650060644, 26.66984355331776], [-88.67290055743075, 26.66984355331776], [-88.67290055743075, 26.5349757237907], [-88.62794461425506, 26.5349757237907], [-88.53803272790367, 26.400107894263638], [-88.44812084155228, 26.400107894263638], [-88.44812084155228, 26.355151951087947], [-88.2682970688495, 26.31019600791226], [-88.2682970688495, 26.265240064736574], [-88.17838518249812, 26.220284121560884], [-88.13342923932242, 26.040460348858133], [-88.08847329614673, 26.040460348858133], [-87.99856140979534, 25.90559251933107], [-87.86369358026826, 25.90559251933107], [-87.86369358026826, 25.860636576155382], [-87.68386980756549, 25.815680632979692], [-87.68386980756549, 25.770724689804005], [-87.63891386438979, 25.770724689804005], [-87.63891386438979, 25.680812803452632], [-87.5490019780384, 25.63585686027694], [-87.5490019780384, 25.500989030749878], [-87.23431037580855, 25.411077144398504], [-87.23431037580855, 25.366121201222814], [-87.18935443263285, 25.366121201222814], [-87.18935443263285, 25.321165258047127], [-87.05448660310577, 25.23125337169575], [-87.05448660310577, 25.141341485344377], [-87.00953065993008, 25.141341485344377], [-87.00953065993008, 25.006473655817313], [-86.874662830403, 25.006473655817313], [-86.874662830403, 24.961517712641626], [-86.69483905770022, 24.916561769465936], [-86.69483905770022, 24.87160582629025], [-86.64988311452453, 24.87160582629025], [-86.64988311452453, 24.826649883114563], [-86.51501528499745, 24.736737996763186], [-86.51501528499745, 24.64682611041181], [-86.47005934182175, 24.64682611041181], [-86.47005934182175, 24.556914224060435], [-86.42510339864606, 24.556914224060435], [-86.42510339864606, 24.511958280884745], [-86.29023556911898, 24.511958280884745], [-86.29023556911898, 24.467002337709058], [-86.20032368276759, 24.467002337709058], [-86.1553677395919, 24.37709045135768], [-86.06545585324051, 24.37709045135768], [-86.06545585324051, 24.332134508181994], [-85.93058802371343, 24.24222262183062], [-85.93058802371343, 24.19726667865493], [-85.84067613736204, 24.19726667865493], [-85.84067613736204, 24.152310735479244], [-85.75076425101065, 24.107354792303557], [-85.75076425101065, 24.01744290595218], [-85.66085236465926, 24.01744290595218], [-85.66085236465926, 23.972486962776493], [-85.61589642148357, 23.972486962776493], [-85.61589642148357, 23.927531019600803], [-85.52598453513218, 23.927531019600803], [-85.48102859195649, 23.83761913324943], [-85.16633698972663, 23.83761913324943], [-85.16633698972663, 23.79266319007374], [-85.07642510337524, 23.747707246898052], [-85.07642510337524, 23.522927531019615], [-85.03146916019955, 23.522927531019615], [-85.03146916019955, 23.477971587843925], [-84.76173350114539, 23.477971587843925], [-84.76173350114539, 23.567883474195302], [-84.85164538749677, 23.567883474195302], [-84.85164538749677, 23.61283941737099], [-84.89660133067247, 23.61283941737099], [-84.89660133067247, 23.702751303722366], [-84.94155727384816, 23.702751303722366], [-84.94155727384816, 23.83761913324943], [-84.98651321702386, 23.83761913324943], [-84.98651321702386, 24.01744290595218], [-85.07642510337524, 24.01744290595218], [-85.07642510337524, 24.062398849127867], [-85.21129293290232, 24.062398849127867], [-85.25624887607802, 24.152310735479244], [-85.3461607624294, 24.152310735479244], [-85.3461607624294, 24.19726667865493], [-85.3911167056051, 24.19726667865493], [-85.3911167056051, 24.287178565006307], [-85.4360726487808, 24.287178565006307], [-85.4360726487808, 24.37709045135768], [-85.48102859195649, 24.37709045135768], [-85.48102859195649, 24.467002337709058], [-85.52598453513218, 24.467002337709058], [-85.57094047830788, 24.556914224060435], [-85.70580830783496, 24.556914224060435], [-85.75076425101065, 24.64682611041181], [-85.84067613736204, 24.64682611041181], [-85.84067613736204, 24.6917820535875], [-85.93058802371343, 24.736737996763186], [-85.93058802371343, 24.826649883114563], [-85.97554396688912, 24.826649883114563], [-85.97554396688912, 24.87160582629025], [-86.06545585324051, 24.87160582629025], [-86.06545585324051, 24.916561769465936], [-86.1553677395919, 24.961517712641626], [-86.1553677395919, 25.051429598993], [-86.33519151229467, 25.09638554216869], [-86.33519151229467, 25.141341485344377], [-86.47005934182175, 25.23125337169575], [-86.47005934182175, 25.27620931487144], [-86.64988311452453, 25.321165258047127], [-86.64988311452453, 25.366121201222814], [-86.73979500087592, 25.411077144398504], [-86.73979500087592, 25.545944973925568], [-86.8297068872273, 25.545944973925568], [-86.8297068872273, 25.590900917101255], [-86.874662830403, 25.590900917101255], [-86.96457471675438, 25.72576874662832], [-87.09944254628147, 25.72576874662832], [-87.09944254628147, 25.770724689804005], [-87.18935443263285, 25.770724689804005], [-87.18935443263285, 25.815680632979692], [-87.27926631898424, 25.860636576155382], [-87.32422226215994, 26.040460348858133], [-87.36917820533563, 26.040460348858133], [-87.45909009168702, 26.175328178385197], [-87.63891386438979, 26.175328178385197], [-87.63891386438979, 26.220284121560884], [-87.72882575074118, 26.220284121560884], [-87.72882575074118, 26.265240064736574], [-87.81873763709257, 26.31019600791226], [-87.81873763709257, 26.400107894263638], [-87.86369358026826, 26.400107894263638], [-87.86369358026826, 26.5349757237907], [-87.90864952344396, 26.5349757237907], [-87.95360546661965, 26.624887610142075], [-88.13342923932242, 26.624887610142075], [-88.13342923932242, 26.66984355331776], [-88.22334112567381, 26.66984355331776], [-88.22334112567381, 26.714799496493452], [-88.2682970688495, 26.714799496493452], [-88.2682970688495, 26.75975543966914], [-88.40316489837659, 26.849667326020516], [-88.40316489837659, 26.98453515554758], [-88.44812084155228, 26.98453515554758], [-88.44812084155228, 27.074447041898953], [-88.62794461425506, 27.074447041898953], [-88.62794461425506, 27.119402985074643], [-88.76281244378214, 27.119402985074643], [-88.80776838695783, 27.209314871426017], [-88.89768027330922, 27.209314871426017], [-88.94263621648491, 27.389138644128767], [-89.0325481028363, 27.389138644128767], [-89.0325481028363, 27.434094587304457], [-89.12245998918769, 27.434094587304457], [-89.16741593236338, 27.52400647365583], [-89.34723970506616, 27.56896241683152], [-89.43715159141755, 27.703830246358585], [-89.52706347776893, 27.703830246358585], [-89.61697536412032, 27.52400647365583]]]}}, {"type": "Feature", "properties": {"shapefile": "2021082718_wsp64knt120hr_5km", "PERCENTAGE": "80-90%"}, "geometry": {"type": "Polygon", "coordinates": [[[-89.61697536412032, 27.52400647365583], [-89.61697536412032, 27.56896241683152], [-89.57201942094463, 27.56896241683152], [-89.57201942094463, 27.658874303182895], [-89.52706347776893, 27.658874303182895], [-89.52706347776893, 27.703830246358585], [-89.43715159141755, 27.703830246358585], [-89.34723970506616, 27.56896241683152], [-89.25732781871477, 27.56896241683152], [-89.25732781871477, 27.52400647365583], [-89.16741593236338, 27.52400647365583], [-89.12245998918769, 27.434094587304457], [-88.94263621648491, 27.389138644128767], [-88.89768027330922, 27.209314871426017], [-88.80776838695783, 27.209314871426017], [-88.76281244378214, 27.119402985074643], [-88.62794461425506, 27.119402985074643], [-88.62794461425506, 27.074447041898953], [-88.44812084155228, 27.074447041898953], [-88.44812084155228, 26.98453515554758], [-88.40316489837659, 26.98453515554758], [-88.40316489837659, 26.849667326020516], [-88.3582089552009, 26.849667326020516], [-88.3582089552009, 26.804711382844825], [-88.3132530120252, 26.804711382844825], [-88.22334112567381, 26.66984355331776], [-88.13342923932242, 26.66984355331776], [-88.13342923932242, 26.624887610142075], [-87.95360546661965, 26.624887610142075], [-87.95360546661965, 26.579931666966388], [-87.86369358026826, 26.5349757237907], [-87.86369358026826, 26.400107894263638], [-87.81873763709257, 26.400107894263638], [-87.81873763709257, 26.31019600791226], [-87.77378169391687, 26.31019600791226], [-87.72882575074118, 26.220284121560884], [-87.63891386438979, 26.220284121560884], [-87.63891386438979, 26.175328178385197], [-87.45909009168702, 26.175328178385197], [-87.45909009168702, 26.13037223520951], [-87.32422226215994, 26.040460348858133], [-87.32422226215994, 25.950548462506756], [-87.27926631898424, 25.950548462506756], [-87.27926631898424, 25.860636576155382], [-87.23431037580855, 25.860636576155382], [-87.18935443263285, 25.770724689804005], [-87.09944254628147, 25.770724689804005], [-87.09944254628147, 25.72576874662832], [-86.96457471675438, 25.72576874662832], [-86.96457471675438, 25.680812803452632], [-86.91961877357869, 25.680812803452632], [-86.8297068872273, 25.545944973925568], [-86.73979500087592, 25.545944973925568], [-86.73979500087592, 25.411077144398504], [-86.69483905770022, 25.411077144398504], [-86.64988311452453, 25.321165258047127], [-86.47005934182175, 25.27620931487144], [-86.47005934182175, 25.23125337169575], [-86.42510339864606, 25.23125337169575], [-86.33519151229467, 25.09638554216869], [-86.1553677395919, 25.051429598993], [-86.1553677395919, 24.961517712641626], [-86.1104117964162, 24.961517712641626], [-86.06545585324051, 24.87160582629025], [-85.97554396688912, 24.87160582629025], [-85.97554396688912, 24.826649883114563], [-85.93058802371343, 24.826649883114563], [-85.93058802371343, 24.736737996763186], [-85.88563208053773, 24.736737996763186], [-85.84067613736204, 24.64682611041181], [-85.75076425101065, 24.64682611041181], [-85.70580830783496, 24.556914224060435], [-85.57094047830788, 24.556914224060435], [-85.57094047830788, 24.511958280884745], [-85.48102859195649, 24.467002337709058], [-85.48102859195649, 24.37709045135768], [-85.4360726487808, 24.37709045135768], [-85.4360726487808, 24.287178565006307], [-85.3911167056051, 24.287178565006307], [-85.3911167056051, 24.19726667865493], [-85.3461607624294, 24.19726667865493], [-85.3461607624294, 24.152310735479244], [-85.25624887607802, 24.152310735479244], [-85.21129293290232, 24.062398849127867], [-85.07642510337524, 24.062398849127867], [-85.07642510337524, 24.01744290595218], [-84.98651321702386, 24.01744290595218], [-84.98651321702386, 23.83761913324943], [-84.94155727384816, 23.83761913324943], [-84.94155727384816, 23.702751303722366], [-84.89660133067247, 23.702751303722366], [-84.89660133067247, 23.61283941737099], [-84.85164538749677, 23.61283941737099], [-84.85164538749677, 23.567883474195302], [-84.76173350114539, 23.567883474195302], [-84.76173350114539, 23.477971587843925], [-85.03146916019955, 23.477971587843925], [-85.03146916019955, 23.522927531019615], [-85.07642510337524, 23.522927531019615], [-85.07642510337524, 23.747707246898052], [-85.12138104655094, 23.747707246898052], [-85.16633698972663, 23.83761913324943], [-85.48102859195649, 23.83761913324943], [-85.48102859195649, 23.882575076425116], [-85.52598453513218, 23.882575076425116], [-85.52598453513218, 23.927531019600803], [-85.61589642148357, 23.927531019600803], [-85.66085236465926, 24.01744290595218], [-85.75076425101065, 24.01744290595218], [-85.75076425101065, 24.107354792303557], [-85.79572019418634, 24.107354792303557], [-85.84067613736204, 24.19726667865493], [-85.93058802371343, 24.19726667865493], [-85.93058802371343, 24.24222262183062], [-85.97554396688912, 24.24222262183062], [-86.06545585324051, 24.37709045135768], [-86.1553677395919, 24.37709045135768], [-86.1553677395919, 24.42204639453337], [-86.20032368276759, 24.42204639453337], [-86.20032368276759, 24.467002337709058], [-86.29023556911898, 24.467002337709058], [-86.29023556911898, 24.511958280884745], [-86.42510339864606, 24.511958280884745], [-86.42510339864606, 24.556914224060435], [-86.47005934182175, 24.556914224060435], [-86.47005934182175, 24.64682611041181], [-86.51501528499745, 24.64682611041181], [-86.51501528499745, 24.736737996763186], [-86.55997122817314, 24.736737996763186], [-86.55997122817314, 24.781693939938872], [-86.60492717134883, 24.781693939938872], [-86.69483905770022, 24.916561769465936], [-86.78475094405161, 24.916561769465936], [-86.78475094405161, 24.961517712641626], [-86.874662830403, 24.961517712641626], [-86.874662830403, 25.006473655817313], [-87.00953065993008, 25.006473655817313], [-87.00953065993008, 25.141341485344377], [-87.05448660310577, 25.141341485344377], [-87.05448660310577, 25.23125337169575], [-87.09944254628147, 25.23125337169575], [-87.09944254628147, 25.27620931487144], [-87.14439848945716, 25.27620931487144], [-87.23431037580855, 25.411077144398504], [-87.5490019780384, 25.500989030749878], [-87.5490019780384, 25.63585686027694], [-87.63891386438979, 25.680812803452632], [-87.63891386438979, 25.770724689804005], [-87.68386980756549, 25.770724689804005], [-87.68386980756549, 25.815680632979692], [-87.77378169391687, 25.815680632979692], [-87.77378169391687, 25.860636576155382], [-87.86369358026826, 25.860636576155382], [-87.86369358026826, 25.90559251933107], [-87.99856140979534, 25.90559251933107], [-87.99856140979534, 25.950548462506756], [-88.13342923932242, 26.040460348858133], [-88.13342923932242, 26.13037223520951], [-88.17838518249812, 26.13037223520951], [-88.17838518249812, 26.220284121560884], [-88.22334112567381, 26.220284121560884], [-88.2682970688495, 26.31019600791226], [-88.3582089552009, 26.31019600791226], [-88.3582089552009, 26.355151951087947], [-88.53803272790367, 26.400107894263638], [-88.53803272790367, 26.445063837439324], [-88.67290055743075, 26.5349757237907], [-88.67290055743075, 26.66984355331776], [-88.71785650060644, 26.66984355331776], [-88.71785650060644, 26.75975543966914], [-88.76281244378214, 26.75975543966914], [-88.76281244378214, 26.804711382844825], [-88.85272433013353, 26.804711382844825], [-88.85272433013353, 26.849667326020516], [-88.98759215966061, 26.849667326020516], [-88.98759215966061, 26.894623269196202], [-89.0325481028363, 26.894623269196202], [-89.0325481028363, 26.93957921237189], [-89.16741593236338, 27.029491098723266], [-89.16741593236338, 27.34418270095308], [-89.21237187553908, 27.34418270095308], [-89.21237187553908, 27.389138644128767], [-89.48210753459324, 27.389138644128767], [-89.48210753459324, 27.434094587304457], [-89.61697536412032, 27.52400647365583]]]}}, {"type": "Feature", "properties": {"shapefile": "2021082718_wsp64knt120hr_5km", "PERCENTAGE": ">90%"}, "geometry": null}]}