{"type": "FeatureCollection", "features": [{"type": "Feature", "properties": {"shapefile": "2021083000_wsp34knt120hr_5km", "PERCENTAGE": "5-10%"}, "geometry": {"type": "MultiPolygon", "coordinates": [[[[-92.58406761371612, 30.176407121021416], [-92.58406761371612, 31.300305700413613], [-92.53911167054042, 31.300305700413613], [-92.53911167054042, 31.614997302643427], [-92.49415572736473, 31.614997302643427], [-92.49415572736473, 31.794821075346178], [-92.44919978418903, 31.794821075346178], [-92.44919978418903, 31.92968890487324], [-92.40424384101334, 31.92968890487324], [-92.40424384101334, 32.064556734400306], [-92.35928789783765, 32.064556734400306], [-92.35928789783765, 32.154468620751686], [-92.31433195466195, 32.154468620751686], [-92.26937601148626, 32.33429239345443], [-92.17946412513487, 32.37924833663012], [-92.17946412513487, 32.4691602229815], [-92.08955223878348, 32.51411616615718], [-92.08955223878348, 32.60402805250856], [-91.9996403524321, 32.64898399568425], [-91.9996403524321, 32.73889588203562], [-91.90972846608071, 32.783851825211315], [-91.90972846608071, 32.87376371156269], [-91.86477252290501, 32.87376371156269], [-91.86477252290501, 32.918719654738375], [-91.72990469337793, 33.00863154108975], [-91.72990469337793, 33.09854342744113], [-91.68494875020224, 33.09854342744113], [-91.68494875020224, 33.143499370616816], [-91.63999280702654, 33.143499370616816], [-91.63999280702654, 33.1884553137925], [-91.59503686385085, 33.1884553137925], [-91.59503686385085, 33.23341125696819], [-91.46016903432377, 33.32332314331956], [-91.46016903432377, 33.41323502967094], [-91.41521309114808, 33.41323502967094], [-91.41521309114808, 33.45819097284663], [-91.37025714797238, 33.45819097284663], [-91.37025714797238, 33.50314691602232], [-91.32530120479669, 33.50314691602232], [-91.32530120479669, 33.548102859198], [-91.280345261621, 33.548102859198], [-91.280345261621, 33.59305880237369], [-91.2353893184453, 33.59305880237369], [-91.14547743209391, 33.72792663190076], [-91.05556554574252, 33.72792663190076], [-91.05556554574252, 33.772882575076444], [-91.01060960256683, 33.772882575076444], [-91.01060960256683, 33.81783851825213], [-90.96565365939114, 33.81783851825213], [-90.96565365939114, 33.86279446142782], [-90.92069771621544, 33.86279446142782], [-90.92069771621544, 33.907750404603505], [-90.87574177303975, 33.907750404603505], [-90.87574177303975, 33.9527063477792], [-90.83078582986406, 33.9527063477792], [-90.83078582986406, 33.997662290954885], [-90.78582988668836, 33.997662290954885], [-90.78582988668836, 34.04261823413057], [-90.74087394351267, 34.04261823413057], [-90.65096205716128, 34.17748606365763], [-90.56105017080989, 34.17748606365763], [-90.56105017080989, 34.22244200683332], [-90.5160942276342, 34.22244200683332], [-90.42618234128281, 34.357309836360386], [-90.33627045493142, 34.357309836360386], [-90.33627045493142, 34.40226577953607], [-90.29131451175573, 34.40226577953607], [-90.20140262540434, 34.53713360906314], [-90.11149073905295, 34.53713360906314], [-90.11149073905295, 34.58208955223883], [-90.06653479587726, 34.58208955223883], [-90.02157885270157, 34.6720014385902], [-89.93166696635018, 34.6720014385902], [-89.93166696635018, 34.71695738176589], [-89.88671102317448, 34.71695738176589], [-89.7967991368231, 34.851825211292955], [-89.70688725047171, 34.851825211292955], [-89.61697536412032, 34.986693040820015], [-89.52706347776893, 34.986693040820015], [-89.48210753459324, 35.07660492717139], [-89.39219564824185, 35.07660492717139], [-89.34723970506616, 35.16651681352277], [-89.25732781871477, 35.16651681352277], [-89.25732781871477, 35.211472756698456], [-89.077504046012, 35.25642869987414], [-89.0325481028363, 35.346340586225516], [-88.89768027330922, 35.346340586225516], [-88.89768027330922, 35.39129652940121], [-88.80776838695783, 35.39129652940121], [-88.80776838695783, 35.436252472576896], [-88.71785650060644, 35.436252472576896], [-88.71785650060644, 35.48120841575258], [-88.58298867107936, 35.48120841575258], [-88.58298867107936, 35.52616435892827], [-88.40316489837659, 35.52616435892827], [-88.40316489837659, 35.57112030210396], [-88.22334112567381, 35.57112030210396], [-88.22334112567381, 35.61607624527964], [-87.99856140979534, 35.61607624527964], [-87.99856140979534, 35.66103218845533], [-87.41413414851132, 35.66103218845533], [-87.41413414851132, 35.61607624527964], [-87.00953065993008, 35.61607624527964], [-87.00953065993008, 35.57112030210396], [-86.47005934182175, 35.57112030210396], [-86.47005934182175, 35.52616435892827], [-86.20032368276759, 35.48120841575258], [-86.20032368276759, 35.436252472576896], [-86.06545585324051, 35.346340586225516], [-86.06545585324051, 35.25642869987414], [-86.02049991006481, 35.25642869987414], [-86.02049991006481, 35.16651681352277], [-86.06545585324051, 35.16651681352277], [-86.06545585324051, 35.0316489839957], [-86.1104117964162, 35.0316489839957], [-86.1104117964162, 34.94173709764433], [-86.1553677395919, 34.94173709764433], [-86.1553677395919, 34.851825211292955], [-86.20032368276759, 34.851825211292955], [-86.20032368276759, 34.761913324941574], [-86.29023556911898, 34.71695738176589], [-86.33519151229467, 34.53713360906314], [-86.42510339864606, 34.492177665887446], [-86.42510339864606, 34.40226577953607], [-86.47005934182175, 34.40226577953607], [-86.47005934182175, 34.357309836360386], [-86.51501528499745, 34.357309836360386], [-86.51501528499745, 34.3123538931847], [-86.55997122817314, 34.3123538931847], [-86.55997122817314, 34.26739795000901], [-86.60492717134883, 34.26739795000901], [-86.60492717134883, 34.22244200683332], [-86.64988311452453, 34.22244200683332], [-86.64988311452453, 34.17748606365763], [-86.69483905770022, 34.17748606365763], [-86.69483905770022, 34.132530120481945], [-86.73979500087592, 34.132530120481945], [-86.73979500087592, 34.08757417730626], [-86.78475094405161, 34.08757417730626], [-86.78475094405161, 34.04261823413057], [-86.8297068872273, 34.04261823413057], [-86.8297068872273, 33.997662290954885], [-86.874662830403, 33.997662290954885], [-86.874662830403, 33.9527063477792], [-86.91961877357869, 33.9527063477792], [-86.91961877357869, 33.907750404603505], [-86.96457471675438, 33.907750404603505], [-86.96457471675438, 33.86279446142782], [-87.00953065993008, 33.86279446142782], [-87.00953065993008, 33.81783851825213], [-87.05448660310577, 33.81783851825213], [-87.05448660310577, 33.772882575076444], [-87.09944254628147, 33.772882575076444], [-87.09944254628147, 33.72792663190076], [-87.14439848945716, 33.72792663190076], [-87.14439848945716, 33.68297068872507], [-87.18935443263285, 33.68297068872507], [-87.18935443263285, 33.63801474554938], [-87.23431037580855, 33.63801474554938], [-87.23431037580855, 33.59305880237369], [-87.27926631898424, 33.59305880237369], [-87.27926631898424, 33.548102859198], [-87.32422226215994, 33.548102859198], [-87.32422226215994, 33.50314691602232], [-87.36917820533563, 33.50314691602232], [-87.36917820533563, 33.45819097284663], [-87.41413414851132, 33.45819097284663], [-87.41413414851132, 33.41323502967094], [-87.45909009168702, 33.41323502967094], [-87.45909009168702, 33.36827908649525], [-87.50404603486271, 33.36827908649525], [-87.50404603486271, 33.32332314331956], [-87.5490019780384, 33.32332314331956], [-87.5490019780384, 33.278367200143876], [-87.5939579212141, 33.278367200143876], [-87.5939579212141, 33.23341125696819], [-87.63891386438979, 33.23341125696819], [-87.63891386438979, 33.1884553137925], [-87.68386980756549, 33.1884553137925], [-87.68386980756549, 33.143499370616816], [-87.72882575074118, 33.143499370616816], [-87.72882575074118, 33.09854342744113], [-87.77378169391687, 33.09854342744113], [-87.86369358026826, 32.96367559791406], [-87.90864952344396, 32.96367559791406], [-87.90864952344396, 32.87376371156269], [-88.04351735297104, 32.783851825211315], [-88.04351735297104, 32.693939938859934], [-88.13342923932242, 32.64898399568425], [-88.13342923932242, 32.559072109332874], [-88.17838518249812, 32.559072109332874], [-88.17838518249812, 32.4691602229815], [-88.22334112567381, 32.4691602229815], [-88.22334112567381, 32.37924833663012], [-88.2682970688495, 32.37924833663012], [-88.2682970688495, 32.24438050710306], [-88.3132530120252, 32.24438050710306], [-88.3132530120252, 32.10951267757599], [-88.3582089552009, 32.10951267757599], [-88.3582089552009, 31.97464484804893], [-88.40316489837659, 31.97464484804893], [-88.40316489837659, 31.7049091889948], [-88.44812084155228, 31.7049091889948], [-88.44812084155228, 31.570041359467737], [-88.40316489837659, 31.570041359467737], [-88.40316489837659, 31.300305700413613], [-88.3582089552009, 31.300305700413613], [-88.3582089552009, 31.12048192771086], [-88.3132530120252, 31.12048192771086], [-88.2682970688495, 30.850746268656735], [-88.22334112567381, 30.850746268656735], [-88.22334112567381, 30.760834382305358], [-88.17838518249812, 30.760834382305358], [-88.17838518249812, 30.625966552778294], [-88.13342923932242, 30.625966552778294], [-88.13342923932242, 30.49109872325123], [-88.08847329614673, 30.49109872325123], [-88.08847329614673, 30.31127495054848], [-88.04351735297104, 30.31127495054848], [-88.04351735297104, 30.08649523467004], [-87.99856140979534, 30.08649523467004], [-87.99856140979534, 29.681891746088848], [-88.04351735297104, 29.681891746088848], [-88.04351735297104, 29.412156087034724], [-88.08847329614673, 29.412156087034724], [-88.08847329614673, 29.27728825750766], [-88.13342923932242, 29.27728825750766], [-88.13342923932242, 29.142420427980596], [-88.17838518249812, 29.142420427980596], [-88.17838518249812, 29.05250854162922], [-88.2682970688495, 29.007552598453533], [-88.2682970688495, 28.917640712102155], [-88.3132530120252, 28.917640712102155], [-88.3132530120252, 28.82772882575078], [-88.44812084155228, 28.737816939399405], [-88.44812084155228, 28.647905053048028], [-88.49307678472798, 28.647905053048028], [-88.49307678472798, 28.60294910987234], [-88.53803272790367, 28.60294910987234], [-88.53803272790367, 28.557993166696654], [-88.58298867107936, 28.557993166696654], [-88.58298867107936, 28.513037223520964], [-88.62794461425506, 28.513037223520964], [-88.62794461425506, 28.468081280345277], [-88.67290055743075, 28.468081280345277], [-88.67290055743075, 28.42312533716959], [-88.71785650060644, 28.42312533716959], [-88.71785650060644, 28.3781693939939], [-88.76281244378214, 28.3781693939939], [-88.76281244378214, 28.333213450818214], [-88.80776838695783, 28.333213450818214], [-88.80776838695783, 28.288257507642527], [-88.85272433013353, 28.288257507642527], [-88.85272433013353, 28.243301564466837], [-88.98759215966061, 28.153389678115463], [-88.98759215966061, 28.108433734939773], [-89.077504046012, 28.108433734939773], [-89.077504046012, 28.063477791764086], [-89.21237187553908, 27.973565905412713], [-89.21237187553908, 27.928609962237022], [-89.30228376189046, 27.928609962237022], [-89.34723970506616, 27.83869807588565], [-89.43715159141755, 27.83869807588565], [-89.43715159141755, 27.79374213270996], [-89.52706347776893, 27.79374213270996], [-89.52706347776893, 27.748786189534272], [-89.61697536412032, 27.748786189534272], [-89.61697536412032, 27.703830246358585], [-89.88671102317448, 27.658874303182895], [-89.88671102317448, 27.613918360007208], [-90.56105017080989, 27.613918360007208], [-90.56105017080989, 27.658874303182895], [-90.83078582986406, 27.703830246358585], [-90.83078582986406, 27.748786189534272], [-90.92069771621544, 27.748786189534272], [-90.92069771621544, 27.79374213270996], [-91.10052148891822, 27.83869807588565], [-91.14547743209391, 27.928609962237022], [-91.2353893184453, 27.928609962237022], [-91.2353893184453, 27.973565905412713], [-91.280345261621, 27.973565905412713], [-91.37025714797238, 28.108433734939773], [-91.46016903432377, 28.108433734939773], [-91.46016903432377, 28.153389678115463], [-91.50512497749946, 28.153389678115463], [-91.50512497749946, 28.19834562129115], [-91.55008092067516, 28.19834562129115], [-91.55008092067516, 28.243301564466837], [-91.59503686385085, 28.243301564466837], [-91.59503686385085, 28.288257507642527], [-91.63999280702654, 28.288257507642527], [-91.63999280702654, 28.333213450818214], [-91.68494875020224, 28.333213450818214], [-91.68494875020224, 28.3781693939939], [-91.72990469337793, 28.3781693939939], [-91.72990469337793, 28.42312533716959], [-91.77486063655363, 28.42312533716959], [-91.77486063655363, 28.468081280345277], [-91.81981657972932, 28.468081280345277], [-91.81981657972932, 28.513037223520964], [-91.9546844092564, 28.60294910987234], [-91.9546844092564, 28.692860996223715], [-91.9996403524321, 28.692860996223715], [-91.9996403524321, 28.737816939399405], [-92.08955223878348, 28.78277288257509], [-92.08955223878348, 28.87268476892647], [-92.17946412513487, 28.917640712102155], [-92.17946412513487, 29.007552598453533], [-92.22442006831056, 29.007552598453533], [-92.22442006831056, 29.097464484804906], [-92.26937601148626, 29.097464484804906], [-92.26937601148626, 29.187376371156283], [-92.31433195466195, 29.187376371156283], [-92.31433195466195, 29.27728825750766], [-92.35928789783765, 29.27728825750766], [-92.40424384101334, 29.547023916561784], [-92.44919978418903, 29.547023916561784], [-92.44919978418903, 29.726847689264538], [-92.49415572736473, 29.726847689264538], [-92.49415572736473, 29.90667146196729], [-92.53911167054042, 29.90667146196729], [-92.53911167054042, 30.176407121021416], [-92.58406761371612, 30.176407121021416]], [[-92.40424384101334, 30.221363064197103], [-92.35928789783765, 30.221363064197103], [-92.35928789783765, 29.90667146196729], [-92.31433195466195, 29.90667146196729], [-92.26937601148626, 29.547023916561784], [-92.22442006831056, 29.547023916561784], [-92.22442006831056, 29.412156087034724], [-92.17946412513487, 29.412156087034724], [-92.17946412513487, 29.322244200683347], [-92.13450818195918, 29.322244200683347], [-92.13450818195918, 29.187376371156283], [-92.08955223878348, 29.187376371156283], [-92.08955223878348, 29.097464484804906], [-91.9996403524321, 29.05250854162922], [-91.9996403524321, 28.962596655277842], [-91.90972846608071, 28.917640712102155], [-91.90972846608071, 28.82772882575078], [-91.86477252290501, 28.82772882575078], [-91.86477252290501, 28.78277288257509], [-91.81981657972932, 28.78277288257509], [-91.81981657972932, 28.737816939399405], [-91.68494875020224, 28.647905053048028], [-91.68494875020224, 28.557993166696654], [-91.63999280702654, 28.557993166696654], [-91.63999280702654, 28.513037223520964], [-91.59503686385085, 28.513037223520964], [-91.59503686385085, 28.468081280345277], [-91.55008092067516, 28.468081280345277], [-91.46016903432377, 28.333213450818214], [-91.37025714797238, 28.333213450818214], [-91.37025714797238, 28.288257507642527], [-91.32530120479669, 28.288257507642527], [-91.2353893184453, 28.153389678115463], [-91.14547743209391, 28.153389678115463], [-91.05556554574252, 28.0185218485884], [-90.96565365939114, 28.0185218485884], [-90.92069771621544, 27.928609962237022], [-90.83078582986406, 27.928609962237022], [-90.83078582986406, 27.883654019061336], [-90.74087394351267, 27.883654019061336], [-90.74087394351267, 27.83869807588565], [-90.60600611398559, 27.83869807588565], [-90.60600611398559, 27.79374213270996], [-90.33627045493142, 27.79374213270996], [-90.33627045493142, 27.748786189534272], [-89.84175507999879, 27.79374213270996], [-89.84175507999879, 27.83869807588565], [-89.7518431936474, 27.83869807588565], [-89.7518431936474, 27.883654019061336], [-89.61697536412032, 27.883654019061336], [-89.61697536412032, 27.928609962237022], [-89.52706347776893, 27.928609962237022], [-89.52706347776893, 27.973565905412713], [-89.48210753459324, 27.973565905412713], [-89.48210753459324, 28.0185218485884], [-89.39219564824185, 28.0185218485884], [-89.30228376189046, 28.153389678115463], [-89.21237187553908, 28.153389678115463], [-89.21237187553908, 28.19834562129115], [-89.16741593236338, 28.19834562129115], [-89.077504046012, 28.333213450818214], [-88.98759215966061, 28.333213450818214], [-88.98759215966061, 28.3781693939939], [-88.94263621648491, 28.3781693939939], [-88.94263621648491, 28.42312533716959], [-88.80776838695783, 28.513037223520964], [-88.80776838695783, 28.60294910987234], [-88.76281244378214, 28.60294910987234], [-88.76281244378214, 28.647905053048028], [-88.71785650060644, 28.647905053048028], [-88.71785650060644, 28.692860996223715], [-88.58298867107936, 28.78277288257509], [-88.58298867107936, 28.87268476892647], [-88.44812084155228, 28.962596655277842], [-88.40316489837659, 29.142420427980596], [-88.3132530120252, 29.187376371156283], [-88.3132530120252, 29.322244200683347], [-88.2682970688495, 29.322244200683347], [-88.2682970688495, 29.45711203021041], [-88.22334112567381, 29.45711203021041], [-88.22334112567381, 29.771803632440225], [-88.17838518249812, 29.771803632440225], [-88.17838518249812, 29.951627405142975], [-88.22334112567381, 29.951627405142975], [-88.22334112567381, 30.221363064197103], [-88.2682970688495, 30.221363064197103], [-88.2682970688495, 30.356230893724167], [-88.3132530120252, 30.356230893724167], [-88.3132530120252, 30.49109872325123], [-88.3582089552009, 30.49109872325123], [-88.40316489837659, 30.760834382305358], [-88.44812084155228, 30.760834382305358], [-88.44812084155228, 30.850746268656735], [-88.49307678472798, 30.850746268656735], [-88.49307678472798, 30.94065815500811], [-88.53803272790367, 30.94065815500811], [-88.53803272790367, 31.075525984535172], [-88.58298867107936, 31.075525984535172], [-88.58298867107936, 31.210393814062236], [-88.62794461425506, 31.210393814062236], [-88.62794461425506, 31.3452616435893], [-88.67290055743075, 31.3452616435893], [-88.67290055743075, 31.52508541629205], [-88.71785650060644, 31.52508541629205], [-88.71785650060644, 31.884732961697555], [-88.76281244378214, 31.884732961697555], [-88.76281244378214, 32.01960079122462], [-88.71785650060644, 32.01960079122462], [-88.67290055743075, 32.4691602229815], [-88.62794461425506, 32.4691602229815], [-88.58298867107936, 32.73889588203562], [-88.53803272790367, 32.73889588203562], [-88.53803272790367, 32.828807768386994], [-88.49307678472798, 32.828807768386994], [-88.49307678472798, 32.96367559791406], [-88.44812084155228, 32.96367559791406], [-88.44812084155228, 33.00863154108975], [-88.40316489837659, 33.00863154108975], [-88.40316489837659, 33.09854342744113], [-88.2682970688495, 33.1884553137925], [-88.2682970688495, 33.278367200143876], [-88.13342923932242, 33.36827908649525], [-88.13342923932242, 33.45819097284663], [-87.99856140979534, 33.548102859198], [-87.95360546661965, 33.72792663190076], [-87.90864952344396, 33.72792663190076], [-87.90864952344396, 33.772882575076444], [-87.86369358026826, 33.772882575076444], [-87.86369358026826, 33.86279446142782], [-87.77378169391687, 33.907750404603505], [-87.77378169391687, 33.997662290954885], [-87.72882575074118, 33.997662290954885], [-87.72882575074118, 34.08757417730626], [-87.68386980756549, 34.08757417730626], [-87.68386980756549, 34.17748606365763], [-87.63891386438979, 34.17748606365763], [-87.63891386438979, 34.26739795000901], [-87.5939579212141, 34.26739795000901], [-87.5939579212141, 34.357309836360386], [-87.5490019780384, 34.357309836360386], [-87.5490019780384, 34.44722172271176], [-87.50404603486271, 34.44722172271176], [-87.50404603486271, 34.53713360906314], [-87.45909009168702, 34.53713360906314], [-87.45909009168702, 34.58208955223883], [-87.50404603486271, 34.58208955223883], [-87.50404603486271, 34.80686926811727], [-87.5490019780384, 34.80686926811727], [-87.5490019780384, 34.94173709764433], [-87.5939579212141, 34.94173709764433], [-87.5939579212141, 35.0316489839957], [-87.72882575074118, 35.0316489839957], [-87.72882575074118, 35.07660492717139], [-87.90864952344396, 35.07660492717139], [-87.90864952344396, 35.12156087034708], [-88.04351735297104, 35.12156087034708], [-88.04351735297104, 35.07660492717139], [-88.49307678472798, 35.0316489839957], [-88.49307678472798, 34.986693040820015], [-88.58298867107936, 34.986693040820015], [-88.62794461425506, 34.89678115446864], [-88.71785650060644, 34.89678115446864], [-88.71785650060644, 34.851825211292955], [-88.89768027330922, 34.80686926811727], [-88.89768027330922, 34.761913324941574], [-89.0325481028363, 34.761913324941574], [-89.077504046012, 34.6720014385902], [-89.16741593236338, 34.6720014385902], [-89.21237187553908, 34.58208955223883], [-89.30228376189046, 34.58208955223883], [-89.34723970506616, 34.492177665887446], [-89.48210753459324, 34.492177665887446], [-89.52706347776893, 34.40226577953607], [-89.61697536412032, 34.40226577953607], [-89.66193130729602, 34.3123538931847], [-89.7518431936474, 34.3123538931847], [-89.7967991368231, 34.22244200683332], [-89.88671102317448, 34.22244200683332], [-89.93166696635018, 34.132530120481945], [-90.02157885270157, 34.132530120481945], [-90.11149073905295, 33.997662290954885], [-90.20140262540434, 33.997662290954885], [-90.20140262540434, 33.9527063477792], [-90.38122639810712, 33.907750404603505], [-90.42618234128281, 33.81783851825213], [-90.5160942276342, 33.81783851825213], [-90.5160942276342, 33.772882575076444], [-90.56105017080989, 33.772882575076444], [-90.56105017080989, 33.72792663190076], [-90.60600611398559, 33.72792663190076], [-90.60600611398559, 33.68297068872507], [-90.65096205716128, 33.68297068872507], [-90.65096205716128, 33.63801474554938], [-90.69591800033697, 33.63801474554938], [-90.69591800033697, 33.59305880237369], [-90.74087394351267, 33.59305880237369], [-90.74087394351267, 33.548102859198], [-90.78582988668836, 33.548102859198], [-90.87574177303975, 33.41323502967094], [-90.96565365939114, 33.41323502967094], [-91.05556554574252, 33.278367200143876], [-91.14547743209391, 33.278367200143876], [-91.14547743209391, 33.23341125696819], [-91.1904333752696, 33.23341125696819], [-91.1904333752696, 33.1884553137925], [-91.2353893184453, 33.1884553137925], [-91.2353893184453, 33.143499370616816], [-91.280345261621, 33.143499370616816], [-91.280345261621, 33.09854342744113], [-91.32530120479669, 33.09854342744113], [-91.32530120479669, 33.053587484265435], [-91.37025714797238, 33.053587484265435], [-91.37025714797238, 33.00863154108975], [-91.41521309114808, 33.00863154108975], [-91.41521309114808, 32.96367559791406], [-91.55008092067516, 32.87376371156269], [-91.55008092067516, 32.828807768386994], [-91.63999280702654, 32.783851825211315], [-91.63999280702654, 32.73889588203562], [-91.77486063655363, 32.64898399568425], [-91.77486063655363, 32.559072109332874], [-91.86477252290501, 32.51411616615718], [-91.86477252290501, 32.42420427980581], [-91.9996403524321, 32.33429239345443], [-91.9996403524321, 32.24438050710306], [-92.08955223878348, 32.199424563927366], [-92.08955223878348, 32.10951267757599], [-92.13450818195918, 32.10951267757599], [-92.17946412513487, 31.92968890487324], [-92.22442006831056, 31.92968890487324], [-92.26937601148626, 31.659953245819114], [-92.31433195466195, 31.659953245819114], [-92.35928789783765, 31.075525984535172], [-92.40424384101334, 31.075525984535172], [-92.40424384101334, 30.221363064197103]]], [[[-75.9054126955337, 39.16759575615899], [-75.9054126955337, 39.30246358568605], [-75.860456752358, 39.30246358568605], [-75.860456752358, 39.347419528861735], [-75.77054486600662, 39.347419528861735], [-75.77054486600662, 39.39237547203742], [-75.63567703647954, 39.39237547203742], [-75.63567703647954, 39.437331415213116], [-75.59072109330384, 39.437331415213116], [-75.59072109330384, 39.39237547203742], [-75.41089732060107, 39.39237547203742], [-75.41089732060107, 39.347419528861735], [-75.32098543424968, 39.30246358568605], [-75.32098543424968, 39.16759575615899], [-75.36594137742537, 39.16759575615899], [-75.41089732060107, 39.07768386980761], [-75.81550080918231, 39.07768386980761], [-75.81550080918231, 39.122639812983294], [-75.9054126955337, 39.16759575615899]]]]}}, {"type": "Feature", "properties": {"shapefile": "2021083000_wsp34knt120hr_5km", "PERCENTAGE": "10-20%"}, "geometry": {"type": "MultiPolygon", "coordinates": [[[[-92.40424384101334, 30.221363064197103], [-92.40424384101334, 31.075525984535172], [-92.35928789783765, 31.075525984535172], [-92.31433195466195, 31.659953245819114], [-92.26937601148626, 31.659953245819114], [-92.26937601148626, 31.794821075346178], [-92.22442006831056, 31.794821075346178], [-92.22442006831056, 31.92968890487324], [-92.17946412513487, 31.92968890487324], [-92.17946412513487, 32.01960079122462], [-92.13450818195918, 32.01960079122462], [-92.08955223878348, 32.199424563927366], [-91.9996403524321, 32.24438050710306], [-91.9996403524321, 32.33429239345443], [-91.86477252290501, 32.42420427980581], [-91.86477252290501, 32.51411616615718], [-91.77486063655363, 32.559072109332874], [-91.77486063655363, 32.64898399568425], [-91.72990469337793, 32.64898399568425], [-91.63999280702654, 32.783851825211315], [-91.55008092067516, 32.828807768386994], [-91.55008092067516, 32.87376371156269], [-91.50512497749946, 32.87376371156269], [-91.50512497749946, 32.918719654738375], [-91.46016903432377, 32.918719654738375], [-91.46016903432377, 32.96367559791406], [-91.41521309114808, 32.96367559791406], [-91.41521309114808, 33.00863154108975], [-91.37025714797238, 33.00863154108975], [-91.37025714797238, 33.053587484265435], [-91.32530120479669, 33.053587484265435], [-91.32530120479669, 33.09854342744113], [-91.280345261621, 33.09854342744113], [-91.280345261621, 33.143499370616816], [-91.2353893184453, 33.143499370616816], [-91.14547743209391, 33.278367200143876], [-91.05556554574252, 33.278367200143876], [-90.96565365939114, 33.41323502967094], [-90.87574177303975, 33.41323502967094], [-90.87574177303975, 33.45819097284663], [-90.83078582986406, 33.45819097284663], [-90.83078582986406, 33.50314691602232], [-90.78582988668836, 33.50314691602232], [-90.78582988668836, 33.548102859198], [-90.74087394351267, 33.548102859198], [-90.74087394351267, 33.59305880237369], [-90.69591800033697, 33.59305880237369], [-90.69591800033697, 33.63801474554938], [-90.65096205716128, 33.63801474554938], [-90.65096205716128, 33.68297068872507], [-90.60600611398559, 33.68297068872507], [-90.5160942276342, 33.81783851825213], [-90.42618234128281, 33.81783851825213], [-90.38122639810712, 33.907750404603505], [-90.29131451175573, 33.907750404603505], [-90.29131451175573, 33.9527063477792], [-90.11149073905295, 33.997662290954885], [-90.02157885270157, 34.132530120481945], [-89.93166696635018, 34.132530120481945], [-89.88671102317448, 34.22244200683332], [-89.7967991368231, 34.22244200683332], [-89.7518431936474, 34.3123538931847], [-89.66193130729602, 34.3123538931847], [-89.66193130729602, 34.357309836360386], [-89.61697536412032, 34.357309836360386], [-89.61697536412032, 34.40226577953607], [-89.52706347776893, 34.40226577953607], [-89.48210753459324, 34.492177665887446], [-89.34723970506616, 34.492177665887446], [-89.30228376189046, 34.58208955223883], [-89.21237187553908, 34.58208955223883], [-89.21237187553908, 34.627045495414514], [-89.16741593236338, 34.627045495414514], [-89.16741593236338, 34.6720014385902], [-89.077504046012, 34.6720014385902], [-89.0325481028363, 34.761913324941574], [-88.89768027330922, 34.761913324941574], [-88.89768027330922, 34.80686926811727], [-88.80776838695783, 34.80686926811727], [-88.80776838695783, 34.851825211292955], [-88.62794461425506, 34.89678115446864], [-88.62794461425506, 34.94173709764433], [-88.58298867107936, 34.94173709764433], [-88.58298867107936, 34.986693040820015], [-88.49307678472798, 34.986693040820015], [-88.49307678472798, 35.0316489839957], [-88.04351735297104, 35.07660492717139], [-88.04351735297104, 35.12156087034708], [-87.90864952344396, 35.12156087034708], [-87.90864952344396, 35.07660492717139], [-87.72882575074118, 35.07660492717139], [-87.72882575074118, 35.0316489839957], [-87.5939579212141, 35.0316489839957], [-87.5939579212141, 34.94173709764433], [-87.5490019780384, 34.94173709764433], [-87.5490019780384, 34.80686926811727], [-87.50404603486271, 34.80686926811727], [-87.50404603486271, 34.58208955223883], [-87.45909009168702, 34.58208955223883], [-87.45909009168702, 34.53713360906314], [-87.50404603486271, 34.53713360906314], [-87.50404603486271, 34.44722172271176], [-87.5490019780384, 34.44722172271176], [-87.5490019780384, 34.357309836360386], [-87.5939579212141, 34.357309836360386], [-87.5939579212141, 34.26739795000901], [-87.63891386438979, 34.26739795000901], [-87.63891386438979, 34.17748606365763], [-87.68386980756549, 34.17748606365763], [-87.68386980756549, 34.08757417730626], [-87.72882575074118, 34.08757417730626], [-87.72882575074118, 33.997662290954885], [-87.77378169391687, 33.997662290954885], [-87.77378169391687, 33.907750404603505], [-87.81873763709257, 33.907750404603505], [-87.81873763709257, 33.86279446142782], [-87.86369358026826, 33.86279446142782], [-87.86369358026826, 33.772882575076444], [-87.95360546661965, 33.72792663190076], [-87.99856140979534, 33.548102859198], [-88.13342923932242, 33.45819097284663], [-88.13342923932242, 33.36827908649525], [-88.2682970688495, 33.278367200143876], [-88.2682970688495, 33.1884553137925], [-88.3132530120252, 33.1884553137925], [-88.3132530120252, 33.143499370616816], [-88.40316489837659, 33.09854342744113], [-88.40316489837659, 33.00863154108975], [-88.49307678472798, 32.96367559791406], [-88.49307678472798, 32.828807768386994], [-88.53803272790367, 32.828807768386994], [-88.53803272790367, 32.73889588203562], [-88.58298867107936, 32.73889588203562], [-88.58298867107936, 32.60402805250856], [-88.62794461425506, 32.60402805250856], [-88.62794461425506, 32.4691602229815], [-88.67290055743075, 32.4691602229815], [-88.71785650060644, 32.01960079122462], [-88.76281244378214, 32.01960079122462], [-88.76281244378214, 31.884732961697555], [-88.71785650060644, 31.884732961697555], [-88.71785650060644, 31.52508541629205], [-88.67290055743075, 31.52508541629205], [-88.67290055743075, 31.3452616435893], [-88.62794461425506, 31.3452616435893], [-88.62794461425506, 31.210393814062236], [-88.58298867107936, 31.210393814062236], [-88.53803272790367, 30.94065815500811], [-88.49307678472798, 30.94065815500811], [-88.49307678472798, 30.850746268656735], [-88.44812084155228, 30.850746268656735], [-88.44812084155228, 30.760834382305358], [-88.40316489837659, 30.760834382305358], [-88.40316489837659, 30.625966552778294], [-88.3582089552009, 30.625966552778294], [-88.3582089552009, 30.49109872325123], [-88.3132530120252, 30.49109872325123], [-88.3132530120252, 30.356230893724167], [-88.2682970688495, 30.356230893724167], [-88.2682970688495, 30.221363064197103], [-88.22334112567381, 30.221363064197103], [-88.22334112567381, 29.951627405142975], [-88.17838518249812, 29.951627405142975], [-88.17838518249812, 29.771803632440225], [-88.22334112567381, 29.771803632440225], [-88.22334112567381, 29.45711203021041], [-88.2682970688495, 29.45711203021041], [-88.3132530120252, 29.187376371156283], [-88.40316489837659, 29.142420427980596], [-88.40316489837659, 29.05250854162922], [-88.44812084155228, 29.05250854162922], [-88.44812084155228, 28.962596655277842], [-88.58298867107936, 28.87268476892647], [-88.58298867107936, 28.78277288257509], [-88.62794461425506, 28.78277288257509], [-88.62794461425506, 28.737816939399405], [-88.67290055743075, 28.737816939399405], [-88.67290055743075, 28.692860996223715], [-88.80776838695783, 28.60294910987234], [-88.80776838695783, 28.513037223520964], [-88.85272433013353, 28.513037223520964], [-88.85272433013353, 28.468081280345277], [-88.89768027330922, 28.468081280345277], [-88.98759215966061, 28.333213450818214], [-89.077504046012, 28.333213450818214], [-89.077504046012, 28.288257507642527], [-89.12245998918769, 28.288257507642527], [-89.21237187553908, 28.153389678115463], [-89.30228376189046, 28.153389678115463], [-89.39219564824185, 28.0185218485884], [-89.48210753459324, 28.0185218485884], [-89.48210753459324, 27.973565905412713], [-89.52706347776893, 27.973565905412713], [-89.52706347776893, 27.928609962237022], [-89.61697536412032, 27.928609962237022], [-89.61697536412032, 27.883654019061336], [-89.7518431936474, 27.883654019061336], [-89.7518431936474, 27.83869807588565], [-89.84175507999879, 27.83869807588565], [-89.84175507999879, 27.79374213270996], [-90.33627045493142, 27.748786189534272], [-90.33627045493142, 27.79374213270996], [-90.60600611398559, 27.79374213270996], [-90.60600611398559, 27.83869807588565], [-90.74087394351267, 27.83869807588565], [-90.74087394351267, 27.883654019061336], [-90.92069771621544, 27.928609962237022], [-90.96565365939114, 28.0185218485884], [-91.05556554574252, 28.0185218485884], [-91.14547743209391, 28.153389678115463], [-91.2353893184453, 28.153389678115463], [-91.2353893184453, 28.19834562129115], [-91.280345261621, 28.19834562129115], [-91.37025714797238, 28.333213450818214], [-91.46016903432377, 28.333213450818214], [-91.46016903432377, 28.3781693939939], [-91.50512497749946, 28.3781693939939], [-91.50512497749946, 28.42312533716959], [-91.55008092067516, 28.42312533716959], [-91.55008092067516, 28.468081280345277], [-91.68494875020224, 28.557993166696654], [-91.68494875020224, 28.647905053048028], [-91.72990469337793, 28.647905053048028], [-91.72990469337793, 28.692860996223715], [-91.77486063655363, 28.692860996223715], [-91.77486063655363, 28.737816939399405], [-91.90972846608071, 28.82772882575078], [-91.90972846608071, 28.917640712102155], [-91.9546844092564, 28.917640712102155], [-91.9546844092564, 28.962596655277842], [-91.9996403524321, 28.962596655277842], [-91.9996403524321, 29.05250854162922], [-92.08955223878348, 29.097464484804906], [-92.08955223878348, 29.187376371156283], [-92.13450818195918, 29.187376371156283], [-92.13450818195918, 29.322244200683347], [-92.17946412513487, 29.322244200683347], [-92.17946412513487, 29.412156087034724], [-92.22442006831056, 29.412156087034724], [-92.22442006831056, 29.547023916561784], [-92.26937601148626, 29.547023916561784], [-92.26937601148626, 29.726847689264538], [-92.31433195466195, 29.726847689264538], [-92.31433195466195, 29.90667146196729], [-92.35928789783765, 29.90667146196729], [-92.35928789783765, 30.221363064197103], [-92.40424384101334, 30.221363064197103]], [[-92.26937601148626, 30.356230893724167], [-92.22442006831056, 30.356230893724167], [-92.22442006831056, 29.951627405142975], [-92.17946412513487, 29.951627405142975], [-92.13450818195918, 29.547023916561784], [-92.08955223878348, 29.547023916561784], [-92.08955223878348, 29.412156087034724], [-92.04459629560779, 29.412156087034724], [-92.04459629560779, 29.322244200683347], [-91.9996403524321, 29.322244200683347], [-91.9546844092564, 29.142420427980596], [-91.90972846608071, 29.142420427980596], [-91.90972846608071, 29.097464484804906], [-91.86477252290501, 29.097464484804906], [-91.86477252290501, 29.007552598453533], [-91.72990469337793, 28.917640712102155], [-91.72990469337793, 28.82772882575078], [-91.68494875020224, 28.82772882575078], [-91.68494875020224, 28.78277288257509], [-91.63999280702654, 28.78277288257509], [-91.63999280702654, 28.737816939399405], [-91.59503686385085, 28.737816939399405], [-91.59503686385085, 28.692860996223715], [-91.55008092067516, 28.692860996223715], [-91.55008092067516, 28.647905053048028], [-91.50512497749946, 28.647905053048028], [-91.50512497749946, 28.60294910987234], [-91.46016903432377, 28.60294910987234], [-91.46016903432377, 28.557993166696654], [-91.41521309114808, 28.557993166696654], [-91.41521309114808, 28.513037223520964], [-91.37025714797238, 28.513037223520964], [-91.37025714797238, 28.468081280345277], [-91.32530120479669, 28.468081280345277], [-91.32530120479669, 28.42312533716959], [-91.280345261621, 28.42312533716959], [-91.1904333752696, 28.288257507642527], [-91.10052148891822, 28.288257507642527], [-91.10052148891822, 28.243301564466837], [-91.05556554574252, 28.243301564466837], [-91.01060960256683, 28.153389678115463], [-90.92069771621544, 28.153389678115463], [-90.87574177303975, 28.063477791764086], [-90.78582988668836, 28.063477791764086], [-90.78582988668836, 28.0185218485884], [-90.69591800033697, 28.0185218485884], [-90.69591800033697, 27.973565905412713], [-90.56105017080989, 27.973565905412713], [-90.56105017080989, 27.928609962237022], [-90.38122639810712, 27.928609962237022], [-90.38122639810712, 27.883654019061336], [-90.06653479587726, 27.883654019061336], [-90.06653479587726, 27.928609962237022], [-89.88671102317448, 27.928609962237022], [-89.88671102317448, 27.973565905412713], [-89.7518431936474, 27.973565905412713], [-89.7518431936474, 28.0185218485884], [-89.57201942094463, 28.063477791764086], [-89.57201942094463, 28.108433734939773], [-89.52706347776893, 28.108433734939773], [-89.52706347776893, 28.153389678115463], [-89.43715159141755, 28.153389678115463], [-89.43715159141755, 28.19834562129115], [-89.39219564824185, 28.19834562129115], [-89.30228376189046, 28.333213450818214], [-89.21237187553908, 28.333213450818214], [-89.21237187553908, 28.3781693939939], [-89.16741593236338, 28.3781693939939], [-89.16741593236338, 28.42312533716959], [-89.12245998918769, 28.42312533716959], [-89.12245998918769, 28.468081280345277], [-89.077504046012, 28.468081280345277], [-89.077504046012, 28.513037223520964], [-89.0325481028363, 28.513037223520964], [-89.0325481028363, 28.557993166696654], [-88.98759215966061, 28.557993166696654], [-88.98759215966061, 28.60294910987234], [-88.94263621648491, 28.60294910987234], [-88.94263621648491, 28.647905053048028], [-88.89768027330922, 28.647905053048028], [-88.89768027330922, 28.692860996223715], [-88.76281244378214, 28.78277288257509], [-88.76281244378214, 28.87268476892647], [-88.71785650060644, 28.87268476892647], [-88.71785650060644, 28.917640712102155], [-88.58298867107936, 29.007552598453533], [-88.58298867107936, 29.097464484804906], [-88.49307678472798, 29.142420427980596], [-88.49307678472798, 29.23233231433197], [-88.44812084155228, 29.23233231433197], [-88.44812084155228, 29.322244200683347], [-88.40316489837659, 29.322244200683347], [-88.40316489837659, 29.45711203021041], [-88.3582089552009, 29.45711203021041], [-88.3582089552009, 29.771803632440225], [-88.3132530120252, 29.771803632440225], [-88.3132530120252, 29.90667146196729], [-88.3582089552009, 29.90667146196729], [-88.3582089552009, 30.176407121021416], [-88.40316489837659, 30.176407121021416], [-88.40316489837659, 30.356230893724167], [-88.44812084155228, 30.356230893724167], [-88.44812084155228, 30.446142780075544], [-88.49307678472798, 30.446142780075544], [-88.49307678472798, 30.581010609602608], [-88.53803272790367, 30.581010609602608], [-88.53803272790367, 30.67092249595398], [-88.58298867107936, 30.67092249595398], [-88.58298867107936, 30.760834382305358], [-88.62794461425506, 30.760834382305358], [-88.62794461425506, 30.895702211832422], [-88.67290055743075, 30.895702211832422], [-88.67290055743075, 30.985614098183795], [-88.71785650060644, 30.985614098183795], [-88.71785650060644, 31.12048192771086], [-88.76281244378214, 31.12048192771086], [-88.76281244378214, 31.300305700413613], [-88.80776838695783, 31.300305700413613], [-88.80776838695783, 31.435173529940677], [-88.85272433013353, 31.435173529940677], [-88.85272433013353, 31.659953245819114], [-88.89768027330922, 31.659953245819114], [-88.89768027330922, 31.884732961697555], [-88.94263621648491, 31.884732961697555], [-88.94263621648491, 32.154468620751686], [-88.98759215966061, 32.154468620751686], [-88.98759215966061, 32.42420427980581], [-89.0325481028363, 32.42420427980581], [-89.0325481028363, 32.87376371156269], [-88.98759215966061, 32.87376371156269], [-88.98759215966061, 33.278367200143876], [-88.94263621648491, 33.278367200143876], [-88.94263621648491, 33.59305880237369], [-88.98759215966061, 33.59305880237369], [-88.98759215966061, 33.63801474554938], [-89.077504046012, 33.63801474554938], [-89.077504046012, 33.68297068872507], [-89.52706347776893, 33.72792663190076], [-89.52706347776893, 33.68297068872507], [-89.66193130729602, 33.68297068872507], [-89.66193130729602, 33.63801474554938], [-89.7967991368231, 33.63801474554938], [-89.7967991368231, 33.59305880237369], [-89.97662290952587, 33.59305880237369], [-89.97662290952587, 33.548102859198], [-90.06653479587726, 33.548102859198], [-90.06653479587726, 33.50314691602232], [-90.33627045493142, 33.45819097284663], [-90.33627045493142, 33.41323502967094], [-90.42618234128281, 33.41323502967094], [-90.42618234128281, 33.36827908649525], [-90.56105017080989, 33.36827908649525], [-90.56105017080989, 33.32332314331956], [-90.65096205716128, 33.32332314331956], [-90.69591800033697, 33.23341125696819], [-90.78582988668836, 33.23341125696819], [-90.78582988668836, 33.1884553137925], [-90.87574177303975, 33.1884553137925], [-90.92069771621544, 33.09854342744113], [-91.01060960256683, 33.09854342744113], [-91.10052148891822, 32.96367559791406], [-91.1904333752696, 32.96367559791406], [-91.1904333752696, 32.918719654738375], [-91.2353893184453, 32.918719654738375], [-91.2353893184453, 32.87376371156269], [-91.280345261621, 32.87376371156269], [-91.280345261621, 32.828807768386994], [-91.32530120479669, 32.828807768386994], [-91.32530120479669, 32.783851825211315], [-91.37025714797238, 32.783851825211315], [-91.37025714797238, 32.73889588203562], [-91.41521309114808, 32.73889588203562], [-91.41521309114808, 32.693939938859934], [-91.46016903432377, 32.693939938859934], [-91.46016903432377, 32.64898399568425], [-91.59503686385085, 32.559072109332874], [-91.59503686385085, 32.51411616615718], [-91.68494875020224, 32.4691602229815], [-91.68494875020224, 32.37924833663012], [-91.81981657972932, 32.289336450278746], [-91.81981657972932, 32.199424563927366], [-91.90972846608071, 32.154468620751686], [-91.90972846608071, 32.064556734400306], [-91.9546844092564, 32.064556734400306], [-91.9546844092564, 32.01960079122462], [-91.9996403524321, 32.01960079122462], [-91.9996403524321, 31.92968890487324], [-92.04459629560779, 31.92968890487324], [-92.04459629560779, 31.794821075346178], [-92.08955223878348, 31.794821075346178], [-92.08955223878348, 31.7049091889948], [-92.13450818195918, 31.7049091889948], [-92.13450818195918, 31.52508541629205], [-92.17946412513487, 31.52508541629205], [-92.17946412513487, 31.3452616435893], [-92.22442006831056, 31.3452616435893], [-92.22442006831056, 30.94065815500811], [-92.26937601148626, 30.94065815500811], [-92.26937601148626, 30.356230893724167]]]]}}, {"type": "Feature", "properties": {"shapefile": "2021083000_wsp34knt120hr_5km", "PERCENTAGE": "20-30%"}, "geometry": {"type": "MultiPolygon", "coordinates": [[[[-92.26937601148626, 30.356230893724167], [-92.26937601148626, 30.94065815500811], [-92.22442006831056, 30.94065815500811], [-92.22442006831056, 31.3452616435893], [-92.17946412513487, 31.3452616435893], [-92.17946412513487, 31.52508541629205], [-92.13450818195918, 31.52508541629205], [-92.13450818195918, 31.7049091889948], [-92.08955223878348, 31.7049091889948], [-92.08955223878348, 31.794821075346178], [-92.04459629560779, 31.794821075346178], [-92.04459629560779, 31.92968890487324], [-91.9996403524321, 31.92968890487324], [-91.9996403524321, 32.01960079122462], [-91.90972846608071, 32.064556734400306], [-91.90972846608071, 32.154468620751686], [-91.81981657972932, 32.199424563927366], [-91.81981657972932, 32.289336450278746], [-91.68494875020224, 32.37924833663012], [-91.68494875020224, 32.4691602229815], [-91.59503686385085, 32.51411616615718], [-91.59503686385085, 32.559072109332874], [-91.55008092067516, 32.559072109332874], [-91.55008092067516, 32.60402805250856], [-91.50512497749946, 32.60402805250856], [-91.50512497749946, 32.64898399568425], [-91.46016903432377, 32.64898399568425], [-91.46016903432377, 32.693939938859934], [-91.41521309114808, 32.693939938859934], [-91.41521309114808, 32.73889588203562], [-91.37025714797238, 32.73889588203562], [-91.37025714797238, 32.783851825211315], [-91.32530120479669, 32.783851825211315], [-91.32530120479669, 32.828807768386994], [-91.280345261621, 32.828807768386994], [-91.1904333752696, 32.96367559791406], [-91.10052148891822, 32.96367559791406], [-91.01060960256683, 33.09854342744113], [-90.92069771621544, 33.09854342744113], [-90.87574177303975, 33.1884553137925], [-90.69591800033697, 33.23341125696819], [-90.69591800033697, 33.278367200143876], [-90.65096205716128, 33.278367200143876], [-90.65096205716128, 33.32332314331956], [-90.56105017080989, 33.32332314331956], [-90.56105017080989, 33.36827908649525], [-90.42618234128281, 33.36827908649525], [-90.42618234128281, 33.41323502967094], [-90.33627045493142, 33.41323502967094], [-90.33627045493142, 33.45819097284663], [-90.06653479587726, 33.50314691602232], [-90.06653479587726, 33.548102859198], [-89.97662290952587, 33.548102859198], [-89.97662290952587, 33.59305880237369], [-89.7967991368231, 33.59305880237369], [-89.7967991368231, 33.63801474554938], [-89.66193130729602, 33.63801474554938], [-89.66193130729602, 33.68297068872507], [-89.52706347776893, 33.68297068872507], [-89.52706347776893, 33.72792663190076], [-89.077504046012, 33.68297068872507], [-89.077504046012, 33.63801474554938], [-88.98759215966061, 33.63801474554938], [-88.98759215966061, 33.59305880237369], [-88.94263621648491, 33.59305880237369], [-88.94263621648491, 33.278367200143876], [-88.98759215966061, 33.278367200143876], [-88.98759215966061, 32.87376371156269], [-89.0325481028363, 32.87376371156269], [-89.0325481028363, 32.42420427980581], [-88.98759215966061, 32.42420427980581], [-88.98759215966061, 32.154468620751686], [-88.94263621648491, 32.154468620751686], [-88.94263621648491, 31.884732961697555], [-88.89768027330922, 31.884732961697555], [-88.85272433013353, 31.435173529940677], [-88.80776838695783, 31.435173529940677], [-88.80776838695783, 31.300305700413613], [-88.76281244378214, 31.300305700413613], [-88.76281244378214, 31.12048192771086], [-88.71785650060644, 31.12048192771086], [-88.71785650060644, 30.985614098183795], [-88.67290055743075, 30.985614098183795], [-88.67290055743075, 30.895702211832422], [-88.62794461425506, 30.895702211832422], [-88.62794461425506, 30.760834382305358], [-88.58298867107936, 30.760834382305358], [-88.58298867107936, 30.67092249595398], [-88.53803272790367, 30.67092249595398], [-88.53803272790367, 30.581010609602608], [-88.49307678472798, 30.581010609602608], [-88.49307678472798, 30.446142780075544], [-88.44812084155228, 30.446142780075544], [-88.44812084155228, 30.356230893724167], [-88.40316489837659, 30.356230893724167], [-88.40316489837659, 30.176407121021416], [-88.3582089552009, 30.176407121021416], [-88.3582089552009, 29.90667146196729], [-88.3132530120252, 29.90667146196729], [-88.3132530120252, 29.771803632440225], [-88.3582089552009, 29.771803632440225], [-88.3582089552009, 29.45711203021041], [-88.40316489837659, 29.45711203021041], [-88.40316489837659, 29.322244200683347], [-88.44812084155228, 29.322244200683347], [-88.49307678472798, 29.142420427980596], [-88.53803272790367, 29.142420427980596], [-88.53803272790367, 29.097464484804906], [-88.58298867107936, 29.097464484804906], [-88.58298867107936, 29.007552598453533], [-88.62794461425506, 29.007552598453533], [-88.62794461425506, 28.962596655277842], [-88.76281244378214, 28.87268476892647], [-88.76281244378214, 28.78277288257509], [-88.80776838695783, 28.78277288257509], [-88.80776838695783, 28.737816939399405], [-88.85272433013353, 28.737816939399405], [-88.85272433013353, 28.692860996223715], [-88.89768027330922, 28.692860996223715], [-88.89768027330922, 28.647905053048028], [-88.94263621648491, 28.647905053048028], [-88.94263621648491, 28.60294910987234], [-88.98759215966061, 28.60294910987234], [-88.98759215966061, 28.557993166696654], [-89.0325481028363, 28.557993166696654], [-89.0325481028363, 28.513037223520964], [-89.077504046012, 28.513037223520964], [-89.077504046012, 28.468081280345277], [-89.12245998918769, 28.468081280345277], [-89.21237187553908, 28.333213450818214], [-89.30228376189046, 28.333213450818214], [-89.30228376189046, 28.288257507642527], [-89.34723970506616, 28.288257507642527], [-89.43715159141755, 28.153389678115463], [-89.52706347776893, 28.153389678115463], [-89.57201942094463, 28.063477791764086], [-89.66193130729602, 28.063477791764086], [-89.66193130729602, 28.0185218485884], [-89.7518431936474, 28.0185218485884], [-89.7518431936474, 27.973565905412713], [-89.88671102317448, 27.973565905412713], [-89.88671102317448, 27.928609962237022], [-90.06653479587726, 27.928609962237022], [-90.06653479587726, 27.883654019061336], [-90.38122639810712, 27.883654019061336], [-90.38122639810712, 27.928609962237022], [-90.56105017080989, 27.928609962237022], [-90.56105017080989, 27.973565905412713], [-90.69591800033697, 27.973565905412713], [-90.69591800033697, 28.0185218485884], [-90.87574177303975, 28.063477791764086], [-90.87574177303975, 28.108433734939773], [-90.92069771621544, 28.108433734939773], [-90.92069771621544, 28.153389678115463], [-91.01060960256683, 28.153389678115463], [-91.10052148891822, 28.288257507642527], [-91.1904333752696, 28.288257507642527], [-91.1904333752696, 28.333213450818214], [-91.2353893184453, 28.333213450818214], [-91.2353893184453, 28.3781693939939], [-91.280345261621, 28.3781693939939], [-91.280345261621, 28.42312533716959], [-91.32530120479669, 28.42312533716959], [-91.32530120479669, 28.468081280345277], [-91.37025714797238, 28.468081280345277], [-91.37025714797238, 28.513037223520964], [-91.41521309114808, 28.513037223520964], [-91.41521309114808, 28.557993166696654], [-91.46016903432377, 28.557993166696654], [-91.46016903432377, 28.60294910987234], [-91.50512497749946, 28.60294910987234], [-91.50512497749946, 28.647905053048028], [-91.55008092067516, 28.647905053048028], [-91.55008092067516, 28.692860996223715], [-91.59503686385085, 28.692860996223715], [-91.59503686385085, 28.737816939399405], [-91.72990469337793, 28.82772882575078], [-91.72990469337793, 28.917640712102155], [-91.77486063655363, 28.917640712102155], [-91.77486063655363, 28.962596655277842], [-91.86477252290501, 29.007552598453533], [-91.86477252290501, 29.097464484804906], [-91.9546844092564, 29.142420427980596], [-91.9546844092564, 29.23233231433197], [-91.9996403524321, 29.23233231433197], [-91.9996403524321, 29.322244200683347], [-92.04459629560779, 29.322244200683347], [-92.04459629560779, 29.412156087034724], [-92.08955223878348, 29.412156087034724], [-92.08955223878348, 29.547023916561784], [-92.13450818195918, 29.547023916561784], [-92.17946412513487, 29.951627405142975], [-92.22442006831056, 29.951627405142975], [-92.22442006831056, 30.356230893724167], [-92.26937601148626, 30.356230893724167]], [[-92.13450818195918, 30.221363064197103], [-92.08955223878348, 30.221363064197103], [-92.08955223878348, 29.861715518791602], [-92.04459629560779, 29.861715518791602], [-92.04459629560779, 29.63693580291316], [-91.9996403524321, 29.63693580291316], [-91.9546844092564, 29.367200143859034], [-91.90972846608071, 29.367200143859034], [-91.90972846608071, 29.27728825750766], [-91.81981657972932, 29.23233231433197], [-91.81981657972932, 29.142420427980596], [-91.68494875020224, 29.05250854162922], [-91.68494875020224, 28.962596655277842], [-91.63999280702654, 28.962596655277842], [-91.63999280702654, 28.917640712102155], [-91.59503686385085, 28.917640712102155], [-91.59503686385085, 28.87268476892647], [-91.55008092067516, 28.87268476892647], [-91.55008092067516, 28.82772882575078], [-91.50512497749946, 28.82772882575078], [-91.50512497749946, 28.78277288257509], [-91.46016903432377, 28.78277288257509], [-91.46016903432377, 28.737816939399405], [-91.41521309114808, 28.737816939399405], [-91.41521309114808, 28.692860996223715], [-91.37025714797238, 28.692860996223715], [-91.37025714797238, 28.647905053048028], [-91.32530120479669, 28.647905053048028], [-91.32530120479669, 28.60294910987234], [-91.280345261621, 28.60294910987234], [-91.280345261621, 28.557993166696654], [-91.2353893184453, 28.557993166696654], [-91.2353893184453, 28.513037223520964], [-91.1904333752696, 28.513037223520964], [-91.1904333752696, 28.468081280345277], [-91.14547743209391, 28.468081280345277], [-91.05556554574252, 28.333213450818214], [-90.96565365939114, 28.333213450818214], [-90.87574177303975, 28.19834562129115], [-90.69591800033697, 28.153389678115463], [-90.69591800033697, 28.108433734939773], [-90.60600611398559, 28.108433734939773], [-90.60600611398559, 28.063477791764086], [-90.4711382844585, 28.063477791764086], [-90.4711382844585, 28.0185218485884], [-89.97662290952587, 28.0185218485884], [-89.97662290952587, 28.063477791764086], [-89.84175507999879, 28.063477791764086], [-89.84175507999879, 28.108433734939773], [-89.7518431936474, 28.108433734939773], [-89.7518431936474, 28.153389678115463], [-89.57201942094463, 28.19834562129115], [-89.57201942094463, 28.243301564466837], [-89.52706347776893, 28.243301564466837], [-89.43715159141755, 28.3781693939939], [-89.34723970506616, 28.3781693939939], [-89.34723970506616, 28.42312533716959], [-89.30228376189046, 28.42312533716959], [-89.30228376189046, 28.468081280345277], [-89.25732781871477, 28.468081280345277], [-89.25732781871477, 28.513037223520964], [-89.21237187553908, 28.513037223520964], [-89.21237187553908, 28.557993166696654], [-89.16741593236338, 28.557993166696654], [-89.16741593236338, 28.60294910987234], [-89.12245998918769, 28.60294910987234], [-89.12245998918769, 28.647905053048028], [-89.077504046012, 28.647905053048028], [-89.077504046012, 28.692860996223715], [-89.0325481028363, 28.692860996223715], [-89.0325481028363, 28.737816939399405], [-88.98759215966061, 28.737816939399405], [-88.98759215966061, 28.78277288257509], [-88.94263621648491, 28.78277288257509], [-88.94263621648491, 28.82772882575078], [-88.80776838695783, 28.917640712102155], [-88.80776838695783, 29.007552598453533], [-88.67290055743075, 29.097464484804906], [-88.67290055743075, 29.187376371156283], [-88.58298867107936, 29.23233231433197], [-88.58298867107936, 29.322244200683347], [-88.53803272790367, 29.322244200683347], [-88.53803272790367, 29.412156087034724], [-88.49307678472798, 29.412156087034724], [-88.49307678472798, 29.591979859737474], [-88.44812084155228, 29.591979859737474], [-88.44812084155228, 30.041539291494352], [-88.49307678472798, 30.041539291494352], [-88.49307678472798, 30.221363064197103], [-88.53803272790367, 30.221363064197103], [-88.53803272790367, 30.356230893724167], [-88.58298867107936, 30.356230893724167], [-88.58298867107936, 30.446142780075544], [-88.62794461425506, 30.446142780075544], [-88.62794461425506, 30.536054666426917], [-88.67290055743075, 30.536054666426917], [-88.67290055743075, 30.625966552778294], [-88.71785650060644, 30.625966552778294], [-88.71785650060644, 30.760834382305358], [-88.76281244378214, 30.760834382305358], [-88.76281244378214, 30.850746268656735], [-88.80776838695783, 30.850746268656735], [-88.80776838695783, 30.985614098183795], [-88.85272433013353, 30.985614098183795], [-88.85272433013353, 31.12048192771086], [-88.89768027330922, 31.12048192771086], [-88.89768027330922, 31.255349757237923], [-88.94263621648491, 31.255349757237923], [-88.94263621648491, 31.390217586764987], [-88.98759215966061, 31.390217586764987], [-88.98759215966061, 31.52508541629205], [-89.0325481028363, 31.52508541629205], [-89.077504046012, 31.92968890487324], [-89.12245998918769, 31.92968890487324], [-89.16741593236338, 32.33429239345443], [-89.21237187553908, 32.33429239345443], [-89.21237187553908, 32.559072109332874], [-89.25732781871477, 32.559072109332874], [-89.25732781871477, 32.783851825211315], [-89.30228376189046, 32.783851825211315], [-89.30228376189046, 32.96367559791406], [-89.34723970506616, 32.96367559791406], [-89.34723970506616, 33.053587484265435], [-89.43715159141755, 33.09854342744113], [-89.43715159141755, 33.1884553137925], [-89.57201942094463, 33.1884553137925], [-89.57201942094463, 33.23341125696819], [-89.88671102317448, 33.23341125696819], [-89.88671102317448, 33.278367200143876], [-89.97662290952587, 33.278367200143876], [-89.97662290952587, 33.23341125696819], [-90.20140262540434, 33.23341125696819], [-90.20140262540434, 33.1884553137925], [-90.38122639810712, 33.1884553137925], [-90.38122639810712, 33.143499370616816], [-90.4711382844585, 33.143499370616816], [-90.4711382844585, 33.09854342744113], [-90.60600611398559, 33.09854342744113], [-90.60600611398559, 33.053587484265435], [-90.78582988668836, 33.00863154108975], [-90.83078582986406, 32.918719654738375], [-91.01060960256683, 32.87376371156269], [-91.01060960256683, 32.828807768386994], [-91.05556554574252, 32.828807768386994], [-91.14547743209391, 32.693939938859934], [-91.2353893184453, 32.693939938859934], [-91.2353893184453, 32.64898399568425], [-91.280345261621, 32.64898399568425], [-91.280345261621, 32.60402805250856], [-91.32530120479669, 32.60402805250856], [-91.32530120479669, 32.559072109332874], [-91.37025714797238, 32.559072109332874], [-91.37025714797238, 32.51411616615718], [-91.41521309114808, 32.51411616615718], [-91.41521309114808, 32.4691602229815], [-91.46016903432377, 32.4691602229815], [-91.46016903432377, 32.42420427980581], [-91.59503686385085, 32.33429239345443], [-91.59503686385085, 32.24438050710306], [-91.63999280702654, 32.24438050710306], [-91.63999280702654, 32.199424563927366], [-91.72990469337793, 32.154468620751686], [-91.72990469337793, 32.064556734400306], [-91.81981657972932, 32.01960079122462], [-91.81981657972932, 31.92968890487324], [-91.86477252290501, 31.92968890487324], [-91.86477252290501, 31.839777018521865], [-91.90972846608071, 31.839777018521865], [-91.90972846608071, 31.74986513217049], [-91.9546844092564, 31.74986513217049], [-91.9546844092564, 31.659953245819114], [-91.9996403524321, 31.659953245819114], [-91.9996403524321, 31.52508541629205], [-92.04459629560779, 31.52508541629205], [-92.08955223878348, 31.030570041359486], [-92.13450818195918, 31.030570041359486], [-92.13450818195918, 30.221363064197103]]]]}}, {"type": "Feature", "properties": {"shapefile": "2021083000_wsp34knt120hr_5km", "PERCENTAGE": "30-40%"}, "geometry": {"type": "MultiPolygon", "coordinates": [[[[-92.13450818195918, 30.221363064197103], [-92.13450818195918, 31.030570041359486], [-92.08955223878348, 31.030570041359486], [-92.04459629560779, 31.52508541629205], [-91.9996403524321, 31.52508541629205], [-91.9996403524321, 31.659953245819114], [-91.9546844092564, 31.659953245819114], [-91.9546844092564, 31.74986513217049], [-91.90972846608071, 31.74986513217049], [-91.90972846608071, 31.839777018521865], [-91.86477252290501, 31.839777018521865], [-91.86477252290501, 31.92968890487324], [-91.81981657972932, 31.92968890487324], [-91.81981657972932, 32.01960079122462], [-91.77486063655363, 32.01960079122462], [-91.77486063655363, 32.064556734400306], [-91.72990469337793, 32.064556734400306], [-91.72990469337793, 32.154468620751686], [-91.59503686385085, 32.24438050710306], [-91.59503686385085, 32.33429239345443], [-91.55008092067516, 32.33429239345443], [-91.55008092067516, 32.37924833663012], [-91.50512497749946, 32.37924833663012], [-91.50512497749946, 32.42420427980581], [-91.46016903432377, 32.42420427980581], [-91.46016903432377, 32.4691602229815], [-91.41521309114808, 32.4691602229815], [-91.41521309114808, 32.51411616615718], [-91.37025714797238, 32.51411616615718], [-91.37025714797238, 32.559072109332874], [-91.32530120479669, 32.559072109332874], [-91.2353893184453, 32.693939938859934], [-91.14547743209391, 32.693939938859934], [-91.14547743209391, 32.73889588203562], [-91.10052148891822, 32.73889588203562], [-91.01060960256683, 32.87376371156269], [-90.92069771621544, 32.87376371156269], [-90.92069771621544, 32.918719654738375], [-90.83078582986406, 32.918719654738375], [-90.78582988668836, 33.00863154108975], [-90.60600611398559, 33.053587484265435], [-90.60600611398559, 33.09854342744113], [-90.4711382844585, 33.09854342744113], [-90.4711382844585, 33.143499370616816], [-90.38122639810712, 33.143499370616816], [-90.38122639810712, 33.1884553137925], [-89.97662290952587, 33.23341125696819], [-89.97662290952587, 33.278367200143876], [-89.88671102317448, 33.278367200143876], [-89.88671102317448, 33.23341125696819], [-89.57201942094463, 33.23341125696819], [-89.57201942094463, 33.1884553137925], [-89.43715159141755, 33.1884553137925], [-89.43715159141755, 33.09854342744113], [-89.39219564824185, 33.09854342744113], [-89.39219564824185, 33.053587484265435], [-89.34723970506616, 33.053587484265435], [-89.34723970506616, 32.96367559791406], [-89.30228376189046, 32.96367559791406], [-89.30228376189046, 32.783851825211315], [-89.25732781871477, 32.783851825211315], [-89.25732781871477, 32.559072109332874], [-89.21237187553908, 32.559072109332874], [-89.21237187553908, 32.33429239345443], [-89.16741593236338, 32.33429239345443], [-89.16741593236338, 32.10951267757599], [-89.12245998918769, 32.10951267757599], [-89.12245998918769, 31.92968890487324], [-89.077504046012, 31.92968890487324], [-89.0325481028363, 31.52508541629205], [-88.98759215966061, 31.52508541629205], [-88.98759215966061, 31.390217586764987], [-88.94263621648491, 31.390217586764987], [-88.94263621648491, 31.255349757237923], [-88.89768027330922, 31.255349757237923], [-88.89768027330922, 31.12048192771086], [-88.85272433013353, 31.12048192771086], [-88.80776838695783, 30.850746268656735], [-88.76281244378214, 30.850746268656735], [-88.76281244378214, 30.760834382305358], [-88.71785650060644, 30.760834382305358], [-88.71785650060644, 30.625966552778294], [-88.67290055743075, 30.625966552778294], [-88.67290055743075, 30.536054666426917], [-88.62794461425506, 30.536054666426917], [-88.62794461425506, 30.446142780075544], [-88.58298867107936, 30.446142780075544], [-88.58298867107936, 30.356230893724167], [-88.53803272790367, 30.356230893724167], [-88.53803272790367, 30.221363064197103], [-88.49307678472798, 30.221363064197103], [-88.49307678472798, 30.041539291494352], [-88.44812084155228, 30.041539291494352], [-88.44812084155228, 29.591979859737474], [-88.49307678472798, 29.591979859737474], [-88.49307678472798, 29.412156087034724], [-88.53803272790367, 29.412156087034724], [-88.58298867107936, 29.23233231433197], [-88.67290055743075, 29.187376371156283], [-88.67290055743075, 29.097464484804906], [-88.80776838695783, 29.007552598453533], [-88.80776838695783, 28.917640712102155], [-88.85272433013353, 28.917640712102155], [-88.85272433013353, 28.87268476892647], [-88.89768027330922, 28.87268476892647], [-88.89768027330922, 28.82772882575078], [-88.94263621648491, 28.82772882575078], [-88.94263621648491, 28.78277288257509], [-88.98759215966061, 28.78277288257509], [-88.98759215966061, 28.737816939399405], [-89.0325481028363, 28.737816939399405], [-89.0325481028363, 28.692860996223715], [-89.077504046012, 28.692860996223715], [-89.077504046012, 28.647905053048028], [-89.12245998918769, 28.647905053048028], [-89.12245998918769, 28.60294910987234], [-89.16741593236338, 28.60294910987234], [-89.16741593236338, 28.557993166696654], [-89.21237187553908, 28.557993166696654], [-89.21237187553908, 28.513037223520964], [-89.34723970506616, 28.42312533716959], [-89.34723970506616, 28.3781693939939], [-89.43715159141755, 28.3781693939939], [-89.43715159141755, 28.333213450818214], [-89.48210753459324, 28.333213450818214], [-89.57201942094463, 28.19834562129115], [-89.7518431936474, 28.153389678115463], [-89.7518431936474, 28.108433734939773], [-89.84175507999879, 28.108433734939773], [-89.84175507999879, 28.063477791764086], [-89.97662290952587, 28.063477791764086], [-89.97662290952587, 28.0185218485884], [-90.4711382844585, 28.0185218485884], [-90.4711382844585, 28.063477791764086], [-90.60600611398559, 28.063477791764086], [-90.60600611398559, 28.108433734939773], [-90.69591800033697, 28.108433734939773], [-90.69591800033697, 28.153389678115463], [-90.87574177303975, 28.19834562129115], [-90.96565365939114, 28.333213450818214], [-91.05556554574252, 28.333213450818214], [-91.05556554574252, 28.3781693939939], [-91.10052148891822, 28.3781693939939], [-91.10052148891822, 28.42312533716959], [-91.14547743209391, 28.42312533716959], [-91.14547743209391, 28.468081280345277], [-91.1904333752696, 28.468081280345277], [-91.1904333752696, 28.513037223520964], [-91.2353893184453, 28.513037223520964], [-91.2353893184453, 28.557993166696654], [-91.280345261621, 28.557993166696654], [-91.280345261621, 28.60294910987234], [-91.32530120479669, 28.60294910987234], [-91.32530120479669, 28.647905053048028], [-91.37025714797238, 28.647905053048028], [-91.37025714797238, 28.692860996223715], [-91.41521309114808, 28.692860996223715], [-91.41521309114808, 28.737816939399405], [-91.46016903432377, 28.737816939399405], [-91.46016903432377, 28.78277288257509], [-91.50512497749946, 28.78277288257509], [-91.50512497749946, 28.82772882575078], [-91.55008092067516, 28.82772882575078], [-91.55008092067516, 28.87268476892647], [-91.68494875020224, 28.962596655277842], [-91.68494875020224, 29.05250854162922], [-91.81981657972932, 29.142420427980596], [-91.81981657972932, 29.23233231433197], [-91.86477252290501, 29.23233231433197], [-91.86477252290501, 29.27728825750766], [-91.90972846608071, 29.27728825750766], [-91.90972846608071, 29.367200143859034], [-91.9546844092564, 29.367200143859034], [-91.9996403524321, 29.63693580291316], [-92.04459629560779, 29.63693580291316], [-92.04459629560779, 29.861715518791602], [-92.08955223878348, 29.861715518791602], [-92.08955223878348, 30.221363064197103], [-92.13450818195918, 30.221363064197103]], [[-91.9996403524321, 29.996583348318666], [-91.9546844092564, 29.996583348318666], [-91.9546844092564, 29.726847689264538], [-91.90972846608071, 29.726847689264538], [-91.90972846608071, 29.547023916561784], [-91.86477252290501, 29.547023916561784], [-91.86477252290501, 29.412156087034724], [-91.81981657972932, 29.412156087034724], [-91.81981657972932, 29.322244200683347], [-91.72990469337793, 29.27728825750766], [-91.72990469337793, 29.187376371156283], [-91.68494875020224, 29.187376371156283], [-91.68494875020224, 29.142420427980596], [-91.63999280702654, 29.142420427980596], [-91.63999280702654, 29.097464484804906], [-91.59503686385085, 29.097464484804906], [-91.59503686385085, 29.05250854162922], [-91.46016903432377, 28.962596655277842], [-91.46016903432377, 28.87268476892647], [-91.41521309114808, 28.87268476892647], [-91.41521309114808, 28.82772882575078], [-91.37025714797238, 28.82772882575078], [-91.37025714797238, 28.78277288257509], [-91.32530120479669, 28.78277288257509], [-91.32530120479669, 28.737816939399405], [-91.280345261621, 28.737816939399405], [-91.280345261621, 28.692860996223715], [-91.2353893184453, 28.692860996223715], [-91.14547743209391, 28.557993166696654], [-91.05556554574252, 28.557993166696654], [-91.05556554574252, 28.513037223520964], [-91.01060960256683, 28.513037223520964], [-91.01060960256683, 28.468081280345277], [-90.96565365939114, 28.468081280345277], [-90.96565365939114, 28.42312533716959], [-90.92069771621544, 28.42312533716959], [-90.83078582986406, 28.288257507642527], [-90.74087394351267, 28.288257507642527], [-90.69591800033697, 28.19834562129115], [-90.42618234128281, 28.153389678115463], [-90.42618234128281, 28.108433734939773], [-90.02157885270157, 28.108433734939773], [-90.02157885270157, 28.153389678115463], [-89.88671102317448, 28.153389678115463], [-89.88671102317448, 28.19834562129115], [-89.70688725047171, 28.243301564466837], [-89.70688725047171, 28.288257507642527], [-89.66193130729602, 28.288257507642527], [-89.66193130729602, 28.333213450818214], [-89.57201942094463, 28.333213450818214], [-89.57201942094463, 28.3781693939939], [-89.52706347776893, 28.3781693939939], [-89.52706347776893, 28.42312533716959], [-89.48210753459324, 28.42312533716959], [-89.48210753459324, 28.468081280345277], [-89.43715159141755, 28.468081280345277], [-89.34723970506616, 28.60294910987234], [-89.25732781871477, 28.60294910987234], [-89.25732781871477, 28.647905053048028], [-89.21237187553908, 28.647905053048028], [-89.21237187553908, 28.692860996223715], [-89.077504046012, 28.78277288257509], [-89.077504046012, 28.87268476892647], [-89.0325481028363, 28.87268476892647], [-89.0325481028363, 28.917640712102155], [-88.98759215966061, 28.917640712102155], [-88.98759215966061, 28.962596655277842], [-88.94263621648491, 28.962596655277842], [-88.94263621648491, 29.007552598453533], [-88.89768027330922, 29.007552598453533], [-88.89768027330922, 29.05250854162922], [-88.76281244378214, 29.142420427980596], [-88.76281244378214, 29.23233231433197], [-88.67290055743075, 29.27728825750766], [-88.67290055743075, 29.367200143859034], [-88.62794461425506, 29.367200143859034], [-88.62794461425506, 29.45711203021041], [-88.58298867107936, 29.45711203021041], [-88.58298867107936, 29.63693580291316], [-88.53803272790367, 29.63693580291316], [-88.53803272790367, 29.951627405142975], [-88.58298867107936, 29.951627405142975], [-88.58298867107936, 30.176407121021416], [-88.62794461425506, 30.176407121021416], [-88.62794461425506, 30.26631900737279], [-88.67290055743075, 30.26631900737279], [-88.67290055743075, 30.356230893724167], [-88.71785650060644, 30.356230893724167], [-88.71785650060644, 30.446142780075544], [-88.76281244378214, 30.446142780075544], [-88.76281244378214, 30.536054666426917], [-88.80776838695783, 30.536054666426917], [-88.80776838695783, 30.625966552778294], [-88.85272433013353, 30.625966552778294], [-88.85272433013353, 30.760834382305358], [-88.89768027330922, 30.760834382305358], [-88.89768027330922, 30.850746268656735], [-88.94263621648491, 30.850746268656735], [-88.94263621648491, 30.985614098183795], [-88.98759215966061, 30.985614098183795], [-88.98759215966061, 31.12048192771086], [-89.0325481028363, 31.12048192771086], [-89.0325481028363, 31.210393814062236], [-89.077504046012, 31.210393814062236], [-89.077504046012, 31.3452616435893], [-89.12245998918769, 31.3452616435893], [-89.12245998918769, 31.480129473116364], [-89.16741593236338, 31.480129473116364], [-89.16741593236338, 31.614997302643427], [-89.21237187553908, 31.614997302643427], [-89.21237187553908, 31.794821075346178], [-89.25732781871477, 31.794821075346178], [-89.25732781871477, 31.92968890487324], [-89.30228376189046, 31.92968890487324], [-89.30228376189046, 32.10951267757599], [-89.34723970506616, 32.10951267757599], [-89.39219564824185, 32.4691602229815], [-89.43715159141755, 32.4691602229815], [-89.43715159141755, 32.60402805250856], [-89.48210753459324, 32.60402805250856], [-89.48210753459324, 32.693939938859934], [-89.52706347776893, 32.693939938859934], [-89.52706347776893, 32.783851825211315], [-89.57201942094463, 32.783851825211315], [-89.61697536412032, 32.87376371156269], [-89.70688725047171, 32.87376371156269], [-89.7518431936474, 32.96367559791406], [-89.88671102317448, 32.96367559791406], [-89.88671102317448, 33.00863154108975], [-90.20140262540434, 33.00863154108975], [-90.20140262540434, 32.96367559791406], [-90.38122639810712, 32.96367559791406], [-90.38122639810712, 32.918719654738375], [-90.65096205716128, 32.87376371156269], [-90.65096205716128, 32.828807768386994], [-90.83078582986406, 32.783851825211315], [-90.87574177303975, 32.693939938859934], [-90.96565365939114, 32.693939938859934], [-91.01060960256683, 32.60402805250856], [-91.10052148891822, 32.60402805250856], [-91.10052148891822, 32.559072109332874], [-91.14547743209391, 32.559072109332874], [-91.14547743209391, 32.51411616615718], [-91.2353893184453, 32.4691602229815], [-91.2353893184453, 32.42420427980581], [-91.280345261621, 32.42420427980581], [-91.280345261621, 32.37924833663012], [-91.32530120479669, 32.37924833663012], [-91.32530120479669, 32.33429239345443], [-91.37025714797238, 32.33429239345443], [-91.46016903432377, 32.199424563927366], [-91.55008092067516, 32.154468620751686], [-91.55008092067516, 32.064556734400306], [-91.59503686385085, 32.064556734400306], [-91.59503686385085, 32.01960079122462], [-91.68494875020224, 31.97464484804893], [-91.68494875020224, 31.884732961697555], [-91.77486063655363, 31.839777018521865], [-91.77486063655363, 31.74986513217049], [-91.81981657972932, 31.74986513217049], [-91.81981657972932, 31.659953245819114], [-91.86477252290501, 31.659953245819114], [-91.86477252290501, 31.52508541629205], [-91.90972846608071, 31.52508541629205], [-91.90972846608071, 31.390217586764987], [-91.9546844092564, 31.390217586764987], [-91.9546844092564, 31.16543787088655], [-91.9996403524321, 31.16543787088655], [-91.9996403524321, 29.996583348318666]]]]}}, {"type": "Feature", "properties": {"shapefile": "2021083000_wsp34knt120hr_5km", "PERCENTAGE": "40-50%"}, "geometry": {"type": "MultiPolygon", "coordinates": [[[[-91.9996403524321, 29.996583348318666], [-91.9996403524321, 31.16543787088655], [-91.9546844092564, 31.16543787088655], [-91.9546844092564, 31.390217586764987], [-91.90972846608071, 31.390217586764987], [-91.90972846608071, 31.52508541629205], [-91.86477252290501, 31.52508541629205], [-91.86477252290501, 31.659953245819114], [-91.81981657972932, 31.659953245819114], [-91.77486063655363, 31.839777018521865], [-91.72990469337793, 31.839777018521865], [-91.72990469337793, 31.884732961697555], [-91.68494875020224, 31.884732961697555], [-91.68494875020224, 31.97464484804893], [-91.55008092067516, 32.064556734400306], [-91.55008092067516, 32.154468620751686], [-91.46016903432377, 32.199424563927366], [-91.46016903432377, 32.24438050710306], [-91.41521309114808, 32.24438050710306], [-91.41521309114808, 32.289336450278746], [-91.37025714797238, 32.289336450278746], [-91.37025714797238, 32.33429239345443], [-91.32530120479669, 32.33429239345443], [-91.32530120479669, 32.37924833663012], [-91.280345261621, 32.37924833663012], [-91.280345261621, 32.42420427980581], [-91.2353893184453, 32.42420427980581], [-91.2353893184453, 32.4691602229815], [-91.1904333752696, 32.4691602229815], [-91.10052148891822, 32.60402805250856], [-91.01060960256683, 32.60402805250856], [-90.96565365939114, 32.693939938859934], [-90.87574177303975, 32.693939938859934], [-90.83078582986406, 32.783851825211315], [-90.65096205716128, 32.828807768386994], [-90.65096205716128, 32.87376371156269], [-90.5160942276342, 32.87376371156269], [-90.5160942276342, 32.918719654738375], [-90.38122639810712, 32.918719654738375], [-90.38122639810712, 32.96367559791406], [-90.20140262540434, 32.96367559791406], [-90.20140262540434, 33.00863154108975], [-89.88671102317448, 33.00863154108975], [-89.88671102317448, 32.96367559791406], [-89.7518431936474, 32.96367559791406], [-89.70688725047171, 32.87376371156269], [-89.61697536412032, 32.87376371156269], [-89.61697536412032, 32.828807768386994], [-89.52706347776893, 32.783851825211315], [-89.48210753459324, 32.60402805250856], [-89.43715159141755, 32.60402805250856], [-89.43715159141755, 32.4691602229815], [-89.39219564824185, 32.4691602229815], [-89.39219564824185, 32.289336450278746], [-89.34723970506616, 32.289336450278746], [-89.34723970506616, 32.10951267757599], [-89.30228376189046, 32.10951267757599], [-89.30228376189046, 31.92968890487324], [-89.25732781871477, 31.92968890487324], [-89.25732781871477, 31.794821075346178], [-89.21237187553908, 31.794821075346178], [-89.21237187553908, 31.614997302643427], [-89.16741593236338, 31.614997302643427], [-89.16741593236338, 31.480129473116364], [-89.12245998918769, 31.480129473116364], [-89.077504046012, 31.210393814062236], [-89.0325481028363, 31.210393814062236], [-89.0325481028363, 31.12048192771086], [-88.98759215966061, 31.12048192771086], [-88.94263621648491, 30.850746268656735], [-88.89768027330922, 30.850746268656735], [-88.89768027330922, 30.760834382305358], [-88.85272433013353, 30.760834382305358], [-88.85272433013353, 30.625966552778294], [-88.80776838695783, 30.625966552778294], [-88.80776838695783, 30.536054666426917], [-88.76281244378214, 30.536054666426917], [-88.76281244378214, 30.446142780075544], [-88.71785650060644, 30.446142780075544], [-88.71785650060644, 30.356230893724167], [-88.67290055743075, 30.356230893724167], [-88.67290055743075, 30.26631900737279], [-88.62794461425506, 30.26631900737279], [-88.62794461425506, 30.176407121021416], [-88.58298867107936, 30.176407121021416], [-88.58298867107936, 29.951627405142975], [-88.53803272790367, 29.951627405142975], [-88.53803272790367, 29.63693580291316], [-88.58298867107936, 29.63693580291316], [-88.58298867107936, 29.45711203021041], [-88.62794461425506, 29.45711203021041], [-88.67290055743075, 29.27728825750766], [-88.76281244378214, 29.23233231433197], [-88.76281244378214, 29.142420427980596], [-88.80776838695783, 29.142420427980596], [-88.80776838695783, 29.097464484804906], [-88.85272433013353, 29.097464484804906], [-88.85272433013353, 29.05250854162922], [-88.89768027330922, 29.05250854162922], [-88.89768027330922, 29.007552598453533], [-88.94263621648491, 29.007552598453533], [-88.94263621648491, 28.962596655277842], [-89.077504046012, 28.87268476892647], [-89.077504046012, 28.78277288257509], [-89.12245998918769, 28.78277288257509], [-89.12245998918769, 28.737816939399405], [-89.16741593236338, 28.737816939399405], [-89.25732781871477, 28.60294910987234], [-89.34723970506616, 28.60294910987234], [-89.34723970506616, 28.557993166696654], [-89.39219564824185, 28.557993166696654], [-89.39219564824185, 28.513037223520964], [-89.43715159141755, 28.513037223520964], [-89.43715159141755, 28.468081280345277], [-89.48210753459324, 28.468081280345277], [-89.57201942094463, 28.333213450818214], [-89.66193130729602, 28.333213450818214], [-89.70688725047171, 28.243301564466837], [-89.7967991368231, 28.243301564466837], [-89.7967991368231, 28.19834562129115], [-89.88671102317448, 28.19834562129115], [-89.88671102317448, 28.153389678115463], [-90.02157885270157, 28.153389678115463], [-90.02157885270157, 28.108433734939773], [-90.42618234128281, 28.108433734939773], [-90.42618234128281, 28.153389678115463], [-90.69591800033697, 28.19834562129115], [-90.74087394351267, 28.288257507642527], [-90.83078582986406, 28.288257507642527], [-90.83078582986406, 28.333213450818214], [-90.87574177303975, 28.333213450818214], [-90.87574177303975, 28.3781693939939], [-90.92069771621544, 28.3781693939939], [-90.92069771621544, 28.42312533716959], [-90.96565365939114, 28.42312533716959], [-91.05556554574252, 28.557993166696654], [-91.14547743209391, 28.557993166696654], [-91.14547743209391, 28.60294910987234], [-91.1904333752696, 28.60294910987234], [-91.1904333752696, 28.647905053048028], [-91.2353893184453, 28.647905053048028], [-91.2353893184453, 28.692860996223715], [-91.280345261621, 28.692860996223715], [-91.280345261621, 28.737816939399405], [-91.32530120479669, 28.737816939399405], [-91.32530120479669, 28.78277288257509], [-91.46016903432377, 28.87268476892647], [-91.46016903432377, 28.962596655277842], [-91.50512497749946, 28.962596655277842], [-91.50512497749946, 29.007552598453533], [-91.55008092067516, 29.007552598453533], [-91.55008092067516, 29.05250854162922], [-91.59503686385085, 29.05250854162922], [-91.59503686385085, 29.097464484804906], [-91.72990469337793, 29.187376371156283], [-91.72990469337793, 29.27728825750766], [-91.77486063655363, 29.27728825750766], [-91.77486063655363, 29.322244200683347], [-91.81981657972932, 29.322244200683347], [-91.81981657972932, 29.412156087034724], [-91.86477252290501, 29.412156087034724], [-91.86477252290501, 29.547023916561784], [-91.90972846608071, 29.547023916561784], [-91.90972846608071, 29.726847689264538], [-91.9546844092564, 29.726847689264538], [-91.9546844092564, 29.996583348318666], [-91.9996403524321, 29.996583348318666]], [[-91.90972846608071, 30.041539291494352], [-91.86477252290501, 30.041539291494352], [-91.86477252290501, 29.726847689264538], [-91.81981657972932, 29.726847689264538], [-91.81981657972932, 29.547023916561784], [-91.77486063655363, 29.547023916561784], [-91.77486063655363, 29.45711203021041], [-91.72990469337793, 29.45711203021041], [-91.68494875020224, 29.27728825750766], [-91.63999280702654, 29.27728825750766], [-91.63999280702654, 29.23233231433197], [-91.59503686385085, 29.23233231433197], [-91.59503686385085, 29.187376371156283], [-91.55008092067516, 29.187376371156283], [-91.55008092067516, 29.142420427980596], [-91.50512497749946, 29.142420427980596], [-91.50512497749946, 29.097464484804906], [-91.46016903432377, 29.097464484804906], [-91.46016903432377, 29.05250854162922], [-91.32530120479669, 28.962596655277842], [-91.32530120479669, 28.87268476892647], [-91.280345261621, 28.87268476892647], [-91.280345261621, 28.82772882575078], [-91.2353893184453, 28.82772882575078], [-91.14547743209391, 28.692860996223715], [-91.05556554574252, 28.692860996223715], [-91.05556554574252, 28.647905053048028], [-91.01060960256683, 28.647905053048028], [-91.01060960256683, 28.60294910987234], [-90.96565365939114, 28.60294910987234], [-90.96565365939114, 28.557993166696654], [-90.92069771621544, 28.557993166696654], [-90.92069771621544, 28.513037223520964], [-90.87574177303975, 28.513037223520964], [-90.87574177303975, 28.468081280345277], [-90.83078582986406, 28.468081280345277], [-90.74087394351267, 28.333213450818214], [-90.56105017080989, 28.288257507642527], [-90.56105017080989, 28.243301564466837], [-90.4711382844585, 28.243301564466837], [-90.4711382844585, 28.19834562129115], [-90.02157885270157, 28.19834562129115], [-90.02157885270157, 28.243301564466837], [-89.88671102317448, 28.243301564466837], [-89.88671102317448, 28.288257507642527], [-89.7967991368231, 28.288257507642527], [-89.7967991368231, 28.333213450818214], [-89.7518431936474, 28.333213450818214], [-89.7518431936474, 28.3781693939939], [-89.66193130729602, 28.3781693939939], [-89.66193130729602, 28.42312533716959], [-89.61697536412032, 28.42312533716959], [-89.61697536412032, 28.468081280345277], [-89.57201942094463, 28.468081280345277], [-89.57201942094463, 28.513037223520964], [-89.52706347776893, 28.513037223520964], [-89.52706347776893, 28.557993166696654], [-89.48210753459324, 28.557993166696654], [-89.48210753459324, 28.60294910987234], [-89.34723970506616, 28.692860996223715], [-89.34723970506616, 28.737816939399405], [-89.25732781871477, 28.737816939399405], [-89.25732781871477, 28.78277288257509], [-89.16741593236338, 28.82772882575078], [-89.16741593236338, 28.917640712102155], [-89.12245998918769, 28.917640712102155], [-89.12245998918769, 28.962596655277842], [-89.077504046012, 28.962596655277842], [-89.077504046012, 29.007552598453533], [-89.0325481028363, 29.007552598453533], [-89.0325481028363, 29.05250854162922], [-88.98759215966061, 29.05250854162922], [-88.98759215966061, 29.097464484804906], [-88.94263621648491, 29.097464484804906], [-88.94263621648491, 29.142420427980596], [-88.80776838695783, 29.23233231433197], [-88.80776838695783, 29.322244200683347], [-88.76281244378214, 29.322244200683347], [-88.76281244378214, 29.367200143859034], [-88.71785650060644, 29.367200143859034], [-88.71785650060644, 29.45711203021041], [-88.67290055743075, 29.45711203021041], [-88.67290055743075, 29.63693580291316], [-88.62794461425506, 29.63693580291316], [-88.62794461425506, 29.951627405142975], [-88.67290055743075, 29.951627405142975], [-88.67290055743075, 30.131451177845726], [-88.71785650060644, 30.131451177845726], [-88.71785650060644, 30.221363064197103], [-88.76281244378214, 30.221363064197103], [-88.76281244378214, 30.31127495054848], [-88.80776838695783, 30.31127495054848], [-88.80776838695783, 30.401186836899853], [-88.85272433013353, 30.401186836899853], [-88.85272433013353, 30.49109872325123], [-88.89768027330922, 30.49109872325123], [-88.89768027330922, 30.581010609602608], [-88.94263621648491, 30.581010609602608], [-88.94263621648491, 30.67092249595398], [-88.98759215966061, 30.67092249595398], [-88.98759215966061, 30.760834382305358], [-89.0325481028363, 30.760834382305358], [-89.0325481028363, 30.895702211832422], [-89.077504046012, 30.895702211832422], [-89.077504046012, 30.985614098183795], [-89.12245998918769, 30.985614098183795], [-89.16741593236338, 31.255349757237923], [-89.21237187553908, 31.255349757237923], [-89.21237187553908, 31.3452616435893], [-89.25732781871477, 31.3452616435893], [-89.25732781871477, 31.480129473116364], [-89.30228376189046, 31.480129473116364], [-89.30228376189046, 31.570041359467737], [-89.34723970506616, 31.570041359467737], [-89.34723970506616, 31.7049091889948], [-89.39219564824185, 31.7049091889948], [-89.39219564824185, 31.839777018521865], [-89.43715159141755, 31.839777018521865], [-89.43715159141755, 31.97464484804893], [-89.48210753459324, 31.97464484804893], [-89.48210753459324, 32.154468620751686], [-89.52706347776893, 32.154468620751686], [-89.52706347776893, 32.289336450278746], [-89.57201942094463, 32.289336450278746], [-89.57201942094463, 32.37924833663012], [-89.61697536412032, 32.37924833663012], [-89.61697536412032, 32.51411616615718], [-89.70688725047171, 32.559072109332874], [-89.70688725047171, 32.64898399568425], [-89.7518431936474, 32.64898399568425], [-89.7967991368231, 32.73889588203562], [-89.88671102317448, 32.73889588203562], [-89.88671102317448, 32.783851825211315], [-89.97662290952587, 32.783851825211315], [-89.97662290952587, 32.828807768386994], [-90.02157885270157, 32.828807768386994], [-90.02157885270157, 32.783851825211315], [-90.38122639810712, 32.783851825211315], [-90.38122639810712, 32.73889588203562], [-90.56105017080989, 32.73889588203562], [-90.56105017080989, 32.693939938859934], [-90.74087394351267, 32.64898399568425], [-90.78582988668836, 32.559072109332874], [-90.96565365939114, 32.51411616615718], [-91.01060960256683, 32.42420427980581], [-91.10052148891822, 32.42420427980581], [-91.10052148891822, 32.37924833663012], [-91.14547743209391, 32.37924833663012], [-91.14547743209391, 32.33429239345443], [-91.1904333752696, 32.33429239345443], [-91.1904333752696, 32.289336450278746], [-91.2353893184453, 32.289336450278746], [-91.2353893184453, 32.24438050710306], [-91.280345261621, 32.24438050710306], [-91.280345261621, 32.199424563927366], [-91.32530120479669, 32.199424563927366], [-91.32530120479669, 32.154468620751686], [-91.46016903432377, 32.064556734400306], [-91.46016903432377, 31.97464484804893], [-91.50512497749946, 31.97464484804893], [-91.50512497749946, 31.92968890487324], [-91.59503686385085, 31.884732961697555], [-91.59503686385085, 31.794821075346178], [-91.68494875020224, 31.74986513217049], [-91.68494875020224, 31.659953245819114], [-91.72990469337793, 31.659953245819114], [-91.72990469337793, 31.570041359467737], [-91.77486063655363, 31.570041359467737], [-91.77486063655363, 31.435173529940677], [-91.81981657972932, 31.435173529940677], [-91.81981657972932, 31.300305700413613], [-91.86477252290501, 31.300305700413613], [-91.86477252290501, 31.030570041359486], [-91.90972846608071, 31.030570041359486], [-91.90972846608071, 30.041539291494352]]]]}}, {"type": "Feature", "properties": {"shapefile": "2021083000_wsp34knt120hr_5km", "PERCENTAGE": "50-60%"}, "geometry": {"type": "MultiPolygon", "coordinates": [[[[-91.90972846608071, 30.041539291494352], [-91.90972846608071, 31.030570041359486], [-91.86477252290501, 31.030570041359486], [-91.86477252290501, 31.300305700413613], [-91.81981657972932, 31.300305700413613], [-91.81981657972932, 31.435173529940677], [-91.77486063655363, 31.435173529940677], [-91.77486063655363, 31.570041359467737], [-91.72990469337793, 31.570041359467737], [-91.68494875020224, 31.74986513217049], [-91.63999280702654, 31.74986513217049], [-91.63999280702654, 31.794821075346178], [-91.59503686385085, 31.794821075346178], [-91.59503686385085, 31.884732961697555], [-91.46016903432377, 31.97464484804893], [-91.46016903432377, 32.064556734400306], [-91.41521309114808, 32.064556734400306], [-91.41521309114808, 32.10951267757599], [-91.37025714797238, 32.10951267757599], [-91.37025714797238, 32.154468620751686], [-91.32530120479669, 32.154468620751686], [-91.32530120479669, 32.199424563927366], [-91.280345261621, 32.199424563927366], [-91.280345261621, 32.24438050710306], [-91.2353893184453, 32.24438050710306], [-91.2353893184453, 32.289336450278746], [-91.1904333752696, 32.289336450278746], [-91.10052148891822, 32.42420427980581], [-91.01060960256683, 32.42420427980581], [-90.96565365939114, 32.51411616615718], [-90.78582988668836, 32.559072109332874], [-90.74087394351267, 32.64898399568425], [-90.65096205716128, 32.64898399568425], [-90.65096205716128, 32.693939938859934], [-90.56105017080989, 32.693939938859934], [-90.56105017080989, 32.73889588203562], [-90.38122639810712, 32.73889588203562], [-90.38122639810712, 32.783851825211315], [-90.02157885270157, 32.783851825211315], [-90.02157885270157, 32.828807768386994], [-89.97662290952587, 32.828807768386994], [-89.97662290952587, 32.783851825211315], [-89.88671102317448, 32.783851825211315], [-89.88671102317448, 32.73889588203562], [-89.7967991368231, 32.73889588203562], [-89.7967991368231, 32.693939938859934], [-89.70688725047171, 32.64898399568425], [-89.70688725047171, 32.559072109332874], [-89.61697536412032, 32.51411616615718], [-89.61697536412032, 32.37924833663012], [-89.57201942094463, 32.37924833663012], [-89.57201942094463, 32.289336450278746], [-89.52706347776893, 32.289336450278746], [-89.52706347776893, 32.154468620751686], [-89.48210753459324, 32.154468620751686], [-89.48210753459324, 31.97464484804893], [-89.43715159141755, 31.97464484804893], [-89.43715159141755, 31.839777018521865], [-89.39219564824185, 31.839777018521865], [-89.34723970506616, 31.570041359467737], [-89.30228376189046, 31.570041359467737], [-89.30228376189046, 31.480129473116364], [-89.25732781871477, 31.480129473116364], [-89.25732781871477, 31.3452616435893], [-89.21237187553908, 31.3452616435893], [-89.21237187553908, 31.255349757237923], [-89.16741593236338, 31.255349757237923], [-89.12245998918769, 30.985614098183795], [-89.077504046012, 30.985614098183795], [-89.077504046012, 30.895702211832422], [-89.0325481028363, 30.895702211832422], [-89.0325481028363, 30.760834382305358], [-88.98759215966061, 30.760834382305358], [-88.98759215966061, 30.67092249595398], [-88.94263621648491, 30.67092249595398], [-88.94263621648491, 30.581010609602608], [-88.89768027330922, 30.581010609602608], [-88.89768027330922, 30.49109872325123], [-88.85272433013353, 30.49109872325123], [-88.85272433013353, 30.401186836899853], [-88.80776838695783, 30.401186836899853], [-88.80776838695783, 30.31127495054848], [-88.76281244378214, 30.31127495054848], [-88.76281244378214, 30.221363064197103], [-88.71785650060644, 30.221363064197103], [-88.71785650060644, 30.131451177845726], [-88.67290055743075, 30.131451177845726], [-88.67290055743075, 29.951627405142975], [-88.62794461425506, 29.951627405142975], [-88.62794461425506, 29.63693580291316], [-88.67290055743075, 29.63693580291316], [-88.67290055743075, 29.45711203021041], [-88.71785650060644, 29.45711203021041], [-88.71785650060644, 29.367200143859034], [-88.80776838695783, 29.322244200683347], [-88.80776838695783, 29.23233231433197], [-88.85272433013353, 29.23233231433197], [-88.85272433013353, 29.187376371156283], [-88.89768027330922, 29.187376371156283], [-88.89768027330922, 29.142420427980596], [-88.94263621648491, 29.142420427980596], [-88.94263621648491, 29.097464484804906], [-88.98759215966061, 29.097464484804906], [-88.98759215966061, 29.05250854162922], [-89.0325481028363, 29.05250854162922], [-89.0325481028363, 29.007552598453533], [-89.16741593236338, 28.917640712102155], [-89.16741593236338, 28.82772882575078], [-89.21237187553908, 28.82772882575078], [-89.25732781871477, 28.737816939399405], [-89.34723970506616, 28.737816939399405], [-89.34723970506616, 28.692860996223715], [-89.39219564824185, 28.692860996223715], [-89.39219564824185, 28.647905053048028], [-89.43715159141755, 28.647905053048028], [-89.43715159141755, 28.60294910987234], [-89.48210753459324, 28.60294910987234], [-89.48210753459324, 28.557993166696654], [-89.52706347776893, 28.557993166696654], [-89.52706347776893, 28.513037223520964], [-89.66193130729602, 28.42312533716959], [-89.66193130729602, 28.3781693939939], [-89.7518431936474, 28.3781693939939], [-89.7967991368231, 28.288257507642527], [-89.88671102317448, 28.288257507642527], [-89.88671102317448, 28.243301564466837], [-90.02157885270157, 28.243301564466837], [-90.02157885270157, 28.19834562129115], [-90.4711382844585, 28.19834562129115], [-90.4711382844585, 28.243301564466837], [-90.56105017080989, 28.243301564466837], [-90.56105017080989, 28.288257507642527], [-90.74087394351267, 28.333213450818214], [-90.74087394351267, 28.3781693939939], [-90.78582988668836, 28.3781693939939], [-90.78582988668836, 28.42312533716959], [-90.83078582986406, 28.42312533716959], [-90.83078582986406, 28.468081280345277], [-90.87574177303975, 28.468081280345277], [-90.87574177303975, 28.513037223520964], [-90.92069771621544, 28.513037223520964], [-90.92069771621544, 28.557993166696654], [-90.96565365939114, 28.557993166696654], [-91.05556554574252, 28.692860996223715], [-91.14547743209391, 28.692860996223715], [-91.14547743209391, 28.737816939399405], [-91.1904333752696, 28.737816939399405], [-91.1904333752696, 28.78277288257509], [-91.32530120479669, 28.87268476892647], [-91.32530120479669, 28.962596655277842], [-91.37025714797238, 28.962596655277842], [-91.37025714797238, 29.007552598453533], [-91.41521309114808, 29.007552598453533], [-91.41521309114808, 29.05250854162922], [-91.46016903432377, 29.05250854162922], [-91.46016903432377, 29.097464484804906], [-91.50512497749946, 29.097464484804906], [-91.50512497749946, 29.142420427980596], [-91.55008092067516, 29.142420427980596], [-91.55008092067516, 29.187376371156283], [-91.68494875020224, 29.27728825750766], [-91.68494875020224, 29.367200143859034], [-91.72990469337793, 29.367200143859034], [-91.72990469337793, 29.45711203021041], [-91.77486063655363, 29.45711203021041], [-91.77486063655363, 29.547023916561784], [-91.81981657972932, 29.547023916561784], [-91.81981657972932, 29.726847689264538], [-91.86477252290501, 29.726847689264538], [-91.86477252290501, 30.041539291494352], [-91.90972846608071, 30.041539291494352]], [[-91.81981657972932, 30.08649523467004], [-91.77486063655363, 30.08649523467004], [-91.77486063655363, 29.681891746088848], [-91.72990469337793, 29.681891746088848], [-91.72990469337793, 29.502067973386097], [-91.68494875020224, 29.502067973386097], [-91.68494875020224, 29.412156087034724], [-91.63999280702654, 29.412156087034724], [-91.63999280702654, 29.367200143859034], [-91.59503686385085, 29.367200143859034], [-91.59503686385085, 29.322244200683347], [-91.55008092067516, 29.322244200683347], [-91.55008092067516, 29.27728825750766], [-91.50512497749946, 29.27728825750766], [-91.50512497749946, 29.23233231433197], [-91.46016903432377, 29.23233231433197], [-91.46016903432377, 29.187376371156283], [-91.32530120479669, 29.097464484804906], [-91.32530120479669, 29.007552598453533], [-91.280345261621, 29.007552598453533], [-91.280345261621, 28.962596655277842], [-91.2353893184453, 28.962596655277842], [-91.2353893184453, 28.917640712102155], [-91.1904333752696, 28.917640712102155], [-91.1904333752696, 28.87268476892647], [-91.14547743209391, 28.87268476892647], [-91.14547743209391, 28.82772882575078], [-91.10052148891822, 28.82772882575078], [-91.01060960256683, 28.692860996223715], [-90.92069771621544, 28.692860996223715], [-90.92069771621544, 28.647905053048028], [-90.87574177303975, 28.647905053048028], [-90.87574177303975, 28.60294910987234], [-90.83078582986406, 28.60294910987234], [-90.83078582986406, 28.557993166696654], [-90.78582988668836, 28.557993166696654], [-90.78582988668836, 28.513037223520964], [-90.74087394351267, 28.513037223520964], [-90.74087394351267, 28.468081280345277], [-90.69591800033697, 28.468081280345277], [-90.60600611398559, 28.333213450818214], [-90.4711382844585, 28.333213450818214], [-90.4711382844585, 28.288257507642527], [-89.97662290952587, 28.288257507642527], [-89.97662290952587, 28.333213450818214], [-89.7967991368231, 28.3781693939939], [-89.7967991368231, 28.42312533716959], [-89.7518431936474, 28.42312533716959], [-89.7518431936474, 28.468081280345277], [-89.70688725047171, 28.468081280345277], [-89.70688725047171, 28.513037223520964], [-89.66193130729602, 28.513037223520964], [-89.66193130729602, 28.557993166696654], [-89.61697536412032, 28.557993166696654], [-89.61697536412032, 28.60294910987234], [-89.48210753459324, 28.692860996223715], [-89.48210753459324, 28.737816939399405], [-89.39219564824185, 28.737816939399405], [-89.39219564824185, 28.78277288257509], [-89.34723970506616, 28.78277288257509], [-89.34723970506616, 28.82772882575078], [-89.30228376189046, 28.82772882575078], [-89.30228376189046, 28.87268476892647], [-89.16741593236338, 28.962596655277842], [-89.16741593236338, 29.05250854162922], [-89.12245998918769, 29.05250854162922], [-89.12245998918769, 29.097464484804906], [-89.077504046012, 29.097464484804906], [-89.077504046012, 29.142420427980596], [-89.0325481028363, 29.142420427980596], [-89.0325481028363, 29.187376371156283], [-88.98759215966061, 29.187376371156283], [-88.98759215966061, 29.23233231433197], [-88.94263621648491, 29.23233231433197], [-88.94263621648491, 29.27728825750766], [-88.80776838695783, 29.367200143859034], [-88.80776838695783, 29.45711203021041], [-88.76281244378214, 29.45711203021041], [-88.76281244378214, 29.591979859737474], [-88.71785650060644, 29.591979859737474], [-88.71785650060644, 29.996583348318666], [-88.76281244378214, 29.996583348318666], [-88.76281244378214, 30.131451177845726], [-88.80776838695783, 30.131451177845726], [-88.85272433013353, 30.31127495054848], [-88.98759215966061, 30.401186836899853], [-88.98759215966061, 30.49109872325123], [-89.0325481028363, 30.49109872325123], [-89.0325481028363, 30.581010609602608], [-89.077504046012, 30.581010609602608], [-89.077504046012, 30.67092249595398], [-89.12245998918769, 30.67092249595398], [-89.12245998918769, 30.805790325481045], [-89.16741593236338, 30.805790325481045], [-89.21237187553908, 31.075525984535172], [-89.25732781871477, 31.075525984535172], [-89.25732781871477, 31.16543787088655], [-89.30228376189046, 31.16543787088655], [-89.30228376189046, 31.255349757237923], [-89.34723970506616, 31.255349757237923], [-89.34723970506616, 31.3452616435893], [-89.39219564824185, 31.3452616435893], [-89.39219564824185, 31.435173529940677], [-89.43715159141755, 31.435173529940677], [-89.43715159141755, 31.52508541629205], [-89.48210753459324, 31.52508541629205], [-89.48210753459324, 31.659953245819114], [-89.52706347776893, 31.659953245819114], [-89.57201942094463, 31.92968890487324], [-89.61697536412032, 31.92968890487324], [-89.61697536412032, 32.01960079122462], [-89.66193130729602, 32.01960079122462], [-89.70688725047171, 32.289336450278746], [-89.7518431936474, 32.289336450278746], [-89.7967991368231, 32.4691602229815], [-89.84175507999879, 32.4691602229815], [-89.84175507999879, 32.51411616615718], [-89.88671102317448, 32.51411616615718], [-89.97662290952587, 32.64898399568425], [-90.02157885270157, 32.64898399568425], [-90.02157885270157, 32.60402805250856], [-90.5160942276342, 32.60402805250856], [-90.56105017080989, 32.51411616615718], [-90.65096205716128, 32.51411616615718], [-90.65096205716128, 32.4691602229815], [-90.74087394351267, 32.4691602229815], [-90.74087394351267, 32.42420427980581], [-90.83078582986406, 32.42420427980581], [-90.83078582986406, 32.37924833663012], [-91.01060960256683, 32.33429239345443], [-91.01060960256683, 32.289336450278746], [-91.05556554574252, 32.289336450278746], [-91.05556554574252, 32.24438050710306], [-91.10052148891822, 32.24438050710306], [-91.10052148891822, 32.199424563927366], [-91.14547743209391, 32.199424563927366], [-91.1904333752696, 32.10951267757599], [-91.2353893184453, 32.10951267757599], [-91.2353893184453, 32.064556734400306], [-91.37025714797238, 31.97464484804893], [-91.37025714797238, 31.884732961697555], [-91.41521309114808, 31.884732961697555], [-91.41521309114808, 31.839777018521865], [-91.46016903432377, 31.839777018521865], [-91.46016903432377, 31.794821075346178], [-91.59503686385085, 31.7049091889948], [-91.59503686385085, 31.614997302643427], [-91.63999280702654, 31.614997302643427], [-91.63999280702654, 31.52508541629205], [-91.68494875020224, 31.52508541629205], [-91.68494875020224, 31.390217586764987], [-91.72990469337793, 31.390217586764987], [-91.72990469337793, 31.210393814062236], [-91.77486063655363, 31.210393814062236], [-91.77486063655363, 30.94065815500811], [-91.81981657972932, 30.94065815500811], [-91.81981657972932, 30.08649523467004]]]]}}, {"type": "Feature", "properties": {"shapefile": "2021083000_wsp34knt120hr_5km", "PERCENTAGE": "60-70%"}, "geometry": {"type": "MultiPolygon", "coordinates": [[[[-91.81981657972932, 30.08649523467004], [-91.81981657972932, 30.94065815500811], [-91.77486063655363, 30.94065815500811], [-91.77486063655363, 31.210393814062236], [-91.72990469337793, 31.210393814062236], [-91.72990469337793, 31.390217586764987], [-91.68494875020224, 31.390217586764987], [-91.68494875020224, 31.52508541629205], [-91.63999280702654, 31.52508541629205], [-91.59503686385085, 31.7049091889948], [-91.55008092067516, 31.7049091889948], [-91.55008092067516, 31.74986513217049], [-91.50512497749946, 31.74986513217049], [-91.50512497749946, 31.794821075346178], [-91.37025714797238, 31.884732961697555], [-91.37025714797238, 31.97464484804893], [-91.32530120479669, 31.97464484804893], [-91.32530120479669, 32.01960079122462], [-91.280345261621, 32.01960079122462], [-91.280345261621, 32.064556734400306], [-91.2353893184453, 32.064556734400306], [-91.2353893184453, 32.10951267757599], [-91.1904333752696, 32.10951267757599], [-91.1904333752696, 32.154468620751686], [-91.14547743209391, 32.154468620751686], [-91.14547743209391, 32.199424563927366], [-91.10052148891822, 32.199424563927366], [-91.01060960256683, 32.33429239345443], [-90.92069771621544, 32.33429239345443], [-90.92069771621544, 32.37924833663012], [-90.74087394351267, 32.42420427980581], [-90.74087394351267, 32.4691602229815], [-90.56105017080989, 32.51411616615718], [-90.5160942276342, 32.60402805250856], [-90.02157885270157, 32.60402805250856], [-90.02157885270157, 32.64898399568425], [-89.97662290952587, 32.64898399568425], [-89.97662290952587, 32.60402805250856], [-89.93166696635018, 32.60402805250856], [-89.93166696635018, 32.559072109332874], [-89.7967991368231, 32.4691602229815], [-89.7967991368231, 32.37924833663012], [-89.7518431936474, 32.37924833663012], [-89.7518431936474, 32.289336450278746], [-89.70688725047171, 32.289336450278746], [-89.70688725047171, 32.154468620751686], [-89.66193130729602, 32.154468620751686], [-89.66193130729602, 32.01960079122462], [-89.61697536412032, 32.01960079122462], [-89.61697536412032, 31.92968890487324], [-89.57201942094463, 31.92968890487324], [-89.57201942094463, 31.794821075346178], [-89.52706347776893, 31.794821075346178], [-89.48210753459324, 31.52508541629205], [-89.43715159141755, 31.52508541629205], [-89.43715159141755, 31.435173529940677], [-89.39219564824185, 31.435173529940677], [-89.39219564824185, 31.3452616435893], [-89.34723970506616, 31.3452616435893], [-89.34723970506616, 31.255349757237923], [-89.30228376189046, 31.255349757237923], [-89.30228376189046, 31.16543787088655], [-89.25732781871477, 31.16543787088655], [-89.25732781871477, 31.075525984535172], [-89.21237187553908, 31.075525984535172], [-89.21237187553908, 30.94065815500811], [-89.16741593236338, 30.94065815500811], [-89.12245998918769, 30.67092249595398], [-89.077504046012, 30.67092249595398], [-89.077504046012, 30.581010609602608], [-89.0325481028363, 30.581010609602608], [-89.0325481028363, 30.49109872325123], [-88.98759215966061, 30.49109872325123], [-88.98759215966061, 30.401186836899853], [-88.85272433013353, 30.31127495054848], [-88.85272433013353, 30.221363064197103], [-88.80776838695783, 30.221363064197103], [-88.80776838695783, 30.131451177845726], [-88.76281244378214, 30.131451177845726], [-88.76281244378214, 29.996583348318666], [-88.71785650060644, 29.996583348318666], [-88.71785650060644, 29.591979859737474], [-88.76281244378214, 29.591979859737474], [-88.76281244378214, 29.45711203021041], [-88.80776838695783, 29.45711203021041], [-88.80776838695783, 29.367200143859034], [-88.85272433013353, 29.367200143859034], [-88.85272433013353, 29.322244200683347], [-88.89768027330922, 29.322244200683347], [-88.89768027330922, 29.27728825750766], [-88.94263621648491, 29.27728825750766], [-88.94263621648491, 29.23233231433197], [-88.98759215966061, 29.23233231433197], [-88.98759215966061, 29.187376371156283], [-89.0325481028363, 29.187376371156283], [-89.0325481028363, 29.142420427980596], [-89.16741593236338, 29.05250854162922], [-89.16741593236338, 28.962596655277842], [-89.21237187553908, 28.962596655277842], [-89.21237187553908, 28.917640712102155], [-89.25732781871477, 28.917640712102155], [-89.25732781871477, 28.87268476892647], [-89.30228376189046, 28.87268476892647], [-89.39219564824185, 28.737816939399405], [-89.48210753459324, 28.737816939399405], [-89.48210753459324, 28.692860996223715], [-89.52706347776893, 28.692860996223715], [-89.52706347776893, 28.647905053048028], [-89.57201942094463, 28.647905053048028], [-89.57201942094463, 28.60294910987234], [-89.61697536412032, 28.60294910987234], [-89.61697536412032, 28.557993166696654], [-89.66193130729602, 28.557993166696654], [-89.66193130729602, 28.513037223520964], [-89.7967991368231, 28.42312533716959], [-89.7967991368231, 28.3781693939939], [-89.88671102317448, 28.3781693939939], [-89.88671102317448, 28.333213450818214], [-89.97662290952587, 28.333213450818214], [-89.97662290952587, 28.288257507642527], [-90.4711382844585, 28.288257507642527], [-90.4711382844585, 28.333213450818214], [-90.60600611398559, 28.333213450818214], [-90.60600611398559, 28.3781693939939], [-90.65096205716128, 28.3781693939939], [-90.65096205716128, 28.42312533716959], [-90.69591800033697, 28.42312533716959], [-90.69591800033697, 28.468081280345277], [-90.74087394351267, 28.468081280345277], [-90.74087394351267, 28.513037223520964], [-90.78582988668836, 28.513037223520964], [-90.78582988668836, 28.557993166696654], [-90.83078582986406, 28.557993166696654], [-90.92069771621544, 28.692860996223715], [-91.01060960256683, 28.692860996223715], [-91.01060960256683, 28.737816939399405], [-91.05556554574252, 28.737816939399405], [-91.05556554574252, 28.78277288257509], [-91.10052148891822, 28.78277288257509], [-91.10052148891822, 28.82772882575078], [-91.14547743209391, 28.82772882575078], [-91.14547743209391, 28.87268476892647], [-91.1904333752696, 28.87268476892647], [-91.1904333752696, 28.917640712102155], [-91.32530120479669, 29.007552598453533], [-91.32530120479669, 29.097464484804906], [-91.37025714797238, 29.097464484804906], [-91.37025714797238, 29.142420427980596], [-91.41521309114808, 29.142420427980596], [-91.41521309114808, 29.187376371156283], [-91.46016903432377, 29.187376371156283], [-91.46016903432377, 29.23233231433197], [-91.50512497749946, 29.23233231433197], [-91.50512497749946, 29.27728825750766], [-91.55008092067516, 29.27728825750766], [-91.55008092067516, 29.322244200683347], [-91.68494875020224, 29.412156087034724], [-91.68494875020224, 29.502067973386097], [-91.72990469337793, 29.502067973386097], [-91.72990469337793, 29.681891746088848], [-91.77486063655363, 29.681891746088848], [-91.77486063655363, 30.08649523467004], [-91.81981657972932, 30.08649523467004]], [[-91.72990469337793, 29.996583348318666], [-91.68494875020224, 29.996583348318666], [-91.68494875020224, 29.591979859737474], [-91.63999280702654, 29.591979859737474], [-91.59503686385085, 29.412156087034724], [-91.55008092067516, 29.412156087034724], [-91.46016903432377, 29.27728825750766], [-91.37025714797238, 29.27728825750766], [-91.37025714797238, 29.23233231433197], [-91.280345261621, 29.187376371156283], [-91.280345261621, 29.097464484804906], [-91.2353893184453, 29.097464484804906], [-91.2353893184453, 29.05250854162922], [-91.1904333752696, 29.05250854162922], [-91.1904333752696, 29.007552598453533], [-91.14547743209391, 29.007552598453533], [-91.14547743209391, 28.962596655277842], [-91.10052148891822, 28.962596655277842], [-91.10052148891822, 28.917640712102155], [-91.05556554574252, 28.917640712102155], [-91.05556554574252, 28.87268476892647], [-91.01060960256683, 28.87268476892647], [-90.92069771621544, 28.737816939399405], [-90.83078582986406, 28.737816939399405], [-90.83078582986406, 28.692860996223715], [-90.69591800033697, 28.60294910987234], [-90.69591800033697, 28.513037223520964], [-90.65096205716128, 28.513037223520964], [-90.60600611398559, 28.42312533716959], [-90.5160942276342, 28.42312533716959], [-90.5160942276342, 28.3781693939939], [-90.42618234128281, 28.3781693939939], [-90.42618234128281, 28.333213450818214], [-90.02157885270157, 28.333213450818214], [-90.02157885270157, 28.3781693939939], [-89.84175507999879, 28.42312533716959], [-89.84175507999879, 28.468081280345277], [-89.7967991368231, 28.468081280345277], [-89.7967991368231, 28.557993166696654], [-89.7518431936474, 28.557993166696654], [-89.7518431936474, 28.60294910987234], [-89.70688725047171, 28.60294910987234], [-89.70688725047171, 28.647905053048028], [-89.66193130729602, 28.647905053048028], [-89.57201942094463, 28.78277288257509], [-89.48210753459324, 28.78277288257509], [-89.48210753459324, 28.82772882575078], [-89.43715159141755, 28.82772882575078], [-89.43715159141755, 28.87268476892647], [-89.39219564824185, 28.87268476892647], [-89.39219564824185, 28.917640712102155], [-89.34723970506616, 28.917640712102155], [-89.34723970506616, 28.962596655277842], [-89.21237187553908, 29.05250854162922], [-89.21237187553908, 29.142420427980596], [-89.16741593236338, 29.142420427980596], [-89.16741593236338, 29.187376371156283], [-89.12245998918769, 29.187376371156283], [-89.0325481028363, 29.322244200683347], [-88.94263621648491, 29.322244200683347], [-88.94263621648491, 29.367200143859034], [-88.85272433013353, 29.412156087034724], [-88.85272433013353, 29.502067973386097], [-88.80776838695783, 29.502067973386097], [-88.80776838695783, 30.08649523467004], [-88.85272433013353, 30.08649523467004], [-88.85272433013353, 30.131451177845726], [-88.89768027330922, 30.131451177845726], [-88.89768027330922, 30.221363064197103], [-88.94263621648491, 30.221363064197103], [-88.94263621648491, 30.26631900737279], [-89.077504046012, 30.356230893724167], [-89.077504046012, 30.446142780075544], [-89.12245998918769, 30.446142780075544], [-89.12245998918769, 30.536054666426917], [-89.16741593236338, 30.536054666426917], [-89.16741593236338, 30.625966552778294], [-89.21237187553908, 30.625966552778294], [-89.21237187553908, 30.760834382305358], [-89.25732781871477, 30.760834382305358], [-89.30228376189046, 31.030570041359486], [-89.34723970506616, 31.030570041359486], [-89.39219564824185, 31.210393814062236], [-89.48210753459324, 31.255349757237923], [-89.48210753459324, 31.3452616435893], [-89.52706347776893, 31.3452616435893], [-89.52706347776893, 31.435173529940677], [-89.57201942094463, 31.435173529940677], [-89.57201942094463, 31.52508541629205], [-89.61697536412032, 31.52508541629205], [-89.61697536412032, 31.614997302643427], [-89.66193130729602, 31.614997302643427], [-89.66193130729602, 31.74986513217049], [-89.70688725047171, 31.74986513217049], [-89.70688725047171, 31.839777018521865], [-89.7518431936474, 31.839777018521865], [-89.7518431936474, 31.97464484804893], [-89.7967991368231, 31.97464484804893], [-89.7967991368231, 32.10951267757599], [-89.84175507999879, 32.10951267757599], [-89.84175507999879, 32.199424563927366], [-89.88671102317448, 32.199424563927366], [-89.88671102317448, 32.289336450278746], [-89.93166696635018, 32.289336450278746], [-89.93166696635018, 32.37924833663012], [-90.02157885270157, 32.37924833663012], [-90.02157885270157, 32.42420427980581], [-90.5160942276342, 32.42420427980581], [-90.5160942276342, 32.37924833663012], [-90.60600611398559, 32.37924833663012], [-90.60600611398559, 32.33429239345443], [-90.69591800033697, 32.33429239345443], [-90.69591800033697, 32.289336450278746], [-90.78582988668836, 32.289336450278746], [-90.78582988668836, 32.24438050710306], [-90.92069771621544, 32.24438050710306], [-90.92069771621544, 32.199424563927366], [-91.01060960256683, 32.199424563927366], [-91.01060960256683, 32.154468620751686], [-91.14547743209391, 32.064556734400306], [-91.14547743209391, 31.97464484804893], [-91.1904333752696, 31.97464484804893], [-91.1904333752696, 31.92968890487324], [-91.2353893184453, 31.92968890487324], [-91.2353893184453, 31.884732961697555], [-91.280345261621, 31.884732961697555], [-91.280345261621, 31.839777018521865], [-91.32530120479669, 31.839777018521865], [-91.32530120479669, 31.794821075346178], [-91.37025714797238, 31.794821075346178], [-91.37025714797238, 31.74986513217049], [-91.50512497749946, 31.659953245819114], [-91.50512497749946, 31.570041359467737], [-91.55008092067516, 31.570041359467737], [-91.55008092067516, 31.480129473116364], [-91.59503686385085, 31.480129473116364], [-91.59503686385085, 31.3452616435893], [-91.63999280702654, 31.3452616435893], [-91.63999280702654, 31.210393814062236], [-91.68494875020224, 31.210393814062236], [-91.68494875020224, 30.94065815500811], [-91.72990469337793, 30.94065815500811], [-91.72990469337793, 29.996583348318666]]]]}}, {"type": "Feature", "properties": {"shapefile": "2021083000_wsp34knt120hr_5km", "PERCENTAGE": "70-80%"}, "geometry": {"type": "MultiPolygon", "coordinates": [[[[-90.5160942276342, 28.3781693939939], [-90.5160942276342, 28.42312533716959], [-89.93166696635018, 28.42312533716959], [-89.93166696635018, 28.3781693939939], [-90.02157885270157, 28.3781693939939], [-90.02157885270157, 28.333213450818214], [-90.42618234128281, 28.333213450818214], [-90.42618234128281, 28.3781693939939], [-90.5160942276342, 28.3781693939939]]], [[[-91.59503686385085, 29.412156087034724], [-91.59503686385085, 29.502067973386097], [-91.55008092067516, 29.502067973386097], [-91.46016903432377, 29.367200143859034], [-91.280345261621, 29.322244200683347], [-91.280345261621, 29.27728825750766], [-91.1904333752696, 29.23233231433197], [-91.14547743209391, 29.05250854162922], [-91.10052148891822, 29.05250854162922], [-91.10052148891822, 29.007552598453533], [-91.05556554574252, 29.007552598453533], [-90.96565365939114, 28.87268476892647], [-90.78582988668836, 28.82772882575078], [-90.5160942276342, 28.42312533716959], [-90.60600611398559, 28.42312533716959], [-90.60600611398559, 28.468081280345277], [-90.69591800033697, 28.513037223520964], [-90.69591800033697, 28.60294910987234], [-90.74087394351267, 28.60294910987234], [-90.83078582986406, 28.737816939399405], [-90.92069771621544, 28.737816939399405], [-90.92069771621544, 28.78277288257509], [-90.96565365939114, 28.78277288257509], [-90.96565365939114, 28.82772882575078], [-91.01060960256683, 28.82772882575078], [-91.01060960256683, 28.87268476892647], [-91.05556554574252, 28.87268476892647], [-91.05556554574252, 28.917640712102155], [-91.10052148891822, 28.917640712102155], [-91.10052148891822, 28.962596655277842], [-91.14547743209391, 28.962596655277842], [-91.14547743209391, 29.007552598453533], [-91.280345261621, 29.097464484804906], [-91.280345261621, 29.187376371156283], [-91.32530120479669, 29.187376371156283], [-91.37025714797238, 29.27728825750766], [-91.46016903432377, 29.27728825750766], [-91.46016903432377, 29.322244200683347], [-91.59503686385085, 29.412156087034724]]], [[[-91.72990469337793, 29.996583348318666], [-91.72990469337793, 30.94065815500811], [-91.68494875020224, 30.94065815500811], [-91.68494875020224, 31.210393814062236], [-91.63999280702654, 31.210393814062236], [-91.63999280702654, 31.3452616435893], [-91.59503686385085, 31.3452616435893], [-91.59503686385085, 31.480129473116364], [-91.55008092067516, 31.480129473116364], [-91.50512497749946, 31.659953245819114], [-91.46016903432377, 31.659953245819114], [-91.46016903432377, 31.7049091889948], [-91.41521309114808, 31.7049091889948], [-91.41521309114808, 31.74986513217049], [-91.37025714797238, 31.74986513217049], [-91.37025714797238, 31.794821075346178], [-91.32530120479669, 31.794821075346178], [-91.32530120479669, 31.839777018521865], [-91.280345261621, 31.839777018521865], [-91.280345261621, 31.884732961697555], [-91.14547743209391, 31.97464484804893], [-91.14547743209391, 32.064556734400306], [-91.10052148891822, 32.064556734400306], [-91.01060960256683, 32.199424563927366], [-90.92069771621544, 32.199424563927366], [-90.92069771621544, 32.24438050710306], [-90.78582988668836, 32.24438050710306], [-90.78582988668836, 32.289336450278746], [-90.69591800033697, 32.289336450278746], [-90.69591800033697, 32.33429239345443], [-90.60600611398559, 32.33429239345443], [-90.60600611398559, 32.37924833663012], [-90.5160942276342, 32.37924833663012], [-90.5160942276342, 32.42420427980581], [-90.02157885270157, 32.42420427980581], [-90.02157885270157, 32.37924833663012], [-89.93166696635018, 32.37924833663012], [-89.93166696635018, 32.289336450278746], [-89.88671102317448, 32.289336450278746], [-89.88671102317448, 32.199424563927366], [-89.84175507999879, 32.199424563927366], [-89.84175507999879, 32.10951267757599], [-89.7967991368231, 32.10951267757599], [-89.7518431936474, 31.839777018521865], [-89.70688725047171, 31.839777018521865], [-89.70688725047171, 31.74986513217049], [-89.66193130729602, 31.74986513217049], [-89.66193130729602, 31.614997302643427], [-89.61697536412032, 31.614997302643427], [-89.61697536412032, 31.52508541629205], [-89.57201942094463, 31.52508541629205], [-89.57201942094463, 31.435173529940677], [-89.52706347776893, 31.435173529940677], [-89.52706347776893, 31.3452616435893], [-89.48210753459324, 31.3452616435893], [-89.48210753459324, 31.255349757237923], [-89.39219564824185, 31.210393814062236], [-89.39219564824185, 31.12048192771086], [-89.34723970506616, 31.12048192771086], [-89.34723970506616, 31.030570041359486], [-89.30228376189046, 31.030570041359486], [-89.30228376189046, 30.895702211832422], [-89.25732781871477, 30.895702211832422], [-89.21237187553908, 30.625966552778294], [-89.16741593236338, 30.625966552778294], [-89.16741593236338, 30.536054666426917], [-89.12245998918769, 30.536054666426917], [-89.077504046012, 30.356230893724167], [-89.0325481028363, 30.356230893724167], [-89.0325481028363, 30.31127495054848], [-88.89768027330922, 30.221363064197103], [-88.89768027330922, 30.131451177845726], [-88.80776838695783, 30.08649523467004], [-88.80776838695783, 29.502067973386097], [-88.85272433013353, 29.502067973386097], [-88.85272433013353, 29.412156087034724], [-88.89768027330922, 29.412156087034724], [-88.94263621648491, 29.322244200683347], [-89.0325481028363, 29.322244200683347], [-89.0325481028363, 29.27728825750766], [-89.077504046012, 29.27728825750766], [-89.077504046012, 29.23233231433197], [-89.21237187553908, 29.142420427980596], [-89.21237187553908, 29.05250854162922], [-89.25732781871477, 29.05250854162922], [-89.25732781871477, 29.007552598453533], [-89.30228376189046, 29.007552598453533], [-89.30228376189046, 28.962596655277842], [-89.34723970506616, 28.962596655277842], [-89.34723970506616, 28.917640712102155], [-89.39219564824185, 28.917640712102155], [-89.48210753459324, 28.78277288257509], [-89.57201942094463, 28.78277288257509], [-89.57201942094463, 28.737816939399405], [-89.61697536412032, 28.737816939399405], [-89.61697536412032, 28.692860996223715], [-89.66193130729602, 28.692860996223715], [-89.66193130729602, 28.647905053048028], [-89.7967991368231, 28.557993166696654], [-89.7967991368231, 28.468081280345277], [-89.84175507999879, 28.468081280345277], [-89.84175507999879, 28.42312533716959], [-89.93166696635018, 28.42312533716959], [-89.93166696635018, 28.468081280345277], [-89.84175507999879, 28.513037223520964], [-89.7967991368231, 28.692860996223715], [-89.7518431936474, 28.692860996223715], [-89.66193130729602, 28.82772882575078], [-89.48210753459324, 28.87268476892647], [-89.48210753459324, 28.917640712102155], [-89.34723970506616, 29.007552598453533], [-89.34723970506616, 29.097464484804906], [-89.25732781871477, 29.142420427980596], [-89.25732781871477, 29.23233231433197], [-89.21237187553908, 29.23233231433197], [-89.16741593236338, 29.322244200683347], [-89.077504046012, 29.322244200683347], [-89.0325481028363, 29.412156087034724], [-88.94263621648491, 29.412156087034724], [-88.94263621648491, 29.45711203021041], [-88.89768027330922, 29.45711203021041], [-88.89768027330922, 29.547023916561784], [-88.85272433013353, 29.547023916561784], [-88.85272433013353, 29.996583348318666], [-88.89768027330922, 29.996583348318666], [-88.89768027330922, 30.08649523467004], [-88.94263621648491, 30.08649523467004], [-88.94263621648491, 30.131451177845726], [-88.98759215966061, 30.131451177845726], [-88.98759215966061, 30.176407121021416], [-89.0325481028363, 30.176407121021416], [-89.0325481028363, 30.221363064197103], [-89.077504046012, 30.221363064197103], [-89.077504046012, 30.26631900737279], [-89.21237187553908, 30.356230893724167], [-89.21237187553908, 30.446142780075544], [-89.25732781871477, 30.446142780075544], [-89.25732781871477, 30.536054666426917], [-89.30228376189046, 30.536054666426917], [-89.30228376189046, 30.71587843912967], [-89.34723970506616, 30.71587843912967], [-89.39219564824185, 30.985614098183795], [-89.43715159141755, 30.985614098183795], [-89.43715159141755, 31.12048192771086], [-89.48210753459324, 31.12048192771086], [-89.48210753459324, 31.16543787088655], [-89.52706347776893, 31.16543787088655], [-89.52706347776893, 31.210393814062236], [-89.57201942094463, 31.210393814062236], [-89.57201942094463, 31.255349757237923], [-89.70688725047171, 31.3452616435893], [-89.70688725047171, 31.435173529940677], [-89.7518431936474, 31.435173529940677], [-89.7518431936474, 31.570041359467737], [-89.7967991368231, 31.570041359467737], [-89.7967991368231, 31.659953245819114], [-89.84175507999879, 31.659953245819114], [-89.84175507999879, 31.794821075346178], [-89.88671102317448, 31.794821075346178], [-89.88671102317448, 31.92968890487324], [-89.93166696635018, 31.92968890487324], [-89.93166696635018, 32.064556734400306], [-89.97662290952587, 32.064556734400306], [-89.97662290952587, 32.10951267757599], [-90.06653479587726, 32.10951267757599], [-90.06653479587726, 32.154468620751686], [-90.20140262540434, 32.154468620751686], [-90.20140262540434, 32.199424563927366], [-90.42618234128281, 32.199424563927366], [-90.42618234128281, 32.24438050710306], [-90.4711382844585, 32.24438050710306], [-90.4711382844585, 32.199424563927366], [-90.60600611398559, 32.199424563927366], [-90.60600611398559, 32.154468620751686], [-90.74087394351267, 32.154468620751686], [-90.74087394351267, 32.10951267757599], [-91.01060960256683, 32.064556734400306], [-91.01060960256683, 32.01960079122462], [-91.05556554574252, 32.01960079122462], [-91.05556554574252, 31.92968890487324], [-91.10052148891822, 31.92968890487324], [-91.10052148891822, 31.839777018521865], [-91.1904333752696, 31.794821075346178], [-91.1904333752696, 31.7049091889948], [-91.2353893184453, 31.7049091889948], [-91.280345261621, 31.614997302643427], [-91.37025714797238, 31.614997302643427], [-91.37025714797238, 31.570041359467737], [-91.50512497749946, 31.480129473116364], [-91.50512497749946, 31.3452616435893], [-91.55008092067516, 31.3452616435893], [-91.55008092067516, 31.210393814062236], [-91.59503686385085, 31.210393814062236], [-91.59503686385085, 30.985614098183795], [-91.63999280702654, 30.985614098183795], [-91.63999280702654, 29.81675957561591], [-91.59503686385085, 29.81675957561591], [-91.59503686385085, 29.502067973386097], [-91.63999280702654, 29.502067973386097], [-91.63999280702654, 29.591979859737474], [-91.68494875020224, 29.591979859737474], [-91.68494875020224, 29.996583348318666], [-91.72990469337793, 29.996583348318666]]]]}}, {"type": "Feature", "properties": {"shapefile": "2021083000_wsp34knt120hr_5km", "PERCENTAGE": "80-90%"}, "geometry": {"type": "MultiPolygon", "coordinates": [[[[-91.01060960256683, 28.917640712102155], [-91.01060960256683, 28.962596655277842], [-90.74087394351267, 28.917640712102155], [-90.74087394351267, 28.87268476892647], [-90.60600611398559, 28.78277288257509], [-90.5160942276342, 28.468081280345277], [-90.60600611398559, 28.513037223520964], [-90.60600611398559, 28.60294910987234], [-90.69591800033697, 28.647905053048028], [-90.69591800033697, 28.737816939399405], [-90.74087394351267, 28.737816939399405], [-90.78582988668836, 28.82772882575078], [-90.87574177303975, 28.82772882575078], [-90.87574177303975, 28.87268476892647], [-90.96565365939114, 28.87268476892647], [-90.96565365939114, 28.917640712102155], [-91.01060960256683, 28.917640712102155]]], [[[-91.50512497749946, 29.412156087034724], [-91.50512497749946, 29.45711203021041], [-91.32530120479669, 29.45711203021041], [-91.32530120479669, 29.412156087034724], [-91.2353893184453, 29.412156087034724], [-91.2353893184453, 29.367200143859034], [-91.10052148891822, 29.27728825750766], [-91.01060960256683, 28.962596655277842], [-91.14547743209391, 29.05250854162922], [-91.14547743209391, 29.142420427980596], [-91.1904333752696, 29.142420427980596], [-91.1904333752696, 29.23233231433197], [-91.2353893184453, 29.23233231433197], [-91.280345261621, 29.322244200683347], [-91.37025714797238, 29.322244200683347], [-91.37025714797238, 29.367200143859034], [-91.46016903432377, 29.367200143859034], [-91.46016903432377, 29.412156087034724], [-91.50512497749946, 29.412156087034724]]], [[[-91.55008092067516, 29.45711203021041], [-91.55008092067516, 29.502067973386097], [-91.50512497749946, 29.502067973386097], [-91.50512497749946, 29.45711203021041], [-91.55008092067516, 29.45711203021041]]], [[[-90.5160942276342, 28.42312533716959], [-90.5160942276342, 28.468081280345277], [-89.97662290952587, 28.468081280345277], [-89.97662290952587, 28.513037223520964], [-89.93166696635018, 28.513037223520964], [-89.93166696635018, 28.60294910987234], [-89.88671102317448, 28.60294910987234], [-89.88671102317448, 28.737816939399405], [-89.84175507999879, 28.737816939399405], [-89.84175507999879, 28.82772882575078], [-89.7967991368231, 28.82772882575078], [-89.7967991368231, 28.87268476892647], [-89.70688725047171, 28.87268476892647], [-89.70688725047171, 28.917640712102155], [-89.61697536412032, 28.917640712102155], [-89.61697536412032, 28.962596655277842], [-89.48210753459324, 28.962596655277842], [-89.48210753459324, 29.007552598453533], [-89.39219564824185, 29.05250854162922], [-89.39219564824185, 29.23233231433197], [-89.30228376189046, 29.27728825750766], [-89.30228376189046, 29.367200143859034], [-89.21237187553908, 29.367200143859034], [-89.21237187553908, 29.412156087034724], [-89.12245998918769, 29.412156087034724], [-89.12245998918769, 29.45711203021041], [-88.98759215966061, 29.45711203021041], [-88.98759215966061, 29.502067973386097], [-88.94263621648491, 29.502067973386097], [-88.94263621648491, 29.63693580291316], [-88.89768027330922, 29.63693580291316], [-88.89768027330922, 29.90667146196729], [-88.94263621648491, 29.90667146196729], [-88.94263621648491, 30.08649523467004], [-88.89768027330922, 30.08649523467004], [-88.89768027330922, 29.996583348318666], [-88.85272433013353, 29.996583348318666], [-88.85272433013353, 29.547023916561784], [-88.89768027330922, 29.547023916561784], [-88.89768027330922, 29.45711203021041], [-88.94263621648491, 29.45711203021041], [-88.94263621648491, 29.412156087034724], [-89.0325481028363, 29.412156087034724], [-89.077504046012, 29.322244200683347], [-89.16741593236338, 29.322244200683347], [-89.16741593236338, 29.27728825750766], [-89.25732781871477, 29.23233231433197], [-89.25732781871477, 29.142420427980596], [-89.34723970506616, 29.097464484804906], [-89.34723970506616, 29.007552598453533], [-89.39219564824185, 29.007552598453533], [-89.48210753459324, 28.87268476892647], [-89.66193130729602, 28.82772882575078], [-89.66193130729602, 28.78277288257509], [-89.7967991368231, 28.692860996223715], [-89.7967991368231, 28.60294910987234], [-89.84175507999879, 28.60294910987234], [-89.84175507999879, 28.513037223520964], [-89.88671102317448, 28.513037223520964], [-89.93166696635018, 28.42312533716959], [-90.5160942276342, 28.42312533716959]]], [[[-91.63999280702654, 29.81675957561591], [-91.63999280702654, 30.985614098183795], [-91.59503686385085, 30.985614098183795], [-91.59503686385085, 31.210393814062236], [-91.55008092067516, 31.210393814062236], [-91.50512497749946, 31.480129473116364], [-91.46016903432377, 31.480129473116364], [-91.37025714797238, 31.614997302643427], [-91.280345261621, 31.614997302643427], [-91.280345261621, 31.659953245819114], [-91.1904333752696, 31.7049091889948], [-91.1904333752696, 31.794821075346178], [-91.10052148891822, 31.839777018521865], [-91.10052148891822, 31.92968890487324], [-91.05556554574252, 31.92968890487324], [-91.05556554574252, 32.01960079122462], [-91.01060960256683, 32.01960079122462], [-91.01060960256683, 32.064556734400306], [-90.87574177303975, 32.064556734400306], [-90.87574177303975, 32.10951267757599], [-90.74087394351267, 32.10951267757599], [-90.74087394351267, 32.154468620751686], [-90.4711382844585, 32.199424563927366], [-90.4711382844585, 32.24438050710306], [-90.42618234128281, 32.24438050710306], [-90.42618234128281, 32.199424563927366], [-90.20140262540434, 32.199424563927366], [-90.20140262540434, 32.154468620751686], [-90.06653479587726, 32.154468620751686], [-90.06653479587726, 32.10951267757599], [-89.97662290952587, 32.10951267757599], [-89.97662290952587, 32.064556734400306], [-89.93166696635018, 32.064556734400306], [-89.93166696635018, 31.92968890487324], [-89.88671102317448, 31.92968890487324], [-89.88671102317448, 31.794821075346178], [-89.84175507999879, 31.794821075346178], [-89.84175507999879, 31.659953245819114], [-89.7967991368231, 31.659953245819114], [-89.7967991368231, 31.570041359467737], [-89.7518431936474, 31.570041359467737], [-89.7518431936474, 31.435173529940677], [-89.70688725047171, 31.435173529940677], [-89.70688725047171, 31.3452616435893], [-89.66193130729602, 31.3452616435893], [-89.66193130729602, 31.300305700413613], [-89.61697536412032, 31.300305700413613], [-89.61697536412032, 31.255349757237923], [-89.57201942094463, 31.255349757237923], [-89.57201942094463, 31.210393814062236], [-89.43715159141755, 31.12048192771086], [-89.43715159141755, 30.985614098183795], [-89.39219564824185, 30.985614098183795], [-89.39219564824185, 30.850746268656735], [-89.34723970506616, 30.850746268656735], [-89.34723970506616, 30.71587843912967], [-89.30228376189046, 30.71587843912967], [-89.30228376189046, 30.536054666426917], [-89.25732781871477, 30.536054666426917], [-89.21237187553908, 30.356230893724167], [-89.16741593236338, 30.356230893724167], [-89.16741593236338, 30.31127495054848], [-89.12245998918769, 30.31127495054848], [-89.12245998918769, 30.26631900737279], [-89.077504046012, 30.26631900737279], [-89.077504046012, 30.221363064197103], [-89.0325481028363, 30.221363064197103], [-88.94263621648491, 30.08649523467004], [-89.077504046012, 30.08649523467004], [-89.077504046012, 30.131451177845726], [-89.16741593236338, 30.131451177845726], [-89.16741593236338, 30.176407121021416], [-89.21237187553908, 30.176407121021416], [-89.21237187553908, 30.221363064197103], [-89.34723970506616, 30.31127495054848], [-89.34723970506616, 30.446142780075544], [-89.39219564824185, 30.446142780075544], [-89.39219564824185, 30.625966552778294], [-89.43715159141755, 30.625966552778294], [-89.43715159141755, 30.805790325481045], [-89.48210753459324, 30.805790325481045], [-89.48210753459324, 30.94065815500811], [-89.52706347776893, 30.94065815500811], [-89.57201942094463, 31.030570041359486], [-89.66193130729602, 31.030570041359486], [-89.66193130729602, 31.075525984535172], [-89.7967991368231, 31.16543787088655], [-89.7967991368231, 31.255349757237923], [-89.84175507999879, 31.255349757237923], [-89.84175507999879, 31.3452616435893], [-89.88671102317448, 31.3452616435893], [-89.88671102317448, 31.480129473116364], [-89.93166696635018, 31.480129473116364], [-89.93166696635018, 31.614997302643427], [-89.97662290952587, 31.614997302643427], [-89.97662290952587, 31.7049091889948], [-90.02157885270157, 31.7049091889948], [-90.06653479587726, 31.794821075346178], [-90.24635856858004, 31.839777018521865], [-90.33627045493142, 31.97464484804893], [-90.42618234128281, 31.97464484804893], [-90.42618234128281, 32.01960079122462], [-90.56105017080989, 32.01960079122462], [-90.56105017080989, 31.97464484804893], [-90.74087394351267, 31.92968890487324], [-90.74087394351267, 31.884732961697555], [-90.83078582986406, 31.884732961697555], [-90.83078582986406, 31.839777018521865], [-90.96565365939114, 31.839777018521865], [-90.96565365939114, 31.794821075346178], [-91.01060960256683, 31.794821075346178], [-91.01060960256683, 31.7049091889948], [-91.05556554574252, 31.7049091889948], [-91.05556554574252, 31.659953245819114], [-91.10052148891822, 31.659953245819114], [-91.10052148891822, 31.614997302643427], [-91.2353893184453, 31.52508541629205], [-91.2353893184453, 31.435173529940677], [-91.280345261621, 31.435173529940677], [-91.280345261621, 31.390217586764987], [-91.32530120479669, 31.390217586764987], [-91.32530120479669, 31.3452616435893], [-91.37025714797238, 31.3452616435893], [-91.37025714797238, 31.300305700413613], [-91.50512497749946, 31.210393814062236], [-91.50512497749946, 31.030570041359486], [-91.55008092067516, 31.030570041359486], [-91.55008092067516, 29.502067973386097], [-91.59503686385085, 29.502067973386097], [-91.59503686385085, 29.81675957561591], [-91.63999280702654, 29.81675957561591]]]]}}, {"type": "Feature", "properties": {"shapefile": "2021083000_wsp34knt120hr_5km", "PERCENTAGE": ">90%"}, "geometry": {"type": "MultiPolygon", "coordinates": [[[[-91.55008092067516, 29.502067973386097], [-91.55008092067516, 31.030570041359486], [-91.50512497749946, 31.030570041359486], [-91.50512497749946, 31.210393814062236], [-91.46016903432377, 31.210393814062236], [-91.46016903432377, 31.255349757237923], [-91.41521309114808, 31.255349757237923], [-91.41521309114808, 31.300305700413613], [-91.37025714797238, 31.300305700413613], [-91.37025714797238, 31.3452616435893], [-91.2353893184453, 31.435173529940677], [-91.2353893184453, 31.52508541629205], [-91.1904333752696, 31.52508541629205], [-91.1904333752696, 31.570041359467737], [-91.14547743209391, 31.570041359467737], [-91.14547743209391, 31.614997302643427], [-91.01060960256683, 31.7049091889948], [-91.01060960256683, 31.794821075346178], [-90.96565365939114, 31.794821075346178], [-90.96565365939114, 31.839777018521865], [-90.83078582986406, 31.839777018521865], [-90.83078582986406, 31.884732961697555], [-90.65096205716128, 31.92968890487324], [-90.65096205716128, 31.97464484804893], [-90.56105017080989, 31.97464484804893], [-90.56105017080989, 32.01960079122462], [-90.42618234128281, 32.01960079122462], [-90.42618234128281, 31.97464484804893], [-90.33627045493142, 31.97464484804893], [-90.24635856858004, 31.839777018521865], [-90.06653479587726, 31.794821075346178], [-90.06653479587726, 31.74986513217049], [-89.97662290952587, 31.7049091889948], [-89.97662290952587, 31.614997302643427], [-89.93166696635018, 31.614997302643427], [-89.93166696635018, 31.480129473116364], [-89.88671102317448, 31.480129473116364], [-89.88671102317448, 31.3452616435893], [-89.84175507999879, 31.3452616435893], [-89.7967991368231, 31.16543787088655], [-89.7518431936474, 31.16543787088655], [-89.66193130729602, 31.030570041359486], [-89.57201942094463, 31.030570041359486], [-89.57201942094463, 30.985614098183795], [-89.48210753459324, 30.94065815500811], [-89.48210753459324, 30.805790325481045], [-89.43715159141755, 30.805790325481045], [-89.43715159141755, 30.625966552778294], [-89.39219564824185, 30.625966552778294], [-89.39219564824185, 30.446142780075544], [-89.34723970506616, 30.446142780075544], [-89.34723970506616, 30.31127495054848], [-89.30228376189046, 30.31127495054848], [-89.30228376189046, 30.26631900737279], [-89.25732781871477, 30.26631900737279], [-89.16741593236338, 30.131451177845726], [-89.077504046012, 30.131451177845726], [-89.077504046012, 30.08649523467004], [-88.94263621648491, 30.08649523467004], [-88.94263621648491, 29.90667146196729], [-88.89768027330922, 29.90667146196729], [-88.89768027330922, 29.63693580291316], [-88.94263621648491, 29.63693580291316], [-88.94263621648491, 29.502067973386097], [-88.98759215966061, 29.502067973386097], [-88.98759215966061, 29.45711203021041], [-89.12245998918769, 29.45711203021041], [-89.12245998918769, 29.412156087034724], [-89.21237187553908, 29.412156087034724], [-89.21237187553908, 29.367200143859034], [-89.30228376189046, 29.367200143859034], [-89.30228376189046, 29.27728825750766], [-89.39219564824185, 29.23233231433197], [-89.39219564824185, 29.05250854162922], [-89.43715159141755, 29.05250854162922], [-89.48210753459324, 28.962596655277842], [-89.61697536412032, 28.962596655277842], [-89.61697536412032, 28.917640712102155], [-89.7967991368231, 28.87268476892647], [-89.7967991368231, 28.82772882575078], [-89.84175507999879, 28.82772882575078], [-89.84175507999879, 28.737816939399405], [-89.88671102317448, 28.737816939399405], [-89.88671102317448, 28.60294910987234], [-89.93166696635018, 28.60294910987234], [-89.93166696635018, 28.513037223520964], [-89.97662290952587, 28.513037223520964], [-89.97662290952587, 28.468081280345277], [-90.5160942276342, 28.468081280345277], [-90.60600611398559, 28.78277288257509], [-90.65096205716128, 28.78277288257509], [-90.74087394351267, 28.917640712102155], [-91.01060960256683, 28.962596655277842], [-91.01060960256683, 29.05250854162922], [-91.05556554574252, 29.05250854162922], [-91.05556554574252, 29.187376371156283], [-91.10052148891822, 29.187376371156283], [-91.10052148891822, 29.27728825750766], [-91.14547743209391, 29.27728825750766], [-91.2353893184453, 29.412156087034724], [-91.32530120479669, 29.412156087034724], [-91.32530120479669, 29.45711203021041], [-91.50512497749946, 29.45711203021041], [-91.50512497749946, 29.502067973386097], [-91.55008092067516, 29.502067973386097]]]]}}]}