{"type": "FeatureCollection", "features": [{"type": "Feature", "properties": {"shapefile": "2021082712_wsp34knt120hr_5km", "PERCENTAGE": "<5%"}, "geometry": {"type": "MultiPolygon", "coordinates": [[[[-98.74303182878617, 30.08649523467004], [-98.74303182878617, 31.12048192771086], [-98.69807588561048, 31.12048192771086], [-98.69807588561048, 31.52508541629205], [-98.65311994243478, 31.52508541629205], [-98.65311994243478, 31.74986513217049], [-98.60816399925909, 31.74986513217049], [-98.60816399925909, 32.064556734400306], [-98.5632080560834, 32.064556734400306], [-98.5632080560834, 32.37924833663012], [-98.5182521129077, 32.37924833663012], [-98.5182521129077, 32.60402805250856], [-98.47329616973201, 32.60402805250856], [-98.42834022655632, 32.87376371156269], [-98.38338428338062, 32.87376371156269], [-98.38338428338062, 32.96367559791406], [-98.33842834020493, 32.96367559791406], [-98.33842834020493, 33.053587484265435], [-98.29347239702923, 33.053587484265435], [-98.29347239702923, 33.143499370616816], [-98.24851645385354, 33.143499370616816], [-98.24851645385354, 33.23341125696819], [-98.20356051067785, 33.23341125696819], [-98.20356051067785, 33.278367200143876], [-98.11364862432646, 33.32332314331956], [-98.11364862432646, 33.41323502967094], [-97.97878079479938, 33.50314691602232], [-97.97878079479938, 33.59305880237369], [-97.88886890844799, 33.63801474554938], [-97.88886890844799, 33.72792663190076], [-97.8439129652723, 33.72792663190076], [-97.7989570220966, 33.907750404603505], [-97.75400107892091, 33.907750404603505], [-97.75400107892091, 33.9527063477792], [-97.70904513574521, 33.9527063477792], [-97.70904513574521, 34.04261823413057], [-97.61913324939383, 34.08757417730626], [-97.61913324939383, 34.17748606365763], [-97.57417730621813, 34.17748606365763], [-97.57417730621813, 34.22244200683332], [-97.52922136304244, 34.22244200683332], [-97.52922136304244, 34.26739795000901], [-97.39435353351536, 34.357309836360386], [-97.39435353351536, 34.44722172271176], [-97.34939759033966, 34.44722172271176], [-97.34939759033966, 34.492177665887446], [-97.30444164716397, 34.492177665887446], [-97.21452976081258, 34.627045495414514], [-97.1246178744612, 34.627045495414514], [-97.1246178744612, 34.6720014385902], [-97.0796619312855, 34.6720014385902], [-97.0796619312855, 34.71695738176589], [-97.0347059881098, 34.71695738176589], [-96.94479410175842, 34.851825211292955], [-96.85488221540703, 34.851825211292955], [-96.76497032905564, 34.986693040820015], [-96.67505844270426, 34.986693040820015], [-96.67505844270426, 35.0316489839957], [-96.63010249952856, 35.0316489839957], [-96.58514655635287, 35.12156087034708], [-96.49523467000148, 35.12156087034708], [-96.40532278365009, 35.25642869987414], [-96.3154108972987, 35.25642869987414], [-96.27045495412301, 35.346340586225516], [-96.18054306777162, 35.346340586225516], [-96.09063118142024, 35.48120841575258], [-96.00071929506885, 35.48120841575258], [-96.00071929506885, 35.52616435892827], [-95.95576335189315, 35.52616435892827], [-95.86585146554177, 35.66103218845533], [-95.77593957919038, 35.66103218845533], [-95.73098363601468, 35.75094407480671], [-95.6410717496633, 35.75094407480671], [-95.6410717496633, 35.7959000179824], [-95.55115986331191, 35.7959000179824], [-95.55115986331191, 35.840855961158084], [-95.46124797696052, 35.840855961158084], [-95.46124797696052, 35.88581190433377], [-95.32638014743344, 35.88581190433377], [-95.32638014743344, 35.93076784750946], [-95.14655637473066, 35.93076784750946], [-95.14655637473066, 35.97572379068515], [-95.05664448837928, 35.97572379068515], [-95.05664448837928, 36.02067973386084], [-94.9217766588522, 36.02067973386084], [-94.9217766588522, 36.065635677036525], [-94.83186477250081, 36.065635677036525], [-94.78690882932511, 36.1555475633879], [-94.69699694297373, 36.1555475633879], [-94.69699694297373, 36.200503506563585], [-94.60708505662234, 36.200503506563585], [-94.60708505662234, 36.24545944973927], [-94.51717317027095, 36.24545944973927], [-94.51717317027095, 36.290415392914966], [-94.42726128391956, 36.290415392914966], [-94.42726128391956, 36.33537133609065], [-94.33734939756818, 36.33537133609065], [-94.33734939756818, 36.38032727926634], [-94.24743751121679, 36.38032727926634], [-94.24743751121679, 36.425283222442026], [-94.06761373851401, 36.47023916561771], [-94.06761373851401, 36.5151951087934], [-93.97770185216262, 36.5151951087934], [-93.97770185216262, 36.56015105196909], [-93.88778996581124, 36.56015105196909], [-93.88778996581124, 36.60510699514478], [-93.79787807945985, 36.60510699514478], [-93.79787807945985, 36.65006293832047], [-93.70796619310846, 36.65006293832047], [-93.70796619310846, 36.69501888149615], [-93.57309836358138, 36.69501888149615], [-93.57309836358138, 36.73997482467184], [-93.48318647722999, 36.73997482467184], [-93.48318647722999, 36.78493076784753], [-93.34831864770291, 36.78493076784753], [-93.34831864770291, 36.82988671102322], [-93.21345081817583, 36.82988671102322], [-93.21345081817583, 36.87484265419891], [-92.80884732959458, 36.919798597374594], [-92.80884732959458, 36.96475454055028], [-92.53911167054042, 36.96475454055028], [-92.53911167054042, 37.00971048372597], [-92.35928789783765, 37.00971048372597], [-92.35928789783765, 37.054666426901655], [-92.22442006831056, 37.054666426901655], [-92.22442006831056, 37.09962237007734], [-92.04459629560779, 37.09962237007734], [-92.04459629560779, 37.144578313253035], [-91.90972846608071, 37.144578313253035], [-91.90972846608071, 37.18953425642872], [-91.68494875020224, 37.18953425642872], [-91.68494875020224, 37.23449019960441], [-91.32530120479669, 37.23449019960441], [-91.32530120479669, 37.279446142780095], [-89.97662290952587, 37.279446142780095], [-89.97662290952587, 37.23449019960441], [-89.70688725047171, 37.23449019960441], [-89.70688725047171, 37.18953425642872], [-89.52706347776893, 37.18953425642872], [-89.52706347776893, 37.144578313253035], [-89.34723970506616, 37.144578313253035], [-89.34723970506616, 37.09962237007734], [-89.12245998918769, 37.09962237007734], [-89.12245998918769, 37.054666426901655], [-88.85272433013353, 37.054666426901655], [-88.85272433013353, 37.00971048372597], [-88.58298867107936, 37.00971048372597], [-88.58298867107936, 36.96475454055028], [-88.2682970688495, 36.96475454055028], [-88.2682970688495, 36.919798597374594], [-87.99856140979534, 36.919798597374594], [-87.99856140979534, 36.87484265419891], [-87.68386980756549, 36.87484265419891], [-87.68386980756549, 36.82988671102322], [-87.45909009168702, 36.82988671102322], [-87.45909009168702, 36.78493076784753], [-87.32422226215994, 36.78493076784753], [-87.32422226215994, 36.73997482467184], [-87.23431037580855, 36.73997482467184], [-87.23431037580855, 36.69501888149615], [-87.09944254628147, 36.69501888149615], [-87.09944254628147, 36.65006293832047], [-87.00953065993008, 36.65006293832047], [-87.00953065993008, 36.60510699514478], [-86.874662830403, 36.60510699514478], [-86.874662830403, 36.56015105196909], [-86.73979500087592, 36.56015105196909], [-86.73979500087592, 36.5151951087934], [-86.60492717134883, 36.5151951087934], [-86.60492717134883, 36.47023916561771], [-86.42510339864606, 36.47023916561771], [-86.42510339864606, 36.425283222442026], [-86.1553677395919, 36.38032727926634], [-86.1553677395919, 36.33537133609065], [-86.02049991006481, 36.33537133609065], [-86.02049991006481, 36.290415392914966], [-85.93058802371343, 36.290415392914966], [-85.93058802371343, 36.24545944973927], [-85.79572019418634, 36.24545944973927], [-85.79572019418634, 36.200503506563585], [-85.70580830783496, 36.200503506563585], [-85.70580830783496, 36.1555475633879], [-85.52598453513218, 36.11059162021221], [-85.48102859195649, 36.02067973386084], [-85.3911167056051, 36.02067973386084], [-85.3911167056051, 35.97572379068515], [-85.25624887607802, 35.88581190433377], [-85.25624887607802, 35.7959000179824], [-85.12138104655094, 35.705988131631024], [-85.12138104655094, 35.61607624527964], [-85.07642510337524, 35.61607624527964], [-85.07642510337524, 35.57112030210396], [-85.03146916019955, 35.57112030210396], [-85.03146916019955, 35.52616435892827], [-84.98651321702386, 35.52616435892827], [-84.98651321702386, 35.48120841575258], [-84.85164538749677, 35.39129652940121], [-84.85164538749677, 35.30138464304983], [-84.80668944432108, 35.30138464304983], [-84.80668944432108, 35.25642869987414], [-84.76173350114539, 35.25642869987414], [-84.76173350114539, 35.211472756698456], [-84.6268656716183, 35.12156087034708], [-84.6268656716183, 35.0316489839957], [-84.53695378526692, 34.986693040820015], [-84.53695378526692, 34.89678115446864], [-84.44704189891553, 34.851825211292955], [-84.44704189891553, 34.761913324941574], [-84.31217406938845, 34.6720014385902], [-84.31217406938845, 34.58208955223883], [-84.22226218303706, 34.53713360906314], [-84.22226218303706, 34.44722172271176], [-84.17730623986137, 34.44722172271176], [-84.17730623986137, 34.357309836360386], [-84.13235029668567, 34.357309836360386], [-84.13235029668567, 34.22244200683332], [-84.08739435350998, 34.22244200683332], [-84.08739435350998, 34.08757417730626], [-84.04243841033428, 34.08757417730626], [-84.04243841033428, 33.907750404603505], [-83.99748246715859, 33.907750404603505], [-83.99748246715859, 33.72792663190076], [-83.9525265239829, 33.72792663190076], [-83.9525265239829, 33.59305880237369], [-83.9075705808072, 33.59305880237369], [-83.9075705808072, 33.45819097284663], [-83.86261463763151, 33.45819097284663], [-83.86261463763151, 33.32332314331956], [-83.81765869445582, 33.32332314331956], [-83.81765869445582, 33.143499370616816], [-83.77270275128012, 33.143499370616816], [-83.77270275128012, 32.96367559791406], [-83.72774680810443, 32.96367559791406], [-83.72774680810443, 32.64898399568425], [-83.68279086492873, 32.64898399568425], [-83.68279086492873, 32.51411616615718], [-83.72774680810443, 32.51411616615718], [-83.72774680810443, 32.24438050710306], [-83.77270275128012, 32.24438050710306], [-83.77270275128012, 31.614997302643427], [-83.72774680810443, 31.614997302643427], [-83.72774680810443, 31.435173529940677], [-83.68279086492873, 31.435173529940677], [-83.68279086492873, 31.255349757237923], [-83.63783492175304, 31.255349757237923], [-83.59287897857735, 30.895702211832422], [-83.54792303540165, 30.895702211832422], [-83.50296709222596, 30.625966552778294], [-83.45801114905026, 30.625966552778294], [-83.45801114905026, 30.536054666426917], [-83.41305520587457, 30.536054666426917], [-83.41305520587457, 30.446142780075544], [-83.36809926269888, 30.446142780075544], [-83.36809926269888, 30.356230893724167], [-83.32314331952318, 30.356230893724167], [-83.32314331952318, 30.26631900737279], [-83.2332314331718, 30.221363064197103], [-83.1882754899961, 30.041539291494352], [-83.05340766046902, 29.951627405142975], [-83.05340766046902, 29.861715518791602], [-82.91853983094194, 29.771803632440225], [-82.91853983094194, 29.681891746088848], [-82.78367200141486, 29.591979859737474], [-82.78367200141486, 29.502067973386097], [-82.73871605823916, 29.502067973386097], [-82.73871605823916, 29.45711203021041], [-82.69376011506347, 29.45711203021041], [-82.69376011506347, 29.367200143859034], [-82.60384822871208, 29.322244200683347], [-82.55889228553639, 29.142420427980596], [-82.468980399185, 29.097464484804906], [-82.468980399185, 29.007552598453533], [-82.4240244560093, 29.007552598453533], [-82.37906851283361, 28.82772882575078], [-82.28915662648222, 28.78277288257509], [-82.24420068330653, 28.60294910987234], [-82.15428879695514, 28.557993166696654], [-82.15428879695514, 28.468081280345277], [-82.10933285377945, 28.468081280345277], [-82.10933285377945, 28.42312533716959], [-82.01942096742806, 28.3781693939939], [-82.01942096742806, 28.288257507642527], [-81.97446502425237, 28.288257507642527], [-81.97446502425237, 28.243301564466837], [-81.83959719472529, 28.153389678115463], [-81.83959719472529, 28.063477791764086], [-81.79464125154959, 28.063477791764086], [-81.79464125154959, 28.0185218485884], [-81.7496853083739, 28.0185218485884], [-81.7496853083739, 27.973565905412713], [-81.61481747884682, 27.883654019061336], [-81.61481747884682, 27.79374213270996], [-81.56986153567112, 27.79374213270996], [-81.56986153567112, 27.748786189534272], [-81.52490559249543, 27.748786189534272], [-81.52490559249543, 27.703830246358585], [-81.39003776296835, 27.613918360007208], [-81.39003776296835, 27.52400647365583], [-81.34508181979265, 27.52400647365583], [-81.34508181979265, 27.479050530480144], [-81.21021399026557, 27.389138644128767], [-81.21021399026557, 27.299226757777394], [-81.07534616073849, 27.209314871426017], [-81.07534616073849, 27.119402985074643], [-80.94047833121141, 27.029491098723266], [-80.94047833121141, 26.93957921237189], [-80.89552238803572, 26.93957921237189], [-80.89552238803572, 26.894623269196202], [-80.85056644486002, 26.894623269196202], [-80.85056644486002, 26.804711382844825], [-80.80561050168433, 26.804711382844825], [-80.80561050168433, 26.75975543966914], [-80.67074267215725, 26.66984355331776], [-80.67074267215725, 26.579931666966388], [-80.62578672898155, 26.579931666966388], [-80.62578672898155, 26.5349757237907], [-80.49091889945447, 26.445063837439324], [-80.49091889945447, 26.355151951087947], [-80.44596295627878, 26.355151951087947], [-80.44596295627878, 26.31019600791226], [-80.40100701310308, 26.31019600791226], [-80.40100701310308, 26.265240064736574], [-80.35605106992739, 26.265240064736574], [-80.35605106992739, 26.220284121560884], [-80.3110951267517, 26.220284121560884], [-80.3110951267517, 26.175328178385197], [-80.266139183576, 26.175328178385197], [-80.17622729722461, 26.040460348858133], [-80.08631541087323, 26.040460348858133], [-80.04135946769753, 25.950548462506756], [-79.95144758134614, 25.950548462506756], [-79.90649163817045, 25.860636576155382], [-79.81657975181906, 25.860636576155382], [-79.81657975181906, 25.815680632979692], [-79.77162380864337, 25.815680632979692], [-79.77162380864337, 25.770724689804005], [-79.72666786546768, 25.770724689804005], [-79.72666786546768, 25.72576874662832], [-79.68171192229198, 25.72576874662832], [-79.68171192229198, 25.680812803452632], [-79.63675597911629, 25.680812803452632], [-79.63675597911629, 25.63585686027694], [-79.5018881495892, 25.545944973925568], [-79.5018881495892, 25.45603308757419], [-79.45693220641351, 25.45603308757419], [-79.45693220641351, 25.411077144398504], [-79.41197626323782, 25.411077144398504], [-79.41197626323782, 25.366121201222814], [-79.36702032006212, 25.366121201222814], [-79.36702032006212, 25.321165258047127], [-79.23215249053504, 25.23125337169575], [-79.23215249053504, 25.141341485344377], [-79.09728466100796, 25.051429598993], [-79.09728466100796, 24.961517712641626], [-79.05232871783227, 24.961517712641626], [-79.05232871783227, 24.916561769465936], [-79.00737277465657, 24.916561769465936], [-79.00737277465657, 24.826649883114563], [-78.91746088830519, 24.781693939938872], [-78.87250494512949, 24.60187016723612], [-78.7825930587781, 24.556914224060435], [-78.7825930587781, 24.467002337709058], [-78.73763711560241, 24.467002337709058], [-78.73763711560241, 24.37709045135768], [-78.69268117242672, 24.37709045135768], [-78.69268117242672, 24.287178565006307], [-78.64772522925102, 24.287178565006307], [-78.64772522925102, 24.152310735479244], [-78.60276928607533, 24.152310735479244], [-78.60276928607533, 24.062398849127867], [-78.55781334289964, 24.062398849127867], [-78.55781334289964, 23.972486962776493], [-78.51285739972394, 23.972486962776493], [-78.51285739972394, 23.882575076425116], [-78.46790145654825, 23.882575076425116], [-78.46790145654825, 23.79266319007374], [-78.42294551337255, 23.79266319007374], [-78.42294551337255, 23.65779536054668], [-78.37798957019686, 23.65779536054668], [-78.37798957019686, 23.522927531019615], [-78.33303362702117, 23.522927531019615], [-78.33303362702117, 23.298147815141174], [-78.28807768384547, 23.298147815141174], [-78.28807768384547, 23.073368099262733], [-78.24312174066978, 23.073368099262733], [-78.24312174066978, 22.893544326559983], [-78.19816579749408, 22.893544326559983], [-78.19816579749408, 22.533896781154482], [-78.24312174066978, 22.533896781154482], [-78.24312174066978, 22.443984894803105], [-78.28807768384547, 22.443984894803105], [-78.28807768384547, 22.399028951627418], [-78.33303362702117, 22.399028951627418], [-78.33303362702117, 22.354073008451728], [-78.37798957019686, 22.354073008451728], [-78.37798957019686, 22.30911706527604], [-78.42294551337255, 22.30911706527604], [-78.42294551337255, 22.264161122100354], [-78.46790145654825, 22.264161122100354], [-78.55781334289964, 22.12929329257329], [-78.64772522925102, 22.12929329257329], [-78.64772522925102, 22.039381406221914], [-78.73763711560241, 21.994425463046227], [-78.69268117242672, 21.005394713181094], [-78.64772522925102, 21.005394713181094], [-78.64772522925102, 20.825570940478343], [-78.60276928607533, 20.825570940478343], [-78.60276928607533, 20.69070311095128], [-78.55781334289964, 20.69070311095128], [-78.55781334289964, 20.555835281424216], [-78.51285739972394, 20.555835281424216], [-78.51285739972394, 20.331055565545775], [-78.46790145654825, 20.331055565545775], [-78.46790145654825, 20.2411436791944], [-78.51285739972394, 20.2411436791944], [-78.51285739972394, 20.061319906491647], [-78.55781334289964, 20.061319906491647], [-78.55781334289964, 19.971408020140274], [-78.60276928607533, 19.971408020140274], [-78.64772522925102, 19.791584247437523], [-78.69268117242672, 19.791584247437523], [-78.69268117242672, 19.746628304261833], [-78.73763711560241, 19.746628304261833], [-78.73763711560241, 19.65671641791046], [-78.87250494512949, 19.566804531559082], [-78.87250494512949, 19.476892645207705], [-78.91746088830519, 19.476892645207705], [-78.91746088830519, 19.386980758856332], [-79.00737277465657, 19.342024815680645], [-79.00737277465657, 19.252112929329268], [-79.05232871783227, 19.252112929329268], [-79.09728466100796, 19.072289156626518], [-79.18719654735935, 19.027333213450827], [-79.18719654735935, 18.937421327099454], [-79.32206437688643, 18.847509440748077], [-79.32206437688643, 18.7575975543967], [-79.36702032006212, 18.7575975543967], [-79.36702032006212, 18.712641611221013], [-79.41197626323782, 18.712641611221013], [-79.41197626323782, 18.667685668045326], [-79.45693220641351, 18.667685668045326], [-79.5468440927649, 18.532817838518262], [-79.63675597911629, 18.532817838518262], [-79.68171192229198, 18.442905952166885], [-79.86153569499476, 18.3979500089912], [-79.86153569499476, 18.352994065815512], [-79.95144758134614, 18.352994065815512], [-79.95144758134614, 18.30803812263982], [-80.04135946769753, 18.30803812263982], [-80.04135946769753, 18.263082179464135], [-80.17622729722461, 18.263082179464135], [-80.17622729722461, 18.218126236288448], [-80.266139183576, 18.218126236288448], [-80.266139183576, 18.173170293112758], [-80.35605106992739, 18.173170293112758], [-80.35605106992739, 18.12821434993707], [-80.49091889945447, 18.12821434993707], [-80.49091889945447, 18.083258406761384], [-80.58083078580586, 18.083258406761384], [-80.58083078580586, 18.038302463585694], [-80.71569861533294, 18.038302463585694], [-80.71569861533294, 17.993346520410007], [-80.94047833121141, 17.993346520410007], [-80.94047833121141, 17.94839057723432], [-81.25516993344127, 17.94839057723432], [-81.25516993344127, 17.903434634058634], [-81.92950908107667, 17.903434634058634], [-81.92950908107667, 17.858478690882944], [-82.5139363423607, 17.858478690882944], [-82.5139363423607, 17.813522747707257], [-83.9525265239829, 17.813522747707257], [-83.9525265239829, 17.858478690882944], [-84.17730623986137, 17.858478690882944], [-84.17730623986137, 17.903434634058634], [-84.35713001256414, 17.903434634058634], [-84.35713001256414, 17.94839057723432], [-84.71677755796969, 17.94839057723432], [-84.71677755796969, 17.993346520410007], [-85.4360726487808, 17.993346520410007], [-85.4360726487808, 18.038302463585694], [-85.66085236465926, 18.038302463585694], [-85.66085236465926, 18.083258406761384], [-85.93058802371343, 18.12821434993707], [-85.93058802371343, 18.173170293112758], [-86.06545585324051, 18.173170293112758], [-86.06545585324051, 18.218126236288448], [-86.20032368276759, 18.218126236288448], [-86.20032368276759, 18.263082179464135], [-86.38014745547036, 18.263082179464135], [-86.38014745547036, 18.30803812263982], [-86.51501528499745, 18.30803812263982], [-86.51501528499745, 18.352994065815512], [-86.78475094405161, 18.3979500089912], [-86.78475094405161, 18.442905952166885], [-86.874662830403, 18.442905952166885], [-86.874662830403, 18.487861895342576], [-86.96457471675438, 18.487861895342576], [-86.96457471675438, 18.532817838518262], [-87.05448660310577, 18.532817838518262], [-87.05448660310577, 18.57777378169395], [-87.14439848945716, 18.57777378169395], [-87.14439848945716, 18.622729724869636], [-87.32422226215994, 18.667685668045326], [-87.32422226215994, 18.712641611221013], [-87.36917820533563, 18.712641611221013], [-87.36917820533563, 18.7575975543967], [-87.45909009168702, 18.7575975543967], [-87.45909009168702, 18.80255349757239], [-87.5490019780384, 18.847509440748077], [-87.5490019780384, 18.937421327099454], [-87.63891386438979, 18.98237727027514], [-87.63891386438979, 19.072289156626518], [-87.68386980756549, 19.072289156626518], [-87.68386980756549, 19.16220104297789], [-87.72882575074118, 19.16220104297789], [-87.72882575074118, 19.297068872504955], [-87.77378169391687, 19.297068872504955], [-87.77378169391687, 19.386980758856332], [-87.86369358026826, 19.43193670203202], [-87.86369358026826, 19.521848588383396], [-87.90864952344396, 19.521848588383396], [-87.90864952344396, 19.566804531559082], [-87.99856140979534, 19.566804531559082], [-87.99856140979534, 19.61176047473477], [-88.04351735297104, 19.61176047473477], [-88.04351735297104, 19.65671641791046], [-88.13342923932242, 19.65671641791046], [-88.13342923932242, 19.701672361086146], [-88.2682970688495, 19.701672361086146], [-88.2682970688495, 19.746628304261833], [-88.3582089552009, 19.746628304261833], [-88.3582089552009, 19.791584247437523], [-88.49307678472798, 19.791584247437523], [-88.49307678472798, 19.83654019061321], [-88.58298867107936, 19.83654019061321], [-88.58298867107936, 19.881496133788897], [-88.67290055743075, 19.881496133788897], [-88.67290055743075, 19.926452076964587], [-88.76281244378214, 19.926452076964587], [-88.76281244378214, 19.971408020140274], [-88.85272433013353, 19.971408020140274], [-88.85272433013353, 20.01636396331596], [-89.0325481028363, 20.061319906491647], [-89.0325481028363, 20.106275849667337], [-89.12245998918769, 20.106275849667337], [-89.12245998918769, 20.151231792843024], [-89.30228376189046, 20.19618773601871], [-89.34723970506616, 20.286099622370088], [-89.52706347776893, 20.331055565545775], [-89.52706347776893, 20.376011508721465], [-89.70688725047171, 20.420967451897152], [-89.70688725047171, 20.46592339507284], [-89.7967991368231, 20.46592339507284], [-89.7967991368231, 20.51087933824853], [-89.93166696635018, 20.51087933824853], [-89.93166696635018, 20.555835281424216], [-90.02157885270157, 20.555835281424216], [-90.02157885270157, 20.600791224599902], [-90.15644668222865, 20.600791224599902], [-90.15644668222865, 20.645747167775593], [-90.42618234128281, 20.69070311095128], [-90.42618234128281, 20.735659054126966], [-90.5160942276342, 20.735659054126966], [-90.5160942276342, 20.780614997302656], [-90.60600611398559, 20.780614997302656], [-90.60600611398559, 20.825570940478343], [-90.69591800033697, 20.825570940478343], [-90.69591800033697, 20.87052688365403], [-90.87574177303975, 20.915482826829717], [-90.87574177303975, 20.960438770005407], [-91.05556554574252, 21.005394713181094], [-91.10052148891822, 21.09530659953247], [-91.280345261621, 21.140262542708157], [-91.280345261621, 21.185218485883844], [-91.32530120479669, 21.185218485883844], [-91.32530120479669, 21.230174429059534], [-91.41521309114808, 21.230174429059534], [-91.50512497749946, 21.365042258586598], [-91.59503686385085, 21.365042258586598], [-91.68494875020224, 21.49991008811366], [-91.77486063655363, 21.49991008811366], [-91.77486063655363, 21.54486603128935], [-91.81981657972932, 21.54486603128935], [-91.81981657972932, 21.589821974465035], [-91.90972846608071, 21.589821974465035], [-91.9996403524321, 21.7246898039921], [-92.08955223878348, 21.7246898039921], [-92.17946412513487, 21.859557633519163], [-92.26937601148626, 21.859557633519163], [-92.35928789783765, 21.994425463046227], [-92.44919978418903, 21.994425463046227], [-92.49415572736473, 22.084337349397604], [-92.58406761371612, 22.084337349397604], [-92.6739795000675, 22.219205178924668], [-92.76389138641889, 22.219205178924668], [-92.76389138641889, 22.264161122100354], [-92.80884732959458, 22.264161122100354], [-92.80884732959458, 22.30911706527604], [-92.89875921594597, 22.30911706527604], [-92.98867110229736, 22.443984894803105], [-93.07858298864875, 22.443984894803105], [-93.16849487500014, 22.57885272433017], [-93.25840676135152, 22.57885272433017], [-93.34831864770291, 22.713720553857232], [-93.4382305340543, 22.713720553857232], [-93.52814242040569, 22.848588383384296], [-93.61805430675707, 22.848588383384296], [-93.70796619310846, 22.98345621291136], [-93.79787807945985, 22.98345621291136], [-93.88778996581124, 23.118324042438424], [-93.97770185216262, 23.118324042438424], [-94.06761373851401, 23.253191871965488], [-94.1575256248654, 23.253191871965488], [-94.1575256248654, 23.298147815141174], [-94.2024815680411, 23.298147815141174], [-94.29239345439248, 23.433015644668238], [-94.38230534074387, 23.433015644668238], [-94.38230534074387, 23.477971587843925], [-94.42726128391956, 23.477971587843925], [-94.42726128391956, 23.522927531019615], [-94.47221722709526, 23.522927531019615], [-94.56212911344664, 23.65779536054668], [-94.65204099979803, 23.65779536054668], [-94.65204099979803, 23.702751303722366], [-94.78690882932511, 23.79266319007374], [-94.78690882932511, 23.83761913324943], [-94.8768207156765, 23.83761913324943], [-94.96673260202789, 23.972486962776493], [-95.05664448837928, 23.972486962776493], [-95.14655637473066, 24.107354792303557], [-95.23646826108205, 24.107354792303557], [-95.23646826108205, 24.152310735479244], [-95.28142420425775, 24.152310735479244], [-95.37133609060913, 24.287178565006307], [-95.46124797696052, 24.287178565006307], [-95.46124797696052, 24.332134508181994], [-95.50620392013622, 24.332134508181994], [-95.5961158064876, 24.467002337709058], [-95.68602769283899, 24.467002337709058], [-95.68602769283899, 24.511958280884745], [-95.73098363601468, 24.511958280884745], [-95.73098363601468, 24.556914224060435], [-95.77593957919038, 24.556914224060435], [-95.77593957919038, 24.60187016723612], [-95.82089552236607, 24.60187016723612], [-95.82089552236607, 24.64682611041181], [-95.86585146554177, 24.64682611041181], [-95.86585146554177, 24.6917820535875], [-95.91080740871746, 24.6917820535875], [-95.91080740871746, 24.736737996763186], [-95.95576335189315, 24.736737996763186], [-95.95576335189315, 24.781693939938872], [-96.00071929506885, 24.781693939938872], [-96.00071929506885, 24.826649883114563], [-96.04567523824454, 24.826649883114563], [-96.04567523824454, 24.87160582629025], [-96.09063118142024, 24.87160582629025], [-96.09063118142024, 24.916561769465936], [-96.13558712459593, 24.916561769465936], [-96.13558712459593, 24.961517712641626], [-96.18054306777162, 24.961517712641626], [-96.18054306777162, 25.006473655817313], [-96.22549901094732, 25.006473655817313], [-96.22549901094732, 25.051429598993], [-96.27045495412301, 25.051429598993], [-96.27045495412301, 25.09638554216869], [-96.3154108972987, 25.09638554216869], [-96.3154108972987, 25.141341485344377], [-96.45027872682579, 25.23125337169575], [-96.45027872682579, 25.321165258047127], [-96.58514655635287, 25.411077144398504], [-96.58514655635287, 25.500989030749878], [-96.63010249952856, 25.500989030749878], [-96.63010249952856, 25.545944973925568], [-96.67505844270426, 25.545944973925568], [-96.67505844270426, 25.590900917101255], [-96.72001438587995, 25.590900917101255], [-96.72001438587995, 25.63585686027694], [-96.76497032905564, 25.63585686027694], [-96.76497032905564, 25.680812803452632], [-96.80992627223134, 25.680812803452632], [-96.80992627223134, 25.72576874662832], [-96.94479410175842, 25.815680632979692], [-96.94479410175842, 25.90559251933107], [-96.98975004493411, 25.90559251933107], [-96.98975004493411, 25.950548462506756], [-97.1246178744612, 26.040460348858133], [-97.1246178744612, 26.13037223520951], [-97.16957381763689, 26.13037223520951], [-97.16957381763689, 26.175328178385197], [-97.25948570398828, 26.220284121560884], [-97.25948570398828, 26.31019600791226], [-97.39435353351536, 26.400107894263638], [-97.39435353351536, 26.49001978061501], [-97.43930947669105, 26.49001978061501], [-97.43930947669105, 26.579931666966388], [-97.48426541986674, 26.579931666966388], [-97.52922136304244, 26.75975543966914], [-97.61913324939383, 26.804711382844825], [-97.61913324939383, 26.894623269196202], [-97.66408919256952, 26.894623269196202], [-97.66408919256952, 26.98453515554758], [-97.70904513574521, 26.98453515554758], [-97.70904513574521, 27.074447041898953], [-97.75400107892091, 27.074447041898953], [-97.75400107892091, 27.209314871426017], [-97.7989570220966, 27.209314871426017], [-97.7989570220966, 27.299226757777394], [-97.8439129652723, 27.299226757777394], [-97.8439129652723, 27.389138644128767], [-97.88886890844799, 27.389138644128767], [-97.93382485162368, 27.658874303182895], [-97.97878079479938, 27.658874303182895], [-97.97878079479938, 27.748786189534272], [-98.02373673797507, 27.748786189534272], [-98.02373673797507, 27.83869807588565], [-98.06869268115076, 27.83869807588565], [-98.06869268115076, 27.973565905412713], [-98.11364862432646, 27.973565905412713], [-98.11364862432646, 28.063477791764086], [-98.15860456750215, 28.063477791764086], [-98.15860456750215, 28.153389678115463], [-98.20356051067785, 28.153389678115463], [-98.20356051067785, 28.243301564466837], [-98.24851645385354, 28.243301564466837], [-98.24851645385354, 28.333213450818214], [-98.29347239702923, 28.333213450818214], [-98.29347239702923, 28.42312533716959], [-98.33842834020493, 28.42312533716959], [-98.33842834020493, 28.557993166696654], [-98.38338428338062, 28.557993166696654], [-98.38338428338062, 28.692860996223715], [-98.42834022655632, 28.692860996223715], [-98.42834022655632, 28.82772882575078], [-98.47329616973201, 28.82772882575078], [-98.47329616973201, 29.007552598453533], [-98.5182521129077, 29.007552598453533], [-98.5182521129077, 29.142420427980596], [-98.5632080560834, 29.142420427980596], [-98.60816399925909, 29.502067973386097], [-98.65311994243478, 29.502067973386097], [-98.65311994243478, 29.726847689264538], [-98.69807588561048, 29.726847689264538], [-98.69807588561048, 30.08649523467004], [-98.74303182878617, 30.08649523467004]], [[-96.72001438587995, 29.951627405142975], [-96.67505844270426, 29.951627405142975], [-96.67505844270426, 29.502067973386097], [-96.63010249952856, 29.502067973386097], [-96.63010249952856, 29.23233231433197], [-96.58514655635287, 29.23233231433197], [-96.58514655635287, 28.962596655277842], [-96.54019061317717, 28.962596655277842], [-96.54019061317717, 27.748786189534272], [-96.49523467000148, 27.748786189534272], [-96.45027872682579, 27.479050530480144], [-96.40532278365009, 27.479050530480144], [-96.40532278365009, 27.389138644128767], [-96.3603668404744, 27.389138644128767], [-96.3603668404744, 27.299226757777394], [-96.3154108972987, 27.299226757777394], [-96.3154108972987, 27.209314871426017], [-96.27045495412301, 27.209314871426017], [-96.22549901094732, 27.029491098723266], [-96.13558712459593, 26.98453515554758], [-96.09063118142024, 26.804711382844825], [-95.95576335189315, 26.714799496493452], [-95.95576335189315, 26.624887610142075], [-95.86585146554177, 26.579931666966388], [-95.86585146554177, 26.49001978061501], [-95.77593957919038, 26.445063837439324], [-95.77593957919038, 26.355151951087947], [-95.6410717496633, 26.265240064736574], [-95.6410717496633, 26.175328178385197], [-95.55115986331191, 26.13037223520951], [-95.55115986331191, 26.040460348858133], [-95.50620392013622, 26.040460348858133], [-95.50620392013622, 25.995504405682446], [-95.37133609060913, 25.90559251933107], [-95.37133609060913, 25.815680632979692], [-95.32638014743344, 25.815680632979692], [-95.32638014743344, 25.770724689804005], [-95.19151231790636, 25.680812803452632], [-95.19151231790636, 25.590900917101255], [-95.14655637473066, 25.590900917101255], [-95.14655637473066, 25.545944973925568], [-95.01168854520358, 25.45603308757419], [-95.01168854520358, 25.366121201222814], [-94.96673260202789, 25.366121201222814], [-94.96673260202789, 25.321165258047127], [-94.9217766588522, 25.321165258047127], [-94.9217766588522, 25.27620931487144], [-94.8768207156765, 25.27620931487144], [-94.8768207156765, 25.23125337169575], [-94.83186477250081, 25.23125337169575], [-94.83186477250081, 25.186297428520064], [-94.78690882932511, 25.186297428520064], [-94.78690882932511, 25.141341485344377], [-94.74195288614942, 25.141341485344377], [-94.74195288614942, 25.09638554216869], [-94.69699694297373, 25.09638554216869], [-94.69699694297373, 25.051429598993], [-94.56212911344664, 24.961517712641626], [-94.56212911344664, 24.916561769465936], [-94.47221722709526, 24.916561769465936], [-94.47221722709526, 24.87160582629025], [-94.42726128391956, 24.87160582629025], [-94.42726128391956, 24.826649883114563], [-94.38230534074387, 24.826649883114563], [-94.29239345439248, 24.6917820535875], [-94.2024815680411, 24.6917820535875], [-94.2024815680411, 24.64682611041181], [-94.1575256248654, 24.64682611041181], [-94.1575256248654, 24.60187016723612], [-94.1125696816897, 24.60187016723612], [-94.1125696816897, 24.556914224060435], [-94.06761373851401, 24.556914224060435], [-94.06761373851401, 24.511958280884745], [-94.02265779533832, 24.511958280884745], [-94.02265779533832, 24.467002337709058], [-93.97770185216262, 24.467002337709058], [-93.88778996581124, 24.332134508181994], [-93.79787807945985, 24.332134508181994], [-93.79787807945985, 24.287178565006307], [-93.75292213628416, 24.287178565006307], [-93.75292213628416, 24.24222262183062], [-93.70796619310846, 24.24222262183062], [-93.70796619310846, 24.19726667865493], [-93.66301024993277, 24.19726667865493], [-93.57309836358138, 24.062398849127867], [-93.48318647722999, 24.062398849127867], [-93.48318647722999, 24.01744290595218], [-93.4382305340543, 24.01744290595218], [-93.34831864770291, 23.882575076425116], [-93.25840676135152, 23.882575076425116], [-93.16849487500014, 23.747707246898052], [-93.07858298864875, 23.747707246898052], [-93.07858298864875, 23.702751303722366], [-93.03362704547305, 23.702751303722366], [-92.98867110229736, 23.61283941737099], [-92.89875921594597, 23.61283941737099], [-92.80884732959458, 23.477971587843925], [-92.7189354432432, 23.477971587843925], [-92.7189354432432, 23.433015644668238], [-92.6739795000675, 23.433015644668238], [-92.6739795000675, 23.38805970149255], [-92.58406761371612, 23.38805970149255], [-92.53911167054042, 23.298147815141174], [-92.44919978418903, 23.298147815141174], [-92.40424384101334, 23.208235928789797], [-92.31433195466195, 23.208235928789797], [-92.31433195466195, 23.16327998561411], [-92.26937601148626, 23.16327998561411], [-92.26937601148626, 23.118324042438424], [-92.17946412513487, 23.118324042438424], [-92.13450818195918, 23.028412156087047], [-92.04459629560779, 23.028412156087047], [-91.9546844092564, 22.893544326559983], [-91.86477252290501, 22.893544326559983], [-91.86477252290501, 22.848588383384296], [-91.81981657972932, 22.848588383384296], [-91.81981657972932, 22.80363244020861], [-91.72990469337793, 22.80363244020861], [-91.68494875020224, 22.713720553857232], [-91.59503686385085, 22.713720553857232], [-91.55008092067516, 22.623808667505855], [-91.46016903432377, 22.623808667505855], [-91.46016903432377, 22.57885272433017], [-91.41521309114808, 22.57885272433017], [-91.41521309114808, 22.533896781154482], [-91.32530120479669, 22.533896781154482], [-91.280345261621, 22.443984894803105], [-91.1904333752696, 22.443984894803105], [-91.10052148891822, 22.30911706527604], [-91.01060960256683, 22.30911706527604], [-90.96565365939114, 22.219205178924668], [-90.87574177303975, 22.219205178924668], [-90.83078582986406, 22.12929329257329], [-90.74087394351267, 22.12929329257329], [-90.69591800033697, 22.039381406221914], [-90.60600611398559, 22.039381406221914], [-90.60600611398559, 21.994425463046227], [-90.56105017080989, 21.994425463046227], [-90.56105017080989, 21.94946951987054], [-90.4711382844585, 21.94946951987054], [-90.42618234128281, 21.859557633519163], [-90.24635856858004, 21.814601690343476], [-90.24635856858004, 21.769645747167786], [-90.15644668222865, 21.769645747167786], [-90.11149073905295, 21.679733860816413], [-90.02157885270157, 21.679733860816413], [-90.02157885270157, 21.634777917640722], [-89.93166696635018, 21.634777917640722], [-89.93166696635018, 21.589821974465035], [-89.7967991368231, 21.589821974465035], [-89.7967991368231, 21.54486603128935], [-89.70688725047171, 21.54486603128935], [-89.70688725047171, 21.49991008811366], [-89.57201942094463, 21.49991008811366], [-89.57201942094463, 21.45495414493797], [-89.43715159141755, 21.45495414493797], [-89.43715159141755, 21.409998201762285], [-89.25732781871477, 21.409998201762285], [-89.25732781871477, 21.365042258586598], [-89.077504046012, 21.365042258586598], [-89.077504046012, 21.320086315410908], [-88.85272433013353, 21.320086315410908], [-88.85272433013353, 21.27513037223522], [-88.44812084155228, 21.27513037223522], [-88.44812084155228, 21.320086315410908], [-88.2682970688495, 21.320086315410908], [-88.2682970688495, 21.365042258586598], [-88.17838518249812, 21.365042258586598], [-88.17838518249812, 21.409998201762285], [-88.08847329614673, 21.409998201762285], [-88.08847329614673, 21.45495414493797], [-87.95360546661965, 21.45495414493797], [-87.95360546661965, 21.49991008811366], [-87.41413414851132, 21.49991008811366], [-87.41413414851132, 21.45495414493797], [-87.23431037580855, 21.45495414493797], [-87.23431037580855, 21.409998201762285], [-87.09944254628147, 21.409998201762285], [-87.09944254628147, 21.365042258586598], [-86.96457471675438, 21.27513037223522], [-86.96457471675438, 21.185218485883844], [-86.91961877357869, 21.185218485883844], [-86.91961877357869, 21.05035065635678], [-86.874662830403, 21.05035065635678], [-86.874662830403, 20.600791224599902], [-86.8297068872273, 20.600791224599902], [-86.78475094405161, 20.420967451897152], [-86.73979500087592, 20.420967451897152], [-86.69483905770022, 20.331055565545775], [-86.60492717134883, 20.331055565545775], [-86.60492717134883, 20.286099622370088], [-86.47005934182175, 20.286099622370088], [-86.47005934182175, 20.2411436791944], [-86.20032368276759, 20.2411436791944], [-86.20032368276759, 20.19618773601871], [-85.12138104655094, 20.19618773601871], [-85.12138104655094, 20.151231792843024], [-84.53695378526692, 20.151231792843024], [-84.53695378526692, 20.106275849667337], [-84.04243841033428, 20.106275849667337], [-84.04243841033428, 20.061319906491647], [-83.81765869445582, 20.061319906491647], [-83.81765869445582, 20.01636396331596], [-83.68279086492873, 20.01636396331596], [-83.68279086492873, 19.971408020140274], [-83.41305520587457, 19.926452076964587], [-83.41305520587457, 19.881496133788897], [-83.32314331952318, 19.881496133788897], [-83.32314331952318, 19.83654019061321], [-83.1882754899961, 19.83654019061321], [-83.1882754899961, 19.791584247437523], [-83.09836360364471, 19.791584247437523], [-83.09836360364471, 19.746628304261833], [-82.91853983094194, 19.701672361086146], [-82.91853983094194, 19.65671641791046], [-82.82862794459055, 19.65671641791046], [-82.82862794459055, 19.61176047473477], [-82.64880417188778, 19.566804531559082], [-82.64880417188778, 19.521848588383396], [-82.55889228553639, 19.521848588383396], [-82.55889228553639, 19.476892645207705], [-82.468980399185, 19.476892645207705], [-82.468980399185, 19.43193670203202], [-82.28915662648222, 19.386980758856332], [-82.28915662648222, 19.342024815680645], [-82.19924474013084, 19.342024815680645], [-82.19924474013084, 19.297068872504955], [-82.10933285377945, 19.297068872504955], [-82.10933285377945, 19.252112929329268], [-82.01942096742806, 19.252112929329268], [-82.01942096742806, 19.20715698615358], [-81.7496853083739, 19.16220104297789], [-81.7496853083739, 19.117245099802204], [-81.43499370614404, 19.117245099802204], [-81.43499370614404, 19.072289156626518], [-81.21021399026557, 19.072289156626518], [-81.21021399026557, 19.117245099802204], [-80.89552238803572, 19.117245099802204], [-80.89552238803572, 19.16220104297789], [-80.76065455850863, 19.16220104297789], [-80.76065455850863, 19.20715698615358], [-80.67074267215725, 19.20715698615358], [-80.62578672898155, 19.297068872504955], [-80.53587484263016, 19.297068872504955], [-80.53587484263016, 19.342024815680645], [-80.49091889945447, 19.342024815680645], [-80.49091889945447, 19.386980758856332], [-80.44596295627878, 19.386980758856332], [-80.44596295627878, 19.43193670203202], [-80.40100701310308, 19.43193670203202], [-80.40100701310308, 19.476892645207705], [-80.266139183576, 19.566804531559082], [-80.266139183576, 19.65671641791046], [-80.22118324040031, 19.65671641791046], [-80.22118324040031, 19.746628304261833], [-80.17622729722461, 19.746628304261833], [-80.17622729722461, 19.83654019061321], [-80.13127135404892, 19.83654019061321], [-80.13127135404892, 19.926452076964587], [-80.08631541087323, 19.926452076964587], [-80.08631541087323, 20.061319906491647], [-80.04135946769753, 20.061319906491647], [-80.04135946769753, 20.2411436791944], [-79.99640352452184, 20.2411436791944], [-79.99640352452184, 20.51087933824853], [-79.95144758134614, 20.51087933824853], [-79.95144758134614, 20.69070311095128], [-79.99640352452184, 20.69070311095128], [-79.99640352452184, 21.05035065635678], [-80.04135946769753, 21.05035065635678], [-80.08631541087323, 21.409998201762285], [-80.13127135404892, 21.409998201762285], [-80.13127135404892, 21.49991008811366], [-80.17622729722461, 21.49991008811366], [-80.17622729722461, 21.589821974465035], [-80.22118324040031, 21.589821974465035], [-80.266139183576, 21.769645747167786], [-80.40100701310308, 21.859557633519163], [-80.40100701310308, 21.94946951987054], [-80.53587484263016, 22.039381406221914], [-80.53587484263016, 22.12929329257329], [-80.67074267215725, 22.219205178924668], [-80.67074267215725, 22.30911706527604], [-80.80561050168433, 22.399028951627418], [-80.80561050168433, 22.48894083797879], [-80.89552238803572, 22.533896781154482], [-80.89552238803572, 22.623808667505855], [-80.9854342743871, 22.668764610681546], [-80.9854342743871, 22.75867649703292], [-81.0303902175628, 22.75867649703292], [-81.0303902175628, 22.848588383384296], [-81.07534616073849, 22.848588383384296], [-81.07534616073849, 23.073368099262733], [-81.0303902175628, 23.073368099262733], [-81.0303902175628, 23.16327998561411], [-80.9854342743871, 23.16327998561411], [-80.9854342743871, 23.208235928789797], [-80.94047833121141, 23.208235928789797], [-80.94047833121141, 23.253191871965488], [-80.89552238803572, 23.253191871965488], [-80.89552238803572, 23.298147815141174], [-80.85056644486002, 23.298147815141174], [-80.85056644486002, 23.34310375831686], [-80.80561050168433, 23.34310375831686], [-80.80561050168433, 23.38805970149255], [-80.76065455850863, 23.38805970149255], [-80.76065455850863, 23.433015644668238], [-80.71569861533294, 23.433015644668238], [-80.71569861533294, 23.477971587843925], [-80.58083078580586, 23.567883474195302], [-80.58083078580586, 23.65779536054668], [-80.53587484263016, 23.65779536054668], [-80.53587484263016, 23.747707246898052], [-80.49091889945447, 23.747707246898052], [-80.49091889945447, 24.42204639453337], [-80.53587484263016, 24.42204639453337], [-80.53587484263016, 24.64682611041181], [-80.58083078580586, 24.64682611041181], [-80.58083078580586, 24.781693939938872], [-80.62578672898155, 24.781693939938872], [-80.62578672898155, 24.87160582629025], [-80.67074267215725, 24.87160582629025], [-80.67074267215725, 24.916561769465936], [-80.80561050168433, 25.006473655817313], [-80.80561050168433, 25.09638554216869], [-80.85056644486002, 25.09638554216869], [-80.85056644486002, 25.141341485344377], [-80.89552238803572, 25.141341485344377], [-80.89552238803572, 25.186297428520064], [-80.94047833121141, 25.186297428520064], [-80.94047833121141, 25.23125337169575], [-81.07534616073849, 25.321165258047127], [-81.12030210391418, 25.500989030749878], [-81.21021399026557, 25.545944973925568], [-81.21021399026557, 25.63585686027694], [-81.25516993344127, 25.63585686027694], [-81.25516993344127, 25.680812803452632], [-81.30012587661696, 25.680812803452632], [-81.30012587661696, 25.770724689804005], [-81.39003776296835, 25.815680632979692], [-81.39003776296835, 25.90559251933107], [-81.43499370614404, 25.90559251933107], [-81.43499370614404, 25.995504405682446], [-81.47994964931974, 25.995504405682446], [-81.47994964931974, 26.08541629203382], [-81.52490559249543, 26.08541629203382], [-81.52490559249543, 26.175328178385197], [-81.56986153567112, 26.175328178385197], [-81.56986153567112, 26.31019600791226], [-81.61481747884682, 26.31019600791226], [-81.61481747884682, 26.445063837439324], [-81.65977342202251, 26.445063837439324], [-81.65977342202251, 26.579931666966388], [-81.7047293651982, 26.579931666966388], [-81.7047293651982, 26.66984355331776], [-81.83959719472529, 26.75975543966914], [-81.83959719472529, 26.849667326020516], [-81.88455313790098, 26.849667326020516], [-81.88455313790098, 26.894623269196202], [-82.01942096742806, 26.98453515554758], [-82.01942096742806, 27.074447041898953], [-82.06437691060376, 27.074447041898953], [-82.06437691060376, 27.119402985074643], [-82.10933285377945, 27.119402985074643], [-82.10933285377945, 27.16435892825033], [-82.15428879695514, 27.16435892825033], [-82.15428879695514, 27.209314871426017], [-82.19924474013084, 27.209314871426017], [-82.19924474013084, 27.254270814601703], [-82.24420068330653, 27.254270814601703], [-82.24420068330653, 27.299226757777394], [-82.28915662648222, 27.299226757777394], [-82.28915662648222, 27.34418270095308], [-82.4240244560093, 27.434094587304457], [-82.4240244560093, 27.52400647365583], [-82.5139363423607, 27.56896241683152], [-82.5139363423607, 27.658874303182895], [-82.55889228553639, 27.658874303182895], [-82.55889228553639, 27.748786189534272], [-82.60384822871208, 27.748786189534272], [-82.60384822871208, 27.883654019061336], [-82.64880417188778, 27.883654019061336], [-82.64880417188778, 27.973565905412713], [-82.69376011506347, 27.973565905412713], [-82.69376011506347, 28.108433734939773], [-82.73871605823916, 28.108433734939773], [-82.73871605823916, 28.19834562129115], [-82.82862794459055, 28.243301564466837], [-82.82862794459055, 28.333213450818214], [-82.91853983094194, 28.3781693939939], [-82.91853983094194, 28.468081280345277], [-83.00845171729333, 28.513037223520964], [-83.00845171729333, 28.60294910987234], [-83.14331954682041, 28.692860996223715], [-83.14331954682041, 28.78277288257509], [-83.1882754899961, 28.78277288257509], [-83.1882754899961, 28.82772882575078], [-83.32314331952318, 28.917640712102155], [-83.32314331952318, 29.007552598453533], [-83.45801114905026, 29.097464484804906], [-83.45801114905026, 29.187376371156283], [-83.54792303540165, 29.23233231433197], [-83.54792303540165, 29.322244200683347], [-83.63783492175304, 29.367200143859034], [-83.63783492175304, 29.45711203021041], [-83.77270275128012, 29.547023916561784], [-83.77270275128012, 29.63693580291316], [-83.81765869445582, 29.63693580291316], [-83.81765869445582, 29.681891746088848], [-83.86261463763151, 29.681891746088848], [-83.86261463763151, 29.726847689264538], [-83.9075705808072, 29.726847689264538], [-83.9075705808072, 29.771803632440225], [-83.9525265239829, 29.771803632440225], [-83.9525265239829, 29.81675957561591], [-83.99748246715859, 29.81675957561591], [-83.99748246715859, 29.861715518791602], [-84.04243841033428, 29.861715518791602], [-84.04243841033428, 29.90667146196729], [-84.08739435350998, 29.90667146196729], [-84.08739435350998, 29.951627405142975], [-84.13235029668567, 29.951627405142975], [-84.13235029668567, 29.996583348318666], [-84.17730623986137, 29.996583348318666], [-84.17730623986137, 30.041539291494352], [-84.31217406938845, 30.131451177845726], [-84.31217406938845, 30.176407121021416], [-84.40208595573984, 30.176407121021416], [-84.40208595573984, 30.221363064197103], [-84.44704189891553, 30.221363064197103], [-84.44704189891553, 30.31127495054848], [-84.53695378526692, 30.356230893724167], [-84.53695378526692, 30.446142780075544], [-84.58190972844261, 30.446142780075544], [-84.58190972844261, 30.536054666426917], [-84.6268656716183, 30.536054666426917], [-84.6268656716183, 30.625966552778294], [-84.671821614794, 30.625966552778294], [-84.671821614794, 30.71587843912967], [-84.71677755796969, 30.71587843912967], [-84.71677755796969, 30.805790325481045], [-84.76173350114539, 30.805790325481045], [-84.76173350114539, 30.94065815500811], [-84.80668944432108, 30.94065815500811], [-84.80668944432108, 31.030570041359486], [-84.85164538749677, 31.030570041359486], [-84.85164538749677, 31.12048192771086], [-84.89660133067247, 31.12048192771086], [-84.89660133067247, 31.210393814062236], [-84.94155727384816, 31.210393814062236], [-84.94155727384816, 31.3452616435893], [-84.98651321702386, 31.3452616435893], [-84.98651321702386, 31.435173529940677], [-85.03146916019955, 31.435173529940677], [-85.03146916019955, 31.52508541629205], [-85.07642510337524, 31.52508541629205], [-85.07642510337524, 31.659953245819114], [-85.12138104655094, 31.659953245819114], [-85.12138104655094, 31.794821075346178], [-85.16633698972663, 31.794821075346178], [-85.16633698972663, 31.92968890487324], [-85.21129293290232, 31.92968890487324], [-85.21129293290232, 32.10951267757599], [-85.25624887607802, 32.10951267757599], [-85.25624887607802, 32.289336450278746], [-85.30120481925371, 32.289336450278746], [-85.30120481925371, 32.42420427980581], [-85.3461607624294, 32.42420427980581], [-85.3911167056051, 32.693939938859934], [-85.4360726487808, 32.693939938859934], [-85.4360726487808, 32.783851825211315], [-85.48102859195649, 32.783851825211315], [-85.48102859195649, 32.918719654738375], [-85.52598453513218, 32.918719654738375], [-85.52598453513218, 33.00863154108975], [-85.57094047830788, 33.00863154108975], [-85.57094047830788, 33.09854342744113], [-85.61589642148357, 33.09854342744113], [-85.61589642148357, 33.1884553137925], [-85.66085236465926, 33.1884553137925], [-85.66085236465926, 33.278367200143876], [-85.70580830783496, 33.278367200143876], [-85.70580830783496, 33.36827908649525], [-85.75076425101065, 33.36827908649525], [-85.75076425101065, 33.45819097284663], [-85.84067613736204, 33.50314691602232], [-85.84067613736204, 33.59305880237369], [-85.88563208053773, 33.59305880237369], [-85.88563208053773, 33.68297068872507], [-85.93058802371343, 33.68297068872507], [-85.93058802371343, 33.772882575076444], [-85.97554396688912, 33.772882575076444], [-85.97554396688912, 33.86279446142782], [-86.02049991006481, 33.86279446142782], [-86.02049991006481, 33.9527063477792], [-86.06545585324051, 33.9527063477792], [-86.06545585324051, 34.04261823413057], [-86.1553677395919, 34.08757417730626], [-86.20032368276759, 34.26739795000901], [-86.29023556911898, 34.3123538931847], [-86.29023556911898, 34.40226577953607], [-86.33519151229467, 34.40226577953607], [-86.33519151229467, 34.492177665887446], [-86.47005934182175, 34.58208955223883], [-86.47005934182175, 34.6720014385902], [-86.51501528499745, 34.6720014385902], [-86.51501528499745, 34.71695738176589], [-86.55997122817314, 34.71695738176589], [-86.55997122817314, 34.761913324941574], [-86.60492717134883, 34.761913324941574], [-86.60492717134883, 34.80686926811727], [-86.64988311452453, 34.80686926811727], [-86.64988311452453, 34.851825211292955], [-86.69483905770022, 34.851825211292955], [-86.69483905770022, 34.89678115446864], [-86.73979500087592, 34.89678115446864], [-86.73979500087592, 34.94173709764433], [-86.78475094405161, 34.94173709764433], [-86.78475094405161, 34.986693040820015], [-86.8297068872273, 34.986693040820015], [-86.8297068872273, 35.0316489839957], [-86.874662830403, 35.0316489839957], [-86.874662830403, 35.07660492717139], [-86.91961877357869, 35.07660492717139], [-86.91961877357869, 35.12156087034708], [-86.96457471675438, 35.12156087034708], [-87.05448660310577, 35.25642869987414], [-87.14439848945716, 35.25642869987414], [-87.23431037580855, 35.39129652940121], [-87.32422226215994, 35.39129652940121], [-87.32422226215994, 35.436252472576896], [-87.41413414851132, 35.436252472576896], [-87.41413414851132, 35.48120841575258], [-87.50404603486271, 35.48120841575258], [-87.50404603486271, 35.52616435892827], [-87.5939579212141, 35.52616435892827], [-87.5939579212141, 35.57112030210396], [-87.72882575074118, 35.57112030210396], [-87.72882575074118, 35.61607624527964], [-88.13342923932242, 35.66103218845533], [-88.13342923932242, 35.705988131631024], [-88.40316489837659, 35.705988131631024], [-88.40316489837659, 35.75094407480671], [-88.71785650060644, 35.75094407480671], [-88.71785650060644, 35.7959000179824], [-89.21237187553908, 35.7959000179824], [-89.21237187553908, 35.840855961158084], [-89.66193130729602, 35.840855961158084], [-89.66193130729602, 35.7959000179824], [-90.38122639810712, 35.7959000179824], [-90.38122639810712, 35.75094407480671], [-91.14547743209391, 35.705988131631024], [-91.14547743209391, 35.66103218845533], [-91.77486063655363, 35.61607624527964], [-91.77486063655363, 35.57112030210396], [-91.9996403524321, 35.57112030210396], [-91.9996403524321, 35.52616435892827], [-92.35928789783765, 35.48120841575258], [-92.35928789783765, 35.436252472576896], [-92.49415572736473, 35.436252472576896], [-92.49415572736473, 35.39129652940121], [-92.6739795000675, 35.39129652940121], [-92.6739795000675, 35.346340586225516], [-92.80884732959458, 35.346340586225516], [-92.80884732959458, 35.30138464304983], [-92.94371515912167, 35.30138464304983], [-92.94371515912167, 35.25642869987414], [-93.21345081817583, 35.211472756698456], [-93.21345081817583, 35.16651681352277], [-93.30336270452722, 35.16651681352277], [-93.30336270452722, 35.12156087034708], [-93.4382305340543, 35.12156087034708], [-93.4382305340543, 35.07660492717139], [-93.52814242040569, 35.07660492717139], [-93.52814242040569, 35.0316489839957], [-93.66301024993277, 35.0316489839957], [-93.66301024993277, 34.986693040820015], [-93.75292213628416, 34.986693040820015], [-93.75292213628416, 34.94173709764433], [-93.88778996581124, 34.94173709764433], [-93.88778996581124, 34.89678115446864], [-93.97770185216262, 34.89678115446864], [-93.97770185216262, 34.851825211292955], [-94.06761373851401, 34.851825211292955], [-94.06761373851401, 34.80686926811727], [-94.1575256248654, 34.80686926811727], [-94.1575256248654, 34.761913324941574], [-94.33734939756818, 34.71695738176589], [-94.38230534074387, 34.627045495414514], [-94.56212911344664, 34.58208955223883], [-94.56212911344664, 34.53713360906314], [-94.60708505662234, 34.53713360906314], [-94.60708505662234, 34.492177665887446], [-94.69699694297373, 34.492177665887446], [-94.78690882932511, 34.357309836360386], [-94.8768207156765, 34.357309836360386], [-94.8768207156765, 34.3123538931847], [-94.9217766588522, 34.3123538931847], [-94.9217766588522, 34.26739795000901], [-94.96673260202789, 34.26739795000901], [-94.96673260202789, 34.22244200683332], [-95.01168854520358, 34.22244200683332], [-95.01168854520358, 34.17748606365763], [-95.05664448837928, 34.17748606365763], [-95.05664448837928, 34.132530120481945], [-95.10160043155497, 34.132530120481945], [-95.10160043155497, 34.08757417730626], [-95.14655637473066, 34.08757417730626], [-95.14655637473066, 34.04261823413057], [-95.19151231790636, 34.04261823413057], [-95.19151231790636, 33.997662290954885], [-95.23646826108205, 33.997662290954885], [-95.23646826108205, 33.9527063477792], [-95.28142420425775, 33.9527063477792], [-95.28142420425775, 33.907750404603505], [-95.32638014743344, 33.907750404603505], [-95.32638014743344, 33.86279446142782], [-95.37133609060913, 33.86279446142782], [-95.37133609060913, 33.81783851825213], [-95.41629203378483, 33.81783851825213], [-95.41629203378483, 33.772882575076444], [-95.46124797696052, 33.772882575076444], [-95.46124797696052, 33.72792663190076], [-95.50620392013622, 33.72792663190076], [-95.50620392013622, 33.68297068872507], [-95.55115986331191, 33.68297068872507], [-95.55115986331191, 33.63801474554938], [-95.5961158064876, 33.63801474554938], [-95.5961158064876, 33.59305880237369], [-95.6410717496633, 33.59305880237369], [-95.6410717496633, 33.548102859198], [-95.77593957919038, 33.45819097284663], [-95.77593957919038, 33.36827908649525], [-95.86585146554177, 33.32332314331956], [-95.91080740871746, 33.143499370616816], [-96.00071929506885, 33.09854342744113], [-96.00071929506885, 33.00863154108975], [-96.04567523824454, 33.00863154108975], [-96.04567523824454, 32.918719654738375], [-96.09063118142024, 32.918719654738375], [-96.09063118142024, 32.828807768386994], [-96.13558712459593, 32.828807768386994], [-96.13558712459593, 32.73889588203562], [-96.18054306777162, 32.73889588203562], [-96.18054306777162, 32.64898399568425], [-96.22549901094732, 32.64898399568425], [-96.22549901094732, 32.51411616615718], [-96.27045495412301, 32.51411616615718], [-96.27045495412301, 32.42420427980581], [-96.3154108972987, 32.42420427980581], [-96.3154108972987, 32.33429239345443], [-96.3603668404744, 32.33429239345443], [-96.3603668404744, 32.199424563927366], [-96.40532278365009, 32.199424563927366], [-96.40532278365009, 32.064556734400306], [-96.45027872682579, 32.064556734400306], [-96.45027872682579, 31.92968890487324], [-96.49523467000148, 31.92968890487324], [-96.49523467000148, 31.794821075346178], [-96.54019061317717, 31.794821075346178], [-96.58514655635287, 31.435173529940677], [-96.63010249952856, 31.435173529940677], [-96.63010249952856, 31.16543787088655], [-96.67505844270426, 31.16543787088655], [-96.67505844270426, 30.805790325481045], [-96.72001438587995, 30.805790325481045], [-96.72001438587995, 29.951627405142975]]]]}}, {"type": "Feature", "properties": {"shapefile": "2021082712_wsp34knt120hr_5km", "PERCENTAGE": "5-10%"}, "geometry": {"type": "MultiPolygon", "coordinates": [[[[-96.72001438587995, 29.951627405142975], [-96.72001438587995, 30.805790325481045], [-96.67505844270426, 30.805790325481045], [-96.67505844270426, 31.16543787088655], [-96.63010249952856, 31.16543787088655], [-96.63010249952856, 31.435173529940677], [-96.58514655635287, 31.435173529940677], [-96.54019061317717, 31.794821075346178], [-96.49523467000148, 31.794821075346178], [-96.49523467000148, 31.92968890487324], [-96.45027872682579, 31.92968890487324], [-96.45027872682579, 32.064556734400306], [-96.40532278365009, 32.064556734400306], [-96.3603668404744, 32.33429239345443], [-96.3154108972987, 32.33429239345443], [-96.3154108972987, 32.42420427980581], [-96.27045495412301, 32.42420427980581], [-96.27045495412301, 32.51411616615718], [-96.22549901094732, 32.51411616615718], [-96.22549901094732, 32.64898399568425], [-96.18054306777162, 32.64898399568425], [-96.18054306777162, 32.73889588203562], [-96.13558712459593, 32.73889588203562], [-96.13558712459593, 32.828807768386994], [-96.09063118142024, 32.828807768386994], [-96.09063118142024, 32.918719654738375], [-96.04567523824454, 32.918719654738375], [-96.00071929506885, 33.09854342744113], [-95.91080740871746, 33.143499370616816], [-95.86585146554177, 33.32332314331956], [-95.77593957919038, 33.36827908649525], [-95.77593957919038, 33.45819097284663], [-95.73098363601468, 33.45819097284663], [-95.73098363601468, 33.50314691602232], [-95.68602769283899, 33.50314691602232], [-95.68602769283899, 33.548102859198], [-95.6410717496633, 33.548102859198], [-95.6410717496633, 33.59305880237369], [-95.5961158064876, 33.59305880237369], [-95.5961158064876, 33.63801474554938], [-95.55115986331191, 33.63801474554938], [-95.55115986331191, 33.68297068872507], [-95.50620392013622, 33.68297068872507], [-95.50620392013622, 33.72792663190076], [-95.46124797696052, 33.72792663190076], [-95.46124797696052, 33.772882575076444], [-95.41629203378483, 33.772882575076444], [-95.41629203378483, 33.81783851825213], [-95.37133609060913, 33.81783851825213], [-95.37133609060913, 33.86279446142782], [-95.32638014743344, 33.86279446142782], [-95.32638014743344, 33.907750404603505], [-95.28142420425775, 33.907750404603505], [-95.28142420425775, 33.9527063477792], [-95.23646826108205, 33.9527063477792], [-95.23646826108205, 33.997662290954885], [-95.19151231790636, 33.997662290954885], [-95.19151231790636, 34.04261823413057], [-95.14655637473066, 34.04261823413057], [-95.14655637473066, 34.08757417730626], [-95.10160043155497, 34.08757417730626], [-95.10160043155497, 34.132530120481945], [-95.05664448837928, 34.132530120481945], [-95.05664448837928, 34.17748606365763], [-95.01168854520358, 34.17748606365763], [-95.01168854520358, 34.22244200683332], [-94.96673260202789, 34.22244200683332], [-94.8768207156765, 34.357309836360386], [-94.78690882932511, 34.357309836360386], [-94.69699694297373, 34.492177665887446], [-94.60708505662234, 34.492177665887446], [-94.56212911344664, 34.58208955223883], [-94.38230534074387, 34.627045495414514], [-94.33734939756818, 34.71695738176589], [-94.24743751121679, 34.71695738176589], [-94.24743751121679, 34.761913324941574], [-94.1575256248654, 34.761913324941574], [-94.1575256248654, 34.80686926811727], [-94.06761373851401, 34.80686926811727], [-94.06761373851401, 34.851825211292955], [-93.97770185216262, 34.851825211292955], [-93.97770185216262, 34.89678115446864], [-93.88778996581124, 34.89678115446864], [-93.88778996581124, 34.94173709764433], [-93.75292213628416, 34.94173709764433], [-93.75292213628416, 34.986693040820015], [-93.66301024993277, 34.986693040820015], [-93.66301024993277, 35.0316489839957], [-93.52814242040569, 35.0316489839957], [-93.52814242040569, 35.07660492717139], [-93.4382305340543, 35.07660492717139], [-93.4382305340543, 35.12156087034708], [-93.30336270452722, 35.12156087034708], [-93.30336270452722, 35.16651681352277], [-93.21345081817583, 35.16651681352277], [-93.21345081817583, 35.211472756698456], [-93.07858298864875, 35.211472756698456], [-93.07858298864875, 35.25642869987414], [-92.80884732959458, 35.30138464304983], [-92.80884732959458, 35.346340586225516], [-92.6739795000675, 35.346340586225516], [-92.6739795000675, 35.39129652940121], [-92.49415572736473, 35.39129652940121], [-92.49415572736473, 35.436252472576896], [-92.35928789783765, 35.436252472576896], [-92.35928789783765, 35.48120841575258], [-92.17946412513487, 35.48120841575258], [-92.17946412513487, 35.52616435892827], [-91.9996403524321, 35.52616435892827], [-91.9996403524321, 35.57112030210396], [-91.77486063655363, 35.57112030210396], [-91.77486063655363, 35.61607624527964], [-91.14547743209391, 35.66103218845533], [-91.14547743209391, 35.705988131631024], [-90.38122639810712, 35.75094407480671], [-90.38122639810712, 35.7959000179824], [-89.66193130729602, 35.7959000179824], [-89.66193130729602, 35.840855961158084], [-88.71785650060644, 35.7959000179824], [-88.71785650060644, 35.75094407480671], [-88.40316489837659, 35.75094407480671], [-88.40316489837659, 35.705988131631024], [-88.13342923932242, 35.705988131631024], [-88.13342923932242, 35.66103218845533], [-87.72882575074118, 35.61607624527964], [-87.72882575074118, 35.57112030210396], [-87.5939579212141, 35.57112030210396], [-87.5939579212141, 35.52616435892827], [-87.50404603486271, 35.52616435892827], [-87.50404603486271, 35.48120841575258], [-87.41413414851132, 35.48120841575258], [-87.41413414851132, 35.436252472576896], [-87.23431037580855, 35.39129652940121], [-87.14439848945716, 35.25642869987414], [-87.05448660310577, 35.25642869987414], [-87.05448660310577, 35.211472756698456], [-87.00953065993008, 35.211472756698456], [-87.00953065993008, 35.16651681352277], [-86.96457471675438, 35.16651681352277], [-86.96457471675438, 35.12156087034708], [-86.91961877357869, 35.12156087034708], [-86.91961877357869, 35.07660492717139], [-86.874662830403, 35.07660492717139], [-86.874662830403, 35.0316489839957], [-86.8297068872273, 35.0316489839957], [-86.8297068872273, 34.986693040820015], [-86.78475094405161, 34.986693040820015], [-86.78475094405161, 34.94173709764433], [-86.73979500087592, 34.94173709764433], [-86.73979500087592, 34.89678115446864], [-86.69483905770022, 34.89678115446864], [-86.69483905770022, 34.851825211292955], [-86.64988311452453, 34.851825211292955], [-86.64988311452453, 34.80686926811727], [-86.60492717134883, 34.80686926811727], [-86.60492717134883, 34.761913324941574], [-86.47005934182175, 34.6720014385902], [-86.47005934182175, 34.58208955223883], [-86.33519151229467, 34.492177665887446], [-86.29023556911898, 34.3123538931847], [-86.20032368276759, 34.26739795000901], [-86.1553677395919, 34.08757417730626], [-86.06545585324051, 34.04261823413057], [-86.06545585324051, 33.9527063477792], [-86.02049991006481, 33.9527063477792], [-86.02049991006481, 33.86279446142782], [-85.97554396688912, 33.86279446142782], [-85.97554396688912, 33.772882575076444], [-85.93058802371343, 33.772882575076444], [-85.93058802371343, 33.68297068872507], [-85.88563208053773, 33.68297068872507], [-85.88563208053773, 33.59305880237369], [-85.84067613736204, 33.59305880237369], [-85.84067613736204, 33.50314691602232], [-85.75076425101065, 33.45819097284663], [-85.75076425101065, 33.36827908649525], [-85.70580830783496, 33.36827908649525], [-85.70580830783496, 33.278367200143876], [-85.66085236465926, 33.278367200143876], [-85.66085236465926, 33.1884553137925], [-85.61589642148357, 33.1884553137925], [-85.61589642148357, 33.09854342744113], [-85.57094047830788, 33.09854342744113], [-85.57094047830788, 33.00863154108975], [-85.52598453513218, 33.00863154108975], [-85.52598453513218, 32.918719654738375], [-85.48102859195649, 32.918719654738375], [-85.48102859195649, 32.783851825211315], [-85.4360726487808, 32.783851825211315], [-85.4360726487808, 32.693939938859934], [-85.3911167056051, 32.693939938859934], [-85.3911167056051, 32.559072109332874], [-85.3461607624294, 32.559072109332874], [-85.3461607624294, 32.42420427980581], [-85.30120481925371, 32.42420427980581], [-85.30120481925371, 32.289336450278746], [-85.25624887607802, 32.289336450278746], [-85.25624887607802, 32.10951267757599], [-85.21129293290232, 32.10951267757599], [-85.21129293290232, 31.92968890487324], [-85.16633698972663, 31.92968890487324], [-85.16633698972663, 31.794821075346178], [-85.12138104655094, 31.794821075346178], [-85.07642510337524, 31.52508541629205], [-85.03146916019955, 31.52508541629205], [-85.03146916019955, 31.435173529940677], [-84.98651321702386, 31.435173529940677], [-84.98651321702386, 31.3452616435893], [-84.94155727384816, 31.3452616435893], [-84.94155727384816, 31.210393814062236], [-84.89660133067247, 31.210393814062236], [-84.89660133067247, 31.12048192771086], [-84.85164538749677, 31.12048192771086], [-84.85164538749677, 31.030570041359486], [-84.80668944432108, 31.030570041359486], [-84.80668944432108, 30.94065815500811], [-84.76173350114539, 30.94065815500811], [-84.76173350114539, 30.805790325481045], [-84.71677755796969, 30.805790325481045], [-84.71677755796969, 30.71587843912967], [-84.671821614794, 30.71587843912967], [-84.671821614794, 30.625966552778294], [-84.6268656716183, 30.625966552778294], [-84.6268656716183, 30.536054666426917], [-84.58190972844261, 30.536054666426917], [-84.53695378526692, 30.356230893724167], [-84.44704189891553, 30.31127495054848], [-84.44704189891553, 30.221363064197103], [-84.40208595573984, 30.221363064197103], [-84.40208595573984, 30.176407121021416], [-84.31217406938845, 30.176407121021416], [-84.31217406938845, 30.131451177845726], [-84.26721812621275, 30.131451177845726], [-84.26721812621275, 30.08649523467004], [-84.22226218303706, 30.08649523467004], [-84.22226218303706, 30.041539291494352], [-84.17730623986137, 30.041539291494352], [-84.17730623986137, 29.996583348318666], [-84.13235029668567, 29.996583348318666], [-84.13235029668567, 29.951627405142975], [-84.08739435350998, 29.951627405142975], [-84.08739435350998, 29.90667146196729], [-84.04243841033428, 29.90667146196729], [-84.04243841033428, 29.861715518791602], [-83.99748246715859, 29.861715518791602], [-83.99748246715859, 29.81675957561591], [-83.9525265239829, 29.81675957561591], [-83.9525265239829, 29.771803632440225], [-83.9075705808072, 29.771803632440225], [-83.9075705808072, 29.726847689264538], [-83.77270275128012, 29.63693580291316], [-83.77270275128012, 29.547023916561784], [-83.63783492175304, 29.45711203021041], [-83.63783492175304, 29.367200143859034], [-83.54792303540165, 29.322244200683347], [-83.54792303540165, 29.23233231433197], [-83.45801114905026, 29.187376371156283], [-83.45801114905026, 29.097464484804906], [-83.32314331952318, 29.007552598453533], [-83.32314331952318, 28.917640712102155], [-83.27818737634749, 28.917640712102155], [-83.27818737634749, 28.87268476892647], [-83.14331954682041, 28.78277288257509], [-83.14331954682041, 28.692860996223715], [-83.00845171729333, 28.60294910987234], [-83.00845171729333, 28.513037223520964], [-82.91853983094194, 28.468081280345277], [-82.91853983094194, 28.3781693939939], [-82.82862794459055, 28.333213450818214], [-82.82862794459055, 28.243301564466837], [-82.78367200141486, 28.243301564466837], [-82.78367200141486, 28.19834562129115], [-82.73871605823916, 28.19834562129115], [-82.73871605823916, 28.108433734939773], [-82.69376011506347, 28.108433734939773], [-82.69376011506347, 27.973565905412713], [-82.64880417188778, 27.973565905412713], [-82.64880417188778, 27.883654019061336], [-82.60384822871208, 27.883654019061336], [-82.60384822871208, 27.748786189534272], [-82.55889228553639, 27.748786189534272], [-82.5139363423607, 27.56896241683152], [-82.468980399185, 27.56896241683152], [-82.468980399185, 27.52400647365583], [-82.4240244560093, 27.52400647365583], [-82.4240244560093, 27.434094587304457], [-82.37906851283361, 27.434094587304457], [-82.37906851283361, 27.389138644128767], [-82.33411256965792, 27.389138644128767], [-82.33411256965792, 27.34418270095308], [-82.28915662648222, 27.34418270095308], [-82.28915662648222, 27.299226757777394], [-82.24420068330653, 27.299226757777394], [-82.24420068330653, 27.254270814601703], [-82.19924474013084, 27.254270814601703], [-82.19924474013084, 27.209314871426017], [-82.15428879695514, 27.209314871426017], [-82.15428879695514, 27.16435892825033], [-82.01942096742806, 27.074447041898953], [-82.01942096742806, 26.98453515554758], [-81.97446502425237, 26.98453515554758], [-81.97446502425237, 26.93957921237189], [-81.83959719472529, 26.849667326020516], [-81.83959719472529, 26.75975543966914], [-81.7047293651982, 26.66984355331776], [-81.7047293651982, 26.579931666966388], [-81.65977342202251, 26.579931666966388], [-81.65977342202251, 26.445063837439324], [-81.61481747884682, 26.445063837439324], [-81.61481747884682, 26.31019600791226], [-81.56986153567112, 26.31019600791226], [-81.56986153567112, 26.175328178385197], [-81.52490559249543, 26.175328178385197], [-81.52490559249543, 26.08541629203382], [-81.47994964931974, 26.08541629203382], [-81.47994964931974, 25.995504405682446], [-81.43499370614404, 25.995504405682446], [-81.43499370614404, 25.90559251933107], [-81.39003776296835, 25.90559251933107], [-81.39003776296835, 25.815680632979692], [-81.30012587661696, 25.770724689804005], [-81.30012587661696, 25.680812803452632], [-81.25516993344127, 25.680812803452632], [-81.25516993344127, 25.63585686027694], [-81.21021399026557, 25.63585686027694], [-81.21021399026557, 25.545944973925568], [-81.12030210391418, 25.500989030749878], [-81.07534616073849, 25.321165258047127], [-81.0303902175628, 25.321165258047127], [-81.0303902175628, 25.27620931487144], [-80.9854342743871, 25.27620931487144], [-80.9854342743871, 25.23125337169575], [-80.94047833121141, 25.23125337169575], [-80.94047833121141, 25.186297428520064], [-80.80561050168433, 25.09638554216869], [-80.80561050168433, 25.006473655817313], [-80.76065455850863, 25.006473655817313], [-80.76065455850863, 24.961517712641626], [-80.62578672898155, 24.87160582629025], [-80.62578672898155, 24.781693939938872], [-80.58083078580586, 24.781693939938872], [-80.58083078580586, 24.64682611041181], [-80.53587484263016, 24.64682611041181], [-80.53587484263016, 24.42204639453337], [-80.49091889945447, 24.42204639453337], [-80.49091889945447, 23.747707246898052], [-80.53587484263016, 23.747707246898052], [-80.58083078580586, 23.567883474195302], [-80.62578672898155, 23.567883474195302], [-80.62578672898155, 23.522927531019615], [-80.67074267215725, 23.522927531019615], [-80.67074267215725, 23.477971587843925], [-80.71569861533294, 23.477971587843925], [-80.71569861533294, 23.433015644668238], [-80.76065455850863, 23.433015644668238], [-80.76065455850863, 23.38805970149255], [-80.80561050168433, 23.38805970149255], [-80.80561050168433, 23.34310375831686], [-80.85056644486002, 23.34310375831686], [-80.85056644486002, 23.298147815141174], [-80.89552238803572, 23.298147815141174], [-80.89552238803572, 23.253191871965488], [-81.0303902175628, 23.16327998561411], [-81.0303902175628, 23.073368099262733], [-81.07534616073849, 23.073368099262733], [-81.07534616073849, 22.848588383384296], [-81.0303902175628, 22.848588383384296], [-80.9854342743871, 22.668764610681546], [-80.89552238803572, 22.623808667505855], [-80.89552238803572, 22.533896781154482], [-80.80561050168433, 22.48894083797879], [-80.80561050168433, 22.399028951627418], [-80.67074267215725, 22.30911706527604], [-80.67074267215725, 22.219205178924668], [-80.53587484263016, 22.12929329257329], [-80.53587484263016, 22.039381406221914], [-80.49091889945447, 22.039381406221914], [-80.49091889945447, 21.994425463046227], [-80.40100701310308, 21.94946951987054], [-80.40100701310308, 21.859557633519163], [-80.266139183576, 21.769645747167786], [-80.266139183576, 21.679733860816413], [-80.22118324040031, 21.679733860816413], [-80.22118324040031, 21.589821974465035], [-80.17622729722461, 21.589821974465035], [-80.17622729722461, 21.49991008811366], [-80.13127135404892, 21.49991008811366], [-80.13127135404892, 21.409998201762285], [-80.08631541087323, 21.409998201762285], [-80.08631541087323, 21.230174429059534], [-80.04135946769753, 21.230174429059534], [-80.04135946769753, 21.05035065635678], [-79.99640352452184, 21.05035065635678], [-79.99640352452184, 20.69070311095128], [-79.95144758134614, 20.69070311095128], [-79.95144758134614, 20.51087933824853], [-79.99640352452184, 20.51087933824853], [-79.99640352452184, 20.2411436791944], [-80.04135946769753, 20.2411436791944], [-80.04135946769753, 20.061319906491647], [-80.08631541087323, 20.061319906491647], [-80.08631541087323, 19.926452076964587], [-80.13127135404892, 19.926452076964587], [-80.13127135404892, 19.83654019061321], [-80.17622729722461, 19.83654019061321], [-80.17622729722461, 19.746628304261833], [-80.22118324040031, 19.746628304261833], [-80.266139183576, 19.566804531559082], [-80.3110951267517, 19.566804531559082], [-80.3110951267517, 19.521848588383396], [-80.35605106992739, 19.521848588383396], [-80.35605106992739, 19.476892645207705], [-80.40100701310308, 19.476892645207705], [-80.40100701310308, 19.43193670203202], [-80.53587484263016, 19.342024815680645], [-80.53587484263016, 19.297068872504955], [-80.62578672898155, 19.297068872504955], [-80.67074267215725, 19.20715698615358], [-80.76065455850863, 19.20715698615358], [-80.76065455850863, 19.16220104297789], [-80.89552238803572, 19.16220104297789], [-80.89552238803572, 19.117245099802204], [-81.21021399026557, 19.117245099802204], [-81.21021399026557, 19.072289156626518], [-81.43499370614404, 19.072289156626518], [-81.43499370614404, 19.117245099802204], [-81.7496853083739, 19.117245099802204], [-81.7496853083739, 19.16220104297789], [-81.88455313790098, 19.16220104297789], [-81.88455313790098, 19.20715698615358], [-82.01942096742806, 19.20715698615358], [-82.01942096742806, 19.252112929329268], [-82.19924474013084, 19.297068872504955], [-82.19924474013084, 19.342024815680645], [-82.37906851283361, 19.386980758856332], [-82.37906851283361, 19.43193670203202], [-82.55889228553639, 19.476892645207705], [-82.55889228553639, 19.521848588383396], [-82.73871605823916, 19.566804531559082], [-82.73871605823916, 19.61176047473477], [-82.82862794459055, 19.61176047473477], [-82.82862794459055, 19.65671641791046], [-82.91853983094194, 19.65671641791046], [-82.91853983094194, 19.701672361086146], [-83.09836360364471, 19.746628304261833], [-83.09836360364471, 19.791584247437523], [-83.1882754899961, 19.791584247437523], [-83.1882754899961, 19.83654019061321], [-83.32314331952318, 19.83654019061321], [-83.32314331952318, 19.881496133788897], [-83.41305520587457, 19.881496133788897], [-83.41305520587457, 19.926452076964587], [-83.54792303540165, 19.926452076964587], [-83.54792303540165, 19.971408020140274], [-83.68279086492873, 19.971408020140274], [-83.68279086492873, 20.01636396331596], [-83.81765869445582, 20.01636396331596], [-83.81765869445582, 20.061319906491647], [-84.04243841033428, 20.061319906491647], [-84.04243841033428, 20.106275849667337], [-84.53695378526692, 20.106275849667337], [-84.53695378526692, 20.151231792843024], [-85.12138104655094, 20.151231792843024], [-85.12138104655094, 20.19618773601871], [-86.20032368276759, 20.19618773601871], [-86.20032368276759, 20.2411436791944], [-86.47005934182175, 20.2411436791944], [-86.47005934182175, 20.286099622370088], [-86.60492717134883, 20.286099622370088], [-86.60492717134883, 20.331055565545775], [-86.69483905770022, 20.331055565545775], [-86.69483905770022, 20.376011508721465], [-86.78475094405161, 20.420967451897152], [-86.78475094405161, 20.51087933824853], [-86.8297068872273, 20.51087933824853], [-86.8297068872273, 20.600791224599902], [-86.874662830403, 20.600791224599902], [-86.874662830403, 21.05035065635678], [-86.91961877357869, 21.05035065635678], [-86.91961877357869, 21.185218485883844], [-86.96457471675438, 21.185218485883844], [-86.96457471675438, 21.27513037223522], [-87.00953065993008, 21.27513037223522], [-87.09944254628147, 21.409998201762285], [-87.23431037580855, 21.409998201762285], [-87.23431037580855, 21.45495414493797], [-87.41413414851132, 21.45495414493797], [-87.41413414851132, 21.49991008811366], [-87.95360546661965, 21.49991008811366], [-87.95360546661965, 21.45495414493797], [-88.08847329614673, 21.45495414493797], [-88.08847329614673, 21.409998201762285], [-88.2682970688495, 21.365042258586598], [-88.2682970688495, 21.320086315410908], [-88.44812084155228, 21.320086315410908], [-88.44812084155228, 21.27513037223522], [-88.85272433013353, 21.27513037223522], [-88.85272433013353, 21.320086315410908], [-89.077504046012, 21.320086315410908], [-89.077504046012, 21.365042258586598], [-89.25732781871477, 21.365042258586598], [-89.25732781871477, 21.409998201762285], [-89.43715159141755, 21.409998201762285], [-89.43715159141755, 21.45495414493797], [-89.70688725047171, 21.49991008811366], [-89.70688725047171, 21.54486603128935], [-89.7967991368231, 21.54486603128935], [-89.7967991368231, 21.589821974465035], [-89.93166696635018, 21.589821974465035], [-89.93166696635018, 21.634777917640722], [-90.11149073905295, 21.679733860816413], [-90.15644668222865, 21.769645747167786], [-90.24635856858004, 21.769645747167786], [-90.24635856858004, 21.814601690343476], [-90.42618234128281, 21.859557633519163], [-90.4711382844585, 21.94946951987054], [-90.56105017080989, 21.94946951987054], [-90.56105017080989, 21.994425463046227], [-90.60600611398559, 21.994425463046227], [-90.60600611398559, 22.039381406221914], [-90.69591800033697, 22.039381406221914], [-90.74087394351267, 22.12929329257329], [-90.83078582986406, 22.12929329257329], [-90.87574177303975, 22.219205178924668], [-90.96565365939114, 22.219205178924668], [-91.01060960256683, 22.30911706527604], [-91.10052148891822, 22.30911706527604], [-91.1904333752696, 22.443984894803105], [-91.280345261621, 22.443984894803105], [-91.32530120479669, 22.533896781154482], [-91.41521309114808, 22.533896781154482], [-91.41521309114808, 22.57885272433017], [-91.46016903432377, 22.57885272433017], [-91.46016903432377, 22.623808667505855], [-91.55008092067516, 22.623808667505855], [-91.59503686385085, 22.713720553857232], [-91.68494875020224, 22.713720553857232], [-91.72990469337793, 22.80363244020861], [-91.81981657972932, 22.80363244020861], [-91.86477252290501, 22.893544326559983], [-91.9546844092564, 22.893544326559983], [-92.04459629560779, 23.028412156087047], [-92.13450818195918, 23.028412156087047], [-92.17946412513487, 23.118324042438424], [-92.26937601148626, 23.118324042438424], [-92.26937601148626, 23.16327998561411], [-92.31433195466195, 23.16327998561411], [-92.31433195466195, 23.208235928789797], [-92.40424384101334, 23.208235928789797], [-92.44919978418903, 23.298147815141174], [-92.53911167054042, 23.298147815141174], [-92.58406761371612, 23.38805970149255], [-92.6739795000675, 23.38805970149255], [-92.7189354432432, 23.477971587843925], [-92.80884732959458, 23.477971587843925], [-92.89875921594597, 23.61283941737099], [-92.98867110229736, 23.61283941737099], [-93.07858298864875, 23.747707246898052], [-93.16849487500014, 23.747707246898052], [-93.25840676135152, 23.882575076425116], [-93.34831864770291, 23.882575076425116], [-93.34831864770291, 23.927531019600803], [-93.3932745908786, 23.927531019600803], [-93.48318647722999, 24.062398849127867], [-93.57309836358138, 24.062398849127867], [-93.57309836358138, 24.107354792303557], [-93.61805430675707, 24.107354792303557], [-93.61805430675707, 24.152310735479244], [-93.66301024993277, 24.152310735479244], [-93.66301024993277, 24.19726667865493], [-93.70796619310846, 24.19726667865493], [-93.79787807945985, 24.332134508181994], [-93.88778996581124, 24.332134508181994], [-93.88778996581124, 24.37709045135768], [-93.93274590898693, 24.37709045135768], [-93.93274590898693, 24.42204639453337], [-93.97770185216262, 24.42204639453337], [-93.97770185216262, 24.467002337709058], [-94.02265779533832, 24.467002337709058], [-94.02265779533832, 24.511958280884745], [-94.06761373851401, 24.511958280884745], [-94.06761373851401, 24.556914224060435], [-94.2024815680411, 24.64682611041181], [-94.2024815680411, 24.6917820535875], [-94.29239345439248, 24.6917820535875], [-94.29239345439248, 24.736737996763186], [-94.33734939756818, 24.736737996763186], [-94.33734939756818, 24.781693939938872], [-94.38230534074387, 24.781693939938872], [-94.47221722709526, 24.916561769465936], [-94.56212911344664, 24.916561769465936], [-94.56212911344664, 24.961517712641626], [-94.60708505662234, 24.961517712641626], [-94.60708505662234, 25.006473655817313], [-94.65204099979803, 25.006473655817313], [-94.65204099979803, 25.051429598993], [-94.69699694297373, 25.051429598993], [-94.69699694297373, 25.09638554216869], [-94.74195288614942, 25.09638554216869], [-94.74195288614942, 25.141341485344377], [-94.78690882932511, 25.141341485344377], [-94.78690882932511, 25.186297428520064], [-94.83186477250081, 25.186297428520064], [-94.83186477250081, 25.23125337169575], [-94.8768207156765, 25.23125337169575], [-94.8768207156765, 25.27620931487144], [-95.01168854520358, 25.366121201222814], [-95.01168854520358, 25.45603308757419], [-95.05664448837928, 25.45603308757419], [-95.05664448837928, 25.500989030749878], [-95.19151231790636, 25.590900917101255], [-95.19151231790636, 25.680812803452632], [-95.23646826108205, 25.680812803452632], [-95.23646826108205, 25.72576874662832], [-95.37133609060913, 25.815680632979692], [-95.37133609060913, 25.90559251933107], [-95.41629203378483, 25.90559251933107], [-95.41629203378483, 25.950548462506756], [-95.55115986331191, 26.040460348858133], [-95.55115986331191, 26.13037223520951], [-95.6410717496633, 26.175328178385197], [-95.6410717496633, 26.265240064736574], [-95.77593957919038, 26.355151951087947], [-95.77593957919038, 26.445063837439324], [-95.86585146554177, 26.49001978061501], [-95.86585146554177, 26.579931666966388], [-95.95576335189315, 26.624887610142075], [-95.95576335189315, 26.714799496493452], [-96.09063118142024, 26.804711382844825], [-96.13558712459593, 26.98453515554758], [-96.22549901094732, 27.029491098723266], [-96.22549901094732, 27.119402985074643], [-96.27045495412301, 27.119402985074643], [-96.27045495412301, 27.209314871426017], [-96.3154108972987, 27.209314871426017], [-96.3154108972987, 27.299226757777394], [-96.3603668404744, 27.299226757777394], [-96.3603668404744, 27.389138644128767], [-96.40532278365009, 27.389138644128767], [-96.40532278365009, 27.479050530480144], [-96.45027872682579, 27.479050530480144], [-96.49523467000148, 27.748786189534272], [-96.54019061317717, 27.748786189534272], [-96.54019061317717, 28.962596655277842], [-96.58514655635287, 28.962596655277842], [-96.58514655635287, 29.23233231433197], [-96.63010249952856, 29.23233231433197], [-96.63010249952856, 29.502067973386097], [-96.67505844270426, 29.502067973386097], [-96.67505844270426, 29.951627405142975], [-96.72001438587995, 29.951627405142975]], [[-95.95576335189315, 28.468081280345277], [-95.91080740871746, 28.468081280345277], [-95.91080740871746, 28.333213450818214], [-95.86585146554177, 28.333213450818214], [-95.86585146554177, 28.19834562129115], [-95.82089552236607, 28.19834562129115], [-95.82089552236607, 28.063477791764086], [-95.77593957919038, 28.063477791764086], [-95.73098363601468, 27.79374213270996], [-95.68602769283899, 27.79374213270996], [-95.68602769283899, 27.703830246358585], [-95.6410717496633, 27.703830246358585], [-95.6410717496633, 27.613918360007208], [-95.5961158064876, 27.613918360007208], [-95.5961158064876, 27.52400647365583], [-95.55115986331191, 27.52400647365583], [-95.50620392013622, 27.34418270095308], [-95.41629203378483, 27.299226757777394], [-95.41629203378483, 27.209314871426017], [-95.32638014743344, 27.16435892825033], [-95.32638014743344, 27.074447041898953], [-95.19151231790636, 26.98453515554758], [-95.19151231790636, 26.894623269196202], [-95.10160043155497, 26.849667326020516], [-95.10160043155497, 26.75975543966914], [-95.01168854520358, 26.714799496493452], [-95.01168854520358, 26.624887610142075], [-94.8768207156765, 26.5349757237907], [-94.8768207156765, 26.445063837439324], [-94.74195288614942, 26.355151951087947], [-94.74195288614942, 26.265240064736574], [-94.65204099979803, 26.220284121560884], [-94.65204099979803, 26.13037223520951], [-94.56212911344664, 26.08541629203382], [-94.56212911344664, 25.995504405682446], [-94.51717317027095, 25.995504405682446], [-94.51717317027095, 25.950548462506756], [-94.47221722709526, 25.950548462506756], [-94.47221722709526, 25.90559251933107], [-94.42726128391956, 25.90559251933107], [-94.42726128391956, 25.860636576155382], [-94.38230534074387, 25.860636576155382], [-94.38230534074387, 25.815680632979692], [-94.33734939756818, 25.815680632979692], [-94.33734939756818, 25.770724689804005], [-94.29239345439248, 25.770724689804005], [-94.29239345439248, 25.72576874662832], [-94.24743751121679, 25.72576874662832], [-94.24743751121679, 25.680812803452632], [-94.1125696816897, 25.590900917101255], [-94.1125696816897, 25.500989030749878], [-94.06761373851401, 25.500989030749878], [-94.02265779533832, 25.411077144398504], [-93.93274590898693, 25.411077144398504], [-93.93274590898693, 25.366121201222814], [-93.88778996581124, 25.366121201222814], [-93.88778996581124, 25.321165258047127], [-93.84283402263554, 25.321165258047127], [-93.84283402263554, 25.27620931487144], [-93.79787807945985, 25.27620931487144], [-93.79787807945985, 25.23125337169575], [-93.75292213628416, 25.23125337169575], [-93.75292213628416, 25.186297428520064], [-93.70796619310846, 25.186297428520064], [-93.70796619310846, 25.141341485344377], [-93.66301024993277, 25.141341485344377], [-93.66301024993277, 25.09638554216869], [-93.61805430675707, 25.09638554216869], [-93.61805430675707, 25.051429598993], [-93.57309836358138, 25.051429598993], [-93.57309836358138, 25.006473655817313], [-93.52814242040569, 25.006473655817313], [-93.4382305340543, 24.87160582629025], [-93.34831864770291, 24.87160582629025], [-93.30336270452722, 24.781693939938872], [-93.21345081817583, 24.781693939938872], [-93.21345081817583, 24.736737996763186], [-93.16849487500014, 24.736737996763186], [-93.16849487500014, 24.6917820535875], [-93.12353893182444, 24.6917820535875], [-93.12353893182444, 24.64682611041181], [-93.07858298864875, 24.64682611041181], [-92.98867110229736, 24.511958280884745], [-92.89875921594597, 24.511958280884745], [-92.89875921594597, 24.467002337709058], [-92.7189354432432, 24.42204639453337], [-92.6739795000675, 24.332134508181994], [-92.58406761371612, 24.332134508181994], [-92.53911167054042, 24.24222262183062], [-92.44919978418903, 24.24222262183062], [-92.44919978418903, 24.19726667865493], [-92.35928789783765, 24.19726667865493], [-92.31433195466195, 24.107354792303557], [-92.13450818195918, 24.062398849127867], [-92.08955223878348, 23.972486962776493], [-91.9996403524321, 23.972486962776493], [-91.9996403524321, 23.927531019600803], [-91.9546844092564, 23.927531019600803], [-91.9546844092564, 23.882575076425116], [-91.86477252290501, 23.882575076425116], [-91.81981657972932, 23.79266319007374], [-91.63999280702654, 23.747707246898052], [-91.59503686385085, 23.65779536054668], [-91.50512497749946, 23.65779536054668], [-91.50512497749946, 23.61283941737099], [-91.41521309114808, 23.61283941737099], [-91.41521309114808, 23.567883474195302], [-91.2353893184453, 23.522927531019615], [-91.1904333752696, 23.433015644668238], [-91.01060960256683, 23.38805970149255], [-91.01060960256683, 23.34310375831686], [-90.83078582986406, 23.298147815141174], [-90.83078582986406, 23.253191871965488], [-90.74087394351267, 23.253191871965488], [-90.74087394351267, 23.208235928789797], [-90.60600611398559, 23.208235928789797], [-90.60600611398559, 23.16327998561411], [-90.5160942276342, 23.16327998561411], [-90.5160942276342, 23.118324042438424], [-90.38122639810712, 23.118324042438424], [-90.38122639810712, 23.073368099262733], [-90.20140262540434, 23.073368099262733], [-90.20140262540434, 23.028412156087047], [-90.11149073905295, 23.028412156087047], [-90.11149073905295, 22.98345621291136], [-89.93166696635018, 22.93850026973567], [-89.93166696635018, 22.893544326559983], [-89.7967991368231, 22.80363244020861], [-89.7967991368231, 22.75867649703292], [-89.70688725047171, 22.75867649703292], [-89.70688725047171, 22.713720553857232], [-89.66193130729602, 22.713720553857232], [-89.66193130729602, 22.668764610681546], [-89.57201942094463, 22.668764610681546], [-89.52706347776893, 22.57885272433017], [-89.25732781871477, 22.533896781154482], [-89.25732781871477, 22.48894083797879], [-89.12245998918769, 22.48894083797879], [-89.12245998918769, 22.443984894803105], [-88.94263621648491, 22.443984894803105], [-88.94263621648491, 22.399028951627418], [-88.67290055743075, 22.399028951627418], [-88.67290055743075, 22.354073008451728], [-88.2682970688495, 22.30911706527604], [-88.2682970688495, 22.264161122100354], [-87.99856140979534, 22.219205178924668], [-87.99856140979534, 22.174249235748977], [-87.86369358026826, 22.174249235748977], [-87.86369358026826, 22.12929329257329], [-87.45909009168702, 22.084337349397604], [-87.45909009168702, 22.039381406221914], [-87.32422226215994, 22.039381406221914], [-87.32422226215994, 21.994425463046227], [-86.96457471675438, 21.994425463046227], [-86.96457471675438, 21.94946951987054], [-86.874662830403, 21.94946951987054], [-86.874662830403, 21.90451357669485], [-86.78475094405161, 21.90451357669485], [-86.78475094405161, 21.859557633519163], [-86.60492717134883, 21.814601690343476], [-86.60492717134883, 21.769645747167786], [-86.55997122817314, 21.769645747167786], [-86.55997122817314, 21.7246898039921], [-86.47005934182175, 21.7246898039921], [-86.47005934182175, 21.679733860816413], [-86.33519151229467, 21.679733860816413], [-86.33519151229467, 21.634777917640722], [-86.1104117964162, 21.634777917640722], [-86.1104117964162, 21.589821974465035], [-85.84067613736204, 21.589821974465035], [-85.84067613736204, 21.54486603128935], [-85.57094047830788, 21.54486603128935], [-85.57094047830788, 21.49991008811366], [-85.4360726487808, 21.49991008811366], [-85.4360726487808, 21.45495414493797], [-85.3911167056051, 21.45495414493797], [-85.3911167056051, 21.409998201762285], [-85.30120481925371, 21.409998201762285], [-85.30120481925371, 21.365042258586598], [-85.16633698972663, 21.365042258586598], [-85.16633698972663, 21.320086315410908], [-84.98651321702386, 21.320086315410908], [-84.94155727384816, 21.230174429059534], [-84.85164538749677, 21.230174429059534], [-84.85164538749677, 21.185218485883844], [-84.76173350114539, 21.185218485883844], [-84.76173350114539, 21.140262542708157], [-84.6268656716183, 21.140262542708157], [-84.6268656716183, 21.09530659953247], [-84.44704189891553, 21.09530659953247], [-84.26721812621275, 20.825570940478343], [-84.08739435350998, 20.780614997302656], [-84.08739435350998, 20.735659054126966], [-83.99748246715859, 20.735659054126966], [-83.99748246715859, 20.69070311095128], [-83.9075705808072, 20.69070311095128], [-83.9075705808072, 20.645747167775593], [-83.77270275128012, 20.645747167775593], [-83.77270275128012, 20.600791224599902], [-83.68279086492873, 20.600791224599902], [-83.68279086492873, 20.555835281424216], [-83.63783492175304, 20.555835281424216], [-83.63783492175304, 20.51087933824853], [-83.54792303540165, 20.51087933824853], [-83.45801114905026, 20.376011508721465], [-83.36809926269888, 20.376011508721465], [-83.27818737634749, 20.2411436791944], [-83.09836360364471, 20.19618773601871], [-83.09836360364471, 20.151231792843024], [-83.05340766046902, 20.151231792843024], [-83.05340766046902, 20.106275849667337], [-82.96349577411763, 20.106275849667337], [-82.87358388776624, 19.971408020140274], [-82.78367200141486, 19.971408020140274], [-82.73871605823916, 19.881496133788897], [-82.64880417188778, 19.881496133788897], [-82.64880417188778, 19.83654019061321], [-82.60384822871208, 19.83654019061321], [-82.60384822871208, 19.791584247437523], [-82.5139363423607, 19.791584247437523], [-82.468980399185, 19.701672361086146], [-82.37906851283361, 19.701672361086146], [-82.33411256965792, 19.61176047473477], [-82.24420068330653, 19.61176047473477], [-82.19924474013084, 19.521848588383396], [-82.10933285377945, 19.521848588383396], [-82.10933285377945, 19.476892645207705], [-82.01942096742806, 19.476892645207705], [-82.01942096742806, 19.43193670203202], [-81.92950908107667, 19.43193670203202], [-81.92950908107667, 19.386980758856332], [-81.83959719472529, 19.386980758856332], [-81.83959719472529, 19.342024815680645], [-81.7047293651982, 19.342024815680645], [-81.7047293651982, 19.297068872504955], [-81.47994964931974, 19.297068872504955], [-81.47994964931974, 19.252112929329268], [-81.12030210391418, 19.252112929329268], [-81.12030210391418, 19.297068872504955], [-80.94047833121141, 19.297068872504955], [-80.94047833121141, 19.342024815680645], [-80.80561050168433, 19.342024815680645], [-80.80561050168433, 19.386980758856332], [-80.71569861533294, 19.386980758856332], [-80.67074267215725, 19.476892645207705], [-80.58083078580586, 19.476892645207705], [-80.58083078580586, 19.521848588383396], [-80.44596295627878, 19.61176047473477], [-80.44596295627878, 19.701672361086146], [-80.40100701310308, 19.701672361086146], [-80.40100701310308, 19.791584247437523], [-80.35605106992739, 19.791584247437523], [-80.35605106992739, 19.881496133788897], [-80.3110951267517, 19.881496133788897], [-80.3110951267517, 19.971408020140274], [-80.266139183576, 19.971408020140274], [-80.266139183576, 20.106275849667337], [-80.22118324040031, 20.106275849667337], [-80.22118324040031, 20.286099622370088], [-80.17622729722461, 20.286099622370088], [-80.17622729722461, 20.915482826829717], [-80.22118324040031, 20.915482826829717], [-80.266139183576, 21.27513037223522], [-80.3110951267517, 21.27513037223522], [-80.3110951267517, 21.409998201762285], [-80.35605106992739, 21.409998201762285], [-80.40100701310308, 21.589821974465035], [-80.49091889945447, 21.634777917640722], [-80.49091889945447, 21.7246898039921], [-80.53587484263016, 21.7246898039921], [-80.53587484263016, 21.769645747167786], [-80.67074267215725, 21.859557633519163], [-80.67074267215725, 21.94946951987054], [-80.71569861533294, 21.94946951987054], [-80.71569861533294, 21.994425463046227], [-80.85056644486002, 22.084337349397604], [-80.85056644486002, 22.174249235748977], [-80.89552238803572, 22.174249235748977], [-80.89552238803572, 22.219205178924668], [-80.94047833121141, 22.219205178924668], [-80.94047833121141, 22.264161122100354], [-80.9854342743871, 22.264161122100354], [-80.9854342743871, 22.30911706527604], [-81.0303902175628, 22.30911706527604], [-81.0303902175628, 22.354073008451728], [-81.16525804708988, 22.443984894803105], [-81.16525804708988, 22.533896781154482], [-81.21021399026557, 22.533896781154482], [-81.21021399026557, 22.57885272433017], [-81.25516993344127, 22.57885272433017], [-81.25516993344127, 22.623808667505855], [-81.39003776296835, 22.713720553857232], [-81.39003776296835, 22.80363244020861], [-81.43499370614404, 22.80363244020861], [-81.43499370614404, 22.848588383384296], [-81.47994964931974, 22.848588383384296], [-81.47994964931974, 22.893544326559983], [-81.61481747884682, 22.98345621291136], [-81.61481747884682, 23.118324042438424], [-81.65977342202251, 23.118324042438424], [-81.65977342202251, 23.208235928789797], [-81.61481747884682, 23.208235928789797], [-81.61481747884682, 23.298147815141174], [-81.56986153567112, 23.298147815141174], [-81.56986153567112, 23.38805970149255], [-81.52490559249543, 23.38805970149255], [-81.52490559249543, 23.477971587843925], [-81.47994964931974, 23.477971587843925], [-81.47994964931974, 23.61283941737099], [-81.52490559249543, 23.61283941737099], [-81.52490559249543, 23.79266319007374], [-81.56986153567112, 23.79266319007374], [-81.56986153567112, 23.927531019600803], [-81.61481747884682, 23.927531019600803], [-81.61481747884682, 24.01744290595218], [-81.65977342202251, 24.01744290595218], [-81.65977342202251, 24.152310735479244], [-81.7047293651982, 24.152310735479244], [-81.7047293651982, 24.332134508181994], [-81.7496853083739, 24.332134508181994], [-81.7496853083739, 24.42204639453337], [-81.79464125154959, 24.42204639453337], [-81.79464125154959, 24.556914224060435], [-81.83959719472529, 24.556914224060435], [-81.83959719472529, 24.736737996763186], [-81.88455313790098, 24.736737996763186], [-81.88455313790098, 24.916561769465936], [-81.92950908107667, 24.916561769465936], [-81.92950908107667, 25.051429598993], [-81.97446502425237, 25.051429598993], [-81.97446502425237, 25.186297428520064], [-82.01942096742806, 25.186297428520064], [-82.01942096742806, 25.366121201222814], [-82.06437691060376, 25.366121201222814], [-82.06437691060376, 25.545944973925568], [-82.10933285377945, 25.545944973925568], [-82.10933285377945, 25.770724689804005], [-82.15428879695514, 25.770724689804005], [-82.15428879695514, 25.950548462506756], [-82.19924474013084, 25.950548462506756], [-82.19924474013084, 26.08541629203382], [-82.24420068330653, 26.08541629203382], [-82.24420068330653, 26.265240064736574], [-82.28915662648222, 26.265240064736574], [-82.33411256965792, 26.5349757237907], [-82.4240244560093, 26.579931666966388], [-82.4240244560093, 26.66984355331776], [-82.468980399185, 26.66984355331776], [-82.468980399185, 26.75975543966914], [-82.5139363423607, 26.75975543966914], [-82.55889228553639, 26.93957921237189], [-82.60384822871208, 26.93957921237189], [-82.60384822871208, 26.98453515554758], [-82.64880417188778, 26.98453515554758], [-82.64880417188778, 27.029491098723266], [-82.69376011506347, 27.029491098723266], [-82.69376011506347, 27.074447041898953], [-82.73871605823916, 27.074447041898953], [-82.73871605823916, 27.119402985074643], [-82.87358388776624, 27.209314871426017], [-82.87358388776624, 27.299226757777394], [-82.91853983094194, 27.299226757777394], [-82.91853983094194, 27.389138644128767], [-82.96349577411763, 27.389138644128767], [-82.96349577411763, 27.52400647365583], [-83.00845171729333, 27.52400647365583], [-83.00845171729333, 27.613918360007208], [-83.05340766046902, 27.613918360007208], [-83.05340766046902, 27.703830246358585], [-83.09836360364471, 27.703830246358585], [-83.09836360364471, 27.79374213270996], [-83.14331954682041, 27.79374213270996], [-83.14331954682041, 27.883654019061336], [-83.1882754899961, 27.883654019061336], [-83.1882754899961, 27.973565905412713], [-83.2332314331718, 27.973565905412713], [-83.2332314331718, 28.0185218485884], [-83.27818737634749, 28.0185218485884], [-83.27818737634749, 28.063477791764086], [-83.41305520587457, 28.153389678115463], [-83.41305520587457, 28.243301564466837], [-83.50296709222596, 28.288257507642527], [-83.50296709222596, 28.3781693939939], [-83.54792303540165, 28.3781693939939], [-83.54792303540165, 28.42312533716959], [-83.63783492175304, 28.468081280345277], [-83.63783492175304, 28.557993166696654], [-83.77270275128012, 28.647905053048028], [-83.77270275128012, 28.737816939399405], [-83.81765869445582, 28.737816939399405], [-83.81765869445582, 28.82772882575078], [-83.86261463763151, 28.82772882575078], [-83.86261463763151, 28.917640712102155], [-83.9075705808072, 28.917640712102155], [-83.9075705808072, 29.05250854162922], [-83.9525265239829, 29.05250854162922], [-83.9525265239829, 29.097464484804906], [-83.99748246715859, 29.097464484804906], [-83.99748246715859, 29.142420427980596], [-84.04243841033428, 29.142420427980596], [-84.04243841033428, 29.187376371156283], [-84.17730623986137, 29.27728825750766], [-84.17730623986137, 29.367200143859034], [-84.26721812621275, 29.412156087034724], [-84.26721812621275, 29.502067973386097], [-84.31217406938845, 29.502067973386097], [-84.40208595573984, 29.63693580291316], [-84.49199784209122, 29.63693580291316], [-84.53695378526692, 29.726847689264538], [-84.6268656716183, 29.726847689264538], [-84.6268656716183, 29.771803632440225], [-84.80668944432108, 29.81675957561591], [-84.80668944432108, 29.861715518791602], [-84.89660133067247, 29.861715518791602], [-84.89660133067247, 29.90667146196729], [-85.03146916019955, 29.90667146196729], [-85.03146916019955, 29.951627405142975], [-85.21129293290232, 29.996583348318666], [-85.21129293290232, 30.08649523467004], [-85.25624887607802, 30.08649523467004], [-85.25624887607802, 30.176407121021416], [-85.30120481925371, 30.176407121021416], [-85.30120481925371, 30.26631900737279], [-85.3461607624294, 30.26631900737279], [-85.3461607624294, 30.356230893724167], [-85.3911167056051, 30.356230893724167], [-85.3911167056051, 30.446142780075544], [-85.4360726487808, 30.446142780075544], [-85.4360726487808, 30.536054666426917], [-85.48102859195649, 30.536054666426917], [-85.48102859195649, 30.625966552778294], [-85.52598453513218, 30.625966552778294], [-85.52598453513218, 30.760834382305358], [-85.57094047830788, 30.760834382305358], [-85.57094047830788, 30.850746268656735], [-85.61589642148357, 30.850746268656735], [-85.61589642148357, 30.94065815500811], [-85.66085236465926, 30.94065815500811], [-85.66085236465926, 31.030570041359486], [-85.70580830783496, 31.030570041359486], [-85.70580830783496, 31.12048192771086], [-85.75076425101065, 31.12048192771086], [-85.75076425101065, 31.255349757237923], [-85.79572019418634, 31.255349757237923], [-85.84067613736204, 31.52508541629205], [-85.88563208053773, 31.52508541629205], [-85.88563208053773, 31.614997302643427], [-85.97554396688912, 31.659953245819114], [-85.97554396688912, 31.74986513217049], [-86.06545585324051, 31.794821075346178], [-86.06545585324051, 31.884732961697555], [-86.1553677395919, 31.92968890487324], [-86.1553677395919, 32.01960079122462], [-86.20032368276759, 32.01960079122462], [-86.20032368276759, 32.154468620751686], [-86.24527962594328, 32.154468620751686], [-86.24527962594328, 32.24438050710306], [-86.29023556911898, 32.24438050710306], [-86.29023556911898, 32.33429239345443], [-86.33519151229467, 32.33429239345443], [-86.33519151229467, 32.42420427980581], [-86.38014745547036, 32.42420427980581], [-86.38014745547036, 32.51411616615718], [-86.42510339864606, 32.51411616615718], [-86.42510339864606, 32.60402805250856], [-86.51501528499745, 32.64898399568425], [-86.55997122817314, 32.828807768386994], [-86.64988311452453, 32.87376371156269], [-86.64988311452453, 32.96367559791406], [-86.69483905770022, 32.96367559791406], [-86.69483905770022, 33.053587484265435], [-86.73979500087592, 33.053587484265435], [-86.73979500087592, 33.143499370616816], [-86.78475094405161, 33.143499370616816], [-86.78475094405161, 33.23341125696819], [-86.8297068872273, 33.23341125696819], [-86.8297068872273, 33.278367200143876], [-86.874662830403, 33.278367200143876], [-86.874662830403, 33.32332314331956], [-86.91961877357869, 33.32332314331956], [-86.91961877357869, 33.36827908649525], [-86.96457471675438, 33.36827908649525], [-86.96457471675438, 33.41323502967094], [-87.09944254628147, 33.50314691602232], [-87.09944254628147, 33.63801474554938], [-87.14439848945716, 33.63801474554938], [-87.14439848945716, 33.72792663190076], [-87.18935443263285, 33.72792663190076], [-87.23431037580855, 33.907750404603505], [-87.27926631898424, 33.907750404603505], [-87.27926631898424, 33.9527063477792], [-87.32422226215994, 33.9527063477792], [-87.32422226215994, 33.997662290954885], [-87.45909009168702, 34.08757417730626], [-87.45909009168702, 34.17748606365763], [-87.5490019780384, 34.22244200683332], [-87.5490019780384, 34.3123538931847], [-87.5939579212141, 34.3123538931847], [-87.5939579212141, 34.357309836360386], [-87.68386980756549, 34.357309836360386], [-87.72882575074118, 34.44722172271176], [-87.81873763709257, 34.44722172271176], [-87.81873763709257, 34.492177665887446], [-87.99856140979534, 34.53713360906314], [-87.99856140979534, 34.58208955223883], [-88.04351735297104, 34.58208955223883], [-88.04351735297104, 34.6720014385902], [-88.08847329614673, 34.6720014385902], [-88.08847329614673, 34.71695738176589], [-88.17838518249812, 34.71695738176589], [-88.2682970688495, 34.851825211292955], [-88.3582089552009, 34.851825211292955], [-88.3582089552009, 34.89678115446864], [-88.44812084155228, 34.89678115446864], [-88.44812084155228, 34.94173709764433], [-88.53803272790367, 34.94173709764433], [-88.53803272790367, 34.986693040820015], [-88.80776838695783, 35.0316489839957], [-88.80776838695783, 35.07660492717139], [-88.89768027330922, 35.07660492717139], [-88.89768027330922, 35.12156087034708], [-89.12245998918769, 35.12156087034708], [-89.12245998918769, 35.16651681352277], [-89.52706347776893, 35.16651681352277], [-89.52706347776893, 35.211472756698456], [-90.29131451175573, 35.211472756698456], [-90.29131451175573, 35.25642869987414], [-90.5160942276342, 35.25642869987414], [-90.5160942276342, 35.211472756698456], [-90.92069771621544, 35.211472756698456], [-90.92069771621544, 35.16651681352277], [-91.32530120479669, 35.12156087034708], [-91.32530120479669, 35.07660492717139], [-91.46016903432377, 35.07660492717139], [-91.46016903432377, 35.0316489839957], [-92.04459629560779, 34.986693040820015], [-92.04459629560779, 34.94173709764433], [-92.17946412513487, 34.94173709764433], [-92.17946412513487, 34.89678115446864], [-92.35928789783765, 34.89678115446864], [-92.35928789783765, 34.851825211292955], [-92.44919978418903, 34.851825211292955], [-92.44919978418903, 34.80686926811727], [-92.58406761371612, 34.80686926811727], [-92.58406761371612, 34.761913324941574], [-92.6739795000675, 34.761913324941574], [-92.6739795000675, 34.71695738176589], [-92.76389138641889, 34.71695738176589], [-92.76389138641889, 34.6720014385902], [-92.85380327277028, 34.6720014385902], [-92.85380327277028, 34.627045495414514], [-92.94371515912167, 34.627045495414514], [-92.94371515912167, 34.58208955223883], [-93.12353893182444, 34.53713360906314], [-93.12353893182444, 34.492177665887446], [-93.21345081817583, 34.492177665887446], [-93.21345081817583, 34.44722172271176], [-93.3932745908786, 34.40226577953607], [-93.4382305340543, 34.3123538931847], [-93.52814242040569, 34.3123538931847], [-93.52814242040569, 34.26739795000901], [-93.70796619310846, 34.22244200683332], [-93.70796619310846, 34.17748606365763], [-93.75292213628416, 34.17748606365763], [-93.75292213628416, 34.132530120481945], [-93.79787807945985, 34.132530120481945], [-93.79787807945985, 34.08757417730626], [-93.84283402263554, 34.08757417730626], [-93.84283402263554, 34.04261823413057], [-93.97770185216262, 33.9527063477792], [-93.97770185216262, 33.907750404603505], [-94.06761373851401, 33.907750404603505], [-94.06761373851401, 33.86279446142782], [-94.24743751121679, 33.81783851825213], [-94.33734939756818, 33.68297068872507], [-94.42726128391956, 33.68297068872507], [-94.42726128391956, 33.63801474554938], [-94.47221722709526, 33.63801474554938], [-94.47221722709526, 33.59305880237369], [-94.60708505662234, 33.50314691602232], [-94.60708505662234, 33.41323502967094], [-94.65204099979803, 33.41323502967094], [-94.65204099979803, 33.36827908649525], [-94.69699694297373, 33.36827908649525], [-94.69699694297373, 33.32332314331956], [-94.83186477250081, 33.23341125696819], [-94.83186477250081, 33.143499370616816], [-94.9217766588522, 33.09854342744113], [-94.9217766588522, 33.00863154108975], [-95.01168854520358, 32.96367559791406], [-95.01168854520358, 32.87376371156269], [-95.10160043155497, 32.828807768386994], [-95.10160043155497, 32.73889588203562], [-95.14655637473066, 32.73889588203562], [-95.14655637473066, 32.693939938859934], [-95.23646826108205, 32.64898399568425], [-95.23646826108205, 32.559072109332874], [-95.32638014743344, 32.51411616615718], [-95.32638014743344, 32.42420427980581], [-95.37133609060913, 32.42420427980581], [-95.37133609060913, 32.33429239345443], [-95.41629203378483, 32.33429239345443], [-95.41629203378483, 32.24438050710306], [-95.46124797696052, 32.24438050710306], [-95.50620392013622, 31.97464484804893], [-95.55115986331191, 31.97464484804893], [-95.55115986331191, 31.884732961697555], [-95.5961158064876, 31.884732961697555], [-95.5961158064876, 31.794821075346178], [-95.6410717496633, 31.794821075346178], [-95.6410717496633, 31.659953245819114], [-95.68602769283899, 31.659953245819114], [-95.68602769283899, 31.52508541629205], [-95.73098363601468, 31.52508541629205], [-95.73098363601468, 31.390217586764987], [-95.77593957919038, 31.390217586764987], [-95.82089552236607, 31.12048192771086], [-95.86585146554177, 31.12048192771086], [-95.86585146554177, 30.805790325481045], [-95.91080740871746, 30.805790325481045], [-95.91080740871746, 30.08649523467004], [-95.86585146554177, 30.08649523467004], [-95.86585146554177, 29.726847689264538], [-95.82089552236607, 29.726847689264538], [-95.82089552236607, 29.45711203021041], [-95.77593957919038, 29.45711203021041], [-95.77593957919038, 29.27728825750766], [-95.73098363601468, 29.27728825750766], [-95.73098363601468, 29.097464484804906], [-95.68602769283899, 29.097464484804906], [-95.68602769283899, 28.962596655277842], [-95.77593957919038, 28.917640712102155], [-95.77593957919038, 28.82772882575078], [-95.82089552236607, 28.82772882575078], [-95.82089552236607, 28.737816939399405], [-95.86585146554177, 28.737816939399405], [-95.86585146554177, 28.647905053048028], [-95.91080740871746, 28.647905053048028], [-95.95576335189315, 28.468081280345277]]]]}}, {"type": "Feature", "properties": {"shapefile": "2021082712_wsp34knt120hr_5km", "PERCENTAGE": "10-20%"}, "geometry": {"type": "MultiPolygon", "coordinates": [[[[-95.95576335189315, 28.468081280345277], [-95.95576335189315, 28.557993166696654], [-95.91080740871746, 28.557993166696654], [-95.91080740871746, 28.647905053048028], [-95.86585146554177, 28.647905053048028], [-95.86585146554177, 28.737816939399405], [-95.82089552236607, 28.737816939399405], [-95.77593957919038, 28.917640712102155], [-95.68602769283899, 28.962596655277842], [-95.68602769283899, 29.097464484804906], [-95.73098363601468, 29.097464484804906], [-95.73098363601468, 29.27728825750766], [-95.77593957919038, 29.27728825750766], [-95.77593957919038, 29.45711203021041], [-95.82089552236607, 29.45711203021041], [-95.82089552236607, 29.726847689264538], [-95.86585146554177, 29.726847689264538], [-95.86585146554177, 30.08649523467004], [-95.91080740871746, 30.08649523467004], [-95.91080740871746, 30.805790325481045], [-95.86585146554177, 30.805790325481045], [-95.86585146554177, 31.12048192771086], [-95.82089552236607, 31.12048192771086], [-95.82089552236607, 31.255349757237923], [-95.77593957919038, 31.255349757237923], [-95.77593957919038, 31.390217586764987], [-95.73098363601468, 31.390217586764987], [-95.73098363601468, 31.52508541629205], [-95.68602769283899, 31.52508541629205], [-95.6410717496633, 31.794821075346178], [-95.5961158064876, 31.794821075346178], [-95.5961158064876, 31.884732961697555], [-95.55115986331191, 31.884732961697555], [-95.55115986331191, 31.97464484804893], [-95.50620392013622, 31.97464484804893], [-95.50620392013622, 32.10951267757599], [-95.46124797696052, 32.10951267757599], [-95.46124797696052, 32.24438050710306], [-95.41629203378483, 32.24438050710306], [-95.41629203378483, 32.33429239345443], [-95.37133609060913, 32.33429239345443], [-95.32638014743344, 32.51411616615718], [-95.28142420425775, 32.51411616615718], [-95.28142420425775, 32.559072109332874], [-95.23646826108205, 32.559072109332874], [-95.23646826108205, 32.64898399568425], [-95.10160043155497, 32.73889588203562], [-95.10160043155497, 32.828807768386994], [-95.05664448837928, 32.828807768386994], [-95.05664448837928, 32.87376371156269], [-95.01168854520358, 32.87376371156269], [-95.01168854520358, 32.96367559791406], [-94.9217766588522, 33.00863154108975], [-94.9217766588522, 33.09854342744113], [-94.83186477250081, 33.143499370616816], [-94.83186477250081, 33.23341125696819], [-94.78690882932511, 33.23341125696819], [-94.78690882932511, 33.278367200143876], [-94.74195288614942, 33.278367200143876], [-94.74195288614942, 33.32332314331956], [-94.60708505662234, 33.41323502967094], [-94.60708505662234, 33.50314691602232], [-94.56212911344664, 33.50314691602232], [-94.56212911344664, 33.548102859198], [-94.51717317027095, 33.548102859198], [-94.42726128391956, 33.68297068872507], [-94.33734939756818, 33.68297068872507], [-94.24743751121679, 33.81783851825213], [-94.1575256248654, 33.81783851825213], [-94.1575256248654, 33.86279446142782], [-93.97770185216262, 33.907750404603505], [-93.97770185216262, 33.9527063477792], [-93.93274590898693, 33.9527063477792], [-93.93274590898693, 33.997662290954885], [-93.88778996581124, 33.997662290954885], [-93.88778996581124, 34.04261823413057], [-93.84283402263554, 34.04261823413057], [-93.84283402263554, 34.08757417730626], [-93.79787807945985, 34.08757417730626], [-93.70796619310846, 34.22244200683332], [-93.61805430675707, 34.22244200683332], [-93.61805430675707, 34.26739795000901], [-93.4382305340543, 34.3123538931847], [-93.3932745908786, 34.40226577953607], [-93.30336270452722, 34.40226577953607], [-93.30336270452722, 34.44722172271176], [-93.12353893182444, 34.492177665887446], [-93.12353893182444, 34.53713360906314], [-93.03362704547305, 34.53713360906314], [-93.03362704547305, 34.58208955223883], [-92.94371515912167, 34.58208955223883], [-92.94371515912167, 34.627045495414514], [-92.76389138641889, 34.6720014385902], [-92.76389138641889, 34.71695738176589], [-92.58406761371612, 34.761913324941574], [-92.58406761371612, 34.80686926811727], [-92.44919978418903, 34.80686926811727], [-92.44919978418903, 34.851825211292955], [-92.35928789783765, 34.851825211292955], [-92.35928789783765, 34.89678115446864], [-92.17946412513487, 34.89678115446864], [-92.17946412513487, 34.94173709764433], [-92.04459629560779, 34.94173709764433], [-92.04459629560779, 34.986693040820015], [-91.46016903432377, 35.0316489839957], [-91.46016903432377, 35.07660492717139], [-91.32530120479669, 35.07660492717139], [-91.32530120479669, 35.12156087034708], [-90.92069771621544, 35.16651681352277], [-90.92069771621544, 35.211472756698456], [-90.5160942276342, 35.211472756698456], [-90.5160942276342, 35.25642869987414], [-90.29131451175573, 35.25642869987414], [-90.29131451175573, 35.211472756698456], [-89.52706347776893, 35.211472756698456], [-89.52706347776893, 35.16651681352277], [-89.12245998918769, 35.16651681352277], [-89.12245998918769, 35.12156087034708], [-88.89768027330922, 35.12156087034708], [-88.89768027330922, 35.07660492717139], [-88.80776838695783, 35.07660492717139], [-88.80776838695783, 35.0316489839957], [-88.67290055743075, 35.0316489839957], [-88.67290055743075, 34.986693040820015], [-88.53803272790367, 34.986693040820015], [-88.53803272790367, 34.94173709764433], [-88.44812084155228, 34.94173709764433], [-88.44812084155228, 34.89678115446864], [-88.2682970688495, 34.851825211292955], [-88.17838518249812, 34.71695738176589], [-88.08847329614673, 34.71695738176589], [-88.08847329614673, 34.6720014385902], [-88.04351735297104, 34.6720014385902], [-88.04351735297104, 34.58208955223883], [-87.99856140979534, 34.58208955223883], [-87.99856140979534, 34.53713360906314], [-87.90864952344396, 34.53713360906314], [-87.90864952344396, 34.492177665887446], [-87.81873763709257, 34.492177665887446], [-87.81873763709257, 34.44722172271176], [-87.72882575074118, 34.44722172271176], [-87.68386980756549, 34.357309836360386], [-87.5939579212141, 34.357309836360386], [-87.5939579212141, 34.3123538931847], [-87.5490019780384, 34.3123538931847], [-87.5490019780384, 34.22244200683332], [-87.45909009168702, 34.17748606365763], [-87.45909009168702, 34.08757417730626], [-87.41413414851132, 34.08757417730626], [-87.41413414851132, 34.04261823413057], [-87.36917820533563, 34.04261823413057], [-87.36917820533563, 33.997662290954885], [-87.23431037580855, 33.907750404603505], [-87.23431037580855, 33.81783851825213], [-87.18935443263285, 33.81783851825213], [-87.18935443263285, 33.72792663190076], [-87.14439848945716, 33.72792663190076], [-87.14439848945716, 33.63801474554938], [-87.09944254628147, 33.63801474554938], [-87.09944254628147, 33.50314691602232], [-87.05448660310577, 33.50314691602232], [-87.05448660310577, 33.45819097284663], [-87.00953065993008, 33.45819097284663], [-87.00953065993008, 33.41323502967094], [-86.96457471675438, 33.41323502967094], [-86.96457471675438, 33.36827908649525], [-86.91961877357869, 33.36827908649525], [-86.91961877357869, 33.32332314331956], [-86.78475094405161, 33.23341125696819], [-86.78475094405161, 33.143499370616816], [-86.73979500087592, 33.143499370616816], [-86.73979500087592, 33.053587484265435], [-86.69483905770022, 33.053587484265435], [-86.64988311452453, 32.87376371156269], [-86.55997122817314, 32.828807768386994], [-86.51501528499745, 32.64898399568425], [-86.42510339864606, 32.60402805250856], [-86.42510339864606, 32.51411616615718], [-86.38014745547036, 32.51411616615718], [-86.38014745547036, 32.42420427980581], [-86.33519151229467, 32.42420427980581], [-86.33519151229467, 32.33429239345443], [-86.29023556911898, 32.33429239345443], [-86.29023556911898, 32.24438050710306], [-86.24527962594328, 32.24438050710306], [-86.24527962594328, 32.154468620751686], [-86.20032368276759, 32.154468620751686], [-86.20032368276759, 32.01960079122462], [-86.1553677395919, 32.01960079122462], [-86.1553677395919, 31.92968890487324], [-86.06545585324051, 31.884732961697555], [-86.06545585324051, 31.794821075346178], [-85.97554396688912, 31.74986513217049], [-85.97554396688912, 31.659953245819114], [-85.93058802371343, 31.659953245819114], [-85.93058802371343, 31.614997302643427], [-85.88563208053773, 31.614997302643427], [-85.88563208053773, 31.52508541629205], [-85.84067613736204, 31.52508541629205], [-85.84067613736204, 31.390217586764987], [-85.79572019418634, 31.390217586764987], [-85.75076425101065, 31.12048192771086], [-85.70580830783496, 31.12048192771086], [-85.70580830783496, 31.030570041359486], [-85.66085236465926, 31.030570041359486], [-85.66085236465926, 30.94065815500811], [-85.61589642148357, 30.94065815500811], [-85.61589642148357, 30.850746268656735], [-85.57094047830788, 30.850746268656735], [-85.57094047830788, 30.760834382305358], [-85.52598453513218, 30.760834382305358], [-85.52598453513218, 30.625966552778294], [-85.48102859195649, 30.625966552778294], [-85.48102859195649, 30.536054666426917], [-85.4360726487808, 30.536054666426917], [-85.4360726487808, 30.446142780075544], [-85.3911167056051, 30.446142780075544], [-85.3911167056051, 30.356230893724167], [-85.3461607624294, 30.356230893724167], [-85.3461607624294, 30.26631900737279], [-85.30120481925371, 30.26631900737279], [-85.30120481925371, 30.176407121021416], [-85.25624887607802, 30.176407121021416], [-85.21129293290232, 29.996583348318666], [-85.12138104655094, 29.996583348318666], [-85.12138104655094, 29.951627405142975], [-85.03146916019955, 29.951627405142975], [-85.03146916019955, 29.90667146196729], [-84.89660133067247, 29.90667146196729], [-84.89660133067247, 29.861715518791602], [-84.80668944432108, 29.861715518791602], [-84.80668944432108, 29.81675957561591], [-84.71677755796969, 29.81675957561591], [-84.71677755796969, 29.771803632440225], [-84.53695378526692, 29.726847689264538], [-84.49199784209122, 29.63693580291316], [-84.40208595573984, 29.63693580291316], [-84.40208595573984, 29.591979859737474], [-84.26721812621275, 29.502067973386097], [-84.26721812621275, 29.412156087034724], [-84.17730623986137, 29.367200143859034], [-84.17730623986137, 29.27728825750766], [-84.13235029668567, 29.27728825750766], [-84.13235029668567, 29.23233231433197], [-84.08739435350998, 29.23233231433197], [-84.08739435350998, 29.187376371156283], [-84.04243841033428, 29.187376371156283], [-84.04243841033428, 29.142420427980596], [-83.9075705808072, 29.05250854162922], [-83.9075705808072, 28.917640712102155], [-83.86261463763151, 28.917640712102155], [-83.86261463763151, 28.82772882575078], [-83.81765869445582, 28.82772882575078], [-83.77270275128012, 28.647905053048028], [-83.72774680810443, 28.647905053048028], [-83.72774680810443, 28.60294910987234], [-83.63783492175304, 28.557993166696654], [-83.63783492175304, 28.468081280345277], [-83.50296709222596, 28.3781693939939], [-83.50296709222596, 28.288257507642527], [-83.41305520587457, 28.243301564466837], [-83.41305520587457, 28.153389678115463], [-83.36809926269888, 28.153389678115463], [-83.36809926269888, 28.108433734939773], [-83.32314331952318, 28.108433734939773], [-83.32314331952318, 28.063477791764086], [-83.1882754899961, 27.973565905412713], [-83.1882754899961, 27.883654019061336], [-83.14331954682041, 27.883654019061336], [-83.14331954682041, 27.79374213270996], [-83.09836360364471, 27.79374213270996], [-83.09836360364471, 27.703830246358585], [-83.05340766046902, 27.703830246358585], [-83.05340766046902, 27.613918360007208], [-83.00845171729333, 27.613918360007208], [-83.00845171729333, 27.52400647365583], [-82.96349577411763, 27.52400647365583], [-82.96349577411763, 27.389138644128767], [-82.91853983094194, 27.389138644128767], [-82.87358388776624, 27.209314871426017], [-82.82862794459055, 27.209314871426017], [-82.82862794459055, 27.16435892825033], [-82.78367200141486, 27.16435892825033], [-82.78367200141486, 27.119402985074643], [-82.73871605823916, 27.119402985074643], [-82.73871605823916, 27.074447041898953], [-82.69376011506347, 27.074447041898953], [-82.69376011506347, 27.029491098723266], [-82.55889228553639, 26.93957921237189], [-82.55889228553639, 26.849667326020516], [-82.5139363423607, 26.849667326020516], [-82.5139363423607, 26.75975543966914], [-82.468980399185, 26.75975543966914], [-82.4240244560093, 26.579931666966388], [-82.33411256965792, 26.5349757237907], [-82.33411256965792, 26.400107894263638], [-82.28915662648222, 26.400107894263638], [-82.28915662648222, 26.265240064736574], [-82.24420068330653, 26.265240064736574], [-82.24420068330653, 26.08541629203382], [-82.19924474013084, 26.08541629203382], [-82.19924474013084, 25.950548462506756], [-82.15428879695514, 25.950548462506756], [-82.15428879695514, 25.770724689804005], [-82.10933285377945, 25.770724689804005], [-82.10933285377945, 25.545944973925568], [-82.06437691060376, 25.545944973925568], [-82.01942096742806, 25.186297428520064], [-81.97446502425237, 25.186297428520064], [-81.97446502425237, 25.051429598993], [-81.92950908107667, 25.051429598993], [-81.92950908107667, 24.916561769465936], [-81.88455313790098, 24.916561769465936], [-81.88455313790098, 24.736737996763186], [-81.83959719472529, 24.736737996763186], [-81.83959719472529, 24.556914224060435], [-81.79464125154959, 24.556914224060435], [-81.79464125154959, 24.42204639453337], [-81.7496853083739, 24.42204639453337], [-81.7496853083739, 24.332134508181994], [-81.7047293651982, 24.332134508181994], [-81.7047293651982, 24.152310735479244], [-81.65977342202251, 24.152310735479244], [-81.65977342202251, 24.01744290595218], [-81.61481747884682, 24.01744290595218], [-81.61481747884682, 23.927531019600803], [-81.56986153567112, 23.927531019600803], [-81.56986153567112, 23.79266319007374], [-81.52490559249543, 23.79266319007374], [-81.52490559249543, 23.61283941737099], [-81.47994964931974, 23.61283941737099], [-81.47994964931974, 23.477971587843925], [-81.52490559249543, 23.477971587843925], [-81.52490559249543, 23.38805970149255], [-81.56986153567112, 23.38805970149255], [-81.56986153567112, 23.298147815141174], [-81.61481747884682, 23.298147815141174], [-81.61481747884682, 23.208235928789797], [-81.65977342202251, 23.208235928789797], [-81.65977342202251, 23.118324042438424], [-81.61481747884682, 23.118324042438424], [-81.61481747884682, 22.98345621291136], [-81.56986153567112, 22.98345621291136], [-81.56986153567112, 22.93850026973567], [-81.52490559249543, 22.93850026973567], [-81.52490559249543, 22.893544326559983], [-81.39003776296835, 22.80363244020861], [-81.39003776296835, 22.713720553857232], [-81.34508181979265, 22.713720553857232], [-81.34508181979265, 22.668764610681546], [-81.30012587661696, 22.668764610681546], [-81.30012587661696, 22.623808667505855], [-81.16525804708988, 22.533896781154482], [-81.16525804708988, 22.443984894803105], [-81.12030210391418, 22.443984894803105], [-81.12030210391418, 22.399028951627418], [-81.07534616073849, 22.399028951627418], [-81.07534616073849, 22.354073008451728], [-81.0303902175628, 22.354073008451728], [-81.0303902175628, 22.30911706527604], [-80.9854342743871, 22.30911706527604], [-80.9854342743871, 22.264161122100354], [-80.85056644486002, 22.174249235748977], [-80.85056644486002, 22.084337349397604], [-80.80561050168433, 22.084337349397604], [-80.80561050168433, 22.039381406221914], [-80.67074267215725, 21.94946951987054], [-80.67074267215725, 21.859557633519163], [-80.62578672898155, 21.859557633519163], [-80.62578672898155, 21.814601690343476], [-80.49091889945447, 21.7246898039921], [-80.49091889945447, 21.634777917640722], [-80.40100701310308, 21.589821974465035], [-80.40100701310308, 21.49991008811366], [-80.35605106992739, 21.49991008811366], [-80.35605106992739, 21.409998201762285], [-80.3110951267517, 21.409998201762285], [-80.3110951267517, 21.27513037223522], [-80.266139183576, 21.27513037223522], [-80.266139183576, 21.09530659953247], [-80.22118324040031, 21.09530659953247], [-80.22118324040031, 20.915482826829717], [-80.17622729722461, 20.915482826829717], [-80.17622729722461, 20.286099622370088], [-80.22118324040031, 20.286099622370088], [-80.22118324040031, 20.106275849667337], [-80.266139183576, 20.106275849667337], [-80.266139183576, 19.971408020140274], [-80.3110951267517, 19.971408020140274], [-80.3110951267517, 19.881496133788897], [-80.35605106992739, 19.881496133788897], [-80.35605106992739, 19.791584247437523], [-80.40100701310308, 19.791584247437523], [-80.40100701310308, 19.701672361086146], [-80.44596295627878, 19.701672361086146], [-80.44596295627878, 19.61176047473477], [-80.49091889945447, 19.61176047473477], [-80.58083078580586, 19.476892645207705], [-80.67074267215725, 19.476892645207705], [-80.71569861533294, 19.386980758856332], [-80.80561050168433, 19.386980758856332], [-80.80561050168433, 19.342024815680645], [-80.94047833121141, 19.342024815680645], [-80.94047833121141, 19.297068872504955], [-81.12030210391418, 19.297068872504955], [-81.12030210391418, 19.252112929329268], [-81.47994964931974, 19.252112929329268], [-81.47994964931974, 19.297068872504955], [-81.7047293651982, 19.297068872504955], [-81.7047293651982, 19.342024815680645], [-81.83959719472529, 19.342024815680645], [-81.83959719472529, 19.386980758856332], [-81.92950908107667, 19.386980758856332], [-81.92950908107667, 19.43193670203202], [-82.01942096742806, 19.43193670203202], [-82.01942096742806, 19.476892645207705], [-82.19924474013084, 19.521848588383396], [-82.24420068330653, 19.61176047473477], [-82.33411256965792, 19.61176047473477], [-82.37906851283361, 19.701672361086146], [-82.468980399185, 19.701672361086146], [-82.5139363423607, 19.791584247437523], [-82.60384822871208, 19.791584247437523], [-82.60384822871208, 19.83654019061321], [-82.64880417188778, 19.83654019061321], [-82.64880417188778, 19.881496133788897], [-82.73871605823916, 19.881496133788897], [-82.78367200141486, 19.971408020140274], [-82.87358388776624, 19.971408020140274], [-82.87358388776624, 20.01636396331596], [-82.91853983094194, 20.01636396331596], [-82.96349577411763, 20.106275849667337], [-83.05340766046902, 20.106275849667337], [-83.09836360364471, 20.19618773601871], [-83.27818737634749, 20.2411436791944], [-83.36809926269888, 20.376011508721465], [-83.45801114905026, 20.376011508721465], [-83.45801114905026, 20.420967451897152], [-83.50296709222596, 20.420967451897152], [-83.54792303540165, 20.51087933824853], [-83.63783492175304, 20.51087933824853], [-83.68279086492873, 20.600791224599902], [-83.77270275128012, 20.600791224599902], [-83.77270275128012, 20.645747167775593], [-83.9075705808072, 20.645747167775593], [-83.9075705808072, 20.69070311095128], [-84.08739435350998, 20.735659054126966], [-84.08739435350998, 20.780614997302656], [-84.26721812621275, 20.825570940478343], [-84.44704189891553, 21.09530659953247], [-84.6268656716183, 21.09530659953247], [-84.6268656716183, 21.140262542708157], [-84.76173350114539, 21.140262542708157], [-84.76173350114539, 21.185218485883844], [-84.94155727384816, 21.230174429059534], [-84.98651321702386, 21.320086315410908], [-85.16633698972663, 21.320086315410908], [-85.16633698972663, 21.365042258586598], [-85.30120481925371, 21.365042258586598], [-85.30120481925371, 21.409998201762285], [-85.3911167056051, 21.409998201762285], [-85.4360726487808, 21.49991008811366], [-85.57094047830788, 21.49991008811366], [-85.57094047830788, 21.54486603128935], [-85.84067613736204, 21.54486603128935], [-85.84067613736204, 21.589821974465035], [-86.1104117964162, 21.589821974465035], [-86.1104117964162, 21.634777917640722], [-86.33519151229467, 21.634777917640722], [-86.33519151229467, 21.679733860816413], [-86.47005934182175, 21.679733860816413], [-86.47005934182175, 21.7246898039921], [-86.55997122817314, 21.7246898039921], [-86.60492717134883, 21.814601690343476], [-86.78475094405161, 21.859557633519163], [-86.78475094405161, 21.90451357669485], [-86.874662830403, 21.90451357669485], [-86.874662830403, 21.94946951987054], [-86.96457471675438, 21.94946951987054], [-86.96457471675438, 21.994425463046227], [-87.32422226215994, 21.994425463046227], [-87.32422226215994, 22.039381406221914], [-87.45909009168702, 22.039381406221914], [-87.45909009168702, 22.084337349397604], [-87.86369358026826, 22.12929329257329], [-87.86369358026826, 22.174249235748977], [-87.99856140979534, 22.174249235748977], [-87.99856140979534, 22.219205178924668], [-88.13342923932242, 22.219205178924668], [-88.13342923932242, 22.264161122100354], [-88.2682970688495, 22.264161122100354], [-88.2682970688495, 22.30911706527604], [-88.67290055743075, 22.354073008451728], [-88.67290055743075, 22.399028951627418], [-88.94263621648491, 22.399028951627418], [-88.94263621648491, 22.443984894803105], [-89.12245998918769, 22.443984894803105], [-89.12245998918769, 22.48894083797879], [-89.25732781871477, 22.48894083797879], [-89.25732781871477, 22.533896781154482], [-89.52706347776893, 22.57885272433017], [-89.57201942094463, 22.668764610681546], [-89.66193130729602, 22.668764610681546], [-89.70688725047171, 22.75867649703292], [-89.7967991368231, 22.75867649703292], [-89.7967991368231, 22.80363244020861], [-89.84175507999879, 22.80363244020861], [-89.93166696635018, 22.93850026973567], [-90.02157885270157, 22.93850026973567], [-90.02157885270157, 22.98345621291136], [-90.11149073905295, 22.98345621291136], [-90.11149073905295, 23.028412156087047], [-90.20140262540434, 23.028412156087047], [-90.20140262540434, 23.073368099262733], [-90.38122639810712, 23.073368099262733], [-90.38122639810712, 23.118324042438424], [-90.5160942276342, 23.118324042438424], [-90.5160942276342, 23.16327998561411], [-90.60600611398559, 23.16327998561411], [-90.60600611398559, 23.208235928789797], [-90.74087394351267, 23.208235928789797], [-90.74087394351267, 23.253191871965488], [-90.83078582986406, 23.253191871965488], [-90.83078582986406, 23.298147815141174], [-91.01060960256683, 23.34310375831686], [-91.01060960256683, 23.38805970149255], [-91.1904333752696, 23.433015644668238], [-91.2353893184453, 23.522927531019615], [-91.32530120479669, 23.522927531019615], [-91.32530120479669, 23.567883474195302], [-91.41521309114808, 23.567883474195302], [-91.41521309114808, 23.61283941737099], [-91.59503686385085, 23.65779536054668], [-91.63999280702654, 23.747707246898052], [-91.81981657972932, 23.79266319007374], [-91.86477252290501, 23.882575076425116], [-91.9546844092564, 23.882575076425116], [-91.9546844092564, 23.927531019600803], [-91.9996403524321, 23.927531019600803], [-91.9996403524321, 23.972486962776493], [-92.08955223878348, 23.972486962776493], [-92.13450818195918, 24.062398849127867], [-92.22442006831056, 24.062398849127867], [-92.22442006831056, 24.107354792303557], [-92.31433195466195, 24.107354792303557], [-92.35928789783765, 24.19726667865493], [-92.44919978418903, 24.19726667865493], [-92.44919978418903, 24.24222262183062], [-92.53911167054042, 24.24222262183062], [-92.58406761371612, 24.332134508181994], [-92.6739795000675, 24.332134508181994], [-92.7189354432432, 24.42204639453337], [-92.80884732959458, 24.42204639453337], [-92.80884732959458, 24.467002337709058], [-92.98867110229736, 24.511958280884745], [-92.98867110229736, 24.556914224060435], [-93.03362704547305, 24.556914224060435], [-93.03362704547305, 24.60187016723612], [-93.07858298864875, 24.60187016723612], [-93.07858298864875, 24.64682611041181], [-93.12353893182444, 24.64682611041181], [-93.21345081817583, 24.781693939938872], [-93.30336270452722, 24.781693939938872], [-93.34831864770291, 24.87160582629025], [-93.4382305340543, 24.87160582629025], [-93.4382305340543, 24.916561769465936], [-93.48318647722999, 24.916561769465936], [-93.48318647722999, 24.961517712641626], [-93.52814242040569, 24.961517712641626], [-93.52814242040569, 25.006473655817313], [-93.57309836358138, 25.006473655817313], [-93.57309836358138, 25.051429598993], [-93.61805430675707, 25.051429598993], [-93.61805430675707, 25.09638554216869], [-93.66301024993277, 25.09638554216869], [-93.66301024993277, 25.141341485344377], [-93.70796619310846, 25.141341485344377], [-93.70796619310846, 25.186297428520064], [-93.75292213628416, 25.186297428520064], [-93.75292213628416, 25.23125337169575], [-93.79787807945985, 25.23125337169575], [-93.79787807945985, 25.27620931487144], [-93.93274590898693, 25.366121201222814], [-93.93274590898693, 25.411077144398504], [-94.02265779533832, 25.411077144398504], [-94.02265779533832, 25.45603308757419], [-94.1125696816897, 25.500989030749878], [-94.1125696816897, 25.590900917101255], [-94.1575256248654, 25.590900917101255], [-94.1575256248654, 25.63585686027694], [-94.2024815680411, 25.63585686027694], [-94.2024815680411, 25.680812803452632], [-94.24743751121679, 25.680812803452632], [-94.24743751121679, 25.72576874662832], [-94.29239345439248, 25.72576874662832], [-94.29239345439248, 25.770724689804005], [-94.33734939756818, 25.770724689804005], [-94.33734939756818, 25.815680632979692], [-94.38230534074387, 25.815680632979692], [-94.38230534074387, 25.860636576155382], [-94.42726128391956, 25.860636576155382], [-94.42726128391956, 25.90559251933107], [-94.56212911344664, 25.995504405682446], [-94.56212911344664, 26.08541629203382], [-94.65204099979803, 26.13037223520951], [-94.65204099979803, 26.220284121560884], [-94.74195288614942, 26.265240064736574], [-94.74195288614942, 26.355151951087947], [-94.8768207156765, 26.445063837439324], [-94.8768207156765, 26.5349757237907], [-95.01168854520358, 26.624887610142075], [-95.01168854520358, 26.714799496493452], [-95.10160043155497, 26.75975543966914], [-95.10160043155497, 26.849667326020516], [-95.19151231790636, 26.894623269196202], [-95.19151231790636, 26.98453515554758], [-95.32638014743344, 27.074447041898953], [-95.32638014743344, 27.16435892825033], [-95.37133609060913, 27.16435892825033], [-95.37133609060913, 27.209314871426017], [-95.41629203378483, 27.209314871426017], [-95.41629203378483, 27.299226757777394], [-95.50620392013622, 27.34418270095308], [-95.50620392013622, 27.434094587304457], [-95.55115986331191, 27.434094587304457], [-95.55115986331191, 27.52400647365583], [-95.5961158064876, 27.52400647365583], [-95.5961158064876, 27.613918360007208], [-95.6410717496633, 27.613918360007208], [-95.6410717496633, 27.703830246358585], [-95.68602769283899, 27.703830246358585], [-95.68602769283899, 27.79374213270996], [-95.73098363601468, 27.79374213270996], [-95.73098363601468, 27.928609962237022], [-95.77593957919038, 27.928609962237022], [-95.77593957919038, 28.063477791764086], [-95.82089552236607, 28.063477791764086], [-95.82089552236607, 28.19834562129115], [-95.86585146554177, 28.19834562129115], [-95.86585146554177, 28.333213450818214], [-95.91080740871746, 28.333213450818214], [-95.91080740871746, 28.468081280345277], [-95.95576335189315, 28.468081280345277]], [[-95.10160043155497, 28.78277288257509], [-95.05664448837928, 28.78277288257509], [-95.05664448837928, 28.60294910987234], [-95.01168854520358, 28.60294910987234], [-95.01168854520358, 28.468081280345277], [-94.9217766588522, 28.42312533716959], [-94.9217766588522, 28.333213450818214], [-94.8768207156765, 28.333213450818214], [-94.83186477250081, 28.153389678115463], [-94.74195288614942, 28.108433734939773], [-94.74195288614942, 28.0185218485884], [-94.65204099979803, 27.973565905412713], [-94.65204099979803, 27.883654019061336], [-94.56212911344664, 27.83869807588565], [-94.56212911344664, 27.748786189534272], [-94.42726128391956, 27.658874303182895], [-94.42726128391956, 27.56896241683152], [-94.38230534074387, 27.56896241683152], [-94.33734939756818, 27.389138644128767], [-94.24743751121679, 27.34418270095308], [-94.24743751121679, 27.254270814601703], [-94.2024815680411, 27.254270814601703], [-94.2024815680411, 27.209314871426017], [-94.1575256248654, 27.209314871426017], [-94.1575256248654, 27.16435892825033], [-94.1125696816897, 27.16435892825033], [-94.1125696816897, 27.119402985074643], [-94.06761373851401, 27.119402985074643], [-94.06761373851401, 27.074447041898953], [-93.93274590898693, 26.98453515554758], [-93.93274590898693, 26.894623269196202], [-93.79787807945985, 26.804711382844825], [-93.79787807945985, 26.714799496493452], [-93.75292213628416, 26.714799496493452], [-93.66301024993277, 26.579931666966388], [-93.57309836358138, 26.579931666966388], [-93.57309836358138, 26.5349757237907], [-93.4382305340543, 26.445063837439324], [-93.4382305340543, 26.355151951087947], [-93.3932745908786, 26.355151951087947], [-93.30336270452722, 26.220284121560884], [-93.21345081817583, 26.220284121560884], [-93.12353893182444, 26.08541629203382], [-93.03362704547305, 26.08541629203382], [-93.03362704547305, 26.040460348858133], [-92.98867110229736, 26.040460348858133], [-92.98867110229736, 25.995504405682446], [-92.94371515912167, 25.995504405682446], [-92.94371515912167, 25.950548462506756], [-92.89875921594597, 25.950548462506756], [-92.89875921594597, 25.90559251933107], [-92.85380327277028, 25.90559251933107], [-92.85380327277028, 25.860636576155382], [-92.80884732959458, 25.860636576155382], [-92.7189354432432, 25.72576874662832], [-92.62902355689181, 25.72576874662832], [-92.58406761371612, 25.63585686027694], [-92.40424384101334, 25.590900917101255], [-92.31433195466195, 25.45603308757419], [-92.22442006831056, 25.45603308757419], [-92.13450818195918, 25.321165258047127], [-92.04459629560779, 25.321165258047127], [-91.9996403524321, 25.23125337169575], [-91.90972846608071, 25.23125337169575], [-91.90972846608071, 25.186297428520064], [-91.86477252290501, 25.186297428520064], [-91.86477252290501, 25.141341485344377], [-91.77486063655363, 25.141341485344377], [-91.72990469337793, 25.051429598993], [-91.63999280702654, 25.051429598993], [-91.63999280702654, 25.006473655817313], [-91.46016903432377, 24.961517712641626], [-91.46016903432377, 24.916561769465936], [-91.37025714797238, 24.916561769465936], [-91.37025714797238, 24.87160582629025], [-91.1904333752696, 24.826649883114563], [-91.1904333752696, 24.781693939938872], [-91.05556554574252, 24.781693939938872], [-91.05556554574252, 24.736737996763186], [-90.96565365939114, 24.736737996763186], [-90.96565365939114, 24.6917820535875], [-90.87574177303975, 24.6917820535875], [-90.87574177303975, 24.64682611041181], [-90.78582988668836, 24.64682611041181], [-90.78582988668836, 24.60187016723612], [-90.69591800033697, 24.60187016723612], [-90.69591800033697, 24.556914224060435], [-90.5160942276342, 24.511958280884745], [-90.5160942276342, 24.467002337709058], [-90.4711382844585, 24.467002337709058], [-90.4711382844585, 24.42204639453337], [-90.38122639810712, 24.42204639453337], [-90.33627045493142, 24.332134508181994], [-90.24635856858004, 24.332134508181994], [-90.24635856858004, 24.287178565006307], [-90.06653479587726, 24.24222262183062], [-90.06653479587726, 24.19726667865493], [-89.97662290952587, 24.19726667865493], [-89.97662290952587, 24.152310735479244], [-89.88671102317448, 24.152310735479244], [-89.88671102317448, 24.107354792303557], [-89.7518431936474, 24.107354792303557], [-89.7518431936474, 24.062398849127867], [-89.61697536412032, 24.062398849127867], [-89.61697536412032, 24.01744290595218], [-89.43715159141755, 23.972486962776493], [-89.34723970506616, 23.83761913324943], [-89.25732781871477, 23.83761913324943], [-89.25732781871477, 23.79266319007374], [-89.16741593236338, 23.79266319007374], [-89.16741593236338, 23.747707246898052], [-89.077504046012, 23.747707246898052], [-89.077504046012, 23.702751303722366], [-88.89768027330922, 23.65779536054668], [-88.89768027330922, 23.61283941737099], [-88.80776838695783, 23.61283941737099], [-88.80776838695783, 23.567883474195302], [-88.67290055743075, 23.567883474195302], [-88.67290055743075, 23.522927531019615], [-88.53803272790367, 23.522927531019615], [-88.53803272790367, 23.477971587843925], [-88.44812084155228, 23.477971587843925], [-88.44812084155228, 23.433015644668238], [-88.40316489837659, 23.433015644668238], [-88.3132530120252, 23.298147815141174], [-88.13342923932242, 23.253191871965488], [-88.13342923932242, 23.208235928789797], [-87.99856140979534, 23.208235928789797], [-87.95360546661965, 23.118324042438424], [-87.86369358026826, 23.118324042438424], [-87.86369358026826, 23.073368099262733], [-87.77378169391687, 23.073368099262733], [-87.77378169391687, 23.028412156087047], [-87.5939579212141, 22.98345621291136], [-87.5490019780384, 22.893544326559983], [-87.36917820533563, 22.848588383384296], [-87.32422226215994, 22.75867649703292], [-87.23431037580855, 22.75867649703292], [-87.23431037580855, 22.713720553857232], [-87.14439848945716, 22.713720553857232], [-87.14439848945716, 22.668764610681546], [-86.96457471675438, 22.623808667505855], [-86.91961877357869, 22.533896781154482], [-86.8297068872273, 22.533896781154482], [-86.73979500087592, 22.399028951627418], [-86.64988311452453, 22.399028951627418], [-86.64988311452453, 22.354073008451728], [-86.55997122817314, 22.354073008451728], [-86.55997122817314, 22.30911706527604], [-86.47005934182175, 22.30911706527604], [-86.47005934182175, 22.264161122100354], [-86.29023556911898, 22.219205178924668], [-86.29023556911898, 22.174249235748977], [-86.20032368276759, 22.174249235748977], [-86.20032368276759, 22.12929329257329], [-86.06545585324051, 22.12929329257329], [-86.06545585324051, 22.084337349397604], [-85.97554396688912, 22.084337349397604], [-85.97554396688912, 22.039381406221914], [-85.79572019418634, 21.994425463046227], [-85.79572019418634, 21.94946951987054], [-85.70580830783496, 21.94946951987054], [-85.70580830783496, 21.90451357669485], [-85.61589642148357, 21.90451357669485], [-85.61589642148357, 21.859557633519163], [-85.4360726487808, 21.814601690343476], [-85.4360726487808, 21.769645747167786], [-85.3461607624294, 21.769645747167786], [-85.3461607624294, 21.7246898039921], [-85.21129293290232, 21.7246898039921], [-85.21129293290232, 21.679733860816413], [-85.12138104655094, 21.679733860816413], [-85.12138104655094, 21.634777917640722], [-85.03146916019955, 21.634777917640722], [-85.03146916019955, 21.589821974465035], [-84.85164538749677, 21.54486603128935], [-84.80668944432108, 21.45495414493797], [-84.71677755796969, 21.45495414493797], [-84.71677755796969, 21.409998201762285], [-84.6268656716183, 21.409998201762285], [-84.6268656716183, 21.365042258586598], [-84.44704189891553, 21.320086315410908], [-84.40208595573984, 21.230174429059534], [-84.31217406938845, 21.230174429059534], [-84.26721812621275, 21.140262542708157], [-84.17730623986137, 21.140262542708157], [-84.13235029668567, 21.05035065635678], [-84.04243841033428, 21.05035065635678], [-84.04243841033428, 21.005394713181094], [-83.99748246715859, 21.005394713181094], [-83.99748246715859, 20.960438770005407], [-83.9075705808072, 20.960438770005407], [-83.86261463763151, 20.87052688365403], [-83.77270275128012, 20.87052688365403], [-83.77270275128012, 20.825570940478343], [-83.72774680810443, 20.825570940478343], [-83.72774680810443, 20.780614997302656], [-83.63783492175304, 20.780614997302656], [-83.59287897857735, 20.69070311095128], [-83.50296709222596, 20.69070311095128], [-83.45801114905026, 20.600791224599902], [-83.36809926269888, 20.600791224599902], [-83.27818737634749, 20.46592339507284], [-83.1882754899961, 20.46592339507284], [-83.1882754899961, 20.420967451897152], [-83.14331954682041, 20.420967451897152], [-83.14331954682041, 20.376011508721465], [-83.05340766046902, 20.376011508721465], [-82.96349577411763, 20.2411436791944], [-82.87358388776624, 20.2411436791944], [-82.82862794459055, 20.151231792843024], [-82.73871605823916, 20.151231792843024], [-82.64880417188778, 20.01636396331596], [-82.55889228553639, 20.01636396331596], [-82.5139363423607, 19.926452076964587], [-82.4240244560093, 19.926452076964587], [-82.37906851283361, 19.83654019061321], [-82.28915662648222, 19.83654019061321], [-82.24420068330653, 19.746628304261833], [-82.15428879695514, 19.746628304261833], [-82.10933285377945, 19.65671641791046], [-82.01942096742806, 19.65671641791046], [-81.97446502425237, 19.566804531559082], [-81.79464125154959, 19.521848588383396], [-81.79464125154959, 19.476892645207705], [-81.65977342202251, 19.476892645207705], [-81.65977342202251, 19.43193670203202], [-81.47994964931974, 19.43193670203202], [-81.47994964931974, 19.386980758856332], [-81.07534616073849, 19.386980758856332], [-81.07534616073849, 19.43193670203202], [-80.80561050168433, 19.476892645207705], [-80.76065455850863, 19.566804531559082], [-80.67074267215725, 19.566804531559082], [-80.67074267215725, 19.61176047473477], [-80.53587484263016, 19.701672361086146], [-80.53587484263016, 19.791584247437523], [-80.44596295627878, 19.83654019061321], [-80.44596295627878, 19.926452076964587], [-80.40100701310308, 19.926452076964587], [-80.40100701310308, 20.061319906491647], [-80.35605106992739, 20.061319906491647], [-80.35605106992739, 20.2411436791944], [-80.3110951267517, 20.2411436791944], [-80.3110951267517, 20.960438770005407], [-80.35605106992739, 20.960438770005407], [-80.35605106992739, 21.140262542708157], [-80.40100701310308, 21.140262542708157], [-80.40100701310308, 21.230174429059534], [-80.44596295627878, 21.230174429059534], [-80.44596295627878, 21.365042258586598], [-80.49091889945447, 21.365042258586598], [-80.49091889945447, 21.45495414493797], [-80.58083078580586, 21.49991008811366], [-80.58083078580586, 21.589821974465035], [-80.62578672898155, 21.589821974465035], [-80.62578672898155, 21.634777917640722], [-80.76065455850863, 21.7246898039921], [-80.76065455850863, 21.814601690343476], [-80.80561050168433, 21.814601690343476], [-80.80561050168433, 21.859557633519163], [-80.85056644486002, 21.859557633519163], [-80.85056644486002, 21.90451357669485], [-80.9854342743871, 21.994425463046227], [-80.9854342743871, 22.084337349397604], [-81.0303902175628, 22.084337349397604], [-81.0303902175628, 22.12929329257329], [-81.07534616073849, 22.12929329257329], [-81.07534616073849, 22.174249235748977], [-81.12030210391418, 22.174249235748977], [-81.12030210391418, 22.219205178924668], [-81.16525804708988, 22.219205178924668], [-81.16525804708988, 22.264161122100354], [-81.21021399026557, 22.264161122100354], [-81.21021399026557, 22.30911706527604], [-81.25516993344127, 22.30911706527604], [-81.25516993344127, 22.354073008451728], [-81.39003776296835, 22.443984894803105], [-81.39003776296835, 22.533896781154482], [-81.43499370614404, 22.533896781154482], [-81.43499370614404, 22.57885272433017], [-81.47994964931974, 22.57885272433017], [-81.47994964931974, 22.623808667505855], [-81.52490559249543, 22.623808667505855], [-81.52490559249543, 22.668764610681546], [-81.65977342202251, 22.75867649703292], [-81.65977342202251, 22.848588383384296], [-81.7496853083739, 22.893544326559983], [-81.7496853083739, 22.98345621291136], [-81.79464125154959, 22.98345621291136], [-81.79464125154959, 23.073368099262733], [-81.83959719472529, 23.073368099262733], [-81.83959719472529, 23.16327998561411], [-81.88455313790098, 23.16327998561411], [-81.88455313790098, 23.253191871965488], [-81.92950908107667, 23.253191871965488], [-81.92950908107667, 23.34310375831686], [-81.97446502425237, 23.34310375831686], [-81.97446502425237, 23.61283941737099], [-82.06437691060376, 23.65779536054668], [-82.06437691060376, 23.747707246898052], [-82.15428879695514, 23.79266319007374], [-82.15428879695514, 23.882575076425116], [-82.19924474013084, 23.882575076425116], [-82.19924474013084, 23.927531019600803], [-82.33411256965792, 24.01744290595218], [-82.37906851283361, 24.19726667865493], [-82.468980399185, 24.24222262183062], [-82.468980399185, 24.332134508181994], [-82.5139363423607, 24.332134508181994], [-82.5139363423607, 24.42204639453337], [-82.55889228553639, 24.42204639453337], [-82.55889228553639, 24.511958280884745], [-82.60384822871208, 24.511958280884745], [-82.60384822871208, 24.6917820535875], [-82.64880417188778, 24.6917820535875], [-82.64880417188778, 24.826649883114563], [-82.69376011506347, 24.826649883114563], [-82.69376011506347, 24.961517712641626], [-82.73871605823916, 24.961517712641626], [-82.73871605823916, 25.09638554216869], [-82.78367200141486, 25.09638554216869], [-82.82862794459055, 25.366121201222814], [-82.87358388776624, 25.366121201222814], [-82.87358388776624, 25.45603308757419], [-82.91853983094194, 25.45603308757419], [-82.91853983094194, 25.545944973925568], [-82.96349577411763, 25.545944973925568], [-82.96349577411763, 25.63585686027694], [-83.00845171729333, 25.63585686027694], [-83.00845171729333, 25.770724689804005], [-83.05340766046902, 25.770724689804005], [-83.05340766046902, 25.860636576155382], [-83.09836360364471, 25.860636576155382], [-83.09836360364471, 25.950548462506756], [-83.14331954682041, 25.950548462506756], [-83.14331954682041, 26.040460348858133], [-83.1882754899961, 26.040460348858133], [-83.1882754899961, 26.13037223520951], [-83.2332314331718, 26.13037223520951], [-83.2332314331718, 26.220284121560884], [-83.27818737634749, 26.220284121560884], [-83.27818737634749, 26.31019600791226], [-83.32314331952318, 26.31019600791226], [-83.36809926269888, 26.49001978061501], [-83.45801114905026, 26.5349757237907], [-83.45801114905026, 26.624887610142075], [-83.54792303540165, 26.66984355331776], [-83.54792303540165, 26.75975543966914], [-83.68279086492873, 26.849667326020516], [-83.68279086492873, 26.93957921237189], [-83.81765869445582, 27.029491098723266], [-83.86261463763151, 27.209314871426017], [-83.99748246715859, 27.299226757777394], [-83.99748246715859, 27.389138644128767], [-84.04243841033428, 27.389138644128767], [-84.04243841033428, 27.479050530480144], [-84.13235029668567, 27.52400647365583], [-84.13235029668567, 27.658874303182895], [-84.17730623986137, 27.658874303182895], [-84.17730623986137, 27.748786189534272], [-84.22226218303706, 27.748786189534272], [-84.26721812621275, 27.928609962237022], [-84.35713001256414, 27.973565905412713], [-84.40208595573984, 28.153389678115463], [-84.49199784209122, 28.19834562129115], [-84.49199784209122, 28.288257507642527], [-84.53695378526692, 28.288257507642527], [-84.58190972844261, 28.468081280345277], [-84.671821614794, 28.513037223520964], [-84.671821614794, 28.60294910987234], [-84.71677755796969, 28.60294910987234], [-84.76173350114539, 28.78277288257509], [-84.80668944432108, 28.78277288257509], [-84.80668944432108, 28.82772882575078], [-84.85164538749677, 28.82772882575078], [-84.85164538749677, 28.917640712102155], [-84.98651321702386, 29.007552598453533], [-84.98651321702386, 29.097464484804906], [-85.07642510337524, 29.142420427980596], [-85.07642510337524, 29.23233231433197], [-85.16633698972663, 29.27728825750766], [-85.16633698972663, 29.367200143859034], [-85.21129293290232, 29.367200143859034], [-85.21129293290232, 29.412156087034724], [-85.25624887607802, 29.412156087034724], [-85.25624887607802, 29.45711203021041], [-85.3911167056051, 29.547023916561784], [-85.3911167056051, 29.591979859737474], [-85.48102859195649, 29.591979859737474], [-85.48102859195649, 29.63693580291316], [-85.52598453513218, 29.63693580291316], [-85.52598453513218, 29.681891746088848], [-85.57094047830788, 29.681891746088848], [-85.57094047830788, 29.726847689264538], [-85.61589642148357, 29.726847689264538], [-85.61589642148357, 29.771803632440225], [-85.75076425101065, 29.861715518791602], [-85.79572019418634, 30.041539291494352], [-85.84067613736204, 30.041539291494352], [-85.84067613736204, 30.08649523467004], [-85.88563208053773, 30.08649523467004], [-85.88563208053773, 30.131451177845726], [-85.93058802371343, 30.131451177845726], [-86.02049991006481, 30.26631900737279], [-86.1104117964162, 30.26631900737279], [-86.1104117964162, 30.31127495054848], [-86.20032368276759, 30.31127495054848], [-86.20032368276759, 30.356230893724167], [-86.29023556911898, 30.356230893724167], [-86.29023556911898, 30.401186836899853], [-86.42510339864606, 30.401186836899853], [-86.42510339864606, 30.446142780075544], [-86.51501528499745, 30.446142780075544], [-86.51501528499745, 30.49109872325123], [-86.60492717134883, 30.49109872325123], [-86.60492717134883, 30.536054666426917], [-86.64988311452453, 30.536054666426917], [-86.64988311452453, 30.625966552778294], [-86.69483905770022, 30.625966552778294], [-86.69483905770022, 30.71587843912967], [-86.73979500087592, 30.71587843912967], [-86.78475094405161, 30.895702211832422], [-86.874662830403, 30.94065815500811], [-86.91961877357869, 31.12048192771086], [-87.00953065993008, 31.16543787088655], [-87.00953065993008, 31.255349757237923], [-87.05448660310577, 31.255349757237923], [-87.05448660310577, 31.300305700413613], [-87.09944254628147, 31.300305700413613], [-87.09944254628147, 31.390217586764987], [-87.18935443263285, 31.435173529940677], [-87.18935443263285, 31.52508541629205], [-87.23431037580855, 31.52508541629205], [-87.23431037580855, 31.614997302643427], [-87.27926631898424, 31.614997302643427], [-87.27926631898424, 31.7049091889948], [-87.32422226215994, 31.7049091889948], [-87.32422226215994, 31.794821075346178], [-87.36917820533563, 31.794821075346178], [-87.36917820533563, 31.884732961697555], [-87.45909009168702, 31.92968890487324], [-87.45909009168702, 32.01960079122462], [-87.50404603486271, 32.01960079122462], [-87.5490019780384, 32.199424563927366], [-87.5939579212141, 32.199424563927366], [-87.5939579212141, 32.24438050710306], [-87.63891386438979, 32.24438050710306], [-87.63891386438979, 32.33429239345443], [-87.72882575074118, 32.37924833663012], [-87.72882575074118, 32.4691602229815], [-87.77378169391687, 32.4691602229815], [-87.77378169391687, 32.559072109332874], [-87.86369358026826, 32.60402805250856], [-87.86369358026826, 32.693939938859934], [-87.95360546661965, 32.73889588203562], [-87.95360546661965, 32.828807768386994], [-87.99856140979534, 32.828807768386994], [-88.04351735297104, 32.918719654738375], [-88.13342923932242, 32.918719654738375], [-88.13342923932242, 32.96367559791406], [-88.17838518249812, 32.96367559791406], [-88.17838518249812, 33.00863154108975], [-88.22334112567381, 33.00863154108975], [-88.22334112567381, 33.053587484265435], [-88.3582089552009, 33.143499370616816], [-88.3582089552009, 33.23341125696819], [-88.40316489837659, 33.23341125696819], [-88.40316489837659, 33.278367200143876], [-88.53803272790367, 33.36827908649525], [-88.53803272790367, 33.45819097284663], [-88.58298867107936, 33.45819097284663], [-88.62794461425506, 33.548102859198], [-88.71785650060644, 33.548102859198], [-88.71785650060644, 33.59305880237369], [-88.76281244378214, 33.59305880237369], [-88.76281244378214, 33.63801474554938], [-88.80776838695783, 33.63801474554938], [-88.80776838695783, 33.68297068872507], [-88.85272433013353, 33.68297068872507], [-88.85272433013353, 33.72792663190076], [-88.89768027330922, 33.72792663190076], [-88.98759215966061, 33.86279446142782], [-89.077504046012, 33.86279446142782], [-89.12245998918769, 33.9527063477792], [-89.21237187553908, 33.9527063477792], [-89.21237187553908, 33.997662290954885], [-89.30228376189046, 33.997662290954885], [-89.30228376189046, 34.04261823413057], [-89.39219564824185, 34.04261823413057], [-89.39219564824185, 34.08757417730626], [-89.52706347776893, 34.08757417730626], [-89.52706347776893, 34.132530120481945], [-89.61697536412032, 34.132530120481945], [-89.61697536412032, 34.17748606365763], [-89.88671102317448, 34.22244200683332], [-89.88671102317448, 34.26739795000901], [-90.06653479587726, 34.26739795000901], [-90.06653479587726, 34.3123538931847], [-90.20140262540434, 34.3123538931847], [-90.20140262540434, 34.357309836360386], [-90.4711382844585, 34.40226577953607], [-90.4711382844585, 34.44722172271176], [-90.5160942276342, 34.44722172271176], [-90.5160942276342, 34.40226577953607], [-90.92069771621544, 34.40226577953607], [-90.92069771621544, 34.357309836360386], [-91.37025714797238, 34.357309836360386], [-91.37025714797238, 34.3123538931847], [-91.59503686385085, 34.3123538931847], [-91.59503686385085, 34.26739795000901], [-91.77486063655363, 34.26739795000901], [-91.77486063655363, 34.22244200683332], [-91.9546844092564, 34.22244200683332], [-91.9546844092564, 34.17748606365763], [-92.08955223878348, 34.17748606365763], [-92.08955223878348, 34.132530120481945], [-92.17946412513487, 34.132530120481945], [-92.17946412513487, 34.08757417730626], [-92.26937601148626, 34.08757417730626], [-92.26937601148626, 34.04261823413057], [-92.40424384101334, 34.04261823413057], [-92.40424384101334, 33.997662290954885], [-92.49415572736473, 33.997662290954885], [-92.49415572736473, 33.9527063477792], [-92.53911167054042, 33.9527063477792], [-92.53911167054042, 33.907750404603505], [-92.62902355689181, 33.907750404603505], [-92.7189354432432, 33.772882575076444], [-92.80884732959458, 33.772882575076444], [-92.80884732959458, 33.72792663190076], [-92.85380327277028, 33.72792663190076], [-92.94371515912167, 33.59305880237369], [-93.03362704547305, 33.59305880237369], [-93.07858298864875, 33.50314691602232], [-93.16849487500014, 33.50314691602232], [-93.21345081817583, 33.41323502967094], [-93.30336270452722, 33.41323502967094], [-93.30336270452722, 33.36827908649525], [-93.34831864770291, 33.36827908649525], [-93.4382305340543, 33.23341125696819], [-93.52814242040569, 33.23341125696819], [-93.52814242040569, 33.1884553137925], [-93.57309836358138, 33.1884553137925], [-93.57309836358138, 33.143499370616816], [-93.61805430675707, 33.143499370616816], [-93.61805430675707, 33.09854342744113], [-93.66301024993277, 33.09854342744113], [-93.66301024993277, 33.053587484265435], [-93.70796619310846, 33.053587484265435], [-93.70796619310846, 33.00863154108975], [-93.75292213628416, 33.00863154108975], [-93.75292213628416, 32.96367559791406], [-93.79787807945985, 32.96367559791406], [-93.79787807945985, 32.918719654738375], [-93.93274590898693, 32.828807768386994], [-93.93274590898693, 32.73889588203562], [-93.97770185216262, 32.73889588203562], [-93.97770185216262, 32.693939938859934], [-94.1125696816897, 32.60402805250856], [-94.1125696816897, 32.51411616615718], [-94.2024815680411, 32.4691602229815], [-94.24743751121679, 32.289336450278746], [-94.33734939756818, 32.24438050710306], [-94.33734939756818, 32.154468620751686], [-94.38230534074387, 32.154468620751686], [-94.38230534074387, 32.064556734400306], [-94.42726128391956, 32.064556734400306], [-94.47221722709526, 31.794821075346178], [-94.51717317027095, 31.794821075346178], [-94.51717317027095, 31.7049091889948], [-94.56212911344664, 31.7049091889948], [-94.56212911344664, 31.614997302643427], [-94.60708505662234, 31.614997302643427], [-94.60708505662234, 31.52508541629205], [-94.65204099979803, 31.52508541629205], [-94.65204099979803, 31.435173529940677], [-94.69699694297373, 31.435173529940677], [-94.69699694297373, 31.3452616435893], [-94.74195288614942, 31.3452616435893], [-94.74195288614942, 31.255349757237923], [-94.78690882932511, 31.255349757237923], [-94.78690882932511, 31.16543787088655], [-94.83186477250081, 31.16543787088655], [-94.83186477250081, 30.985614098183795], [-94.8768207156765, 30.985614098183795], [-94.8768207156765, 30.805790325481045], [-94.9217766588522, 30.805790325481045], [-94.9217766588522, 30.536054666426917], [-94.96673260202789, 30.536054666426917], [-94.96673260202789, 29.726847689264538], [-94.9217766588522, 29.726847689264538], [-94.9217766588522, 29.502067973386097], [-94.96673260202789, 29.502067973386097], [-94.96673260202789, 29.412156087034724], [-95.01168854520358, 29.412156087034724], [-95.01168854520358, 29.322244200683347], [-95.05664448837928, 29.322244200683347], [-95.05664448837928, 29.187376371156283], [-95.10160043155497, 29.187376371156283], [-95.10160043155497, 28.78277288257509]]]]}}, {"type": "Feature", "properties": {"shapefile": "2021082712_wsp34knt120hr_5km", "PERCENTAGE": "20-30%"}, "geometry": {"type": "MultiPolygon", "coordinates": [[[[-95.10160043155497, 28.78277288257509], [-95.10160043155497, 29.187376371156283], [-95.05664448837928, 29.187376371156283], [-95.05664448837928, 29.322244200683347], [-95.01168854520358, 29.322244200683347], [-95.01168854520358, 29.412156087034724], [-94.96673260202789, 29.412156087034724], [-94.96673260202789, 29.502067973386097], [-94.9217766588522, 29.502067973386097], [-94.9217766588522, 29.726847689264538], [-94.96673260202789, 29.726847689264538], [-94.96673260202789, 30.536054666426917], [-94.9217766588522, 30.536054666426917], [-94.9217766588522, 30.805790325481045], [-94.8768207156765, 30.805790325481045], [-94.83186477250081, 31.16543787088655], [-94.78690882932511, 31.16543787088655], [-94.78690882932511, 31.255349757237923], [-94.74195288614942, 31.255349757237923], [-94.74195288614942, 31.3452616435893], [-94.69699694297373, 31.3452616435893], [-94.69699694297373, 31.435173529940677], [-94.65204099979803, 31.435173529940677], [-94.65204099979803, 31.52508541629205], [-94.60708505662234, 31.52508541629205], [-94.60708505662234, 31.614997302643427], [-94.56212911344664, 31.614997302643427], [-94.56212911344664, 31.7049091889948], [-94.51717317027095, 31.7049091889948], [-94.51717317027095, 31.794821075346178], [-94.47221722709526, 31.794821075346178], [-94.42726128391956, 32.064556734400306], [-94.38230534074387, 32.064556734400306], [-94.33734939756818, 32.24438050710306], [-94.24743751121679, 32.289336450278746], [-94.2024815680411, 32.4691602229815], [-94.1125696816897, 32.51411616615718], [-94.1125696816897, 32.60402805250856], [-94.06761373851401, 32.60402805250856], [-94.06761373851401, 32.64898399568425], [-93.93274590898693, 32.73889588203562], [-93.93274590898693, 32.828807768386994], [-93.88778996581124, 32.828807768386994], [-93.88778996581124, 32.87376371156269], [-93.84283402263554, 32.87376371156269], [-93.84283402263554, 32.918719654738375], [-93.79787807945985, 32.918719654738375], [-93.79787807945985, 32.96367559791406], [-93.75292213628416, 32.96367559791406], [-93.75292213628416, 33.00863154108975], [-93.70796619310846, 33.00863154108975], [-93.70796619310846, 33.053587484265435], [-93.66301024993277, 33.053587484265435], [-93.66301024993277, 33.09854342744113], [-93.61805430675707, 33.09854342744113], [-93.52814242040569, 33.23341125696819], [-93.4382305340543, 33.23341125696819], [-93.4382305340543, 33.278367200143876], [-93.3932745908786, 33.278367200143876], [-93.30336270452722, 33.41323502967094], [-93.21345081817583, 33.41323502967094], [-93.16849487500014, 33.50314691602232], [-93.07858298864875, 33.50314691602232], [-93.03362704547305, 33.59305880237369], [-92.94371515912167, 33.59305880237369], [-92.94371515912167, 33.63801474554938], [-92.89875921594597, 33.63801474554938], [-92.80884732959458, 33.772882575076444], [-92.7189354432432, 33.772882575076444], [-92.7189354432432, 33.81783851825213], [-92.6739795000675, 33.81783851825213], [-92.62902355689181, 33.907750404603505], [-92.53911167054042, 33.907750404603505], [-92.49415572736473, 33.997662290954885], [-92.40424384101334, 33.997662290954885], [-92.40424384101334, 34.04261823413057], [-92.26937601148626, 34.04261823413057], [-92.26937601148626, 34.08757417730626], [-92.17946412513487, 34.08757417730626], [-92.17946412513487, 34.132530120481945], [-92.08955223878348, 34.132530120481945], [-92.08955223878348, 34.17748606365763], [-91.9546844092564, 34.17748606365763], [-91.9546844092564, 34.22244200683332], [-91.77486063655363, 34.22244200683332], [-91.77486063655363, 34.26739795000901], [-91.59503686385085, 34.26739795000901], [-91.59503686385085, 34.3123538931847], [-91.37025714797238, 34.3123538931847], [-91.37025714797238, 34.357309836360386], [-90.92069771621544, 34.357309836360386], [-90.92069771621544, 34.40226577953607], [-90.5160942276342, 34.40226577953607], [-90.5160942276342, 34.44722172271176], [-90.4711382844585, 34.44722172271176], [-90.4711382844585, 34.40226577953607], [-90.33627045493142, 34.40226577953607], [-90.33627045493142, 34.357309836360386], [-90.20140262540434, 34.357309836360386], [-90.20140262540434, 34.3123538931847], [-90.06653479587726, 34.3123538931847], [-90.06653479587726, 34.26739795000901], [-89.88671102317448, 34.26739795000901], [-89.88671102317448, 34.22244200683332], [-89.61697536412032, 34.17748606365763], [-89.61697536412032, 34.132530120481945], [-89.52706347776893, 34.132530120481945], [-89.52706347776893, 34.08757417730626], [-89.39219564824185, 34.08757417730626], [-89.39219564824185, 34.04261823413057], [-89.30228376189046, 34.04261823413057], [-89.30228376189046, 33.997662290954885], [-89.12245998918769, 33.9527063477792], [-89.12245998918769, 33.907750404603505], [-89.077504046012, 33.907750404603505], [-89.077504046012, 33.86279446142782], [-88.98759215966061, 33.86279446142782], [-88.98759215966061, 33.81783851825213], [-88.94263621648491, 33.81783851825213], [-88.94263621648491, 33.772882575076444], [-88.89768027330922, 33.772882575076444], [-88.89768027330922, 33.72792663190076], [-88.85272433013353, 33.72792663190076], [-88.85272433013353, 33.68297068872507], [-88.80776838695783, 33.68297068872507], [-88.71785650060644, 33.548102859198], [-88.62794461425506, 33.548102859198], [-88.62794461425506, 33.50314691602232], [-88.53803272790367, 33.45819097284663], [-88.53803272790367, 33.36827908649525], [-88.49307678472798, 33.36827908649525], [-88.49307678472798, 33.32332314331956], [-88.3582089552009, 33.23341125696819], [-88.3582089552009, 33.143499370616816], [-88.3132530120252, 33.143499370616816], [-88.3132530120252, 33.09854342744113], [-88.2682970688495, 33.09854342744113], [-88.2682970688495, 33.053587484265435], [-88.22334112567381, 33.053587484265435], [-88.13342923932242, 32.918719654738375], [-88.04351735297104, 32.918719654738375], [-88.04351735297104, 32.87376371156269], [-87.95360546661965, 32.828807768386994], [-87.95360546661965, 32.73889588203562], [-87.90864952344396, 32.73889588203562], [-87.90864952344396, 32.693939938859934], [-87.86369358026826, 32.693939938859934], [-87.86369358026826, 32.60402805250856], [-87.77378169391687, 32.559072109332874], [-87.72882575074118, 32.37924833663012], [-87.68386980756549, 32.37924833663012], [-87.68386980756549, 32.33429239345443], [-87.63891386438979, 32.33429239345443], [-87.63891386438979, 32.24438050710306], [-87.5490019780384, 32.199424563927366], [-87.5490019780384, 32.10951267757599], [-87.50404603486271, 32.10951267757599], [-87.45909009168702, 31.92968890487324], [-87.36917820533563, 31.884732961697555], [-87.36917820533563, 31.794821075346178], [-87.32422226215994, 31.794821075346178], [-87.32422226215994, 31.7049091889948], [-87.27926631898424, 31.7049091889948], [-87.27926631898424, 31.614997302643427], [-87.23431037580855, 31.614997302643427], [-87.18935443263285, 31.435173529940677], [-87.09944254628147, 31.390217586764987], [-87.09944254628147, 31.300305700413613], [-87.05448660310577, 31.300305700413613], [-87.05448660310577, 31.255349757237923], [-87.00953065993008, 31.255349757237923], [-87.00953065993008, 31.16543787088655], [-86.91961877357869, 31.12048192771086], [-86.874662830403, 30.94065815500811], [-86.78475094405161, 30.895702211832422], [-86.78475094405161, 30.805790325481045], [-86.73979500087592, 30.805790325481045], [-86.73979500087592, 30.71587843912967], [-86.69483905770022, 30.71587843912967], [-86.69483905770022, 30.625966552778294], [-86.64988311452453, 30.625966552778294], [-86.64988311452453, 30.536054666426917], [-86.60492717134883, 30.536054666426917], [-86.60492717134883, 30.49109872325123], [-86.51501528499745, 30.49109872325123], [-86.51501528499745, 30.446142780075544], [-86.42510339864606, 30.446142780075544], [-86.42510339864606, 30.401186836899853], [-86.29023556911898, 30.401186836899853], [-86.29023556911898, 30.356230893724167], [-86.20032368276759, 30.356230893724167], [-86.20032368276759, 30.31127495054848], [-86.02049991006481, 30.26631900737279], [-86.02049991006481, 30.221363064197103], [-85.97554396688912, 30.221363064197103], [-85.97554396688912, 30.176407121021416], [-85.93058802371343, 30.176407121021416], [-85.93058802371343, 30.131451177845726], [-85.79572019418634, 30.041539291494352], [-85.75076425101065, 29.861715518791602], [-85.70580830783496, 29.861715518791602], [-85.70580830783496, 29.81675957561591], [-85.66085236465926, 29.81675957561591], [-85.66085236465926, 29.771803632440225], [-85.61589642148357, 29.771803632440225], [-85.61589642148357, 29.726847689264538], [-85.57094047830788, 29.726847689264538], [-85.48102859195649, 29.591979859737474], [-85.3911167056051, 29.591979859737474], [-85.3911167056051, 29.547023916561784], [-85.3461607624294, 29.547023916561784], [-85.3461607624294, 29.502067973386097], [-85.30120481925371, 29.502067973386097], [-85.30120481925371, 29.45711203021041], [-85.16633698972663, 29.367200143859034], [-85.16633698972663, 29.27728825750766], [-85.07642510337524, 29.23233231433197], [-85.07642510337524, 29.142420427980596], [-84.98651321702386, 29.097464484804906], [-84.98651321702386, 29.007552598453533], [-84.94155727384816, 29.007552598453533], [-84.94155727384816, 28.962596655277842], [-84.85164538749677, 28.917640712102155], [-84.85164538749677, 28.82772882575078], [-84.76173350114539, 28.78277288257509], [-84.76173350114539, 28.692860996223715], [-84.71677755796969, 28.692860996223715], [-84.671821614794, 28.513037223520964], [-84.58190972844261, 28.468081280345277], [-84.58190972844261, 28.3781693939939], [-84.53695378526692, 28.3781693939939], [-84.49199784209122, 28.19834562129115], [-84.40208595573984, 28.153389678115463], [-84.35713001256414, 27.973565905412713], [-84.26721812621275, 27.928609962237022], [-84.26721812621275, 27.83869807588565], [-84.22226218303706, 27.83869807588565], [-84.22226218303706, 27.748786189534272], [-84.17730623986137, 27.748786189534272], [-84.17730623986137, 27.658874303182895], [-84.13235029668567, 27.658874303182895], [-84.13235029668567, 27.52400647365583], [-84.04243841033428, 27.479050530480144], [-83.99748246715859, 27.299226757777394], [-83.86261463763151, 27.209314871426017], [-83.81765869445582, 27.029491098723266], [-83.68279086492873, 26.93957921237189], [-83.68279086492873, 26.849667326020516], [-83.54792303540165, 26.75975543966914], [-83.54792303540165, 26.66984355331776], [-83.50296709222596, 26.66984355331776], [-83.50296709222596, 26.624887610142075], [-83.45801114905026, 26.624887610142075], [-83.45801114905026, 26.5349757237907], [-83.36809926269888, 26.49001978061501], [-83.36809926269888, 26.400107894263638], [-83.32314331952318, 26.400107894263638], [-83.32314331952318, 26.31019600791226], [-83.27818737634749, 26.31019600791226], [-83.27818737634749, 26.220284121560884], [-83.2332314331718, 26.220284121560884], [-83.2332314331718, 26.13037223520951], [-83.1882754899961, 26.13037223520951], [-83.1882754899961, 26.040460348858133], [-83.14331954682041, 26.040460348858133], [-83.14331954682041, 25.950548462506756], [-83.09836360364471, 25.950548462506756], [-83.09836360364471, 25.860636576155382], [-83.05340766046902, 25.860636576155382], [-83.05340766046902, 25.770724689804005], [-83.00845171729333, 25.770724689804005], [-83.00845171729333, 25.63585686027694], [-82.96349577411763, 25.63585686027694], [-82.96349577411763, 25.545944973925568], [-82.91853983094194, 25.545944973925568], [-82.91853983094194, 25.45603308757419], [-82.87358388776624, 25.45603308757419], [-82.87358388776624, 25.366121201222814], [-82.82862794459055, 25.366121201222814], [-82.82862794459055, 25.23125337169575], [-82.78367200141486, 25.23125337169575], [-82.78367200141486, 25.09638554216869], [-82.73871605823916, 25.09638554216869], [-82.73871605823916, 24.961517712641626], [-82.69376011506347, 24.961517712641626], [-82.69376011506347, 24.826649883114563], [-82.64880417188778, 24.826649883114563], [-82.64880417188778, 24.6917820535875], [-82.60384822871208, 24.6917820535875], [-82.60384822871208, 24.511958280884745], [-82.55889228553639, 24.511958280884745], [-82.55889228553639, 24.42204639453337], [-82.5139363423607, 24.42204639453337], [-82.468980399185, 24.24222262183062], [-82.37906851283361, 24.19726667865493], [-82.33411256965792, 24.01744290595218], [-82.28915662648222, 24.01744290595218], [-82.28915662648222, 23.972486962776493], [-82.15428879695514, 23.882575076425116], [-82.15428879695514, 23.79266319007374], [-82.10933285377945, 23.79266319007374], [-82.10933285377945, 23.747707246898052], [-82.06437691060376, 23.747707246898052], [-82.06437691060376, 23.65779536054668], [-81.97446502425237, 23.61283941737099], [-81.97446502425237, 23.34310375831686], [-81.92950908107667, 23.34310375831686], [-81.92950908107667, 23.253191871965488], [-81.88455313790098, 23.253191871965488], [-81.88455313790098, 23.16327998561411], [-81.83959719472529, 23.16327998561411], [-81.83959719472529, 23.073368099262733], [-81.79464125154959, 23.073368099262733], [-81.7496853083739, 22.893544326559983], [-81.7047293651982, 22.893544326559983], [-81.7047293651982, 22.848588383384296], [-81.65977342202251, 22.848588383384296], [-81.65977342202251, 22.75867649703292], [-81.61481747884682, 22.75867649703292], [-81.61481747884682, 22.713720553857232], [-81.56986153567112, 22.713720553857232], [-81.56986153567112, 22.668764610681546], [-81.52490559249543, 22.668764610681546], [-81.52490559249543, 22.623808667505855], [-81.39003776296835, 22.533896781154482], [-81.39003776296835, 22.443984894803105], [-81.34508181979265, 22.443984894803105], [-81.34508181979265, 22.399028951627418], [-81.30012587661696, 22.399028951627418], [-81.30012587661696, 22.354073008451728], [-81.25516993344127, 22.354073008451728], [-81.25516993344127, 22.30911706527604], [-81.21021399026557, 22.30911706527604], [-81.21021399026557, 22.264161122100354], [-81.16525804708988, 22.264161122100354], [-81.16525804708988, 22.219205178924668], [-81.12030210391418, 22.219205178924668], [-81.12030210391418, 22.174249235748977], [-80.9854342743871, 22.084337349397604], [-80.9854342743871, 21.994425463046227], [-80.94047833121141, 21.994425463046227], [-80.94047833121141, 21.94946951987054], [-80.89552238803572, 21.94946951987054], [-80.89552238803572, 21.90451357669485], [-80.76065455850863, 21.814601690343476], [-80.76065455850863, 21.7246898039921], [-80.71569861533294, 21.7246898039921], [-80.71569861533294, 21.679733860816413], [-80.58083078580586, 21.589821974465035], [-80.58083078580586, 21.49991008811366], [-80.53587484263016, 21.49991008811366], [-80.53587484263016, 21.45495414493797], [-80.49091889945447, 21.45495414493797], [-80.49091889945447, 21.365042258586598], [-80.44596295627878, 21.365042258586598], [-80.44596295627878, 21.230174429059534], [-80.40100701310308, 21.230174429059534], [-80.40100701310308, 21.140262542708157], [-80.35605106992739, 21.140262542708157], [-80.35605106992739, 20.960438770005407], [-80.3110951267517, 20.960438770005407], [-80.3110951267517, 20.2411436791944], [-80.35605106992739, 20.2411436791944], [-80.35605106992739, 20.061319906491647], [-80.40100701310308, 20.061319906491647], [-80.40100701310308, 19.926452076964587], [-80.44596295627878, 19.926452076964587], [-80.44596295627878, 19.83654019061321], [-80.53587484263016, 19.791584247437523], [-80.53587484263016, 19.701672361086146], [-80.58083078580586, 19.701672361086146], [-80.67074267215725, 19.566804531559082], [-80.76065455850863, 19.566804531559082], [-80.80561050168433, 19.476892645207705], [-81.07534616073849, 19.43193670203202], [-81.07534616073849, 19.386980758856332], [-81.47994964931974, 19.386980758856332], [-81.47994964931974, 19.43193670203202], [-81.65977342202251, 19.43193670203202], [-81.65977342202251, 19.476892645207705], [-81.79464125154959, 19.476892645207705], [-81.79464125154959, 19.521848588383396], [-81.97446502425237, 19.566804531559082], [-82.01942096742806, 19.65671641791046], [-82.10933285377945, 19.65671641791046], [-82.15428879695514, 19.746628304261833], [-82.24420068330653, 19.746628304261833], [-82.28915662648222, 19.83654019061321], [-82.37906851283361, 19.83654019061321], [-82.4240244560093, 19.926452076964587], [-82.5139363423607, 19.926452076964587], [-82.55889228553639, 20.01636396331596], [-82.64880417188778, 20.01636396331596], [-82.73871605823916, 20.151231792843024], [-82.82862794459055, 20.151231792843024], [-82.82862794459055, 20.19618773601871], [-82.87358388776624, 20.19618773601871], [-82.87358388776624, 20.2411436791944], [-82.96349577411763, 20.2411436791944], [-83.05340766046902, 20.376011508721465], [-83.14331954682041, 20.376011508721465], [-83.1882754899961, 20.46592339507284], [-83.27818737634749, 20.46592339507284], [-83.36809926269888, 20.600791224599902], [-83.45801114905026, 20.600791224599902], [-83.50296709222596, 20.69070311095128], [-83.59287897857735, 20.69070311095128], [-83.63783492175304, 20.780614997302656], [-83.72774680810443, 20.780614997302656], [-83.72774680810443, 20.825570940478343], [-83.77270275128012, 20.825570940478343], [-83.77270275128012, 20.87052688365403], [-83.86261463763151, 20.87052688365403], [-83.9075705808072, 20.960438770005407], [-83.99748246715859, 20.960438770005407], [-83.99748246715859, 21.005394713181094], [-84.04243841033428, 21.005394713181094], [-84.04243841033428, 21.05035065635678], [-84.13235029668567, 21.05035065635678], [-84.17730623986137, 21.140262542708157], [-84.26721812621275, 21.140262542708157], [-84.31217406938845, 21.230174429059534], [-84.40208595573984, 21.230174429059534], [-84.44704189891553, 21.320086315410908], [-84.53695378526692, 21.320086315410908], [-84.53695378526692, 21.365042258586598], [-84.6268656716183, 21.365042258586598], [-84.6268656716183, 21.409998201762285], [-84.80668944432108, 21.45495414493797], [-84.85164538749677, 21.54486603128935], [-85.03146916019955, 21.589821974465035], [-85.03146916019955, 21.634777917640722], [-85.12138104655094, 21.634777917640722], [-85.12138104655094, 21.679733860816413], [-85.21129293290232, 21.679733860816413], [-85.21129293290232, 21.7246898039921], [-85.3461607624294, 21.7246898039921], [-85.3461607624294, 21.769645747167786], [-85.4360726487808, 21.769645747167786], [-85.4360726487808, 21.814601690343476], [-85.61589642148357, 21.859557633519163], [-85.61589642148357, 21.90451357669485], [-85.70580830783496, 21.90451357669485], [-85.70580830783496, 21.94946951987054], [-85.79572019418634, 21.94946951987054], [-85.79572019418634, 21.994425463046227], [-85.97554396688912, 22.039381406221914], [-85.97554396688912, 22.084337349397604], [-86.06545585324051, 22.084337349397604], [-86.06545585324051, 22.12929329257329], [-86.20032368276759, 22.12929329257329], [-86.20032368276759, 22.174249235748977], [-86.29023556911898, 22.174249235748977], [-86.29023556911898, 22.219205178924668], [-86.38014745547036, 22.219205178924668], [-86.38014745547036, 22.264161122100354], [-86.47005934182175, 22.264161122100354], [-86.47005934182175, 22.30911706527604], [-86.55997122817314, 22.30911706527604], [-86.55997122817314, 22.354073008451728], [-86.73979500087592, 22.399028951627418], [-86.8297068872273, 22.533896781154482], [-86.91961877357869, 22.533896781154482], [-86.96457471675438, 22.623808667505855], [-87.05448660310577, 22.623808667505855], [-87.05448660310577, 22.668764610681546], [-87.14439848945716, 22.668764610681546], [-87.14439848945716, 22.713720553857232], [-87.32422226215994, 22.75867649703292], [-87.36917820533563, 22.848588383384296], [-87.5490019780384, 22.893544326559983], [-87.5939579212141, 22.98345621291136], [-87.68386980756549, 22.98345621291136], [-87.68386980756549, 23.028412156087047], [-87.77378169391687, 23.028412156087047], [-87.77378169391687, 23.073368099262733], [-87.95360546661965, 23.118324042438424], [-87.99856140979534, 23.208235928789797], [-88.13342923932242, 23.208235928789797], [-88.13342923932242, 23.253191871965488], [-88.3132530120252, 23.298147815141174], [-88.3132530120252, 23.34310375831686], [-88.3582089552009, 23.34310375831686], [-88.44812084155228, 23.477971587843925], [-88.53803272790367, 23.477971587843925], [-88.53803272790367, 23.522927531019615], [-88.67290055743075, 23.522927531019615], [-88.67290055743075, 23.567883474195302], [-88.80776838695783, 23.567883474195302], [-88.80776838695783, 23.61283941737099], [-88.89768027330922, 23.61283941737099], [-88.89768027330922, 23.65779536054668], [-88.98759215966061, 23.65779536054668], [-88.98759215966061, 23.702751303722366], [-89.077504046012, 23.702751303722366], [-89.077504046012, 23.747707246898052], [-89.16741593236338, 23.747707246898052], [-89.16741593236338, 23.79266319007374], [-89.34723970506616, 23.83761913324943], [-89.43715159141755, 23.972486962776493], [-89.52706347776893, 23.972486962776493], [-89.52706347776893, 24.01744290595218], [-89.61697536412032, 24.01744290595218], [-89.61697536412032, 24.062398849127867], [-89.7518431936474, 24.062398849127867], [-89.7518431936474, 24.107354792303557], [-89.88671102317448, 24.107354792303557], [-89.88671102317448, 24.152310735479244], [-90.06653479587726, 24.19726667865493], [-90.06653479587726, 24.24222262183062], [-90.15644668222865, 24.24222262183062], [-90.15644668222865, 24.287178565006307], [-90.33627045493142, 24.332134508181994], [-90.33627045493142, 24.37709045135768], [-90.38122639810712, 24.37709045135768], [-90.38122639810712, 24.42204639453337], [-90.4711382844585, 24.42204639453337], [-90.5160942276342, 24.511958280884745], [-90.60600611398559, 24.511958280884745], [-90.60600611398559, 24.556914224060435], [-90.69591800033697, 24.556914224060435], [-90.69591800033697, 24.60187016723612], [-90.87574177303975, 24.64682611041181], [-90.87574177303975, 24.6917820535875], [-90.96565365939114, 24.6917820535875], [-90.96565365939114, 24.736737996763186], [-91.05556554574252, 24.736737996763186], [-91.05556554574252, 24.781693939938872], [-91.1904333752696, 24.781693939938872], [-91.1904333752696, 24.826649883114563], [-91.280345261621, 24.826649883114563], [-91.280345261621, 24.87160582629025], [-91.46016903432377, 24.916561769465936], [-91.46016903432377, 24.961517712641626], [-91.55008092067516, 24.961517712641626], [-91.55008092067516, 25.006473655817313], [-91.72990469337793, 25.051429598993], [-91.77486063655363, 25.141341485344377], [-91.86477252290501, 25.141341485344377], [-91.86477252290501, 25.186297428520064], [-91.90972846608071, 25.186297428520064], [-91.90972846608071, 25.23125337169575], [-91.9996403524321, 25.23125337169575], [-92.04459629560779, 25.321165258047127], [-92.13450818195918, 25.321165258047127], [-92.22442006831056, 25.45603308757419], [-92.31433195466195, 25.45603308757419], [-92.40424384101334, 25.590900917101255], [-92.49415572736473, 25.590900917101255], [-92.49415572736473, 25.63585686027694], [-92.58406761371612, 25.63585686027694], [-92.62902355689181, 25.72576874662832], [-92.7189354432432, 25.72576874662832], [-92.7189354432432, 25.770724689804005], [-92.76389138641889, 25.770724689804005], [-92.76389138641889, 25.815680632979692], [-92.80884732959458, 25.815680632979692], [-92.80884732959458, 25.860636576155382], [-92.85380327277028, 25.860636576155382], [-92.85380327277028, 25.90559251933107], [-92.89875921594597, 25.90559251933107], [-92.89875921594597, 25.950548462506756], [-92.94371515912167, 25.950548462506756], [-93.03362704547305, 26.08541629203382], [-93.12353893182444, 26.08541629203382], [-93.21345081817583, 26.220284121560884], [-93.30336270452722, 26.220284121560884], [-93.30336270452722, 26.265240064736574], [-93.4382305340543, 26.355151951087947], [-93.4382305340543, 26.445063837439324], [-93.48318647722999, 26.445063837439324], [-93.57309836358138, 26.579931666966388], [-93.66301024993277, 26.579931666966388], [-93.66301024993277, 26.624887610142075], [-93.79787807945985, 26.714799496493452], [-93.79787807945985, 26.804711382844825], [-93.84283402263554, 26.804711382844825], [-93.84283402263554, 26.849667326020516], [-93.93274590898693, 26.894623269196202], [-93.93274590898693, 26.98453515554758], [-93.97770185216262, 26.98453515554758], [-93.97770185216262, 27.029491098723266], [-94.02265779533832, 27.029491098723266], [-94.02265779533832, 27.074447041898953], [-94.06761373851401, 27.074447041898953], [-94.06761373851401, 27.119402985074643], [-94.1125696816897, 27.119402985074643], [-94.1125696816897, 27.16435892825033], [-94.24743751121679, 27.254270814601703], [-94.24743751121679, 27.34418270095308], [-94.33734939756818, 27.389138644128767], [-94.33734939756818, 27.479050530480144], [-94.38230534074387, 27.479050530480144], [-94.42726128391956, 27.658874303182895], [-94.56212911344664, 27.748786189534272], [-94.56212911344664, 27.83869807588565], [-94.65204099979803, 27.883654019061336], [-94.65204099979803, 27.973565905412713], [-94.69699694297373, 27.973565905412713], [-94.69699694297373, 28.0185218485884], [-94.74195288614942, 28.0185218485884], [-94.74195288614942, 28.108433734939773], [-94.83186477250081, 28.153389678115463], [-94.83186477250081, 28.243301564466837], [-94.8768207156765, 28.243301564466837], [-94.8768207156765, 28.333213450818214], [-94.9217766588522, 28.333213450818214], [-94.9217766588522, 28.42312533716959], [-95.01168854520358, 28.468081280345277], [-95.01168854520358, 28.60294910987234], [-95.05664448837928, 28.60294910987234], [-95.05664448837928, 28.78277288257509], [-95.10160043155497, 28.78277288257509]], [[-94.51717317027095, 28.962596655277842], [-94.47221722709526, 28.962596655277842], [-94.47221722709526, 28.87268476892647], [-94.42726128391956, 28.87268476892647], [-94.42726128391956, 28.692860996223715], [-94.38230534074387, 28.692860996223715], [-94.38230534074387, 28.557993166696654], [-94.33734939756818, 28.557993166696654], [-94.33734939756818, 28.468081280345277], [-94.29239345439248, 28.468081280345277], [-94.29239345439248, 28.3781693939939], [-94.24743751121679, 28.3781693939939], [-94.24743751121679, 28.288257507642527], [-94.2024815680411, 28.288257507642527], [-94.2024815680411, 28.153389678115463], [-94.1575256248654, 28.153389678115463], [-94.1575256248654, 28.063477791764086], [-94.06761373851401, 28.0185218485884], [-94.06761373851401, 27.928609962237022], [-93.97770185216262, 27.883654019061336], [-93.97770185216262, 27.79374213270996], [-93.88778996581124, 27.748786189534272], [-93.88778996581124, 27.658874303182895], [-93.79787807945985, 27.613918360007208], [-93.79787807945985, 27.52400647365583], [-93.75292213628416, 27.52400647365583], [-93.75292213628416, 27.479050530480144], [-93.61805430675707, 27.389138644128767], [-93.61805430675707, 27.299226757777394], [-93.57309836358138, 27.299226757777394], [-93.57309836358138, 27.254270814601703], [-93.52814242040569, 27.254270814601703], [-93.52814242040569, 27.209314871426017], [-93.48318647722999, 27.209314871426017], [-93.48318647722999, 27.16435892825033], [-93.4382305340543, 27.16435892825033], [-93.4382305340543, 27.119402985074643], [-93.3932745908786, 27.119402985074643], [-93.3932745908786, 27.074447041898953], [-93.34831864770291, 27.074447041898953], [-93.34831864770291, 27.029491098723266], [-93.30336270452722, 27.029491098723266], [-93.30336270452722, 26.98453515554758], [-93.25840676135152, 26.98453515554758], [-93.16849487500014, 26.849667326020516], [-93.07858298864875, 26.849667326020516], [-93.07858298864875, 26.804711382844825], [-93.03362704547305, 26.804711382844825], [-93.03362704547305, 26.75975543966914], [-92.98867110229736, 26.75975543966914], [-92.98867110229736, 26.714799496493452], [-92.94371515912167, 26.714799496493452], [-92.94371515912167, 26.66984355331776], [-92.89875921594597, 26.66984355331776], [-92.89875921594597, 26.624887610142075], [-92.85380327277028, 26.624887610142075], [-92.85380327277028, 26.579931666966388], [-92.80884732959458, 26.579931666966388], [-92.80884732959458, 26.5349757237907], [-92.76389138641889, 26.5349757237907], [-92.76389138641889, 26.49001978061501], [-92.62902355689181, 26.400107894263638], [-92.62902355689181, 26.355151951087947], [-92.53911167054042, 26.355151951087947], [-92.53911167054042, 26.31019600791226], [-92.49415572736473, 26.31019600791226], [-92.49415572736473, 26.265240064736574], [-92.44919978418903, 26.265240064736574], [-92.35928789783765, 26.13037223520951], [-92.26937601148626, 26.13037223520951], [-92.22442006831056, 26.040460348858133], [-92.13450818195918, 26.040460348858133], [-92.13450818195918, 25.995504405682446], [-92.08955223878348, 25.995504405682446], [-91.9996403524321, 25.860636576155382], [-91.90972846608071, 25.860636576155382], [-91.81981657972932, 25.72576874662832], [-91.63999280702654, 25.680812803452632], [-91.59503686385085, 25.590900917101255], [-91.41521309114808, 25.545944973925568], [-91.41521309114808, 25.500989030749878], [-91.37025714797238, 25.500989030749878], [-91.37025714797238, 25.45603308757419], [-91.280345261621, 25.45603308757419], [-91.2353893184453, 25.366121201222814], [-91.14547743209391, 25.366121201222814], [-91.14547743209391, 25.321165258047127], [-90.96565365939114, 25.27620931487144], [-90.92069771621544, 25.186297428520064], [-90.74087394351267, 25.141341485344377], [-90.74087394351267, 25.09638554216869], [-90.69591800033697, 25.09638554216869], [-90.69591800033697, 25.051429598993], [-90.60600611398559, 25.051429598993], [-90.56105017080989, 24.961517712641626], [-90.4711382844585, 24.961517712641626], [-90.4711382844585, 24.916561769465936], [-90.29131451175573, 24.87160582629025], [-90.29131451175573, 24.826649883114563], [-90.20140262540434, 24.826649883114563], [-90.20140262540434, 24.781693939938872], [-90.11149073905295, 24.781693939938872], [-90.11149073905295, 24.736737996763186], [-89.93166696635018, 24.6917820535875], [-89.93166696635018, 24.64682611041181], [-89.84175507999879, 24.64682611041181], [-89.84175507999879, 24.60187016723612], [-89.7518431936474, 24.60187016723612], [-89.7518431936474, 24.556914224060435], [-89.61697536412032, 24.556914224060435], [-89.57201942094463, 24.467002337709058], [-89.48210753459324, 24.467002337709058], [-89.43715159141755, 24.37709045135768], [-89.34723970506616, 24.37709045135768], [-89.25732781871477, 24.24222262183062], [-89.16741593236338, 24.24222262183062], [-89.16741593236338, 24.19726667865493], [-88.98759215966061, 24.152310735479244], [-88.94263621648491, 24.062398849127867], [-88.85272433013353, 24.062398849127867], [-88.85272433013353, 24.01744290595218], [-88.80776838695783, 24.01744290595218], [-88.80776838695783, 23.972486962776493], [-88.71785650060644, 23.972486962776493], [-88.67290055743075, 23.882575076425116], [-88.58298867107936, 23.882575076425116], [-88.58298867107936, 23.83761913324943], [-88.49307678472798, 23.83761913324943], [-88.44812084155228, 23.747707246898052], [-88.2682970688495, 23.702751303722366], [-88.2682970688495, 23.65779536054668], [-88.22334112567381, 23.65779536054668], [-88.22334112567381, 23.61283941737099], [-88.13342923932242, 23.61283941737099], [-88.04351735297104, 23.477971587843925], [-87.86369358026826, 23.433015644668238], [-87.81873763709257, 23.34310375831686], [-87.72882575074118, 23.34310375831686], [-87.72882575074118, 23.298147815141174], [-87.68386980756549, 23.298147815141174], [-87.68386980756549, 23.253191871965488], [-87.5939579212141, 23.253191871965488], [-87.5490019780384, 23.16327998561411], [-87.45909009168702, 23.16327998561411], [-87.41413414851132, 23.073368099262733], [-87.23431037580855, 23.028412156087047], [-87.18935443263285, 22.93850026973567], [-87.09944254628147, 22.93850026973567], [-87.05448660310577, 22.848588383384296], [-86.96457471675438, 22.848588383384296], [-86.96457471675438, 22.80363244020861], [-86.78475094405161, 22.75867649703292], [-86.73979500087592, 22.668764610681546], [-86.64988311452453, 22.668764610681546], [-86.60492717134883, 22.57885272433017], [-86.51501528499745, 22.57885272433017], [-86.51501528499745, 22.533896781154482], [-86.33519151229467, 22.48894083797879], [-86.29023556911898, 22.399028951627418], [-86.20032368276759, 22.399028951627418], [-86.20032368276759, 22.354073008451728], [-86.1104117964162, 22.354073008451728], [-86.1104117964162, 22.30911706527604], [-85.97554396688912, 22.30911706527604], [-85.97554396688912, 22.264161122100354], [-85.79572019418634, 22.219205178924668], [-85.79572019418634, 22.174249235748977], [-85.70580830783496, 22.174249235748977], [-85.70580830783496, 22.12929329257329], [-85.52598453513218, 22.084337349397604], [-85.52598453513218, 22.039381406221914], [-85.4360726487808, 22.039381406221914], [-85.4360726487808, 21.994425463046227], [-85.25624887607802, 21.94946951987054], [-85.25624887607802, 21.90451357669485], [-85.16633698972663, 21.90451357669485], [-85.16633698972663, 21.859557633519163], [-84.98651321702386, 21.814601690343476], [-84.98651321702386, 21.769645747167786], [-84.89660133067247, 21.769645747167786], [-84.89660133067247, 21.7246898039921], [-84.71677755796969, 21.679733860816413], [-84.71677755796969, 21.634777917640722], [-84.53695378526692, 21.589821974465035], [-84.49199784209122, 21.49991008811366], [-84.31217406938845, 21.45495414493797], [-84.31217406938845, 21.409998201762285], [-84.26721812621275, 21.409998201762285], [-84.26721812621275, 21.365042258586598], [-84.17730623986137, 21.365042258586598], [-84.13235029668567, 21.27513037223522], [-84.04243841033428, 21.27513037223522], [-83.99748246715859, 21.185218485883844], [-83.9075705808072, 21.185218485883844], [-83.86261463763151, 21.09530659953247], [-83.77270275128012, 21.09530659953247], [-83.68279086492873, 20.960438770005407], [-83.59287897857735, 20.960438770005407], [-83.54792303540165, 20.87052688365403], [-83.45801114905026, 20.87052688365403], [-83.36809926269888, 20.735659054126966], [-83.27818737634749, 20.735659054126966], [-83.1882754899961, 20.600791224599902], [-83.09836360364471, 20.600791224599902], [-83.00845171729333, 20.46592339507284], [-82.91853983094194, 20.46592339507284], [-82.82862794459055, 20.331055565545775], [-82.73871605823916, 20.331055565545775], [-82.69376011506347, 20.2411436791944], [-82.60384822871208, 20.2411436791944], [-82.60384822871208, 20.19618773601871], [-82.55889228553639, 20.19618773601871], [-82.5139363423607, 20.106275849667337], [-82.4240244560093, 20.106275849667337], [-82.33411256965792, 19.971408020140274], [-82.24420068330653, 19.971408020140274], [-82.19924474013084, 19.881496133788897], [-82.10933285377945, 19.881496133788897], [-82.01942096742806, 19.746628304261833], [-81.83959719472529, 19.701672361086146], [-81.79464125154959, 19.61176047473477], [-81.65977342202251, 19.61176047473477], [-81.65977342202251, 19.566804531559082], [-81.52490559249543, 19.566804531559082], [-81.52490559249543, 19.521848588383396], [-80.9854342743871, 19.521848588383396], [-80.9854342743871, 19.566804531559082], [-80.80561050168433, 19.61176047473477], [-80.80561050168433, 19.65671641791046], [-80.76065455850863, 19.65671641791046], [-80.76065455850863, 19.701672361086146], [-80.71569861533294, 19.701672361086146], [-80.71569861533294, 19.746628304261833], [-80.58083078580586, 19.83654019061321], [-80.58083078580586, 19.926452076964587], [-80.53587484263016, 19.926452076964587], [-80.53587484263016, 20.01636396331596], [-80.49091889945447, 20.01636396331596], [-80.49091889945447, 20.106275849667337], [-80.44596295627878, 20.106275849667337], [-80.44596295627878, 20.331055565545775], [-80.40100701310308, 20.331055565545775], [-80.40100701310308, 20.780614997302656], [-80.44596295627878, 20.780614997302656], [-80.44596295627878, 21.005394713181094], [-80.49091889945447, 21.005394713181094], [-80.53587484263016, 21.27513037223522], [-80.58083078580586, 21.27513037223522], [-80.58083078580586, 21.365042258586598], [-80.67074267215725, 21.409998201762285], [-80.67074267215725, 21.49991008811366], [-80.71569861533294, 21.49991008811366], [-80.71569861533294, 21.54486603128935], [-80.76065455850863, 21.54486603128935], [-80.76065455850863, 21.589821974465035], [-80.89552238803572, 21.679733860816413], [-80.89552238803572, 21.769645747167786], [-80.94047833121141, 21.769645747167786], [-80.94047833121141, 21.814601690343476], [-80.9854342743871, 21.814601690343476], [-80.9854342743871, 21.859557633519163], [-81.0303902175628, 21.859557633519163], [-81.0303902175628, 21.90451357669485], [-81.07534616073849, 21.90451357669485], [-81.07534616073849, 21.94946951987054], [-81.12030210391418, 21.94946951987054], [-81.12030210391418, 21.994425463046227], [-81.16525804708988, 21.994425463046227], [-81.16525804708988, 22.039381406221914], [-81.21021399026557, 22.039381406221914], [-81.21021399026557, 22.084337349397604], [-81.25516993344127, 22.084337349397604], [-81.25516993344127, 22.12929329257329], [-81.30012587661696, 22.12929329257329], [-81.30012587661696, 22.174249235748977], [-81.34508181979265, 22.174249235748977], [-81.34508181979265, 22.219205178924668], [-81.47994964931974, 22.30911706527604], [-81.47994964931974, 22.399028951627418], [-81.52490559249543, 22.399028951627418], [-81.52490559249543, 22.443984894803105], [-81.56986153567112, 22.443984894803105], [-81.56986153567112, 22.48894083797879], [-81.61481747884682, 22.48894083797879], [-81.61481747884682, 22.533896781154482], [-81.65977342202251, 22.533896781154482], [-81.65977342202251, 22.57885272433017], [-81.7047293651982, 22.57885272433017], [-81.7047293651982, 22.623808667505855], [-81.83959719472529, 22.713720553857232], [-81.83959719472529, 22.80363244020861], [-81.88455313790098, 22.80363244020861], [-81.88455313790098, 22.848588383384296], [-81.97446502425237, 22.893544326559983], [-81.97446502425237, 22.98345621291136], [-82.06437691060376, 23.028412156087047], [-82.06437691060376, 23.118324042438424], [-82.10933285377945, 23.118324042438424], [-82.10933285377945, 23.208235928789797], [-82.15428879695514, 23.208235928789797], [-82.15428879695514, 23.298147815141174], [-82.19924474013084, 23.298147815141174], [-82.24420068330653, 23.477971587843925], [-82.33411256965792, 23.522927531019615], [-82.33411256965792, 23.61283941737099], [-82.4240244560093, 23.65779536054668], [-82.4240244560093, 23.747707246898052], [-82.468980399185, 23.747707246898052], [-82.468980399185, 23.79266319007374], [-82.5139363423607, 23.79266319007374], [-82.5139363423607, 23.882575076425116], [-82.60384822871208, 23.927531019600803], [-82.60384822871208, 24.01744290595218], [-82.69376011506347, 24.062398849127867], [-82.69376011506347, 24.152310735479244], [-82.73871605823916, 24.152310735479244], [-82.73871605823916, 24.24222262183062], [-82.78367200141486, 24.24222262183062], [-82.78367200141486, 24.332134508181994], [-82.82862794459055, 24.332134508181994], [-82.82862794459055, 24.42204639453337], [-82.87358388776624, 24.42204639453337], [-82.87358388776624, 24.511958280884745], [-82.91853983094194, 24.511958280884745], [-82.91853983094194, 24.60187016723612], [-82.96349577411763, 24.60187016723612], [-83.00845171729333, 24.781693939938872], [-83.09836360364471, 24.826649883114563], [-83.09836360364471, 24.961517712641626], [-83.14331954682041, 24.961517712641626], [-83.14331954682041, 25.051429598993], [-83.1882754899961, 25.051429598993], [-83.1882754899961, 25.141341485344377], [-83.2332314331718, 25.141341485344377], [-83.2332314331718, 25.23125337169575], [-83.27818737634749, 25.23125337169575], [-83.27818737634749, 25.321165258047127], [-83.32314331952318, 25.321165258047127], [-83.36809926269888, 25.500989030749878], [-83.45801114905026, 25.545944973925568], [-83.45801114905026, 25.63585686027694], [-83.50296709222596, 25.63585686027694], [-83.50296709222596, 25.72576874662832], [-83.54792303540165, 25.72576874662832], [-83.54792303540165, 25.860636576155382], [-83.59287897857735, 25.860636576155382], [-83.59287897857735, 25.950548462506756], [-83.68279086492873, 25.995504405682446], [-83.68279086492873, 26.08541629203382], [-83.72774680810443, 26.08541629203382], [-83.72774680810443, 26.175328178385197], [-83.81765869445582, 26.220284121560884], [-83.81765869445582, 26.31019600791226], [-83.86261463763151, 26.31019600791226], [-83.86261463763151, 26.355151951087947], [-83.9075705808072, 26.355151951087947], [-83.9075705808072, 26.400107894263638], [-84.04243841033428, 26.49001978061501], [-84.04243841033428, 26.579931666966388], [-84.13235029668567, 26.624887610142075], [-84.13235029668567, 26.714799496493452], [-84.22226218303706, 26.75975543966914], [-84.22226218303706, 26.849667326020516], [-84.26721812621275, 26.849667326020516], [-84.26721812621275, 26.894623269196202], [-84.35713001256414, 26.93957921237189], [-84.35713001256414, 27.029491098723266], [-84.49199784209122, 27.119402985074643], [-84.49199784209122, 27.209314871426017], [-84.58190972844261, 27.254270814601703], [-84.6268656716183, 27.434094587304457], [-84.671821614794, 27.434094587304457], [-84.671821614794, 27.479050530480144], [-84.71677755796969, 27.479050530480144], [-84.71677755796969, 27.56896241683152], [-84.80668944432108, 27.613918360007208], [-84.85164538749677, 27.79374213270996], [-84.89660133067247, 27.79374213270996], [-84.89660133067247, 27.83869807588565], [-85.03146916019955, 27.928609962237022], [-85.03146916019955, 28.0185218485884], [-85.07642510337524, 28.0185218485884], [-85.07642510337524, 28.108433734939773], [-85.12138104655094, 28.108433734939773], [-85.12138104655094, 28.19834562129115], [-85.16633698972663, 28.19834562129115], [-85.16633698972663, 28.288257507642527], [-85.25624887607802, 28.333213450818214], [-85.25624887607802, 28.42312533716959], [-85.3461607624294, 28.468081280345277], [-85.3461607624294, 28.557993166696654], [-85.48102859195649, 28.647905053048028], [-85.48102859195649, 28.737816939399405], [-85.57094047830788, 28.78277288257509], [-85.57094047830788, 28.87268476892647], [-85.61589642148357, 28.87268476892647], [-85.61589642148357, 28.917640712102155], [-85.66085236465926, 28.917640712102155], [-85.66085236465926, 28.962596655277842], [-85.70580830783496, 28.962596655277842], [-85.70580830783496, 29.007552598453533], [-85.84067613736204, 29.097464484804906], [-85.84067613736204, 29.187376371156283], [-85.88563208053773, 29.187376371156283], [-85.88563208053773, 29.23233231433197], [-86.02049991006481, 29.322244200683347], [-86.02049991006481, 29.412156087034724], [-86.1104117964162, 29.45711203021041], [-86.1104117964162, 29.547023916561784], [-86.20032368276759, 29.591979859737474], [-86.20032368276759, 29.681891746088848], [-86.33519151229467, 29.771803632440225], [-86.33519151229467, 29.861715518791602], [-86.38014745547036, 29.861715518791602], [-86.38014745547036, 29.90667146196729], [-86.42510339864606, 29.90667146196729], [-86.51501528499745, 30.041539291494352], [-86.60492717134883, 30.041539291494352], [-86.64988311452453, 30.131451177845726], [-86.73979500087592, 30.131451177845726], [-86.73979500087592, 30.176407121021416], [-86.91961877357869, 30.221363064197103], [-86.91961877357869, 30.26631900737279], [-87.00953065993008, 30.26631900737279], [-87.00953065993008, 30.31127495054848], [-87.09944254628147, 30.31127495054848], [-87.09944254628147, 30.356230893724167], [-87.23431037580855, 30.356230893724167], [-87.23431037580855, 30.401186836899853], [-87.36917820533563, 30.401186836899853], [-87.36917820533563, 30.446142780075544], [-87.50404603486271, 30.446142780075544], [-87.50404603486271, 30.536054666426917], [-87.5490019780384, 30.536054666426917], [-87.5490019780384, 30.67092249595398], [-87.5939579212141, 30.67092249595398], [-87.63891386438979, 30.850746268656735], [-87.68386980756549, 30.850746268656735], [-87.77378169391687, 30.985614098183795], [-87.86369358026826, 30.985614098183795], [-87.86369358026826, 31.030570041359486], [-87.90864952344396, 31.030570041359486], [-87.90864952344396, 31.12048192771086], [-87.95360546661965, 31.12048192771086], [-87.95360546661965, 31.210393814062236], [-87.99856140979534, 31.210393814062236], [-88.04351735297104, 31.390217586764987], [-88.13342923932242, 31.435173529940677], [-88.13342923932242, 31.52508541629205], [-88.17838518249812, 31.52508541629205], [-88.17838518249812, 31.570041359467737], [-88.22334112567381, 31.570041359467737], [-88.22334112567381, 31.614997302643427], [-88.2682970688495, 31.614997302643427], [-88.2682970688495, 31.659953245819114], [-88.3132530120252, 31.659953245819114], [-88.3132530120252, 31.7049091889948], [-88.3582089552009, 31.7049091889948], [-88.3582089552009, 31.74986513217049], [-88.40316489837659, 31.74986513217049], [-88.40316489837659, 31.794821075346178], [-88.53803272790367, 31.884732961697555], [-88.53803272790367, 31.97464484804893], [-88.58298867107936, 31.97464484804893], [-88.58298867107936, 32.01960079122462], [-88.71785650060644, 32.10951267757599], [-88.71785650060644, 32.199424563927366], [-88.76281244378214, 32.199424563927366], [-88.76281244378214, 32.24438050710306], [-88.80776838695783, 32.24438050710306], [-88.80776838695783, 32.289336450278746], [-88.85272433013353, 32.289336450278746], [-88.85272433013353, 32.33429239345443], [-88.89768027330922, 32.33429239345443], [-88.98759215966061, 32.4691602229815], [-89.077504046012, 32.51411616615718], [-89.077504046012, 32.60402805250856], [-89.16741593236338, 32.64898399568425], [-89.16741593236338, 32.73889588203562], [-89.21237187553908, 32.73889588203562], [-89.21237187553908, 32.783851825211315], [-89.25732781871477, 32.783851825211315], [-89.25732781871477, 32.87376371156269], [-89.34723970506616, 32.918719654738375], [-89.34723970506616, 33.00863154108975], [-89.39219564824185, 33.00863154108975], [-89.43715159141755, 33.09854342744113], [-89.52706347776893, 33.09854342744113], [-89.57201942094463, 33.1884553137925], [-89.66193130729602, 33.1884553137925], [-89.66193130729602, 33.23341125696819], [-89.7518431936474, 33.23341125696819], [-89.7518431936474, 33.278367200143876], [-89.84175507999879, 33.278367200143876], [-89.84175507999879, 33.32332314331956], [-89.93166696635018, 33.32332314331956], [-89.93166696635018, 33.36827908649525], [-90.06653479587726, 33.36827908649525], [-90.11149073905295, 33.45819097284663], [-90.29131451175573, 33.50314691602232], [-90.29131451175573, 33.548102859198], [-90.33627045493142, 33.548102859198], [-90.33627045493142, 33.59305880237369], [-90.42618234128281, 33.59305880237369], [-90.42618234128281, 33.63801474554938], [-91.59503686385085, 33.63801474554938], [-91.59503686385085, 33.59305880237369], [-91.72990469337793, 33.59305880237369], [-91.72990469337793, 33.548102859198], [-91.81981657972932, 33.548102859198], [-91.81981657972932, 33.50314691602232], [-91.9546844092564, 33.50314691602232], [-91.9546844092564, 33.45819097284663], [-92.13450818195918, 33.41323502967094], [-92.13450818195918, 33.36827908649525], [-92.22442006831056, 33.36827908649525], [-92.22442006831056, 33.32332314331956], [-92.31433195466195, 33.32332314331956], [-92.31433195466195, 33.278367200143876], [-92.49415572736473, 33.23341125696819], [-92.49415572736473, 33.1884553137925], [-92.53911167054042, 33.1884553137925], [-92.53911167054042, 33.143499370616816], [-92.62902355689181, 33.143499370616816], [-92.7189354432432, 33.00863154108975], [-92.80884732959458, 33.00863154108975], [-92.89875921594597, 32.87376371156269], [-92.98867110229736, 32.87376371156269], [-93.07858298864875, 32.73889588203562], [-93.16849487500014, 32.73889588203562], [-93.16849487500014, 32.693939938859934], [-93.21345081817583, 32.693939938859934], [-93.21345081817583, 32.64898399568425], [-93.25840676135152, 32.64898399568425], [-93.25840676135152, 32.60402805250856], [-93.3932745908786, 32.51411616615718], [-93.3932745908786, 32.42420427980581], [-93.4382305340543, 32.42420427980581], [-93.4382305340543, 32.37924833663012], [-93.57309836358138, 32.289336450278746], [-93.57309836358138, 32.199424563927366], [-93.66301024993277, 32.154468620751686], [-93.66301024993277, 32.064556734400306], [-93.75292213628416, 32.01960079122462], [-93.75292213628416, 31.92968890487324], [-93.79787807945985, 31.92968890487324], [-93.84283402263554, 31.74986513217049], [-93.93274590898693, 31.7049091889948], [-93.93274590898693, 31.614997302643427], [-93.97770185216262, 31.614997302643427], [-93.97770185216262, 31.52508541629205], [-94.02265779533832, 31.52508541629205], [-94.02265779533832, 31.390217586764987], [-94.06761373851401, 31.390217586764987], [-94.06761373851401, 31.300305700413613], [-94.1125696816897, 31.300305700413613], [-94.1125696816897, 31.210393814062236], [-94.1575256248654, 31.210393814062236], [-94.1575256248654, 31.075525984535172], [-94.2024815680411, 31.075525984535172], [-94.2024815680411, 30.94065815500811], [-94.24743751121679, 30.94065815500811], [-94.24743751121679, 30.805790325481045], [-94.29239345439248, 30.805790325481045], [-94.29239345439248, 30.625966552778294], [-94.33734939756818, 30.625966552778294], [-94.38230534074387, 29.367200143859034], [-94.42726128391956, 29.367200143859034], [-94.42726128391956, 29.187376371156283], [-94.47221722709526, 29.187376371156283], [-94.47221722709526, 29.05250854162922], [-94.51717317027095, 29.05250854162922], [-94.51717317027095, 28.962596655277842]]]]}}, {"type": "Feature", "properties": {"shapefile": "2021082712_wsp34knt120hr_5km", "PERCENTAGE": "30-40%"}, "geometry": {"type": "MultiPolygon", "coordinates": [[[[-94.51717317027095, 28.962596655277842], [-94.51717317027095, 29.05250854162922], [-94.47221722709526, 29.05250854162922], [-94.47221722709526, 29.187376371156283], [-94.42726128391956, 29.187376371156283], [-94.42726128391956, 29.367200143859034], [-94.38230534074387, 29.367200143859034], [-94.33734939756818, 30.625966552778294], [-94.29239345439248, 30.625966552778294], [-94.29239345439248, 30.805790325481045], [-94.24743751121679, 30.805790325481045], [-94.24743751121679, 30.94065815500811], [-94.2024815680411, 30.94065815500811], [-94.1575256248654, 31.210393814062236], [-94.1125696816897, 31.210393814062236], [-94.1125696816897, 31.300305700413613], [-94.06761373851401, 31.300305700413613], [-94.06761373851401, 31.390217586764987], [-94.02265779533832, 31.390217586764987], [-94.02265779533832, 31.52508541629205], [-93.97770185216262, 31.52508541629205], [-93.93274590898693, 31.7049091889948], [-93.84283402263554, 31.74986513217049], [-93.84283402263554, 31.839777018521865], [-93.79787807945985, 31.839777018521865], [-93.79787807945985, 31.92968890487324], [-93.75292213628416, 31.92968890487324], [-93.75292213628416, 32.01960079122462], [-93.66301024993277, 32.064556734400306], [-93.66301024993277, 32.154468620751686], [-93.57309836358138, 32.199424563927366], [-93.57309836358138, 32.289336450278746], [-93.52814242040569, 32.289336450278746], [-93.52814242040569, 32.33429239345443], [-93.3932745908786, 32.42420427980581], [-93.3932745908786, 32.51411616615718], [-93.34831864770291, 32.51411616615718], [-93.34831864770291, 32.559072109332874], [-93.30336270452722, 32.559072109332874], [-93.30336270452722, 32.60402805250856], [-93.25840676135152, 32.60402805250856], [-93.16849487500014, 32.73889588203562], [-93.07858298864875, 32.73889588203562], [-92.98867110229736, 32.87376371156269], [-92.89875921594597, 32.87376371156269], [-92.80884732959458, 33.00863154108975], [-92.7189354432432, 33.00863154108975], [-92.7189354432432, 33.053587484265435], [-92.6739795000675, 33.053587484265435], [-92.62902355689181, 33.143499370616816], [-92.53911167054042, 33.143499370616816], [-92.49415572736473, 33.23341125696819], [-92.40424384101334, 33.23341125696819], [-92.40424384101334, 33.278367200143876], [-92.31433195466195, 33.278367200143876], [-92.31433195466195, 33.32332314331956], [-92.13450818195918, 33.36827908649525], [-92.13450818195918, 33.41323502967094], [-92.04459629560779, 33.41323502967094], [-92.04459629560779, 33.45819097284663], [-91.9546844092564, 33.45819097284663], [-91.9546844092564, 33.50314691602232], [-91.81981657972932, 33.50314691602232], [-91.81981657972932, 33.548102859198], [-91.72990469337793, 33.548102859198], [-91.72990469337793, 33.59305880237369], [-91.59503686385085, 33.59305880237369], [-91.59503686385085, 33.63801474554938], [-90.42618234128281, 33.63801474554938], [-90.42618234128281, 33.59305880237369], [-90.33627045493142, 33.59305880237369], [-90.29131451175573, 33.50314691602232], [-90.11149073905295, 33.45819097284663], [-90.06653479587726, 33.36827908649525], [-89.93166696635018, 33.36827908649525], [-89.93166696635018, 33.32332314331956], [-89.84175507999879, 33.32332314331956], [-89.84175507999879, 33.278367200143876], [-89.7518431936474, 33.278367200143876], [-89.7518431936474, 33.23341125696819], [-89.57201942094463, 33.1884553137925], [-89.52706347776893, 33.09854342744113], [-89.43715159141755, 33.09854342744113], [-89.43715159141755, 33.053587484265435], [-89.34723970506616, 33.00863154108975], [-89.34723970506616, 32.918719654738375], [-89.25732781871477, 32.87376371156269], [-89.25732781871477, 32.783851825211315], [-89.21237187553908, 32.783851825211315], [-89.21237187553908, 32.73889588203562], [-89.16741593236338, 32.73889588203562], [-89.16741593236338, 32.64898399568425], [-89.077504046012, 32.60402805250856], [-89.077504046012, 32.51411616615718], [-89.0325481028363, 32.51411616615718], [-88.98759215966061, 32.42420427980581], [-88.94263621648491, 32.42420427980581], [-88.94263621648491, 32.37924833663012], [-88.89768027330922, 32.37924833663012], [-88.89768027330922, 32.33429239345443], [-88.85272433013353, 32.33429239345443], [-88.85272433013353, 32.289336450278746], [-88.71785650060644, 32.199424563927366], [-88.71785650060644, 32.10951267757599], [-88.67290055743075, 32.10951267757599], [-88.67290055743075, 32.064556734400306], [-88.53803272790367, 31.97464484804893], [-88.53803272790367, 31.884732961697555], [-88.49307678472798, 31.884732961697555], [-88.49307678472798, 31.839777018521865], [-88.44812084155228, 31.839777018521865], [-88.44812084155228, 31.794821075346178], [-88.40316489837659, 31.794821075346178], [-88.40316489837659, 31.74986513217049], [-88.3582089552009, 31.74986513217049], [-88.3582089552009, 31.7049091889948], [-88.3132530120252, 31.7049091889948], [-88.3132530120252, 31.659953245819114], [-88.2682970688495, 31.659953245819114], [-88.2682970688495, 31.614997302643427], [-88.13342923932242, 31.52508541629205], [-88.13342923932242, 31.435173529940677], [-88.04351735297104, 31.390217586764987], [-88.04351735297104, 31.300305700413613], [-87.99856140979534, 31.300305700413613], [-87.99856140979534, 31.210393814062236], [-87.95360546661965, 31.210393814062236], [-87.90864952344396, 31.030570041359486], [-87.86369358026826, 31.030570041359486], [-87.86369358026826, 30.985614098183795], [-87.77378169391687, 30.985614098183795], [-87.77378169391687, 30.94065815500811], [-87.63891386438979, 30.850746268656735], [-87.63891386438979, 30.760834382305358], [-87.5939579212141, 30.760834382305358], [-87.5939579212141, 30.67092249595398], [-87.5490019780384, 30.67092249595398], [-87.5490019780384, 30.536054666426917], [-87.50404603486271, 30.536054666426917], [-87.50404603486271, 30.446142780075544], [-87.36917820533563, 30.446142780075544], [-87.36917820533563, 30.401186836899853], [-87.09944254628147, 30.356230893724167], [-87.09944254628147, 30.31127495054848], [-87.00953065993008, 30.31127495054848], [-87.00953065993008, 30.26631900737279], [-86.91961877357869, 30.26631900737279], [-86.91961877357869, 30.221363064197103], [-86.8297068872273, 30.221363064197103], [-86.8297068872273, 30.176407121021416], [-86.64988311452453, 30.131451177845726], [-86.60492717134883, 30.041539291494352], [-86.51501528499745, 30.041539291494352], [-86.51501528499745, 29.996583348318666], [-86.47005934182175, 29.996583348318666], [-86.47005934182175, 29.951627405142975], [-86.33519151229467, 29.861715518791602], [-86.33519151229467, 29.771803632440225], [-86.20032368276759, 29.681891746088848], [-86.20032368276759, 29.591979859737474], [-86.1104117964162, 29.547023916561784], [-86.1104117964162, 29.45711203021041], [-86.02049991006481, 29.412156087034724], [-86.02049991006481, 29.322244200683347], [-85.97554396688912, 29.322244200683347], [-85.97554396688912, 29.27728825750766], [-85.84067613736204, 29.187376371156283], [-85.84067613736204, 29.097464484804906], [-85.79572019418634, 29.097464484804906], [-85.79572019418634, 29.05250854162922], [-85.75076425101065, 29.05250854162922], [-85.75076425101065, 29.007552598453533], [-85.70580830783496, 29.007552598453533], [-85.70580830783496, 28.962596655277842], [-85.57094047830788, 28.87268476892647], [-85.57094047830788, 28.78277288257509], [-85.48102859195649, 28.737816939399405], [-85.48102859195649, 28.647905053048028], [-85.3461607624294, 28.557993166696654], [-85.3461607624294, 28.468081280345277], [-85.30120481925371, 28.468081280345277], [-85.30120481925371, 28.42312533716959], [-85.25624887607802, 28.42312533716959], [-85.25624887607802, 28.333213450818214], [-85.16633698972663, 28.288257507642527], [-85.16633698972663, 28.19834562129115], [-85.12138104655094, 28.19834562129115], [-85.12138104655094, 28.108433734939773], [-85.07642510337524, 28.108433734939773], [-85.03146916019955, 27.928609962237022], [-84.98651321702386, 27.928609962237022], [-84.98651321702386, 27.883654019061336], [-84.85164538749677, 27.79374213270996], [-84.80668944432108, 27.613918360007208], [-84.76173350114539, 27.613918360007208], [-84.76173350114539, 27.56896241683152], [-84.71677755796969, 27.56896241683152], [-84.71677755796969, 27.479050530480144], [-84.6268656716183, 27.434094587304457], [-84.6268656716183, 27.34418270095308], [-84.58190972844261, 27.34418270095308], [-84.58190972844261, 27.254270814601703], [-84.49199784209122, 27.209314871426017], [-84.49199784209122, 27.119402985074643], [-84.44704189891553, 27.119402985074643], [-84.44704189891553, 27.074447041898953], [-84.35713001256414, 27.029491098723266], [-84.35713001256414, 26.93957921237189], [-84.22226218303706, 26.849667326020516], [-84.22226218303706, 26.75975543966914], [-84.13235029668567, 26.714799496493452], [-84.13235029668567, 26.624887610142075], [-84.04243841033428, 26.579931666966388], [-84.04243841033428, 26.49001978061501], [-83.99748246715859, 26.49001978061501], [-83.99748246715859, 26.445063837439324], [-83.9525265239829, 26.445063837439324], [-83.9525265239829, 26.400107894263638], [-83.81765869445582, 26.31019600791226], [-83.81765869445582, 26.220284121560884], [-83.72774680810443, 26.175328178385197], [-83.68279086492873, 25.995504405682446], [-83.59287897857735, 25.950548462506756], [-83.59287897857735, 25.860636576155382], [-83.54792303540165, 25.860636576155382], [-83.54792303540165, 25.72576874662832], [-83.50296709222596, 25.72576874662832], [-83.45801114905026, 25.545944973925568], [-83.36809926269888, 25.500989030749878], [-83.36809926269888, 25.411077144398504], [-83.32314331952318, 25.411077144398504], [-83.32314331952318, 25.321165258047127], [-83.27818737634749, 25.321165258047127], [-83.27818737634749, 25.23125337169575], [-83.2332314331718, 25.23125337169575], [-83.2332314331718, 25.141341485344377], [-83.1882754899961, 25.141341485344377], [-83.1882754899961, 25.051429598993], [-83.14331954682041, 25.051429598993], [-83.14331954682041, 24.961517712641626], [-83.09836360364471, 24.961517712641626], [-83.09836360364471, 24.826649883114563], [-83.00845171729333, 24.781693939938872], [-83.00845171729333, 24.6917820535875], [-82.96349577411763, 24.6917820535875], [-82.96349577411763, 24.60187016723612], [-82.91853983094194, 24.60187016723612], [-82.91853983094194, 24.511958280884745], [-82.87358388776624, 24.511958280884745], [-82.87358388776624, 24.42204639453337], [-82.82862794459055, 24.42204639453337], [-82.82862794459055, 24.332134508181994], [-82.78367200141486, 24.332134508181994], [-82.78367200141486, 24.24222262183062], [-82.73871605823916, 24.24222262183062], [-82.73871605823916, 24.152310735479244], [-82.69376011506347, 24.152310735479244], [-82.69376011506347, 24.062398849127867], [-82.60384822871208, 24.01744290595218], [-82.60384822871208, 23.927531019600803], [-82.5139363423607, 23.882575076425116], [-82.5139363423607, 23.79266319007374], [-82.4240244560093, 23.747707246898052], [-82.4240244560093, 23.65779536054668], [-82.37906851283361, 23.65779536054668], [-82.37906851283361, 23.61283941737099], [-82.33411256965792, 23.61283941737099], [-82.33411256965792, 23.522927531019615], [-82.24420068330653, 23.477971587843925], [-82.24420068330653, 23.38805970149255], [-82.19924474013084, 23.38805970149255], [-82.19924474013084, 23.298147815141174], [-82.15428879695514, 23.298147815141174], [-82.15428879695514, 23.208235928789797], [-82.10933285377945, 23.208235928789797], [-82.06437691060376, 23.028412156087047], [-82.01942096742806, 23.028412156087047], [-82.01942096742806, 22.98345621291136], [-81.97446502425237, 22.98345621291136], [-81.97446502425237, 22.893544326559983], [-81.83959719472529, 22.80363244020861], [-81.83959719472529, 22.713720553857232], [-81.79464125154959, 22.713720553857232], [-81.79464125154959, 22.668764610681546], [-81.7496853083739, 22.668764610681546], [-81.7496853083739, 22.623808667505855], [-81.7047293651982, 22.623808667505855], [-81.7047293651982, 22.57885272433017], [-81.65977342202251, 22.57885272433017], [-81.65977342202251, 22.533896781154482], [-81.61481747884682, 22.533896781154482], [-81.61481747884682, 22.48894083797879], [-81.47994964931974, 22.399028951627418], [-81.47994964931974, 22.30911706527604], [-81.43499370614404, 22.30911706527604], [-81.43499370614404, 22.264161122100354], [-81.39003776296835, 22.264161122100354], [-81.39003776296835, 22.219205178924668], [-81.34508181979265, 22.219205178924668], [-81.34508181979265, 22.174249235748977], [-81.30012587661696, 22.174249235748977], [-81.30012587661696, 22.12929329257329], [-81.25516993344127, 22.12929329257329], [-81.25516993344127, 22.084337349397604], [-81.21021399026557, 22.084337349397604], [-81.21021399026557, 22.039381406221914], [-81.16525804708988, 22.039381406221914], [-81.16525804708988, 21.994425463046227], [-81.12030210391418, 21.994425463046227], [-81.12030210391418, 21.94946951987054], [-81.07534616073849, 21.94946951987054], [-81.07534616073849, 21.90451357669485], [-81.0303902175628, 21.90451357669485], [-81.0303902175628, 21.859557633519163], [-80.89552238803572, 21.769645747167786], [-80.89552238803572, 21.679733860816413], [-80.85056644486002, 21.679733860816413], [-80.85056644486002, 21.634777917640722], [-80.80561050168433, 21.634777917640722], [-80.80561050168433, 21.589821974465035], [-80.67074267215725, 21.49991008811366], [-80.67074267215725, 21.409998201762285], [-80.58083078580586, 21.365042258586598], [-80.58083078580586, 21.27513037223522], [-80.53587484263016, 21.27513037223522], [-80.53587484263016, 21.140262542708157], [-80.49091889945447, 21.140262542708157], [-80.49091889945447, 21.005394713181094], [-80.44596295627878, 21.005394713181094], [-80.44596295627878, 20.780614997302656], [-80.40100701310308, 20.780614997302656], [-80.40100701310308, 20.331055565545775], [-80.44596295627878, 20.331055565545775], [-80.44596295627878, 20.106275849667337], [-80.49091889945447, 20.106275849667337], [-80.49091889945447, 20.01636396331596], [-80.53587484263016, 20.01636396331596], [-80.58083078580586, 19.83654019061321], [-80.62578672898155, 19.83654019061321], [-80.62578672898155, 19.791584247437523], [-80.67074267215725, 19.791584247437523], [-80.67074267215725, 19.746628304261833], [-80.71569861533294, 19.746628304261833], [-80.80561050168433, 19.61176047473477], [-80.89552238803572, 19.61176047473477], [-80.89552238803572, 19.566804531559082], [-80.9854342743871, 19.566804531559082], [-80.9854342743871, 19.521848588383396], [-81.52490559249543, 19.521848588383396], [-81.52490559249543, 19.566804531559082], [-81.79464125154959, 19.61176047473477], [-81.83959719472529, 19.701672361086146], [-82.01942096742806, 19.746628304261833], [-82.10933285377945, 19.881496133788897], [-82.19924474013084, 19.881496133788897], [-82.24420068330653, 19.971408020140274], [-82.33411256965792, 19.971408020140274], [-82.4240244560093, 20.106275849667337], [-82.5139363423607, 20.106275849667337], [-82.60384822871208, 20.2411436791944], [-82.69376011506347, 20.2411436791944], [-82.73871605823916, 20.331055565545775], [-82.82862794459055, 20.331055565545775], [-82.91853983094194, 20.46592339507284], [-83.00845171729333, 20.46592339507284], [-83.09836360364471, 20.600791224599902], [-83.1882754899961, 20.600791224599902], [-83.27818737634749, 20.735659054126966], [-83.36809926269888, 20.735659054126966], [-83.45801114905026, 20.87052688365403], [-83.54792303540165, 20.87052688365403], [-83.59287897857735, 20.960438770005407], [-83.68279086492873, 20.960438770005407], [-83.77270275128012, 21.09530659953247], [-83.86261463763151, 21.09530659953247], [-83.9075705808072, 21.185218485883844], [-83.99748246715859, 21.185218485883844], [-84.04243841033428, 21.27513037223522], [-84.13235029668567, 21.27513037223522], [-84.13235029668567, 21.320086315410908], [-84.17730623986137, 21.320086315410908], [-84.17730623986137, 21.365042258586598], [-84.26721812621275, 21.365042258586598], [-84.31217406938845, 21.45495414493797], [-84.49199784209122, 21.49991008811366], [-84.53695378526692, 21.589821974465035], [-84.71677755796969, 21.634777917640722], [-84.71677755796969, 21.679733860816413], [-84.89660133067247, 21.7246898039921], [-84.89660133067247, 21.769645747167786], [-84.98651321702386, 21.769645747167786], [-84.98651321702386, 21.814601690343476], [-85.16633698972663, 21.859557633519163], [-85.16633698972663, 21.90451357669485], [-85.25624887607802, 21.90451357669485], [-85.25624887607802, 21.94946951987054], [-85.4360726487808, 21.994425463046227], [-85.4360726487808, 22.039381406221914], [-85.52598453513218, 22.039381406221914], [-85.52598453513218, 22.084337349397604], [-85.61589642148357, 22.084337349397604], [-85.61589642148357, 22.12929329257329], [-85.79572019418634, 22.174249235748977], [-85.79572019418634, 22.219205178924668], [-85.88563208053773, 22.219205178924668], [-85.88563208053773, 22.264161122100354], [-85.97554396688912, 22.264161122100354], [-85.97554396688912, 22.30911706527604], [-86.1104117964162, 22.30911706527604], [-86.1104117964162, 22.354073008451728], [-86.29023556911898, 22.399028951627418], [-86.33519151229467, 22.48894083797879], [-86.42510339864606, 22.48894083797879], [-86.42510339864606, 22.533896781154482], [-86.60492717134883, 22.57885272433017], [-86.60492717134883, 22.623808667505855], [-86.64988311452453, 22.623808667505855], [-86.64988311452453, 22.668764610681546], [-86.73979500087592, 22.668764610681546], [-86.78475094405161, 22.75867649703292], [-86.874662830403, 22.75867649703292], [-86.874662830403, 22.80363244020861], [-87.05448660310577, 22.848588383384296], [-87.05448660310577, 22.893544326559983], [-87.09944254628147, 22.893544326559983], [-87.09944254628147, 22.93850026973567], [-87.18935443263285, 22.93850026973567], [-87.23431037580855, 23.028412156087047], [-87.41413414851132, 23.073368099262733], [-87.45909009168702, 23.16327998561411], [-87.5490019780384, 23.16327998561411], [-87.5939579212141, 23.253191871965488], [-87.68386980756549, 23.253191871965488], [-87.68386980756549, 23.298147815141174], [-87.72882575074118, 23.298147815141174], [-87.72882575074118, 23.34310375831686], [-87.81873763709257, 23.34310375831686], [-87.86369358026826, 23.433015644668238], [-88.04351735297104, 23.477971587843925], [-88.04351735297104, 23.522927531019615], [-88.08847329614673, 23.522927531019615], [-88.13342923932242, 23.61283941737099], [-88.22334112567381, 23.61283941737099], [-88.2682970688495, 23.702751303722366], [-88.3582089552009, 23.702751303722366], [-88.3582089552009, 23.747707246898052], [-88.44812084155228, 23.747707246898052], [-88.49307678472798, 23.83761913324943], [-88.67290055743075, 23.882575076425116], [-88.71785650060644, 23.972486962776493], [-88.80776838695783, 23.972486962776493], [-88.80776838695783, 24.01744290595218], [-88.85272433013353, 24.01744290595218], [-88.85272433013353, 24.062398849127867], [-88.94263621648491, 24.062398849127867], [-88.98759215966061, 24.152310735479244], [-89.077504046012, 24.152310735479244], [-89.077504046012, 24.19726667865493], [-89.25732781871477, 24.24222262183062], [-89.34723970506616, 24.37709045135768], [-89.43715159141755, 24.37709045135768], [-89.43715159141755, 24.42204639453337], [-89.48210753459324, 24.42204639453337], [-89.48210753459324, 24.467002337709058], [-89.57201942094463, 24.467002337709058], [-89.61697536412032, 24.556914224060435], [-89.7518431936474, 24.556914224060435], [-89.7518431936474, 24.60187016723612], [-89.84175507999879, 24.60187016723612], [-89.84175507999879, 24.64682611041181], [-89.93166696635018, 24.64682611041181], [-89.93166696635018, 24.6917820535875], [-90.02157885270157, 24.6917820535875], [-90.02157885270157, 24.736737996763186], [-90.11149073905295, 24.736737996763186], [-90.11149073905295, 24.781693939938872], [-90.20140262540434, 24.781693939938872], [-90.20140262540434, 24.826649883114563], [-90.29131451175573, 24.826649883114563], [-90.29131451175573, 24.87160582629025], [-90.38122639810712, 24.87160582629025], [-90.38122639810712, 24.916561769465936], [-90.56105017080989, 24.961517712641626], [-90.56105017080989, 25.006473655817313], [-90.60600611398559, 25.006473655817313], [-90.60600611398559, 25.051429598993], [-90.69591800033697, 25.051429598993], [-90.74087394351267, 25.141341485344377], [-90.92069771621544, 25.186297428520064], [-90.96565365939114, 25.27620931487144], [-91.05556554574252, 25.27620931487144], [-91.05556554574252, 25.321165258047127], [-91.2353893184453, 25.366121201222814], [-91.2353893184453, 25.411077144398504], [-91.280345261621, 25.411077144398504], [-91.280345261621, 25.45603308757419], [-91.37025714797238, 25.45603308757419], [-91.41521309114808, 25.545944973925568], [-91.50512497749946, 25.545944973925568], [-91.50512497749946, 25.590900917101255], [-91.59503686385085, 25.590900917101255], [-91.63999280702654, 25.680812803452632], [-91.81981657972932, 25.72576874662832], [-91.81981657972932, 25.770724689804005], [-91.86477252290501, 25.770724689804005], [-91.90972846608071, 25.860636576155382], [-91.9996403524321, 25.860636576155382], [-91.9996403524321, 25.90559251933107], [-92.04459629560779, 25.90559251933107], [-92.13450818195918, 26.040460348858133], [-92.22442006831056, 26.040460348858133], [-92.22442006831056, 26.08541629203382], [-92.26937601148626, 26.08541629203382], [-92.26937601148626, 26.13037223520951], [-92.35928789783765, 26.13037223520951], [-92.35928789783765, 26.175328178385197], [-92.40424384101334, 26.175328178385197], [-92.40424384101334, 26.220284121560884], [-92.44919978418903, 26.220284121560884], [-92.53911167054042, 26.355151951087947], [-92.62902355689181, 26.355151951087947], [-92.62902355689181, 26.400107894263638], [-92.6739795000675, 26.400107894263638], [-92.6739795000675, 26.445063837439324], [-92.7189354432432, 26.445063837439324], [-92.7189354432432, 26.49001978061501], [-92.76389138641889, 26.49001978061501], [-92.76389138641889, 26.5349757237907], [-92.80884732959458, 26.5349757237907], [-92.80884732959458, 26.579931666966388], [-92.85380327277028, 26.579931666966388], [-92.85380327277028, 26.624887610142075], [-92.89875921594597, 26.624887610142075], [-92.89875921594597, 26.66984355331776], [-92.94371515912167, 26.66984355331776], [-92.94371515912167, 26.714799496493452], [-93.07858298864875, 26.804711382844825], [-93.07858298864875, 26.849667326020516], [-93.16849487500014, 26.849667326020516], [-93.16849487500014, 26.894623269196202], [-93.21345081817583, 26.894623269196202], [-93.21345081817583, 26.93957921237189], [-93.25840676135152, 26.93957921237189], [-93.25840676135152, 26.98453515554758], [-93.30336270452722, 26.98453515554758], [-93.30336270452722, 27.029491098723266], [-93.34831864770291, 27.029491098723266], [-93.34831864770291, 27.074447041898953], [-93.3932745908786, 27.074447041898953], [-93.3932745908786, 27.119402985074643], [-93.4382305340543, 27.119402985074643], [-93.4382305340543, 27.16435892825033], [-93.48318647722999, 27.16435892825033], [-93.48318647722999, 27.209314871426017], [-93.61805430675707, 27.299226757777394], [-93.61805430675707, 27.389138644128767], [-93.66301024993277, 27.389138644128767], [-93.66301024993277, 27.434094587304457], [-93.79787807945985, 27.52400647365583], [-93.79787807945985, 27.613918360007208], [-93.88778996581124, 27.658874303182895], [-93.88778996581124, 27.748786189534272], [-93.97770185216262, 27.79374213270996], [-93.97770185216262, 27.883654019061336], [-94.02265779533832, 27.883654019061336], [-94.02265779533832, 27.928609962237022], [-94.06761373851401, 27.928609962237022], [-94.06761373851401, 28.0185218485884], [-94.1575256248654, 28.063477791764086], [-94.1575256248654, 28.153389678115463], [-94.2024815680411, 28.153389678115463], [-94.2024815680411, 28.288257507642527], [-94.24743751121679, 28.288257507642527], [-94.24743751121679, 28.3781693939939], [-94.29239345439248, 28.3781693939939], [-94.29239345439248, 28.468081280345277], [-94.33734939756818, 28.468081280345277], [-94.33734939756818, 28.557993166696654], [-94.38230534074387, 28.557993166696654], [-94.38230534074387, 28.692860996223715], [-94.42726128391956, 28.692860996223715], [-94.42726128391956, 28.87268476892647], [-94.47221722709526, 28.87268476892647], [-94.47221722709526, 28.962596655277842], [-94.51717317027095, 28.962596655277842]], [[-94.1125696816897, 29.502067973386097], [-94.06761373851401, 29.502067973386097], [-94.06761373851401, 28.962596655277842], [-94.02265779533832, 28.962596655277842], [-94.02265779533832, 28.82772882575078], [-93.97770185216262, 28.82772882575078], [-93.97770185216262, 28.737816939399405], [-93.93274590898693, 28.737816939399405], [-93.88778996581124, 28.468081280345277], [-93.84283402263554, 28.468081280345277], [-93.84283402263554, 28.3781693939939], [-93.79787807945985, 28.3781693939939], [-93.79787807945985, 28.288257507642527], [-93.75292213628416, 28.288257507642527], [-93.75292213628416, 28.19834562129115], [-93.70796619310846, 28.19834562129115], [-93.66301024993277, 28.0185218485884], [-93.52814242040569, 27.928609962237022], [-93.52814242040569, 27.83869807588565], [-93.3932745908786, 27.748786189534272], [-93.3932745908786, 27.658874303182895], [-93.25840676135152, 27.56896241683152], [-93.25840676135152, 27.479050530480144], [-93.21345081817583, 27.479050530480144], [-93.21345081817583, 27.434094587304457], [-93.16849487500014, 27.434094587304457], [-93.16849487500014, 27.389138644128767], [-93.12353893182444, 27.389138644128767], [-93.12353893182444, 27.34418270095308], [-93.07858298864875, 27.34418270095308], [-93.07858298864875, 27.299226757777394], [-93.03362704547305, 27.299226757777394], [-93.03362704547305, 27.254270814601703], [-92.98867110229736, 27.254270814601703], [-92.98867110229736, 27.209314871426017], [-92.94371515912167, 27.209314871426017], [-92.94371515912167, 27.16435892825033], [-92.89875921594597, 27.16435892825033], [-92.89875921594597, 27.119402985074643], [-92.85380327277028, 27.119402985074643], [-92.85380327277028, 27.074447041898953], [-92.80884732959458, 27.074447041898953], [-92.80884732959458, 27.029491098723266], [-92.76389138641889, 27.029491098723266], [-92.76389138641889, 26.98453515554758], [-92.7189354432432, 26.98453515554758], [-92.7189354432432, 26.93957921237189], [-92.6739795000675, 26.93957921237189], [-92.6739795000675, 26.894623269196202], [-92.62902355689181, 26.894623269196202], [-92.62902355689181, 26.849667326020516], [-92.58406761371612, 26.849667326020516], [-92.49415572736473, 26.714799496493452], [-92.40424384101334, 26.714799496493452], [-92.40424384101334, 26.66984355331776], [-92.35928789783765, 26.66984355331776], [-92.35928789783765, 26.624887610142075], [-92.31433195466195, 26.624887610142075], [-92.31433195466195, 26.579931666966388], [-92.26937601148626, 26.579931666966388], [-92.17946412513487, 26.445063837439324], [-92.08955223878348, 26.445063837439324], [-92.08955223878348, 26.400107894263638], [-92.04459629560779, 26.400107894263638], [-91.9546844092564, 26.265240064736574], [-91.86477252290501, 26.265240064736574], [-91.77486063655363, 26.13037223520951], [-91.68494875020224, 26.13037223520951], [-91.63999280702654, 26.040460348858133], [-91.55008092067516, 26.040460348858133], [-91.50512497749946, 25.950548462506756], [-91.41521309114808, 25.950548462506756], [-91.37025714797238, 25.860636576155382], [-91.280345261621, 25.860636576155382], [-91.280345261621, 25.815680632979692], [-91.2353893184453, 25.815680632979692], [-91.2353893184453, 25.770724689804005], [-91.14547743209391, 25.770724689804005], [-91.10052148891822, 25.680812803452632], [-90.92069771621544, 25.63585686027694], [-90.87574177303975, 25.545944973925568], [-90.78582988668836, 25.545944973925568], [-90.74087394351267, 25.45603308757419], [-90.65096205716128, 25.45603308757419], [-90.65096205716128, 25.411077144398504], [-90.60600611398559, 25.411077144398504], [-90.60600611398559, 25.366121201222814], [-90.5160942276342, 25.366121201222814], [-90.4711382844585, 25.27620931487144], [-90.29131451175573, 25.23125337169575], [-90.24635856858004, 25.141341485344377], [-90.15644668222865, 25.141341485344377], [-90.15644668222865, 25.09638554216869], [-89.97662290952587, 25.051429598993], [-89.97662290952587, 25.006473655817313], [-89.93166696635018, 25.006473655817313], [-89.93166696635018, 24.961517712641626], [-89.84175507999879, 24.961517712641626], [-89.84175507999879, 24.916561769465936], [-89.66193130729602, 24.87160582629025], [-89.61697536412032, 24.781693939938872], [-89.43715159141755, 24.736737996763186], [-89.39219564824185, 24.64682611041181], [-89.30228376189046, 24.64682611041181], [-89.30228376189046, 24.60187016723612], [-89.25732781871477, 24.60187016723612], [-89.25732781871477, 24.556914224060435], [-89.16741593236338, 24.556914224060435], [-89.12245998918769, 24.467002337709058], [-88.94263621648491, 24.42204639453337], [-88.89768027330922, 24.332134508181994], [-88.80776838695783, 24.332134508181994], [-88.80776838695783, 24.287178565006307], [-88.76281244378214, 24.287178565006307], [-88.76281244378214, 24.24222262183062], [-88.67290055743075, 24.24222262183062], [-88.62794461425506, 24.152310735479244], [-88.53803272790367, 24.152310735479244], [-88.49307678472798, 24.062398849127867], [-88.40316489837659, 24.062398849127867], [-88.40316489837659, 24.01744290595218], [-88.3582089552009, 24.01744290595218], [-88.3582089552009, 23.972486962776493], [-88.2682970688495, 23.972486962776493], [-88.22334112567381, 23.882575076425116], [-88.13342923932242, 23.882575076425116], [-88.08847329614673, 23.79266319007374], [-87.99856140979534, 23.79266319007374], [-87.99856140979534, 23.747707246898052], [-87.95360546661965, 23.747707246898052], [-87.95360546661965, 23.702751303722366], [-87.86369358026826, 23.702751303722366], [-87.81873763709257, 23.61283941737099], [-87.72882575074118, 23.61283941737099], [-87.72882575074118, 23.567883474195302], [-87.68386980756549, 23.567883474195302], [-87.68386980756549, 23.522927531019615], [-87.5939579212141, 23.522927531019615], [-87.5490019780384, 23.433015644668238], [-87.45909009168702, 23.433015644668238], [-87.41413414851132, 23.34310375831686], [-87.32422226215994, 23.34310375831686], [-87.32422226215994, 23.298147815141174], [-87.27926631898424, 23.298147815141174], [-87.27926631898424, 23.253191871965488], [-87.18935443263285, 23.253191871965488], [-87.14439848945716, 23.16327998561411], [-87.05448660310577, 23.16327998561411], [-87.00953065993008, 23.073368099262733], [-86.91961877357869, 23.073368099262733], [-86.91961877357869, 23.028412156087047], [-86.8297068872273, 23.028412156087047], [-86.78475094405161, 22.93850026973567], [-86.69483905770022, 22.93850026973567], [-86.64988311452453, 22.848588383384296], [-86.47005934182175, 22.80363244020861], [-86.42510339864606, 22.713720553857232], [-86.24527962594328, 22.668764610681546], [-86.24527962594328, 22.623808667505855], [-86.1553677395919, 22.623808667505855], [-86.1104117964162, 22.533896781154482], [-86.02049991006481, 22.533896781154482], [-86.02049991006481, 22.48894083797879], [-85.93058802371343, 22.48894083797879], [-85.93058802371343, 22.443984894803105], [-85.75076425101065, 22.399028951627418], [-85.75076425101065, 22.354073008451728], [-85.57094047830788, 22.30911706527604], [-85.57094047830788, 22.264161122100354], [-85.3911167056051, 22.219205178924668], [-85.3911167056051, 22.174249235748977], [-85.30120481925371, 22.174249235748977], [-85.30120481925371, 22.12929329257329], [-85.12138104655094, 22.084337349397604], [-85.12138104655094, 22.039381406221914], [-85.03146916019955, 22.039381406221914], [-85.03146916019955, 21.994425463046227], [-84.85164538749677, 21.94946951987054], [-84.85164538749677, 21.90451357669485], [-84.76173350114539, 21.90451357669485], [-84.76173350114539, 21.859557633519163], [-84.58190972844261, 21.814601690343476], [-84.58190972844261, 21.769645747167786], [-84.40208595573984, 21.7246898039921], [-84.35713001256414, 21.634777917640722], [-84.17730623986137, 21.589821974465035], [-84.13235029668567, 21.49991008811366], [-84.04243841033428, 21.49991008811366], [-83.99748246715859, 21.409998201762285], [-83.9075705808072, 21.409998201762285], [-83.81765869445582, 21.27513037223522], [-83.72774680810443, 21.27513037223522], [-83.63783492175304, 21.140262542708157], [-83.54792303540165, 21.140262542708157], [-83.45801114905026, 21.005394713181094], [-83.36809926269888, 21.005394713181094], [-83.36809926269888, 20.960438770005407], [-83.32314331952318, 20.960438770005407], [-83.2332314331718, 20.825570940478343], [-83.14331954682041, 20.825570940478343], [-83.14331954682041, 20.780614997302656], [-83.09836360364471, 20.780614997302656], [-83.00845171729333, 20.645747167775593], [-82.91853983094194, 20.645747167775593], [-82.82862794459055, 20.51087933824853], [-82.73871605823916, 20.51087933824853], [-82.73871605823916, 20.46592339507284], [-82.69376011506347, 20.46592339507284], [-82.60384822871208, 20.331055565545775], [-82.5139363423607, 20.331055565545775], [-82.5139363423607, 20.286099622370088], [-82.468980399185, 20.286099622370088], [-82.4240244560093, 20.19618773601871], [-82.33411256965792, 20.19618773601871], [-82.24420068330653, 20.061319906491647], [-82.15428879695514, 20.061319906491647], [-82.06437691060376, 19.926452076964587], [-81.97446502425237, 19.926452076964587], [-81.88455313790098, 19.791584247437523], [-81.79464125154959, 19.791584247437523], [-81.79464125154959, 19.746628304261833], [-81.7047293651982, 19.746628304261833], [-81.7047293651982, 19.701672361086146], [-81.61481747884682, 19.701672361086146], [-81.61481747884682, 19.65671641791046], [-81.47994964931974, 19.65671641791046], [-81.47994964931974, 19.61176047473477], [-81.0303902175628, 19.61176047473477], [-81.0303902175628, 19.65671641791046], [-80.89552238803572, 19.65671641791046], [-80.85056644486002, 19.746628304261833], [-80.76065455850863, 19.746628304261833], [-80.76065455850863, 19.791584247437523], [-80.71569861533294, 19.791584247437523], [-80.71569861533294, 19.881496133788897], [-80.67074267215725, 19.881496133788897], [-80.67074267215725, 19.926452076964587], [-80.62578672898155, 19.926452076964587], [-80.62578672898155, 20.01636396331596], [-80.58083078580586, 20.01636396331596], [-80.58083078580586, 20.151231792843024], [-80.53587484263016, 20.151231792843024], [-80.53587484263016, 20.46592339507284], [-80.49091889945447, 20.46592339507284], [-80.53587484263016, 20.960438770005407], [-80.58083078580586, 20.960438770005407], [-80.62578672898155, 21.230174429059534], [-80.67074267215725, 21.230174429059534], [-80.67074267215725, 21.27513037223522], [-80.71569861533294, 21.27513037223522], [-80.71569861533294, 21.365042258586598], [-80.76065455850863, 21.365042258586598], [-80.76065455850863, 21.409998201762285], [-80.89552238803572, 21.49991008811366], [-80.89552238803572, 21.589821974465035], [-80.94047833121141, 21.589821974465035], [-80.94047833121141, 21.634777917640722], [-80.9854342743871, 21.634777917640722], [-80.9854342743871, 21.679733860816413], [-81.0303902175628, 21.679733860816413], [-81.0303902175628, 21.7246898039921], [-81.07534616073849, 21.7246898039921], [-81.07534616073849, 21.769645747167786], [-81.12030210391418, 21.769645747167786], [-81.12030210391418, 21.814601690343476], [-81.16525804708988, 21.814601690343476], [-81.16525804708988, 21.859557633519163], [-81.21021399026557, 21.859557633519163], [-81.21021399026557, 21.90451357669485], [-81.25516993344127, 21.90451357669485], [-81.25516993344127, 21.94946951987054], [-81.30012587661696, 21.94946951987054], [-81.30012587661696, 21.994425463046227], [-81.34508181979265, 21.994425463046227], [-81.34508181979265, 22.039381406221914], [-81.39003776296835, 22.039381406221914], [-81.39003776296835, 22.084337349397604], [-81.43499370614404, 22.084337349397604], [-81.43499370614404, 22.12929329257329], [-81.47994964931974, 22.12929329257329], [-81.47994964931974, 22.174249235748977], [-81.52490559249543, 22.174249235748977], [-81.52490559249543, 22.219205178924668], [-81.56986153567112, 22.219205178924668], [-81.56986153567112, 22.264161122100354], [-81.61481747884682, 22.264161122100354], [-81.61481747884682, 22.30911706527604], [-81.65977342202251, 22.30911706527604], [-81.65977342202251, 22.354073008451728], [-81.7047293651982, 22.354073008451728], [-81.7047293651982, 22.399028951627418], [-81.7496853083739, 22.399028951627418], [-81.7496853083739, 22.443984894803105], [-81.79464125154959, 22.443984894803105], [-81.79464125154959, 22.48894083797879], [-81.83959719472529, 22.48894083797879], [-81.83959719472529, 22.533896781154482], [-81.88455313790098, 22.533896781154482], [-81.88455313790098, 22.57885272433017], [-82.01942096742806, 22.668764610681546], [-82.01942096742806, 22.75867649703292], [-82.06437691060376, 22.75867649703292], [-82.06437691060376, 22.80363244020861], [-82.19924474013084, 22.893544326559983], [-82.19924474013084, 22.98345621291136], [-82.33411256965792, 23.073368099262733], [-82.33411256965792, 23.16327998561411], [-82.4240244560093, 23.208235928789797], [-82.468980399185, 23.38805970149255], [-82.55889228553639, 23.433015644668238], [-82.55889228553639, 23.522927531019615], [-82.64880417188778, 23.567883474195302], [-82.64880417188778, 23.65779536054668], [-82.69376011506347, 23.65779536054668], [-82.69376011506347, 23.702751303722366], [-82.73871605823916, 23.702751303722366], [-82.73871605823916, 23.79266319007374], [-82.82862794459055, 23.83761913324943], [-82.87358388776624, 24.01744290595218], [-82.96349577411763, 24.062398849127867], [-82.96349577411763, 24.152310735479244], [-83.00845171729333, 24.152310735479244], [-83.05340766046902, 24.332134508181994], [-83.14331954682041, 24.37709045135768], [-83.14331954682041, 24.467002337709058], [-83.1882754899961, 24.467002337709058], [-83.2332314331718, 24.64682611041181], [-83.32314331952318, 24.6917820535875], [-83.32314331952318, 24.781693939938872], [-83.36809926269888, 24.781693939938872], [-83.36809926269888, 24.87160582629025], [-83.41305520587457, 24.87160582629025], [-83.45801114905026, 25.051429598993], [-83.54792303540165, 25.09638554216869], [-83.59287897857735, 25.27620931487144], [-83.68279086492873, 25.321165258047127], [-83.68279086492873, 25.411077144398504], [-83.72774680810443, 25.411077144398504], [-83.77270275128012, 25.590900917101255], [-83.86261463763151, 25.63585686027694], [-83.9075705808072, 25.815680632979692], [-83.99748246715859, 25.860636576155382], [-83.99748246715859, 25.950548462506756], [-84.04243841033428, 25.950548462506756], [-84.04243841033428, 25.995504405682446], [-84.17730623986137, 26.08541629203382], [-84.17730623986137, 26.175328178385197], [-84.22226218303706, 26.175328178385197], [-84.22226218303706, 26.220284121560884], [-84.35713001256414, 26.31019600791226], [-84.35713001256414, 26.400107894263638], [-84.40208595573984, 26.400107894263638], [-84.40208595573984, 26.445063837439324], [-84.53695378526692, 26.5349757237907], [-84.53695378526692, 26.624887610142075], [-84.58190972844261, 26.624887610142075], [-84.58190972844261, 26.66984355331776], [-84.6268656716183, 26.66984355331776], [-84.6268656716183, 26.75975543966914], [-84.76173350114539, 26.849667326020516], [-84.76173350114539, 26.93957921237189], [-84.80668944432108, 26.93957921237189], [-84.80668944432108, 26.98453515554758], [-84.94155727384816, 27.074447041898953], [-84.94155727384816, 27.16435892825033], [-84.98651321702386, 27.16435892825033], [-84.98651321702386, 27.209314871426017], [-85.03146916019955, 27.209314871426017], [-85.03146916019955, 27.299226757777394], [-85.16633698972663, 27.389138644128767], [-85.16633698972663, 27.479050530480144], [-85.30120481925371, 27.56896241683152], [-85.30120481925371, 27.658874303182895], [-85.4360726487808, 27.748786189534272], [-85.4360726487808, 27.83869807588565], [-85.52598453513218, 27.883654019061336], [-85.52598453513218, 27.973565905412713], [-85.61589642148357, 28.0185218485884], [-85.61589642148357, 28.108433734939773], [-85.70580830783496, 28.153389678115463], [-85.70580830783496, 28.243301564466837], [-85.79572019418634, 28.288257507642527], [-85.79572019418634, 28.3781693939939], [-85.84067613736204, 28.3781693939939], [-85.84067613736204, 28.42312533716959], [-85.97554396688912, 28.513037223520964], [-85.97554396688912, 28.60294910987234], [-86.02049991006481, 28.60294910987234], [-86.02049991006481, 28.647905053048028], [-86.06545585324051, 28.647905053048028], [-86.06545585324051, 28.692860996223715], [-86.1104117964162, 28.692860996223715], [-86.1104117964162, 28.737816939399405], [-86.1553677395919, 28.737816939399405], [-86.1553677395919, 28.78277288257509], [-86.20032368276759, 28.78277288257509], [-86.20032368276759, 28.82772882575078], [-86.24527962594328, 28.82772882575078], [-86.24527962594328, 28.87268476892647], [-86.29023556911898, 28.87268476892647], [-86.29023556911898, 28.917640712102155], [-86.33519151229467, 28.917640712102155], [-86.33519151229467, 28.962596655277842], [-86.47005934182175, 29.05250854162922], [-86.47005934182175, 29.142420427980596], [-86.51501528499745, 29.142420427980596], [-86.55997122817314, 29.322244200683347], [-86.60492717134883, 29.322244200683347], [-86.60492717134883, 29.367200143859034], [-86.69483905770022, 29.412156087034724], [-86.69483905770022, 29.502067973386097], [-86.73979500087592, 29.502067973386097], [-86.73979500087592, 29.547023916561784], [-86.78475094405161, 29.547023916561784], [-86.78475094405161, 29.591979859737474], [-86.8297068872273, 29.591979859737474], [-86.8297068872273, 29.63693580291316], [-86.96457471675438, 29.726847689264538], [-86.96457471675438, 29.81675957561591], [-87.00953065993008, 29.81675957561591], [-87.00953065993008, 29.861715518791602], [-87.05448660310577, 29.861715518791602], [-87.05448660310577, 29.90667146196729], [-87.09944254628147, 29.90667146196729], [-87.18935443263285, 30.041539291494352], [-87.27926631898424, 30.041539291494352], [-87.27926631898424, 30.08649523467004], [-87.36917820533563, 30.08649523467004], [-87.36917820533563, 30.131451177845726], [-87.5490019780384, 30.176407121021416], [-87.5490019780384, 30.221363064197103], [-87.68386980756549, 30.31127495054848], [-87.68386980756549, 30.401186836899853], [-87.81873763709257, 30.49109872325123], [-87.81873763709257, 30.581010609602608], [-87.86369358026826, 30.581010609602608], [-87.95360546661965, 30.71587843912967], [-88.08847329614673, 30.71587843912967], [-88.08847329614673, 30.760834382305358], [-88.2682970688495, 30.760834382305358], [-88.2682970688495, 30.805790325481045], [-88.44812084155228, 30.850746268656735], [-88.44812084155228, 30.895702211832422], [-88.53803272790367, 30.94065815500811], [-88.58298867107936, 31.12048192771086], [-88.67290055743075, 31.16543787088655], [-88.71785650060644, 31.3452616435893], [-88.80776838695783, 31.390217586764987], [-88.80776838695783, 31.480129473116364], [-88.85272433013353, 31.480129473116364], [-88.85272433013353, 31.52508541629205], [-88.89768027330922, 31.52508541629205], [-88.89768027330922, 31.570041359467737], [-88.94263621648491, 31.570041359467737], [-88.94263621648491, 31.614997302643427], [-88.98759215966061, 31.614997302643427], [-88.98759215966061, 31.659953245819114], [-89.0325481028363, 31.659953245819114], [-89.0325481028363, 31.7049091889948], [-89.077504046012, 31.7049091889948], [-89.077504046012, 31.74986513217049], [-89.12245998918769, 31.74986513217049], [-89.12245998918769, 31.794821075346178], [-89.16741593236338, 31.794821075346178], [-89.16741593236338, 31.839777018521865], [-89.21237187553908, 31.839777018521865], [-89.21237187553908, 31.884732961697555], [-89.25732781871477, 31.884732961697555], [-89.25732781871477, 31.92968890487324], [-89.39219564824185, 32.01960079122462], [-89.39219564824185, 32.10951267757599], [-89.43715159141755, 32.10951267757599], [-89.52706347776893, 32.24438050710306], [-89.61697536412032, 32.24438050710306], [-89.61697536412032, 32.289336450278746], [-89.66193130729602, 32.289336450278746], [-89.7518431936474, 32.42420427980581], [-89.84175507999879, 32.42420427980581], [-89.88671102317448, 32.51411616615718], [-89.97662290952587, 32.51411616615718], [-89.97662290952587, 32.559072109332874], [-90.02157885270157, 32.559072109332874], [-90.11149073905295, 32.693939938859934], [-90.20140262540434, 32.693939938859934], [-90.20140262540434, 32.73889588203562], [-90.29131451175573, 32.73889588203562], [-90.29131451175573, 32.783851825211315], [-90.4711382844585, 32.828807768386994], [-90.4711382844585, 32.87376371156269], [-90.69591800033697, 32.87376371156269], [-90.69591800033697, 32.918719654738375], [-91.280345261621, 32.918719654738375], [-91.280345261621, 32.96367559791406], [-91.46016903432377, 32.96367559791406], [-91.46016903432377, 32.918719654738375], [-91.63999280702654, 32.918719654738375], [-91.63999280702654, 32.87376371156269], [-91.77486063655363, 32.87376371156269], [-91.77486063655363, 32.828807768386994], [-91.9546844092564, 32.828807768386994], [-91.9546844092564, 32.783851825211315], [-92.04459629560779, 32.783851825211315], [-92.04459629560779, 32.73889588203562], [-92.17946412513487, 32.73889588203562], [-92.17946412513487, 32.693939938859934], [-92.26937601148626, 32.693939938859934], [-92.31433195466195, 32.60402805250856], [-92.49415572736473, 32.559072109332874], [-92.53911167054042, 32.4691602229815], [-92.7189354432432, 32.42420427980581], [-92.80884732959458, 32.289336450278746], [-92.89875921594597, 32.289336450278746], [-92.89875921594597, 32.24438050710306], [-93.03362704547305, 32.154468620751686], [-93.03362704547305, 32.064556734400306], [-93.07858298864875, 32.064556734400306], [-93.07858298864875, 32.01960079122462], [-93.21345081817583, 31.92968890487324], [-93.21345081817583, 31.839777018521865], [-93.34831864770291, 31.74986513217049], [-93.34831864770291, 31.659953245819114], [-93.4382305340543, 31.614997302643427], [-93.4382305340543, 31.52508541629205], [-93.48318647722999, 31.52508541629205], [-93.48318647722999, 31.435173529940677], [-93.52814242040569, 31.435173529940677], [-93.52814242040569, 31.3452616435893], [-93.57309836358138, 31.3452616435893], [-93.57309836358138, 31.255349757237923], [-93.61805430675707, 31.255349757237923], [-93.61805430675707, 31.16543787088655], [-93.66301024993277, 31.16543787088655], [-93.66301024993277, 31.075525984535172], [-93.70796619310846, 31.075525984535172], [-93.70796619310846, 30.985614098183795], [-93.75292213628416, 30.985614098183795], [-93.75292213628416, 30.850746268656735], [-93.79787807945985, 30.850746268656735], [-93.79787807945985, 30.760834382305358], [-93.84283402263554, 30.760834382305358], [-93.84283402263554, 30.625966552778294], [-93.88778996581124, 30.625966552778294], [-93.93274590898693, 29.951627405142975], [-93.97770185216262, 29.951627405142975], [-93.97770185216262, 29.81675957561591], [-94.02265779533832, 29.81675957561591], [-94.02265779533832, 29.681891746088848], [-94.06761373851401, 29.681891746088848], [-94.06761373851401, 29.547023916561784], [-94.1125696816897, 29.547023916561784], [-94.1125696816897, 29.502067973386097]]]]}}, {"type": "Feature", "properties": {"shapefile": "2021082712_wsp34knt120hr_5km", "PERCENTAGE": "40-50%"}, "geometry": {"type": "MultiPolygon", "coordinates": [[[[-94.1125696816897, 29.502067973386097], [-94.1125696816897, 29.547023916561784], [-94.06761373851401, 29.547023916561784], [-94.06761373851401, 29.681891746088848], [-94.02265779533832, 29.681891746088848], [-94.02265779533832, 29.81675957561591], [-93.97770185216262, 29.81675957561591], [-93.97770185216262, 29.951627405142975], [-93.93274590898693, 29.951627405142975], [-93.88778996581124, 30.625966552778294], [-93.84283402263554, 30.625966552778294], [-93.84283402263554, 30.760834382305358], [-93.79787807945985, 30.760834382305358], [-93.79787807945985, 30.850746268656735], [-93.75292213628416, 30.850746268656735], [-93.75292213628416, 30.985614098183795], [-93.70796619310846, 30.985614098183795], [-93.70796619310846, 31.075525984535172], [-93.66301024993277, 31.075525984535172], [-93.66301024993277, 31.16543787088655], [-93.61805430675707, 31.16543787088655], [-93.61805430675707, 31.255349757237923], [-93.57309836358138, 31.255349757237923], [-93.57309836358138, 31.3452616435893], [-93.52814242040569, 31.3452616435893], [-93.52814242040569, 31.435173529940677], [-93.48318647722999, 31.435173529940677], [-93.4382305340543, 31.614997302643427], [-93.34831864770291, 31.659953245819114], [-93.34831864770291, 31.74986513217049], [-93.21345081817583, 31.839777018521865], [-93.21345081817583, 31.92968890487324], [-93.16849487500014, 31.92968890487324], [-93.16849487500014, 31.97464484804893], [-93.03362704547305, 32.064556734400306], [-93.03362704547305, 32.154468620751686], [-92.98867110229736, 32.154468620751686], [-92.89875921594597, 32.289336450278746], [-92.80884732959458, 32.289336450278746], [-92.7189354432432, 32.42420427980581], [-92.53911167054042, 32.4691602229815], [-92.49415572736473, 32.559072109332874], [-92.31433195466195, 32.60402805250856], [-92.31433195466195, 32.64898399568425], [-92.26937601148626, 32.64898399568425], [-92.26937601148626, 32.693939938859934], [-92.17946412513487, 32.693939938859934], [-92.17946412513487, 32.73889588203562], [-92.04459629560779, 32.73889588203562], [-92.04459629560779, 32.783851825211315], [-91.9546844092564, 32.783851825211315], [-91.9546844092564, 32.828807768386994], [-91.77486063655363, 32.828807768386994], [-91.77486063655363, 32.87376371156269], [-91.63999280702654, 32.87376371156269], [-91.63999280702654, 32.918719654738375], [-91.46016903432377, 32.918719654738375], [-91.46016903432377, 32.96367559791406], [-91.280345261621, 32.96367559791406], [-91.280345261621, 32.918719654738375], [-90.69591800033697, 32.918719654738375], [-90.69591800033697, 32.87376371156269], [-90.4711382844585, 32.87376371156269], [-90.4711382844585, 32.828807768386994], [-90.38122639810712, 32.828807768386994], [-90.38122639810712, 32.783851825211315], [-90.29131451175573, 32.783851825211315], [-90.29131451175573, 32.73889588203562], [-90.11149073905295, 32.693939938859934], [-90.11149073905295, 32.64898399568425], [-90.06653479587726, 32.64898399568425], [-89.97662290952587, 32.51411616615718], [-89.88671102317448, 32.51411616615718], [-89.88671102317448, 32.4691602229815], [-89.84175507999879, 32.4691602229815], [-89.84175507999879, 32.42420427980581], [-89.7518431936474, 32.42420427980581], [-89.7518431936474, 32.37924833663012], [-89.70688725047171, 32.37924833663012], [-89.61697536412032, 32.24438050710306], [-89.52706347776893, 32.24438050710306], [-89.52706347776893, 32.199424563927366], [-89.39219564824185, 32.10951267757599], [-89.39219564824185, 32.01960079122462], [-89.34723970506616, 32.01960079122462], [-89.34723970506616, 31.97464484804893], [-89.30228376189046, 31.97464484804893], [-89.30228376189046, 31.92968890487324], [-89.25732781871477, 31.92968890487324], [-89.25732781871477, 31.884732961697555], [-89.21237187553908, 31.884732961697555], [-89.21237187553908, 31.839777018521865], [-89.16741593236338, 31.839777018521865], [-89.16741593236338, 31.794821075346178], [-89.12245998918769, 31.794821075346178], [-89.12245998918769, 31.74986513217049], [-89.077504046012, 31.74986513217049], [-89.077504046012, 31.7049091889948], [-89.0325481028363, 31.7049091889948], [-89.0325481028363, 31.659953245819114], [-88.98759215966061, 31.659953245819114], [-88.98759215966061, 31.614997302643427], [-88.94263621648491, 31.614997302643427], [-88.94263621648491, 31.570041359467737], [-88.80776838695783, 31.480129473116364], [-88.80776838695783, 31.390217586764987], [-88.71785650060644, 31.3452616435893], [-88.67290055743075, 31.16543787088655], [-88.58298867107936, 31.12048192771086], [-88.58298867107936, 31.030570041359486], [-88.53803272790367, 31.030570041359486], [-88.53803272790367, 30.94065815500811], [-88.49307678472798, 30.94065815500811], [-88.44812084155228, 30.850746268656735], [-88.3582089552009, 30.850746268656735], [-88.3582089552009, 30.805790325481045], [-88.2682970688495, 30.805790325481045], [-88.2682970688495, 30.760834382305358], [-88.08847329614673, 30.760834382305358], [-88.08847329614673, 30.71587843912967], [-87.95360546661965, 30.71587843912967], [-87.95360546661965, 30.67092249595398], [-87.81873763709257, 30.581010609602608], [-87.81873763709257, 30.49109872325123], [-87.68386980756549, 30.401186836899853], [-87.68386980756549, 30.31127495054848], [-87.63891386438979, 30.31127495054848], [-87.5490019780384, 30.176407121021416], [-87.45909009168702, 30.176407121021416], [-87.45909009168702, 30.131451177845726], [-87.36917820533563, 30.131451177845726], [-87.36917820533563, 30.08649523467004], [-87.18935443263285, 30.041539291494352], [-87.18935443263285, 29.996583348318666], [-87.14439848945716, 29.996583348318666], [-87.14439848945716, 29.951627405142975], [-87.09944254628147, 29.951627405142975], [-87.09944254628147, 29.90667146196729], [-86.96457471675438, 29.81675957561591], [-86.96457471675438, 29.726847689264538], [-86.91961877357869, 29.726847689264538], [-86.91961877357869, 29.681891746088848], [-86.874662830403, 29.681891746088848], [-86.874662830403, 29.63693580291316], [-86.8297068872273, 29.63693580291316], [-86.8297068872273, 29.591979859737474], [-86.69483905770022, 29.502067973386097], [-86.69483905770022, 29.412156087034724], [-86.55997122817314, 29.322244200683347], [-86.55997122817314, 29.23233231433197], [-86.51501528499745, 29.23233231433197], [-86.47005934182175, 29.05250854162922], [-86.42510339864606, 29.05250854162922], [-86.42510339864606, 29.007552598453533], [-86.38014745547036, 29.007552598453533], [-86.38014745547036, 28.962596655277842], [-86.33519151229467, 28.962596655277842], [-86.33519151229467, 28.917640712102155], [-86.29023556911898, 28.917640712102155], [-86.29023556911898, 28.87268476892647], [-86.24527962594328, 28.87268476892647], [-86.24527962594328, 28.82772882575078], [-86.20032368276759, 28.82772882575078], [-86.20032368276759, 28.78277288257509], [-86.1553677395919, 28.78277288257509], [-86.1553677395919, 28.737816939399405], [-86.1104117964162, 28.737816939399405], [-86.1104117964162, 28.692860996223715], [-85.97554396688912, 28.60294910987234], [-85.97554396688912, 28.513037223520964], [-85.93058802371343, 28.513037223520964], [-85.93058802371343, 28.468081280345277], [-85.79572019418634, 28.3781693939939], [-85.79572019418634, 28.288257507642527], [-85.70580830783496, 28.243301564466837], [-85.70580830783496, 28.153389678115463], [-85.61589642148357, 28.108433734939773], [-85.61589642148357, 28.0185218485884], [-85.57094047830788, 28.0185218485884], [-85.57094047830788, 27.973565905412713], [-85.52598453513218, 27.973565905412713], [-85.52598453513218, 27.883654019061336], [-85.4360726487808, 27.83869807588565], [-85.4360726487808, 27.748786189534272], [-85.30120481925371, 27.658874303182895], [-85.30120481925371, 27.56896241683152], [-85.16633698972663, 27.479050530480144], [-85.16633698972663, 27.389138644128767], [-85.03146916019955, 27.299226757777394], [-85.03146916019955, 27.209314871426017], [-84.94155727384816, 27.16435892825033], [-84.94155727384816, 27.074447041898953], [-84.89660133067247, 27.074447041898953], [-84.89660133067247, 27.029491098723266], [-84.76173350114539, 26.93957921237189], [-84.76173350114539, 26.849667326020516], [-84.6268656716183, 26.75975543966914], [-84.6268656716183, 26.66984355331776], [-84.53695378526692, 26.624887610142075], [-84.53695378526692, 26.5349757237907], [-84.49199784209122, 26.5349757237907], [-84.49199784209122, 26.49001978061501], [-84.35713001256414, 26.400107894263638], [-84.35713001256414, 26.31019600791226], [-84.31217406938845, 26.31019600791226], [-84.31217406938845, 26.265240064736574], [-84.17730623986137, 26.175328178385197], [-84.17730623986137, 26.08541629203382], [-84.13235029668567, 26.08541629203382], [-84.13235029668567, 26.040460348858133], [-83.99748246715859, 25.950548462506756], [-83.99748246715859, 25.860636576155382], [-83.9075705808072, 25.815680632979692], [-83.86261463763151, 25.63585686027694], [-83.77270275128012, 25.590900917101255], [-83.77270275128012, 25.500989030749878], [-83.72774680810443, 25.500989030749878], [-83.68279086492873, 25.321165258047127], [-83.59287897857735, 25.27620931487144], [-83.54792303540165, 25.09638554216869], [-83.45801114905026, 25.051429598993], [-83.45801114905026, 24.961517712641626], [-83.41305520587457, 24.961517712641626], [-83.41305520587457, 24.87160582629025], [-83.36809926269888, 24.87160582629025], [-83.32314331952318, 24.6917820535875], [-83.2332314331718, 24.64682611041181], [-83.2332314331718, 24.556914224060435], [-83.1882754899961, 24.556914224060435], [-83.1882754899961, 24.467002337709058], [-83.14331954682041, 24.467002337709058], [-83.14331954682041, 24.37709045135768], [-83.05340766046902, 24.332134508181994], [-83.05340766046902, 24.24222262183062], [-83.00845171729333, 24.24222262183062], [-83.00845171729333, 24.152310735479244], [-82.96349577411763, 24.152310735479244], [-82.96349577411763, 24.062398849127867], [-82.87358388776624, 24.01744290595218], [-82.82862794459055, 23.83761913324943], [-82.73871605823916, 23.79266319007374], [-82.73871605823916, 23.702751303722366], [-82.64880417188778, 23.65779536054668], [-82.64880417188778, 23.567883474195302], [-82.60384822871208, 23.567883474195302], [-82.60384822871208, 23.522927531019615], [-82.55889228553639, 23.522927531019615], [-82.55889228553639, 23.433015644668238], [-82.468980399185, 23.38805970149255], [-82.468980399185, 23.298147815141174], [-82.4240244560093, 23.298147815141174], [-82.4240244560093, 23.208235928789797], [-82.33411256965792, 23.16327998561411], [-82.33411256965792, 23.073368099262733], [-82.28915662648222, 23.073368099262733], [-82.28915662648222, 23.028412156087047], [-82.19924474013084, 22.98345621291136], [-82.19924474013084, 22.893544326559983], [-82.15428879695514, 22.893544326559983], [-82.15428879695514, 22.848588383384296], [-82.01942096742806, 22.75867649703292], [-82.01942096742806, 22.668764610681546], [-81.97446502425237, 22.668764610681546], [-81.97446502425237, 22.623808667505855], [-81.92950908107667, 22.623808667505855], [-81.92950908107667, 22.57885272433017], [-81.88455313790098, 22.57885272433017], [-81.88455313790098, 22.533896781154482], [-81.83959719472529, 22.533896781154482], [-81.83959719472529, 22.48894083797879], [-81.79464125154959, 22.48894083797879], [-81.79464125154959, 22.443984894803105], [-81.7496853083739, 22.443984894803105], [-81.7496853083739, 22.399028951627418], [-81.7047293651982, 22.399028951627418], [-81.7047293651982, 22.354073008451728], [-81.65977342202251, 22.354073008451728], [-81.65977342202251, 22.30911706527604], [-81.61481747884682, 22.30911706527604], [-81.61481747884682, 22.264161122100354], [-81.56986153567112, 22.264161122100354], [-81.56986153567112, 22.219205178924668], [-81.52490559249543, 22.219205178924668], [-81.52490559249543, 22.174249235748977], [-81.47994964931974, 22.174249235748977], [-81.47994964931974, 22.12929329257329], [-81.43499370614404, 22.12929329257329], [-81.43499370614404, 22.084337349397604], [-81.39003776296835, 22.084337349397604], [-81.39003776296835, 22.039381406221914], [-81.34508181979265, 22.039381406221914], [-81.34508181979265, 21.994425463046227], [-81.30012587661696, 21.994425463046227], [-81.30012587661696, 21.94946951987054], [-81.25516993344127, 21.94946951987054], [-81.25516993344127, 21.90451357669485], [-81.21021399026557, 21.90451357669485], [-81.21021399026557, 21.859557633519163], [-81.16525804708988, 21.859557633519163], [-81.16525804708988, 21.814601690343476], [-81.12030210391418, 21.814601690343476], [-81.12030210391418, 21.769645747167786], [-81.07534616073849, 21.769645747167786], [-81.07534616073849, 21.7246898039921], [-81.0303902175628, 21.7246898039921], [-81.0303902175628, 21.679733860816413], [-80.89552238803572, 21.589821974465035], [-80.89552238803572, 21.49991008811366], [-80.85056644486002, 21.49991008811366], [-80.85056644486002, 21.45495414493797], [-80.71569861533294, 21.365042258586598], [-80.71569861533294, 21.27513037223522], [-80.62578672898155, 21.230174429059534], [-80.62578672898155, 21.09530659953247], [-80.58083078580586, 21.09530659953247], [-80.58083078580586, 20.960438770005407], [-80.53587484263016, 20.960438770005407], [-80.49091889945447, 20.46592339507284], [-80.53587484263016, 20.46592339507284], [-80.53587484263016, 20.151231792843024], [-80.58083078580586, 20.151231792843024], [-80.58083078580586, 20.01636396331596], [-80.62578672898155, 20.01636396331596], [-80.62578672898155, 19.926452076964587], [-80.71569861533294, 19.881496133788897], [-80.71569861533294, 19.791584247437523], [-80.76065455850863, 19.791584247437523], [-80.76065455850863, 19.746628304261833], [-80.85056644486002, 19.746628304261833], [-80.89552238803572, 19.65671641791046], [-81.0303902175628, 19.65671641791046], [-81.0303902175628, 19.61176047473477], [-81.47994964931974, 19.61176047473477], [-81.47994964931974, 19.65671641791046], [-81.61481747884682, 19.65671641791046], [-81.61481747884682, 19.701672361086146], [-81.7047293651982, 19.701672361086146], [-81.7047293651982, 19.746628304261833], [-81.88455313790098, 19.791584247437523], [-81.97446502425237, 19.926452076964587], [-82.06437691060376, 19.926452076964587], [-82.15428879695514, 20.061319906491647], [-82.24420068330653, 20.061319906491647], [-82.33411256965792, 20.19618773601871], [-82.4240244560093, 20.19618773601871], [-82.5139363423607, 20.331055565545775], [-82.60384822871208, 20.331055565545775], [-82.60384822871208, 20.376011508721465], [-82.64880417188778, 20.376011508721465], [-82.73871605823916, 20.51087933824853], [-82.82862794459055, 20.51087933824853], [-82.91853983094194, 20.645747167775593], [-83.00845171729333, 20.645747167775593], [-83.00845171729333, 20.69070311095128], [-83.05340766046902, 20.69070311095128], [-83.14331954682041, 20.825570940478343], [-83.2332314331718, 20.825570940478343], [-83.2332314331718, 20.87052688365403], [-83.27818737634749, 20.87052688365403], [-83.36809926269888, 21.005394713181094], [-83.45801114905026, 21.005394713181094], [-83.54792303540165, 21.140262542708157], [-83.63783492175304, 21.140262542708157], [-83.72774680810443, 21.27513037223522], [-83.81765869445582, 21.27513037223522], [-83.9075705808072, 21.409998201762285], [-83.99748246715859, 21.409998201762285], [-83.99748246715859, 21.45495414493797], [-84.04243841033428, 21.45495414493797], [-84.04243841033428, 21.49991008811366], [-84.13235029668567, 21.49991008811366], [-84.17730623986137, 21.589821974465035], [-84.35713001256414, 21.634777917640722], [-84.40208595573984, 21.7246898039921], [-84.49199784209122, 21.7246898039921], [-84.49199784209122, 21.769645747167786], [-84.58190972844261, 21.769645747167786], [-84.58190972844261, 21.814601690343476], [-84.671821614794, 21.814601690343476], [-84.671821614794, 21.859557633519163], [-84.85164538749677, 21.90451357669485], [-84.85164538749677, 21.94946951987054], [-84.94155727384816, 21.94946951987054], [-84.94155727384816, 21.994425463046227], [-85.12138104655094, 22.039381406221914], [-85.12138104655094, 22.084337349397604], [-85.21129293290232, 22.084337349397604], [-85.21129293290232, 22.12929329257329], [-85.3911167056051, 22.174249235748977], [-85.3911167056051, 22.219205178924668], [-85.48102859195649, 22.219205178924668], [-85.48102859195649, 22.264161122100354], [-85.57094047830788, 22.264161122100354], [-85.57094047830788, 22.30911706527604], [-85.66085236465926, 22.30911706527604], [-85.66085236465926, 22.354073008451728], [-85.75076425101065, 22.354073008451728], [-85.75076425101065, 22.399028951627418], [-85.84067613736204, 22.399028951627418], [-85.84067613736204, 22.443984894803105], [-85.93058802371343, 22.443984894803105], [-85.93058802371343, 22.48894083797879], [-86.1104117964162, 22.533896781154482], [-86.1553677395919, 22.623808667505855], [-86.24527962594328, 22.623808667505855], [-86.24527962594328, 22.668764610681546], [-86.42510339864606, 22.713720553857232], [-86.47005934182175, 22.80363244020861], [-86.55997122817314, 22.80363244020861], [-86.55997122817314, 22.848588383384296], [-86.64988311452453, 22.848588383384296], [-86.69483905770022, 22.93850026973567], [-86.78475094405161, 22.93850026973567], [-86.8297068872273, 23.028412156087047], [-87.00953065993008, 23.073368099262733], [-87.05448660310577, 23.16327998561411], [-87.14439848945716, 23.16327998561411], [-87.18935443263285, 23.253191871965488], [-87.27926631898424, 23.253191871965488], [-87.27926631898424, 23.298147815141174], [-87.32422226215994, 23.298147815141174], [-87.32422226215994, 23.34310375831686], [-87.41413414851132, 23.34310375831686], [-87.45909009168702, 23.433015644668238], [-87.5490019780384, 23.433015644668238], [-87.5939579212141, 23.522927531019615], [-87.68386980756549, 23.522927531019615], [-87.68386980756549, 23.567883474195302], [-87.72882575074118, 23.567883474195302], [-87.72882575074118, 23.61283941737099], [-87.81873763709257, 23.61283941737099], [-87.86369358026826, 23.702751303722366], [-87.95360546661965, 23.702751303722366], [-87.95360546661965, 23.747707246898052], [-87.99856140979534, 23.747707246898052], [-87.99856140979534, 23.79266319007374], [-88.08847329614673, 23.79266319007374], [-88.13342923932242, 23.882575076425116], [-88.22334112567381, 23.882575076425116], [-88.2682970688495, 23.972486962776493], [-88.3582089552009, 23.972486962776493], [-88.3582089552009, 24.01744290595218], [-88.40316489837659, 24.01744290595218], [-88.40316489837659, 24.062398849127867], [-88.49307678472798, 24.062398849127867], [-88.53803272790367, 24.152310735479244], [-88.62794461425506, 24.152310735479244], [-88.67290055743075, 24.24222262183062], [-88.76281244378214, 24.24222262183062], [-88.80776838695783, 24.332134508181994], [-88.89768027330922, 24.332134508181994], [-88.94263621648491, 24.42204639453337], [-89.12245998918769, 24.467002337709058], [-89.16741593236338, 24.556914224060435], [-89.25732781871477, 24.556914224060435], [-89.25732781871477, 24.60187016723612], [-89.30228376189046, 24.60187016723612], [-89.30228376189046, 24.64682611041181], [-89.39219564824185, 24.64682611041181], [-89.43715159141755, 24.736737996763186], [-89.61697536412032, 24.781693939938872], [-89.66193130729602, 24.87160582629025], [-89.84175507999879, 24.916561769465936], [-89.84175507999879, 24.961517712641626], [-89.93166696635018, 24.961517712641626], [-89.97662290952587, 25.051429598993], [-90.06653479587726, 25.051429598993], [-90.06653479587726, 25.09638554216869], [-90.24635856858004, 25.141341485344377], [-90.29131451175573, 25.23125337169575], [-90.4711382844585, 25.27620931487144], [-90.5160942276342, 25.366121201222814], [-90.60600611398559, 25.366121201222814], [-90.65096205716128, 25.45603308757419], [-90.74087394351267, 25.45603308757419], [-90.74087394351267, 25.500989030749878], [-90.78582988668836, 25.500989030749878], [-90.78582988668836, 25.545944973925568], [-90.87574177303975, 25.545944973925568], [-90.92069771621544, 25.63585686027694], [-91.10052148891822, 25.680812803452632], [-91.10052148891822, 25.72576874662832], [-91.14547743209391, 25.72576874662832], [-91.14547743209391, 25.770724689804005], [-91.2353893184453, 25.770724689804005], [-91.280345261621, 25.860636576155382], [-91.37025714797238, 25.860636576155382], [-91.37025714797238, 25.90559251933107], [-91.41521309114808, 25.90559251933107], [-91.41521309114808, 25.950548462506756], [-91.50512497749946, 25.950548462506756], [-91.55008092067516, 26.040460348858133], [-91.63999280702654, 26.040460348858133], [-91.68494875020224, 26.13037223520951], [-91.77486063655363, 26.13037223520951], [-91.77486063655363, 26.175328178385197], [-91.81981657972932, 26.175328178385197], [-91.86477252290501, 26.265240064736574], [-91.9546844092564, 26.265240064736574], [-91.9546844092564, 26.31019600791226], [-91.9996403524321, 26.31019600791226], [-92.08955223878348, 26.445063837439324], [-92.17946412513487, 26.445063837439324], [-92.17946412513487, 26.49001978061501], [-92.22442006831056, 26.49001978061501], [-92.22442006831056, 26.5349757237907], [-92.26937601148626, 26.5349757237907], [-92.26937601148626, 26.579931666966388], [-92.40424384101334, 26.66984355331776], [-92.40424384101334, 26.714799496493452], [-92.49415572736473, 26.714799496493452], [-92.49415572736473, 26.75975543966914], [-92.53911167054042, 26.75975543966914], [-92.53911167054042, 26.804711382844825], [-92.58406761371612, 26.804711382844825], [-92.58406761371612, 26.849667326020516], [-92.62902355689181, 26.849667326020516], [-92.62902355689181, 26.894623269196202], [-92.6739795000675, 26.894623269196202], [-92.6739795000675, 26.93957921237189], [-92.7189354432432, 26.93957921237189], [-92.7189354432432, 26.98453515554758], [-92.76389138641889, 26.98453515554758], [-92.76389138641889, 27.029491098723266], [-92.80884732959458, 27.029491098723266], [-92.80884732959458, 27.074447041898953], [-92.85380327277028, 27.074447041898953], [-92.85380327277028, 27.119402985074643], [-92.89875921594597, 27.119402985074643], [-92.89875921594597, 27.16435892825033], [-92.94371515912167, 27.16435892825033], [-92.94371515912167, 27.209314871426017], [-92.98867110229736, 27.209314871426017], [-92.98867110229736, 27.254270814601703], [-93.03362704547305, 27.254270814601703], [-93.03362704547305, 27.299226757777394], [-93.07858298864875, 27.299226757777394], [-93.07858298864875, 27.34418270095308], [-93.12353893182444, 27.34418270095308], [-93.12353893182444, 27.389138644128767], [-93.25840676135152, 27.479050530480144], [-93.25840676135152, 27.56896241683152], [-93.3932745908786, 27.658874303182895], [-93.3932745908786, 27.748786189534272], [-93.4382305340543, 27.748786189534272], [-93.4382305340543, 27.79374213270996], [-93.52814242040569, 27.83869807588565], [-93.52814242040569, 27.928609962237022], [-93.66301024993277, 28.0185218485884], [-93.66301024993277, 28.108433734939773], [-93.70796619310846, 28.108433734939773], [-93.70796619310846, 28.19834562129115], [-93.75292213628416, 28.19834562129115], [-93.75292213628416, 28.288257507642527], [-93.79787807945985, 28.288257507642527], [-93.79787807945985, 28.3781693939939], [-93.84283402263554, 28.3781693939939], [-93.84283402263554, 28.468081280345277], [-93.88778996581124, 28.468081280345277], [-93.88778996581124, 28.60294910987234], [-93.93274590898693, 28.60294910987234], [-93.93274590898693, 28.737816939399405], [-93.97770185216262, 28.737816939399405], [-93.97770185216262, 28.82772882575078], [-94.02265779533832, 28.82772882575078], [-94.02265779533832, 28.962596655277842], [-94.06761373851401, 28.962596655277842], [-94.06761373851401, 29.502067973386097], [-94.1125696816897, 29.502067973386097]], [[-93.70796619310846, 29.23233231433197], [-93.66301024993277, 29.23233231433197], [-93.66301024993277, 28.962596655277842], [-93.61805430675707, 28.962596655277842], [-93.61805430675707, 28.82772882575078], [-93.57309836358138, 28.82772882575078], [-93.57309836358138, 28.647905053048028], [-93.52814242040569, 28.647905053048028], [-93.52814242040569, 28.513037223520964], [-93.48318647722999, 28.513037223520964], [-93.48318647722999, 28.42312533716959], [-93.3932745908786, 28.3781693939939], [-93.3932745908786, 28.288257507642527], [-93.30336270452722, 28.243301564466837], [-93.30336270452722, 28.153389678115463], [-93.25840676135152, 28.153389678115463], [-93.25840676135152, 28.063477791764086], [-93.16849487500014, 28.0185218485884], [-93.16849487500014, 27.928609962237022], [-93.12353893182444, 27.928609962237022], [-93.12353893182444, 27.883654019061336], [-93.03362704547305, 27.83869807588565], [-93.03362704547305, 27.748786189534272], [-92.89875921594597, 27.658874303182895], [-92.89875921594597, 27.56896241683152], [-92.85380327277028, 27.56896241683152], [-92.85380327277028, 27.52400647365583], [-92.80884732959458, 27.52400647365583], [-92.80884732959458, 27.479050530480144], [-92.76389138641889, 27.479050530480144], [-92.76389138641889, 27.434094587304457], [-92.7189354432432, 27.434094587304457], [-92.7189354432432, 27.389138644128767], [-92.6739795000675, 27.389138644128767], [-92.6739795000675, 27.34418270095308], [-92.62902355689181, 27.34418270095308], [-92.62902355689181, 27.299226757777394], [-92.58406761371612, 27.299226757777394], [-92.58406761371612, 27.254270814601703], [-92.53911167054042, 27.254270814601703], [-92.53911167054042, 27.209314871426017], [-92.49415572736473, 27.209314871426017], [-92.49415572736473, 27.16435892825033], [-92.44919978418903, 27.16435892825033], [-92.44919978418903, 27.119402985074643], [-92.40424384101334, 27.119402985074643], [-92.40424384101334, 27.074447041898953], [-92.35928789783765, 27.074447041898953], [-92.35928789783765, 27.029491098723266], [-92.31433195466195, 27.029491098723266], [-92.31433195466195, 26.98453515554758], [-92.26937601148626, 26.98453515554758], [-92.26937601148626, 26.93957921237189], [-92.22442006831056, 26.93957921237189], [-92.22442006831056, 26.894623269196202], [-92.17946412513487, 26.894623269196202], [-92.08955223878348, 26.75975543966914], [-91.9996403524321, 26.75975543966914], [-91.9996403524321, 26.714799496493452], [-91.9546844092564, 26.714799496493452], [-91.9546844092564, 26.66984355331776], [-91.90972846608071, 26.66984355331776], [-91.81981657972932, 26.5349757237907], [-91.72990469337793, 26.5349757237907], [-91.72990469337793, 26.49001978061501], [-91.68494875020224, 26.49001978061501], [-91.63999280702654, 26.400107894263638], [-91.55008092067516, 26.400107894263638], [-91.46016903432377, 26.265240064736574], [-91.37025714797238, 26.265240064736574], [-91.32530120479669, 26.175328178385197], [-91.2353893184453, 26.175328178385197], [-91.1904333752696, 26.08541629203382], [-91.10052148891822, 26.08541629203382], [-91.10052148891822, 26.040460348858133], [-91.05556554574252, 26.040460348858133], [-91.05556554574252, 25.995504405682446], [-90.96565365939114, 25.995504405682446], [-90.92069771621544, 25.90559251933107], [-90.83078582986406, 25.90559251933107], [-90.78582988668836, 25.815680632979692], [-90.69591800033697, 25.815680632979692], [-90.69591800033697, 25.770724689804005], [-90.65096205716128, 25.770724689804005], [-90.65096205716128, 25.72576874662832], [-90.56105017080989, 25.72576874662832], [-90.5160942276342, 25.63585686027694], [-90.42618234128281, 25.63585686027694], [-90.38122639810712, 25.545944973925568], [-90.20140262540434, 25.500989030749878], [-90.20140262540434, 25.45603308757419], [-90.15644668222865, 25.45603308757419], [-90.15644668222865, 25.411077144398504], [-90.06653479587726, 25.411077144398504], [-90.02157885270157, 25.321165258047127], [-89.84175507999879, 25.27620931487144], [-89.7967991368231, 25.186297428520064], [-89.70688725047171, 25.186297428520064], [-89.70688725047171, 25.141341485344377], [-89.61697536412032, 25.141341485344377], [-89.57201942094463, 25.051429598993], [-89.39219564824185, 25.006473655817313], [-89.34723970506616, 24.916561769465936], [-89.25732781871477, 24.916561769465936], [-89.21237187553908, 24.826649883114563], [-89.12245998918769, 24.826649883114563], [-89.077504046012, 24.736737996763186], [-88.98759215966061, 24.736737996763186], [-88.98759215966061, 24.6917820535875], [-88.94263621648491, 24.6917820535875], [-88.94263621648491, 24.64682611041181], [-88.85272433013353, 24.64682611041181], [-88.80776838695783, 24.556914224060435], [-88.62794461425506, 24.511958280884745], [-88.53803272790367, 24.37709045135768], [-88.44812084155228, 24.37709045135768], [-88.40316489837659, 24.287178565006307], [-88.3132530120252, 24.287178565006307], [-88.2682970688495, 24.19726667865493], [-88.17838518249812, 24.19726667865493], [-88.13342923932242, 24.107354792303557], [-88.04351735297104, 24.107354792303557], [-87.95360546661965, 23.972486962776493], [-87.86369358026826, 23.972486962776493], [-87.81873763709257, 23.882575076425116], [-87.72882575074118, 23.882575076425116], [-87.63891386438979, 23.747707246898052], [-87.5490019780384, 23.747707246898052], [-87.5490019780384, 23.702751303722366], [-87.50404603486271, 23.702751303722366], [-87.50404603486271, 23.65779536054668], [-87.41413414851132, 23.65779536054668], [-87.36917820533563, 23.567883474195302], [-87.27926631898424, 23.567883474195302], [-87.23431037580855, 23.477971587843925], [-87.14439848945716, 23.477971587843925], [-87.05448660310577, 23.34310375831686], [-86.874662830403, 23.298147815141174], [-86.8297068872273, 23.208235928789797], [-86.73979500087592, 23.208235928789797], [-86.73979500087592, 23.16327998561411], [-86.69483905770022, 23.16327998561411], [-86.69483905770022, 23.118324042438424], [-86.60492717134883, 23.118324042438424], [-86.55997122817314, 23.028412156087047], [-86.47005934182175, 23.028412156087047], [-86.42510339864606, 22.93850026973567], [-86.24527962594328, 22.893544326559983], [-86.20032368276759, 22.80363244020861], [-86.1104117964162, 22.80363244020861], [-86.1104117964162, 22.75867649703292], [-85.93058802371343, 22.713720553857232], [-85.88563208053773, 22.623808667505855], [-85.79572019418634, 22.623808667505855], [-85.79572019418634, 22.57885272433017], [-85.61589642148357, 22.533896781154482], [-85.61589642148357, 22.48894083797879], [-85.52598453513218, 22.48894083797879], [-85.52598453513218, 22.443984894803105], [-85.3461607624294, 22.399028951627418], [-85.3461607624294, 22.354073008451728], [-85.25624887607802, 22.354073008451728], [-85.25624887607802, 22.30911706527604], [-85.16633698972663, 22.30911706527604], [-85.16633698972663, 22.264161122100354], [-84.98651321702386, 22.219205178924668], [-84.94155727384816, 22.12929329257329], [-84.76173350114539, 22.084337349397604], [-84.76173350114539, 22.039381406221914], [-84.6268656716183, 22.039381406221914], [-84.6268656716183, 21.994425463046227], [-84.44704189891553, 21.94946951987054], [-84.40208595573984, 21.859557633519163], [-84.31217406938845, 21.859557633519163], [-84.31217406938845, 21.814601690343476], [-84.13235029668567, 21.769645747167786], [-84.08739435350998, 21.679733860816413], [-83.99748246715859, 21.679733860816413], [-83.9075705808072, 21.54486603128935], [-83.81765869445582, 21.54486603128935], [-83.72774680810443, 21.409998201762285], [-83.63783492175304, 21.409998201762285], [-83.63783492175304, 21.365042258586598], [-83.59287897857735, 21.365042258586598], [-83.50296709222596, 21.230174429059534], [-83.41305520587457, 21.230174429059534], [-83.41305520587457, 21.185218485883844], [-83.36809926269888, 21.185218485883844], [-83.36809926269888, 21.140262542708157], [-83.32314331952318, 21.140262542708157], [-83.2332314331718, 21.005394713181094], [-83.14331954682041, 21.005394713181094], [-83.14331954682041, 20.960438770005407], [-83.09836360364471, 20.960438770005407], [-83.09836360364471, 20.915482826829717], [-83.05340766046902, 20.915482826829717], [-82.96349577411763, 20.780614997302656], [-82.87358388776624, 20.780614997302656], [-82.87358388776624, 20.735659054126966], [-82.82862794459055, 20.735659054126966], [-82.73871605823916, 20.600791224599902], [-82.64880417188778, 20.600791224599902], [-82.64880417188778, 20.555835281424216], [-82.60384822871208, 20.555835281424216], [-82.60384822871208, 20.51087933824853], [-82.55889228553639, 20.51087933824853], [-82.468980399185, 20.376011508721465], [-82.37906851283361, 20.376011508721465], [-82.37906851283361, 20.331055565545775], [-82.33411256965792, 20.331055565545775], [-82.24420068330653, 20.19618773601871], [-82.15428879695514, 20.19618773601871], [-82.06437691060376, 20.061319906491647], [-81.97446502425237, 20.061319906491647], [-81.97446502425237, 20.01636396331596], [-81.92950908107667, 20.01636396331596], [-81.83959719472529, 19.881496133788897], [-81.7496853083739, 19.881496133788897], [-81.7047293651982, 19.791584247437523], [-81.61481747884682, 19.791584247437523], [-81.61481747884682, 19.746628304261833], [-81.47994964931974, 19.746628304261833], [-81.47994964931974, 19.701672361086146], [-81.0303902175628, 19.701672361086146], [-81.0303902175628, 19.746628304261833], [-80.89552238803572, 19.746628304261833], [-80.89552238803572, 19.791584247437523], [-80.85056644486002, 19.791584247437523], [-80.85056644486002, 19.83654019061321], [-80.71569861533294, 19.926452076964587], [-80.71569861533294, 20.01636396331596], [-80.67074267215725, 20.01636396331596], [-80.67074267215725, 20.151231792843024], [-80.62578672898155, 20.151231792843024], [-80.62578672898155, 20.46592339507284], [-80.58083078580586, 20.46592339507284], [-80.58083078580586, 20.645747167775593], [-80.62578672898155, 20.645747167775593], [-80.62578672898155, 20.960438770005407], [-80.67074267215725, 20.960438770005407], [-80.67074267215725, 21.09530659953247], [-80.71569861533294, 21.09530659953247], [-80.76065455850863, 21.27513037223522], [-80.80561050168433, 21.27513037223522], [-80.80561050168433, 21.320086315410908], [-80.85056644486002, 21.320086315410908], [-80.85056644486002, 21.365042258586598], [-80.89552238803572, 21.365042258586598], [-80.89552238803572, 21.409998201762285], [-80.94047833121141, 21.409998201762285], [-80.94047833121141, 21.45495414493797], [-80.9854342743871, 21.45495414493797], [-80.9854342743871, 21.49991008811366], [-81.0303902175628, 21.49991008811366], [-81.0303902175628, 21.54486603128935], [-81.07534616073849, 21.54486603128935], [-81.07534616073849, 21.589821974465035], [-81.21021399026557, 21.679733860816413], [-81.21021399026557, 21.769645747167786], [-81.25516993344127, 21.769645747167786], [-81.25516993344127, 21.814601690343476], [-81.34508181979265, 21.814601690343476], [-81.34508181979265, 21.859557633519163], [-81.39003776296835, 21.859557633519163], [-81.39003776296835, 21.90451357669485], [-81.43499370614404, 21.90451357669485], [-81.43499370614404, 21.94946951987054], [-81.47994964931974, 21.94946951987054], [-81.47994964931974, 21.994425463046227], [-81.52490559249543, 21.994425463046227], [-81.52490559249543, 22.039381406221914], [-81.56986153567112, 22.039381406221914], [-81.56986153567112, 22.084337349397604], [-81.61481747884682, 22.084337349397604], [-81.61481747884682, 22.12929329257329], [-81.65977342202251, 22.12929329257329], [-81.65977342202251, 22.174249235748977], [-81.7047293651982, 22.174249235748977], [-81.7047293651982, 22.219205178924668], [-81.7496853083739, 22.219205178924668], [-81.7496853083739, 22.264161122100354], [-81.79464125154959, 22.264161122100354], [-81.79464125154959, 22.30911706527604], [-81.83959719472529, 22.30911706527604], [-81.92950908107667, 22.443984894803105], [-82.01942096742806, 22.443984894803105], [-82.01942096742806, 22.48894083797879], [-82.15428879695514, 22.57885272433017], [-82.15428879695514, 22.668764610681546], [-82.19924474013084, 22.668764610681546], [-82.19924474013084, 22.713720553857232], [-82.24420068330653, 22.713720553857232], [-82.24420068330653, 22.75867649703292], [-82.28915662648222, 22.75867649703292], [-82.28915662648222, 22.80363244020861], [-82.33411256965792, 22.80363244020861], [-82.33411256965792, 22.848588383384296], [-82.468980399185, 22.93850026973567], [-82.468980399185, 23.028412156087047], [-82.60384822871208, 23.118324042438424], [-82.60384822871208, 23.208235928789797], [-82.73871605823916, 23.298147815141174], [-82.73871605823916, 23.38805970149255], [-82.82862794459055, 23.433015644668238], [-82.82862794459055, 23.522927531019615], [-82.87358388776624, 23.522927531019615], [-82.87358388776624, 23.567883474195302], [-82.91853983094194, 23.567883474195302], [-82.91853983094194, 23.65779536054668], [-83.00845171729333, 23.702751303722366], [-83.05340766046902, 23.882575076425116], [-83.09836360364471, 23.882575076425116], [-83.09836360364471, 23.927531019600803], [-83.14331954682041, 23.927531019600803], [-83.14331954682041, 24.01744290595218], [-83.2332314331718, 24.062398849127867], [-83.27818737634749, 24.24222262183062], [-83.32314331952318, 24.24222262183062], [-83.32314331952318, 24.287178565006307], [-83.36809926269888, 24.287178565006307], [-83.36809926269888, 24.37709045135768], [-83.45801114905026, 24.42204639453337], [-83.50296709222596, 24.60187016723612], [-83.59287897857735, 24.64682611041181], [-83.63783492175304, 24.826649883114563], [-83.68279086492873, 24.826649883114563], [-83.68279086492873, 24.87160582629025], [-83.72774680810443, 24.87160582629025], [-83.72774680810443, 24.961517712641626], [-83.81765869445582, 25.006473655817313], [-83.86261463763151, 25.186297428520064], [-83.9525265239829, 25.23125337169575], [-83.9525265239829, 25.321165258047127], [-84.04243841033428, 25.366121201222814], [-84.04243841033428, 25.45603308757419], [-84.13235029668567, 25.500989030749878], [-84.13235029668567, 25.590900917101255], [-84.22226218303706, 25.63585686027694], [-84.22226218303706, 25.72576874662832], [-84.35713001256414, 25.815680632979692], [-84.35713001256414, 25.90559251933107], [-84.49199784209122, 25.995504405682446], [-84.49199784209122, 26.08541629203382], [-84.53695378526692, 26.08541629203382], [-84.53695378526692, 26.13037223520951], [-84.671821614794, 26.220284121560884], [-84.671821614794, 26.31019600791226], [-84.71677755796969, 26.31019600791226], [-84.71677755796969, 26.355151951087947], [-84.85164538749677, 26.445063837439324], [-84.85164538749677, 26.5349757237907], [-84.89660133067247, 26.5349757237907], [-84.89660133067247, 26.579931666966388], [-84.94155727384816, 26.579931666966388], [-84.94155727384816, 26.624887610142075], [-85.07642510337524, 26.714799496493452], [-85.07642510337524, 26.804711382844825], [-85.12138104655094, 26.804711382844825], [-85.12138104655094, 26.849667326020516], [-85.16633698972663, 26.849667326020516], [-85.16633698972663, 26.894623269196202], [-85.21129293290232, 26.894623269196202], [-85.21129293290232, 26.93957921237189], [-85.3461607624294, 27.029491098723266], [-85.3461607624294, 27.119402985074643], [-85.3911167056051, 27.119402985074643], [-85.3911167056051, 27.16435892825033], [-85.4360726487808, 27.16435892825033], [-85.4360726487808, 27.209314871426017], [-85.48102859195649, 27.209314871426017], [-85.48102859195649, 27.254270814601703], [-85.61589642148357, 27.34418270095308], [-85.61589642148357, 27.434094587304457], [-85.70580830783496, 27.479050530480144], [-85.70580830783496, 27.56896241683152], [-85.79572019418634, 27.613918360007208], [-85.79572019418634, 27.703830246358585], [-85.88563208053773, 27.748786189534272], [-85.88563208053773, 27.83869807588565], [-86.02049991006481, 27.928609962237022], [-86.02049991006481, 28.0185218485884], [-86.06545585324051, 28.0185218485884], [-86.06545585324051, 28.063477791764086], [-86.1104117964162, 28.063477791764086], [-86.1104117964162, 28.153389678115463], [-86.24527962594328, 28.243301564466837], [-86.24527962594328, 28.333213450818214], [-86.38014745547036, 28.42312533716959], [-86.38014745547036, 28.513037223520964], [-86.42510339864606, 28.513037223520964], [-86.42510339864606, 28.557993166696654], [-86.47005934182175, 28.557993166696654], [-86.47005934182175, 28.60294910987234], [-86.51501528499745, 28.60294910987234], [-86.51501528499745, 28.647905053048028], [-86.64988311452453, 28.737816939399405], [-86.64988311452453, 28.82772882575078], [-86.73979500087592, 28.87268476892647], [-86.73979500087592, 28.962596655277842], [-86.8297068872273, 29.007552598453533], [-86.8297068872273, 29.097464484804906], [-86.874662830403, 29.097464484804906], [-86.874662830403, 29.142420427980596], [-86.91961877357869, 29.142420427980596], [-86.91961877357869, 29.187376371156283], [-86.96457471675438, 29.187376371156283], [-86.96457471675438, 29.23233231433197], [-87.00953065993008, 29.23233231433197], [-87.00953065993008, 29.27728825750766], [-87.05448660310577, 29.27728825750766], [-87.05448660310577, 29.322244200683347], [-87.09944254628147, 29.322244200683347], [-87.09944254628147, 29.367200143859034], [-87.14439848945716, 29.367200143859034], [-87.14439848945716, 29.412156087034724], [-87.18935443263285, 29.412156087034724], [-87.18935443263285, 29.45711203021041], [-87.23431037580855, 29.45711203021041], [-87.23431037580855, 29.502067973386097], [-87.36917820533563, 29.591979859737474], [-87.36917820533563, 29.681891746088848], [-87.41413414851132, 29.681891746088848], [-87.41413414851132, 29.726847689264538], [-87.45909009168702, 29.726847689264538], [-87.45909009168702, 29.771803632440225], [-87.50404603486271, 29.771803632440225], [-87.50404603486271, 29.81675957561591], [-87.5490019780384, 29.81675957561591], [-87.5490019780384, 29.861715518791602], [-87.5939579212141, 29.861715518791602], [-87.5939579212141, 29.90667146196729], [-87.63891386438979, 29.90667146196729], [-87.63891386438979, 29.951627405142975], [-87.68386980756549, 29.951627405142975], [-87.68386980756549, 29.996583348318666], [-87.72882575074118, 29.996583348318666], [-87.72882575074118, 30.041539291494352], [-87.77378169391687, 30.041539291494352], [-87.77378169391687, 30.08649523467004], [-87.90864952344396, 30.176407121021416], [-87.90864952344396, 30.26631900737279], [-87.95360546661965, 30.26631900737279], [-87.95360546661965, 30.31127495054848], [-88.04351735297104, 30.31127495054848], [-88.04351735297104, 30.356230893724167], [-88.3132530120252, 30.356230893724167], [-88.3132530120252, 30.401186836899853], [-88.53803272790367, 30.401186836899853], [-88.53803272790367, 30.446142780075544], [-88.67290055743075, 30.446142780075544], [-88.67290055743075, 30.49109872325123], [-88.76281244378214, 30.49109872325123], [-88.76281244378214, 30.536054666426917], [-88.80776838695783, 30.536054666426917], [-88.80776838695783, 30.625966552778294], [-88.89768027330922, 30.67092249595398], [-88.89768027330922, 30.760834382305358], [-88.98759215966061, 30.805790325481045], [-88.98759215966061, 30.895702211832422], [-89.077504046012, 30.94065815500811], [-89.077504046012, 31.030570041359486], [-89.12245998918769, 31.030570041359486], [-89.12245998918769, 31.075525984535172], [-89.16741593236338, 31.075525984535172], [-89.16741593236338, 31.12048192771086], [-89.21237187553908, 31.12048192771086], [-89.21237187553908, 31.16543787088655], [-89.25732781871477, 31.16543787088655], [-89.25732781871477, 31.210393814062236], [-89.30228376189046, 31.210393814062236], [-89.30228376189046, 31.255349757237923], [-89.34723970506616, 31.255349757237923], [-89.34723970506616, 31.300305700413613], [-89.39219564824185, 31.300305700413613], [-89.39219564824185, 31.3452616435893], [-89.43715159141755, 31.3452616435893], [-89.43715159141755, 31.390217586764987], [-89.48210753459324, 31.390217586764987], [-89.48210753459324, 31.435173529940677], [-89.52706347776893, 31.435173529940677], [-89.52706347776893, 31.480129473116364], [-89.57201942094463, 31.480129473116364], [-89.57201942094463, 31.52508541629205], [-89.61697536412032, 31.52508541629205], [-89.61697536412032, 31.570041359467737], [-89.66193130729602, 31.570041359467737], [-89.66193130729602, 31.614997302643427], [-89.70688725047171, 31.614997302643427], [-89.70688725047171, 31.659953245819114], [-89.7518431936474, 31.659953245819114], [-89.7518431936474, 31.7049091889948], [-89.7967991368231, 31.7049091889948], [-89.7967991368231, 31.74986513217049], [-89.84175507999879, 31.74986513217049], [-89.84175507999879, 31.794821075346178], [-89.88671102317448, 31.794821075346178], [-89.97662290952587, 31.92968890487324], [-90.06653479587726, 31.92968890487324], [-90.11149073905295, 32.01960079122462], [-90.20140262540434, 32.01960079122462], [-90.24635856858004, 32.10951267757599], [-90.33627045493142, 32.10951267757599], [-90.33627045493142, 32.154468620751686], [-90.5160942276342, 32.199424563927366], [-90.5160942276342, 32.24438050710306], [-90.65096205716128, 32.24438050710306], [-90.65096205716128, 32.289336450278746], [-90.78582988668836, 32.289336450278746], [-90.78582988668836, 32.33429239345443], [-90.92069771621544, 32.33429239345443], [-90.92069771621544, 32.37924833663012], [-91.280345261621, 32.37924833663012], [-91.280345261621, 32.42420427980581], [-91.55008092067516, 32.42420427980581], [-91.55008092067516, 32.37924833663012], [-91.90972846608071, 32.33429239345443], [-91.90972846608071, 32.289336450278746], [-92.04459629560779, 32.289336450278746], [-92.04459629560779, 32.24438050710306], [-92.22442006831056, 32.199424563927366], [-92.26937601148626, 32.10951267757599], [-92.44919978418903, 32.064556734400306], [-92.44919978418903, 32.01960079122462], [-92.49415572736473, 32.01960079122462], [-92.49415572736473, 31.97464484804893], [-92.53911167054042, 31.97464484804893], [-92.53911167054042, 31.92968890487324], [-92.58406761371612, 31.92968890487324], [-92.58406761371612, 31.884732961697555], [-92.62902355689181, 31.884732961697555], [-92.62902355689181, 31.839777018521865], [-92.6739795000675, 31.839777018521865], [-92.6739795000675, 31.794821075346178], [-92.7189354432432, 31.794821075346178], [-92.7189354432432, 31.74986513217049], [-92.85380327277028, 31.659953245819114], [-92.85380327277028, 31.570041359467737], [-92.98867110229736, 31.480129473116364], [-92.98867110229736, 31.390217586764987], [-93.07858298864875, 31.3452616435893], [-93.07858298864875, 31.255349757237923], [-93.16849487500014, 31.210393814062236], [-93.16849487500014, 31.12048192771086], [-93.21345081817583, 31.12048192771086], [-93.21345081817583, 31.030570041359486], [-93.25840676135152, 31.030570041359486], [-93.25840676135152, 30.94065815500811], [-93.30336270452722, 30.94065815500811], [-93.30336270452722, 30.850746268656735], [-93.34831864770291, 30.850746268656735], [-93.34831864770291, 30.71587843912967], [-93.3932745908786, 30.71587843912967], [-93.3932745908786, 30.625966552778294], [-93.4382305340543, 30.625966552778294], [-93.4382305340543, 30.49109872325123], [-93.48318647722999, 30.49109872325123], [-93.48318647722999, 30.176407121021416], [-93.52814242040569, 30.176407121021416], [-93.52814242040569, 29.951627405142975], [-93.57309836358138, 29.951627405142975], [-93.57309836358138, 29.861715518791602], [-93.61805430675707, 29.861715518791602], [-93.61805430675707, 29.726847689264538], [-93.66301024993277, 29.726847689264538], [-93.66301024993277, 29.63693580291316], [-93.70796619310846, 29.63693580291316], [-93.70796619310846, 29.23233231433197]]]]}}, {"type": "Feature", "properties": {"shapefile": "2021082712_wsp34knt120hr_5km", "PERCENTAGE": "50-60%"}, "geometry": {"type": "MultiPolygon", "coordinates": [[[[-93.70796619310846, 29.23233231433197], [-93.70796619310846, 29.63693580291316], [-93.66301024993277, 29.63693580291316], [-93.66301024993277, 29.726847689264538], [-93.61805430675707, 29.726847689264538], [-93.61805430675707, 29.861715518791602], [-93.57309836358138, 29.861715518791602], [-93.57309836358138, 29.951627405142975], [-93.52814242040569, 29.951627405142975], [-93.52814242040569, 30.176407121021416], [-93.48318647722999, 30.176407121021416], [-93.48318647722999, 30.49109872325123], [-93.4382305340543, 30.49109872325123], [-93.4382305340543, 30.625966552778294], [-93.3932745908786, 30.625966552778294], [-93.3932745908786, 30.71587843912967], [-93.34831864770291, 30.71587843912967], [-93.34831864770291, 30.850746268656735], [-93.30336270452722, 30.850746268656735], [-93.30336270452722, 30.94065815500811], [-93.25840676135152, 30.94065815500811], [-93.25840676135152, 31.030570041359486], [-93.21345081817583, 31.030570041359486], [-93.16849487500014, 31.210393814062236], [-93.12353893182444, 31.210393814062236], [-93.12353893182444, 31.255349757237923], [-93.07858298864875, 31.255349757237923], [-93.07858298864875, 31.3452616435893], [-92.98867110229736, 31.390217586764987], [-92.98867110229736, 31.480129473116364], [-92.85380327277028, 31.570041359467737], [-92.85380327277028, 31.659953245819114], [-92.80884732959458, 31.659953245819114], [-92.80884732959458, 31.7049091889948], [-92.76389138641889, 31.7049091889948], [-92.76389138641889, 31.74986513217049], [-92.7189354432432, 31.74986513217049], [-92.7189354432432, 31.794821075346178], [-92.6739795000675, 31.794821075346178], [-92.6739795000675, 31.839777018521865], [-92.62902355689181, 31.839777018521865], [-92.62902355689181, 31.884732961697555], [-92.58406761371612, 31.884732961697555], [-92.58406761371612, 31.92968890487324], [-92.44919978418903, 32.01960079122462], [-92.44919978418903, 32.064556734400306], [-92.35928789783765, 32.064556734400306], [-92.35928789783765, 32.10951267757599], [-92.26937601148626, 32.10951267757599], [-92.22442006831056, 32.199424563927366], [-92.13450818195918, 32.199424563927366], [-92.13450818195918, 32.24438050710306], [-92.04459629560779, 32.24438050710306], [-92.04459629560779, 32.289336450278746], [-91.90972846608071, 32.289336450278746], [-91.90972846608071, 32.33429239345443], [-91.72990469337793, 32.33429239345443], [-91.72990469337793, 32.37924833663012], [-91.55008092067516, 32.37924833663012], [-91.55008092067516, 32.42420427980581], [-91.280345261621, 32.42420427980581], [-91.280345261621, 32.37924833663012], [-90.92069771621544, 32.37924833663012], [-90.92069771621544, 32.33429239345443], [-90.78582988668836, 32.33429239345443], [-90.78582988668836, 32.289336450278746], [-90.5160942276342, 32.24438050710306], [-90.5160942276342, 32.199424563927366], [-90.42618234128281, 32.199424563927366], [-90.42618234128281, 32.154468620751686], [-90.33627045493142, 32.154468620751686], [-90.33627045493142, 32.10951267757599], [-90.24635856858004, 32.10951267757599], [-90.20140262540434, 32.01960079122462], [-90.11149073905295, 32.01960079122462], [-90.06653479587726, 31.92968890487324], [-89.97662290952587, 31.92968890487324], [-89.97662290952587, 31.884732961697555], [-89.93166696635018, 31.884732961697555], [-89.93166696635018, 31.839777018521865], [-89.88671102317448, 31.839777018521865], [-89.88671102317448, 31.794821075346178], [-89.84175507999879, 31.794821075346178], [-89.84175507999879, 31.74986513217049], [-89.7967991368231, 31.74986513217049], [-89.7967991368231, 31.7049091889948], [-89.7518431936474, 31.7049091889948], [-89.7518431936474, 31.659953245819114], [-89.70688725047171, 31.659953245819114], [-89.70688725047171, 31.614997302643427], [-89.66193130729602, 31.614997302643427], [-89.66193130729602, 31.570041359467737], [-89.61697536412032, 31.570041359467737], [-89.61697536412032, 31.52508541629205], [-89.57201942094463, 31.52508541629205], [-89.57201942094463, 31.480129473116364], [-89.52706347776893, 31.480129473116364], [-89.52706347776893, 31.435173529940677], [-89.48210753459324, 31.435173529940677], [-89.48210753459324, 31.390217586764987], [-89.43715159141755, 31.390217586764987], [-89.43715159141755, 31.3452616435893], [-89.39219564824185, 31.3452616435893], [-89.39219564824185, 31.300305700413613], [-89.34723970506616, 31.300305700413613], [-89.34723970506616, 31.255349757237923], [-89.30228376189046, 31.255349757237923], [-89.30228376189046, 31.210393814062236], [-89.25732781871477, 31.210393814062236], [-89.25732781871477, 31.16543787088655], [-89.21237187553908, 31.16543787088655], [-89.21237187553908, 31.12048192771086], [-89.077504046012, 31.030570041359486], [-89.077504046012, 30.94065815500811], [-88.98759215966061, 30.895702211832422], [-88.98759215966061, 30.805790325481045], [-88.89768027330922, 30.760834382305358], [-88.89768027330922, 30.67092249595398], [-88.80776838695783, 30.625966552778294], [-88.80776838695783, 30.536054666426917], [-88.76281244378214, 30.536054666426917], [-88.76281244378214, 30.49109872325123], [-88.67290055743075, 30.49109872325123], [-88.67290055743075, 30.446142780075544], [-88.53803272790367, 30.446142780075544], [-88.53803272790367, 30.401186836899853], [-88.3132530120252, 30.401186836899853], [-88.3132530120252, 30.356230893724167], [-88.04351735297104, 30.356230893724167], [-88.04351735297104, 30.31127495054848], [-87.95360546661965, 30.31127495054848], [-87.95360546661965, 30.26631900737279], [-87.90864952344396, 30.26631900737279], [-87.90864952344396, 30.176407121021416], [-87.86369358026826, 30.176407121021416], [-87.86369358026826, 30.131451177845726], [-87.81873763709257, 30.131451177845726], [-87.81873763709257, 30.08649523467004], [-87.77378169391687, 30.08649523467004], [-87.77378169391687, 30.041539291494352], [-87.72882575074118, 30.041539291494352], [-87.72882575074118, 29.996583348318666], [-87.68386980756549, 29.996583348318666], [-87.68386980756549, 29.951627405142975], [-87.63891386438979, 29.951627405142975], [-87.63891386438979, 29.90667146196729], [-87.5939579212141, 29.90667146196729], [-87.5939579212141, 29.861715518791602], [-87.5490019780384, 29.861715518791602], [-87.5490019780384, 29.81675957561591], [-87.50404603486271, 29.81675957561591], [-87.50404603486271, 29.771803632440225], [-87.36917820533563, 29.681891746088848], [-87.36917820533563, 29.591979859737474], [-87.32422226215994, 29.591979859737474], [-87.32422226215994, 29.547023916561784], [-87.27926631898424, 29.547023916561784], [-87.27926631898424, 29.502067973386097], [-87.23431037580855, 29.502067973386097], [-87.23431037580855, 29.45711203021041], [-87.18935443263285, 29.45711203021041], [-87.18935443263285, 29.412156087034724], [-87.14439848945716, 29.412156087034724], [-87.14439848945716, 29.367200143859034], [-87.09944254628147, 29.367200143859034], [-87.09944254628147, 29.322244200683347], [-87.05448660310577, 29.322244200683347], [-87.05448660310577, 29.27728825750766], [-87.00953065993008, 29.27728825750766], [-87.00953065993008, 29.23233231433197], [-86.96457471675438, 29.23233231433197], [-86.96457471675438, 29.187376371156283], [-86.8297068872273, 29.097464484804906], [-86.8297068872273, 29.007552598453533], [-86.73979500087592, 28.962596655277842], [-86.73979500087592, 28.87268476892647], [-86.64988311452453, 28.82772882575078], [-86.64988311452453, 28.737816939399405], [-86.60492717134883, 28.737816939399405], [-86.60492717134883, 28.692860996223715], [-86.55997122817314, 28.692860996223715], [-86.55997122817314, 28.647905053048028], [-86.51501528499745, 28.647905053048028], [-86.51501528499745, 28.60294910987234], [-86.38014745547036, 28.513037223520964], [-86.38014745547036, 28.42312533716959], [-86.24527962594328, 28.333213450818214], [-86.24527962594328, 28.243301564466837], [-86.20032368276759, 28.243301564466837], [-86.20032368276759, 28.19834562129115], [-86.1104117964162, 28.153389678115463], [-86.1104117964162, 28.063477791764086], [-86.02049991006481, 28.0185218485884], [-86.02049991006481, 27.928609962237022], [-85.88563208053773, 27.83869807588565], [-85.88563208053773, 27.748786189534272], [-85.79572019418634, 27.703830246358585], [-85.79572019418634, 27.613918360007208], [-85.70580830783496, 27.56896241683152], [-85.70580830783496, 27.479050530480144], [-85.61589642148357, 27.434094587304457], [-85.61589642148357, 27.34418270095308], [-85.57094047830788, 27.34418270095308], [-85.57094047830788, 27.299226757777394], [-85.52598453513218, 27.299226757777394], [-85.52598453513218, 27.254270814601703], [-85.48102859195649, 27.254270814601703], [-85.48102859195649, 27.209314871426017], [-85.3461607624294, 27.119402985074643], [-85.3461607624294, 27.029491098723266], [-85.30120481925371, 27.029491098723266], [-85.30120481925371, 26.98453515554758], [-85.25624887607802, 26.98453515554758], [-85.25624887607802, 26.93957921237189], [-85.21129293290232, 26.93957921237189], [-85.21129293290232, 26.894623269196202], [-85.07642510337524, 26.804711382844825], [-85.07642510337524, 26.714799496493452], [-85.03146916019955, 26.714799496493452], [-85.03146916019955, 26.66984355331776], [-84.98651321702386, 26.66984355331776], [-84.98651321702386, 26.624887610142075], [-84.85164538749677, 26.5349757237907], [-84.85164538749677, 26.445063837439324], [-84.80668944432108, 26.445063837439324], [-84.80668944432108, 26.400107894263638], [-84.671821614794, 26.31019600791226], [-84.671821614794, 26.220284121560884], [-84.6268656716183, 26.220284121560884], [-84.6268656716183, 26.175328178385197], [-84.49199784209122, 26.08541629203382], [-84.49199784209122, 25.995504405682446], [-84.44704189891553, 25.995504405682446], [-84.44704189891553, 25.950548462506756], [-84.35713001256414, 25.90559251933107], [-84.35713001256414, 25.815680632979692], [-84.22226218303706, 25.72576874662832], [-84.22226218303706, 25.63585686027694], [-84.13235029668567, 25.590900917101255], [-84.13235029668567, 25.500989030749878], [-84.04243841033428, 25.45603308757419], [-84.04243841033428, 25.366121201222814], [-83.99748246715859, 25.366121201222814], [-83.99748246715859, 25.321165258047127], [-83.9525265239829, 25.321165258047127], [-83.9525265239829, 25.23125337169575], [-83.86261463763151, 25.186297428520064], [-83.81765869445582, 25.006473655817313], [-83.77270275128012, 25.006473655817313], [-83.77270275128012, 24.961517712641626], [-83.72774680810443, 24.961517712641626], [-83.72774680810443, 24.87160582629025], [-83.63783492175304, 24.826649883114563], [-83.59287897857735, 24.64682611041181], [-83.50296709222596, 24.60187016723612], [-83.45801114905026, 24.42204639453337], [-83.41305520587457, 24.42204639453337], [-83.41305520587457, 24.37709045135768], [-83.36809926269888, 24.37709045135768], [-83.36809926269888, 24.287178565006307], [-83.27818737634749, 24.24222262183062], [-83.2332314331718, 24.062398849127867], [-83.1882754899961, 24.062398849127867], [-83.1882754899961, 24.01744290595218], [-83.14331954682041, 24.01744290595218], [-83.14331954682041, 23.927531019600803], [-83.05340766046902, 23.882575076425116], [-83.00845171729333, 23.702751303722366], [-82.91853983094194, 23.65779536054668], [-82.91853983094194, 23.567883474195302], [-82.82862794459055, 23.522927531019615], [-82.82862794459055, 23.433015644668238], [-82.73871605823916, 23.38805970149255], [-82.73871605823916, 23.298147815141174], [-82.60384822871208, 23.208235928789797], [-82.60384822871208, 23.118324042438424], [-82.468980399185, 23.028412156087047], [-82.468980399185, 22.93850026973567], [-82.4240244560093, 22.93850026973567], [-82.4240244560093, 22.893544326559983], [-82.37906851283361, 22.893544326559983], [-82.37906851283361, 22.848588383384296], [-82.33411256965792, 22.848588383384296], [-82.33411256965792, 22.80363244020861], [-82.28915662648222, 22.80363244020861], [-82.28915662648222, 22.75867649703292], [-82.15428879695514, 22.668764610681546], [-82.15428879695514, 22.57885272433017], [-82.10933285377945, 22.57885272433017], [-82.01942096742806, 22.443984894803105], [-81.92950908107667, 22.443984894803105], [-81.92950908107667, 22.399028951627418], [-81.88455313790098, 22.399028951627418], [-81.88455313790098, 22.354073008451728], [-81.83959719472529, 22.354073008451728], [-81.83959719472529, 22.30911706527604], [-81.79464125154959, 22.30911706527604], [-81.79464125154959, 22.264161122100354], [-81.7496853083739, 22.264161122100354], [-81.7496853083739, 22.219205178924668], [-81.7047293651982, 22.219205178924668], [-81.7047293651982, 22.174249235748977], [-81.65977342202251, 22.174249235748977], [-81.65977342202251, 22.12929329257329], [-81.61481747884682, 22.12929329257329], [-81.61481747884682, 22.084337349397604], [-81.56986153567112, 22.084337349397604], [-81.56986153567112, 22.039381406221914], [-81.52490559249543, 22.039381406221914], [-81.52490559249543, 21.994425463046227], [-81.47994964931974, 21.994425463046227], [-81.47994964931974, 21.94946951987054], [-81.43499370614404, 21.94946951987054], [-81.34508181979265, 21.814601690343476], [-81.25516993344127, 21.814601690343476], [-81.25516993344127, 21.769645747167786], [-81.21021399026557, 21.769645747167786], [-81.21021399026557, 21.679733860816413], [-81.16525804708988, 21.679733860816413], [-81.16525804708988, 21.634777917640722], [-81.12030210391418, 21.634777917640722], [-81.12030210391418, 21.589821974465035], [-81.07534616073849, 21.589821974465035], [-81.07534616073849, 21.54486603128935], [-81.0303902175628, 21.54486603128935], [-81.0303902175628, 21.49991008811366], [-80.9854342743871, 21.49991008811366], [-80.9854342743871, 21.45495414493797], [-80.94047833121141, 21.45495414493797], [-80.94047833121141, 21.409998201762285], [-80.89552238803572, 21.409998201762285], [-80.89552238803572, 21.365042258586598], [-80.76065455850863, 21.27513037223522], [-80.76065455850863, 21.185218485883844], [-80.71569861533294, 21.185218485883844], [-80.71569861533294, 21.09530659953247], [-80.67074267215725, 21.09530659953247], [-80.67074267215725, 20.960438770005407], [-80.62578672898155, 20.960438770005407], [-80.62578672898155, 20.645747167775593], [-80.58083078580586, 20.645747167775593], [-80.58083078580586, 20.46592339507284], [-80.62578672898155, 20.46592339507284], [-80.62578672898155, 20.151231792843024], [-80.67074267215725, 20.151231792843024], [-80.67074267215725, 20.01636396331596], [-80.71569861533294, 20.01636396331596], [-80.71569861533294, 19.926452076964587], [-80.76065455850863, 19.926452076964587], [-80.76065455850863, 19.881496133788897], [-80.80561050168433, 19.881496133788897], [-80.89552238803572, 19.746628304261833], [-81.0303902175628, 19.746628304261833], [-81.0303902175628, 19.701672361086146], [-81.47994964931974, 19.701672361086146], [-81.47994964931974, 19.746628304261833], [-81.61481747884682, 19.746628304261833], [-81.61481747884682, 19.791584247437523], [-81.7047293651982, 19.791584247437523], [-81.7496853083739, 19.881496133788897], [-81.83959719472529, 19.881496133788897], [-81.83959719472529, 19.926452076964587], [-81.88455313790098, 19.926452076964587], [-81.97446502425237, 20.061319906491647], [-82.06437691060376, 20.061319906491647], [-82.15428879695514, 20.19618773601871], [-82.24420068330653, 20.19618773601871], [-82.24420068330653, 20.2411436791944], [-82.28915662648222, 20.2411436791944], [-82.37906851283361, 20.376011508721465], [-82.468980399185, 20.376011508721465], [-82.468980399185, 20.420967451897152], [-82.5139363423607, 20.420967451897152], [-82.5139363423607, 20.46592339507284], [-82.55889228553639, 20.46592339507284], [-82.64880417188778, 20.600791224599902], [-82.73871605823916, 20.600791224599902], [-82.73871605823916, 20.645747167775593], [-82.78367200141486, 20.645747167775593], [-82.87358388776624, 20.780614997302656], [-82.96349577411763, 20.780614997302656], [-82.96349577411763, 20.825570940478343], [-83.00845171729333, 20.825570940478343], [-83.00845171729333, 20.87052688365403], [-83.05340766046902, 20.87052688365403], [-83.14331954682041, 21.005394713181094], [-83.2332314331718, 21.005394713181094], [-83.2332314331718, 21.05035065635678], [-83.27818737634749, 21.05035065635678], [-83.27818737634749, 21.09530659953247], [-83.32314331952318, 21.09530659953247], [-83.41305520587457, 21.230174429059534], [-83.50296709222596, 21.230174429059534], [-83.50296709222596, 21.27513037223522], [-83.54792303540165, 21.27513037223522], [-83.63783492175304, 21.409998201762285], [-83.72774680810443, 21.409998201762285], [-83.81765869445582, 21.54486603128935], [-83.9075705808072, 21.54486603128935], [-83.9075705808072, 21.589821974465035], [-83.9525265239829, 21.589821974465035], [-83.99748246715859, 21.679733860816413], [-84.08739435350998, 21.679733860816413], [-84.13235029668567, 21.769645747167786], [-84.22226218303706, 21.769645747167786], [-84.22226218303706, 21.814601690343476], [-84.40208595573984, 21.859557633519163], [-84.44704189891553, 21.94946951987054], [-84.53695378526692, 21.94946951987054], [-84.53695378526692, 21.994425463046227], [-84.6268656716183, 21.994425463046227], [-84.6268656716183, 22.039381406221914], [-84.76173350114539, 22.039381406221914], [-84.76173350114539, 22.084337349397604], [-84.94155727384816, 22.12929329257329], [-84.98651321702386, 22.219205178924668], [-85.16633698972663, 22.264161122100354], [-85.16633698972663, 22.30911706527604], [-85.3461607624294, 22.354073008451728], [-85.3461607624294, 22.399028951627418], [-85.4360726487808, 22.399028951627418], [-85.4360726487808, 22.443984894803105], [-85.61589642148357, 22.48894083797879], [-85.61589642148357, 22.533896781154482], [-85.70580830783496, 22.533896781154482], [-85.70580830783496, 22.57885272433017], [-85.88563208053773, 22.623808667505855], [-85.93058802371343, 22.713720553857232], [-86.02049991006481, 22.713720553857232], [-86.02049991006481, 22.75867649703292], [-86.20032368276759, 22.80363244020861], [-86.24527962594328, 22.893544326559983], [-86.42510339864606, 22.93850026973567], [-86.47005934182175, 23.028412156087047], [-86.55997122817314, 23.028412156087047], [-86.60492717134883, 23.118324042438424], [-86.69483905770022, 23.118324042438424], [-86.69483905770022, 23.16327998561411], [-86.73979500087592, 23.16327998561411], [-86.73979500087592, 23.208235928789797], [-86.8297068872273, 23.208235928789797], [-86.874662830403, 23.298147815141174], [-87.05448660310577, 23.34310375831686], [-87.14439848945716, 23.477971587843925], [-87.23431037580855, 23.477971587843925], [-87.27926631898424, 23.567883474195302], [-87.36917820533563, 23.567883474195302], [-87.41413414851132, 23.65779536054668], [-87.50404603486271, 23.65779536054668], [-87.5490019780384, 23.747707246898052], [-87.63891386438979, 23.747707246898052], [-87.72882575074118, 23.882575076425116], [-87.81873763709257, 23.882575076425116], [-87.86369358026826, 23.972486962776493], [-87.95360546661965, 23.972486962776493], [-88.04351735297104, 24.107354792303557], [-88.13342923932242, 24.107354792303557], [-88.17838518249812, 24.19726667865493], [-88.2682970688495, 24.19726667865493], [-88.3132530120252, 24.287178565006307], [-88.40316489837659, 24.287178565006307], [-88.44812084155228, 24.37709045135768], [-88.53803272790367, 24.37709045135768], [-88.62794461425506, 24.511958280884745], [-88.80776838695783, 24.556914224060435], [-88.85272433013353, 24.64682611041181], [-88.94263621648491, 24.64682611041181], [-88.98759215966061, 24.736737996763186], [-89.077504046012, 24.736737996763186], [-89.12245998918769, 24.826649883114563], [-89.21237187553908, 24.826649883114563], [-89.21237187553908, 24.87160582629025], [-89.25732781871477, 24.87160582629025], [-89.25732781871477, 24.916561769465936], [-89.34723970506616, 24.916561769465936], [-89.39219564824185, 25.006473655817313], [-89.57201942094463, 25.051429598993], [-89.61697536412032, 25.141341485344377], [-89.70688725047171, 25.141341485344377], [-89.70688725047171, 25.186297428520064], [-89.7967991368231, 25.186297428520064], [-89.84175507999879, 25.27620931487144], [-90.02157885270157, 25.321165258047127], [-90.02157885270157, 25.366121201222814], [-90.06653479587726, 25.366121201222814], [-90.06653479587726, 25.411077144398504], [-90.15644668222865, 25.411077144398504], [-90.20140262540434, 25.500989030749878], [-90.38122639810712, 25.545944973925568], [-90.38122639810712, 25.590900917101255], [-90.42618234128281, 25.590900917101255], [-90.42618234128281, 25.63585686027694], [-90.5160942276342, 25.63585686027694], [-90.56105017080989, 25.72576874662832], [-90.65096205716128, 25.72576874662832], [-90.65096205716128, 25.770724689804005], [-90.69591800033697, 25.770724689804005], [-90.69591800033697, 25.815680632979692], [-90.78582988668836, 25.815680632979692], [-90.83078582986406, 25.90559251933107], [-90.92069771621544, 25.90559251933107], [-90.96565365939114, 25.995504405682446], [-91.05556554574252, 25.995504405682446], [-91.05556554574252, 26.040460348858133], [-91.10052148891822, 26.040460348858133], [-91.10052148891822, 26.08541629203382], [-91.1904333752696, 26.08541629203382], [-91.2353893184453, 26.175328178385197], [-91.32530120479669, 26.175328178385197], [-91.37025714797238, 26.265240064736574], [-91.46016903432377, 26.265240064736574], [-91.55008092067516, 26.400107894263638], [-91.63999280702654, 26.400107894263638], [-91.72990469337793, 26.5349757237907], [-91.81981657972932, 26.5349757237907], [-91.81981657972932, 26.579931666966388], [-91.86477252290501, 26.579931666966388], [-91.86477252290501, 26.624887610142075], [-91.90972846608071, 26.624887610142075], [-91.9996403524321, 26.75975543966914], [-92.08955223878348, 26.75975543966914], [-92.08955223878348, 26.804711382844825], [-92.13450818195918, 26.804711382844825], [-92.13450818195918, 26.849667326020516], [-92.17946412513487, 26.849667326020516], [-92.17946412513487, 26.894623269196202], [-92.22442006831056, 26.894623269196202], [-92.22442006831056, 26.93957921237189], [-92.26937601148626, 26.93957921237189], [-92.26937601148626, 26.98453515554758], [-92.31433195466195, 26.98453515554758], [-92.31433195466195, 27.029491098723266], [-92.35928789783765, 27.029491098723266], [-92.35928789783765, 27.074447041898953], [-92.40424384101334, 27.074447041898953], [-92.40424384101334, 27.119402985074643], [-92.44919978418903, 27.119402985074643], [-92.44919978418903, 27.16435892825033], [-92.49415572736473, 27.16435892825033], [-92.49415572736473, 27.209314871426017], [-92.53911167054042, 27.209314871426017], [-92.53911167054042, 27.254270814601703], [-92.58406761371612, 27.254270814601703], [-92.58406761371612, 27.299226757777394], [-92.62902355689181, 27.299226757777394], [-92.62902355689181, 27.34418270095308], [-92.6739795000675, 27.34418270095308], [-92.6739795000675, 27.389138644128767], [-92.7189354432432, 27.389138644128767], [-92.7189354432432, 27.434094587304457], [-92.76389138641889, 27.434094587304457], [-92.76389138641889, 27.479050530480144], [-92.89875921594597, 27.56896241683152], [-92.89875921594597, 27.658874303182895], [-92.94371515912167, 27.658874303182895], [-92.94371515912167, 27.703830246358585], [-93.03362704547305, 27.748786189534272], [-93.03362704547305, 27.83869807588565], [-93.16849487500014, 27.928609962237022], [-93.16849487500014, 28.0185218485884], [-93.25840676135152, 28.063477791764086], [-93.30336270452722, 28.243301564466837], [-93.3932745908786, 28.288257507642527], [-93.3932745908786, 28.3781693939939], [-93.4382305340543, 28.3781693939939], [-93.4382305340543, 28.42312533716959], [-93.48318647722999, 28.42312533716959], [-93.48318647722999, 28.513037223520964], [-93.52814242040569, 28.513037223520964], [-93.52814242040569, 28.647905053048028], [-93.57309836358138, 28.647905053048028], [-93.57309836358138, 28.82772882575078], [-93.61805430675707, 28.82772882575078], [-93.61805430675707, 28.962596655277842], [-93.66301024993277, 28.962596655277842], [-93.66301024993277, 29.23233231433197], [-93.70796619310846, 29.23233231433197]], [[-93.30336270452722, 29.45711203021041], [-93.25840676135152, 29.45711203021041], [-93.25840676135152, 29.142420427980596], [-93.21345081817583, 29.142420427980596], [-93.21345081817583, 28.917640712102155], [-93.16849487500014, 28.917640712102155], [-93.16849487500014, 28.78277288257509], [-93.12353893182444, 28.78277288257509], [-93.07858298864875, 28.513037223520964], [-92.98867110229736, 28.468081280345277], [-92.98867110229736, 28.3781693939939], [-92.94371515912167, 28.3781693939939], [-92.94371515912167, 28.288257507642527], [-92.89875921594597, 28.288257507642527], [-92.89875921594597, 28.19834562129115], [-92.85380327277028, 28.19834562129115], [-92.80884732959458, 28.0185218485884], [-92.76389138641889, 28.0185218485884], [-92.76389138641889, 27.973565905412713], [-92.6739795000675, 27.928609962237022], [-92.6739795000675, 27.83869807588565], [-92.62902355689181, 27.83869807588565], [-92.62902355689181, 27.79374213270996], [-92.49415572736473, 27.703830246358585], [-92.49415572736473, 27.613918360007208], [-92.44919978418903, 27.613918360007208], [-92.44919978418903, 27.56896241683152], [-92.40424384101334, 27.56896241683152], [-92.40424384101334, 27.52400647365583], [-92.35928789783765, 27.52400647365583], [-92.35928789783765, 27.479050530480144], [-92.31433195466195, 27.479050530480144], [-92.31433195466195, 27.434094587304457], [-92.26937601148626, 27.434094587304457], [-92.26937601148626, 27.389138644128767], [-92.22442006831056, 27.389138644128767], [-92.22442006831056, 27.34418270095308], [-92.17946412513487, 27.34418270095308], [-92.17946412513487, 27.299226757777394], [-92.13450818195918, 27.299226757777394], [-92.13450818195918, 27.254270814601703], [-92.08955223878348, 27.254270814601703], [-92.08955223878348, 27.209314871426017], [-92.04459629560779, 27.209314871426017], [-92.04459629560779, 27.16435892825033], [-91.9996403524321, 27.16435892825033], [-91.9996403524321, 27.119402985074643], [-91.9546844092564, 27.119402985074643], [-91.9546844092564, 27.074447041898953], [-91.90972846608071, 27.074447041898953], [-91.90972846608071, 27.029491098723266], [-91.86477252290501, 27.029491098723266], [-91.86477252290501, 26.98453515554758], [-91.81981657972932, 26.98453515554758], [-91.81981657972932, 26.93957921237189], [-91.68494875020224, 26.849667326020516], [-91.68494875020224, 26.804711382844825], [-91.59503686385085, 26.804711382844825], [-91.59503686385085, 26.75975543966914], [-91.55008092067516, 26.75975543966914], [-91.46016903432377, 26.624887610142075], [-91.37025714797238, 26.624887610142075], [-91.280345261621, 26.49001978061501], [-91.1904333752696, 26.49001978061501], [-91.1904333752696, 26.445063837439324], [-91.14547743209391, 26.445063837439324], [-91.14547743209391, 26.400107894263638], [-91.05556554574252, 26.400107894263638], [-91.01060960256683, 26.31019600791226], [-90.92069771621544, 26.31019600791226], [-90.87574177303975, 26.220284121560884], [-90.78582988668836, 26.220284121560884], [-90.69591800033697, 26.08541629203382], [-90.60600611398559, 26.08541629203382], [-90.60600611398559, 26.040460348858133], [-90.56105017080989, 26.040460348858133], [-90.56105017080989, 25.995504405682446], [-90.4711382844585, 25.995504405682446], [-90.42618234128281, 25.90559251933107], [-90.33627045493142, 25.90559251933107], [-90.29131451175573, 25.815680632979692], [-90.20140262540434, 25.815680632979692], [-90.20140262540434, 25.770724689804005], [-90.15644668222865, 25.770724689804005], [-90.15644668222865, 25.72576874662832], [-90.06653479587726, 25.72576874662832], [-90.02157885270157, 25.63585686027694], [-89.93166696635018, 25.63585686027694], [-89.88671102317448, 25.545944973925568], [-89.70688725047171, 25.500989030749878], [-89.70688725047171, 25.45603308757419], [-89.66193130729602, 25.45603308757419], [-89.66193130729602, 25.411077144398504], [-89.57201942094463, 25.411077144398504], [-89.52706347776893, 25.321165258047127], [-89.43715159141755, 25.321165258047127], [-89.39219564824185, 25.23125337169575], [-89.21237187553908, 25.186297428520064], [-89.21237187553908, 25.141341485344377], [-89.16741593236338, 25.141341485344377], [-89.16741593236338, 25.09638554216869], [-89.077504046012, 25.09638554216869], [-89.0325481028363, 25.006473655817313], [-88.94263621648491, 25.006473655817313], [-88.89768027330922, 24.916561769465936], [-88.80776838695783, 24.916561769465936], [-88.80776838695783, 24.87160582629025], [-88.76281244378214, 24.87160582629025], [-88.76281244378214, 24.826649883114563], [-88.67290055743075, 24.826649883114563], [-88.62794461425506, 24.736737996763186], [-88.53803272790367, 24.736737996763186], [-88.44812084155228, 24.60187016723612], [-88.3582089552009, 24.60187016723612], [-88.3132530120252, 24.511958280884745], [-88.22334112567381, 24.511958280884745], [-88.17838518249812, 24.42204639453337], [-88.08847329614673, 24.42204639453337], [-87.99856140979534, 24.287178565006307], [-87.90864952344396, 24.287178565006307], [-87.90864952344396, 24.24222262183062], [-87.86369358026826, 24.24222262183062], [-87.77378169391687, 24.107354792303557], [-87.68386980756549, 24.107354792303557], [-87.68386980756549, 24.062398849127867], [-87.63891386438979, 24.062398849127867], [-87.5939579212141, 23.972486962776493], [-87.50404603486271, 23.972486962776493], [-87.41413414851132, 23.83761913324943], [-87.32422226215994, 23.83761913324943], [-87.27926631898424, 23.747707246898052], [-87.18935443263285, 23.747707246898052], [-87.14439848945716, 23.65779536054668], [-87.05448660310577, 23.65779536054668], [-87.05448660310577, 23.61283941737099], [-87.00953065993008, 23.61283941737099], [-87.00953065993008, 23.567883474195302], [-86.91961877357869, 23.567883474195302], [-86.8297068872273, 23.433015644668238], [-86.73979500087592, 23.433015644668238], [-86.73979500087592, 23.38805970149255], [-86.69483905770022, 23.38805970149255], [-86.69483905770022, 23.34310375831686], [-86.60492717134883, 23.34310375831686], [-86.55997122817314, 23.253191871965488], [-86.38014745547036, 23.208235928789797], [-86.33519151229467, 23.118324042438424], [-86.24527962594328, 23.118324042438424], [-86.20032368276759, 23.028412156087047], [-86.1104117964162, 23.028412156087047], [-86.1104117964162, 22.98345621291136], [-86.06545585324051, 22.98345621291136], [-86.06545585324051, 22.93850026973567], [-85.97554396688912, 22.93850026973567], [-85.93058802371343, 22.848588383384296], [-85.84067613736204, 22.848588383384296], [-85.84067613736204, 22.80363244020861], [-85.75076425101065, 22.80363244020861], [-85.75076425101065, 22.75867649703292], [-85.66085236465926, 22.75867649703292], [-85.66085236465926, 22.713720553857232], [-85.48102859195649, 22.668764610681546], [-85.48102859195649, 22.623808667505855], [-85.30120481925371, 22.57885272433017], [-85.25624887607802, 22.48894083797879], [-85.16633698972663, 22.48894083797879], [-85.16633698972663, 22.443984894803105], [-84.98651321702386, 22.399028951627418], [-84.94155727384816, 22.30911706527604], [-84.76173350114539, 22.264161122100354], [-84.76173350114539, 22.219205178924668], [-84.671821614794, 22.219205178924668], [-84.671821614794, 22.174249235748977], [-84.53695378526692, 22.174249235748977], [-84.53695378526692, 22.12929329257329], [-84.35713001256414, 22.084337349397604], [-84.35713001256414, 22.039381406221914], [-84.17730623986137, 21.994425463046227], [-84.17730623986137, 21.94946951987054], [-84.13235029668567, 21.94946951987054], [-84.13235029668567, 21.90451357669485], [-84.04243841033428, 21.90451357669485], [-83.99748246715859, 21.814601690343476], [-83.9075705808072, 21.814601690343476], [-83.9075705808072, 21.769645747167786], [-83.86261463763151, 21.769645747167786], [-83.81765869445582, 21.679733860816413], [-83.72774680810443, 21.679733860816413], [-83.72774680810443, 21.634777917640722], [-83.68279086492873, 21.634777917640722], [-83.59287897857735, 21.49991008811366], [-83.50296709222596, 21.49991008811366], [-83.50296709222596, 21.45495414493797], [-83.45801114905026, 21.45495414493797], [-83.45801114905026, 21.409998201762285], [-83.41305520587457, 21.409998201762285], [-83.41305520587457, 21.365042258586598], [-83.36809926269888, 21.365042258586598], [-83.36809926269888, 21.320086315410908], [-83.2332314331718, 21.230174429059534], [-83.2332314331718, 21.185218485883844], [-83.14331954682041, 21.185218485883844], [-83.14331954682041, 21.140262542708157], [-83.09836360364471, 21.140262542708157], [-83.09836360364471, 21.09530659953247], [-83.05340766046902, 21.09530659953247], [-83.05340766046902, 21.05035065635678], [-83.00845171729333, 21.05035065635678], [-83.00845171729333, 21.005394713181094], [-82.96349577411763, 21.005394713181094], [-82.96349577411763, 20.960438770005407], [-82.91853983094194, 20.960438770005407], [-82.91853983094194, 20.915482826829717], [-82.87358388776624, 20.915482826829717], [-82.78367200141486, 20.780614997302656], [-82.69376011506347, 20.780614997302656], [-82.69376011506347, 20.735659054126966], [-82.64880417188778, 20.735659054126966], [-82.55889228553639, 20.600791224599902], [-82.468980399185, 20.600791224599902], [-82.468980399185, 20.555835281424216], [-82.4240244560093, 20.555835281424216], [-82.4240244560093, 20.51087933824853], [-82.37906851283361, 20.51087933824853], [-82.37906851283361, 20.46592339507284], [-82.33411256965792, 20.46592339507284], [-82.33411256965792, 20.420967451897152], [-82.28915662648222, 20.420967451897152], [-82.19924474013084, 20.286099622370088], [-82.10933285377945, 20.286099622370088], [-82.01942096742806, 20.151231792843024], [-81.92950908107667, 20.151231792843024], [-81.92950908107667, 20.106275849667337], [-81.88455313790098, 20.106275849667337], [-81.88455313790098, 20.061319906491647], [-81.83959719472529, 20.061319906491647], [-81.7496853083739, 19.926452076964587], [-81.65977342202251, 19.926452076964587], [-81.61481747884682, 19.83654019061321], [-81.21021399026557, 19.746628304261833], [-81.21021399026557, 19.791584247437523], [-80.9854342743871, 19.791584247437523], [-80.9854342743871, 19.83654019061321], [-80.89552238803572, 19.83654019061321], [-80.89552238803572, 19.881496133788897], [-80.76065455850863, 19.971408020140274], [-80.76065455850863, 20.106275849667337], [-80.71569861533294, 20.106275849667337], [-80.71569861533294, 20.376011508721465], [-80.67074267215725, 20.376011508721465], [-80.67074267215725, 20.735659054126966], [-80.71569861533294, 20.735659054126966], [-80.71569861533294, 21.005394713181094], [-80.76065455850863, 21.005394713181094], [-80.80561050168433, 21.185218485883844], [-80.85056644486002, 21.185218485883844], [-80.85056644486002, 21.230174429059534], [-80.89552238803572, 21.230174429059534], [-80.89552238803572, 21.27513037223522], [-80.94047833121141, 21.27513037223522], [-80.94047833121141, 21.320086315410908], [-80.9854342743871, 21.320086315410908], [-80.9854342743871, 21.365042258586598], [-81.0303902175628, 21.365042258586598], [-81.0303902175628, 21.409998201762285], [-81.07534616073849, 21.409998201762285], [-81.07534616073849, 21.45495414493797], [-81.12030210391418, 21.45495414493797], [-81.12030210391418, 21.49991008811366], [-81.16525804708988, 21.49991008811366], [-81.16525804708988, 21.54486603128935], [-81.21021399026557, 21.54486603128935], [-81.21021399026557, 21.589821974465035], [-81.25516993344127, 21.589821974465035], [-81.25516993344127, 21.634777917640722], [-81.30012587661696, 21.634777917640722], [-81.30012587661696, 21.679733860816413], [-81.34508181979265, 21.679733860816413], [-81.34508181979265, 21.7246898039921], [-81.39003776296835, 21.7246898039921], [-81.39003776296835, 21.769645747167786], [-81.43499370614404, 21.769645747167786], [-81.52490559249543, 21.90451357669485], [-81.61481747884682, 21.90451357669485], [-81.61481747884682, 21.94946951987054], [-81.65977342202251, 21.94946951987054], [-81.65977342202251, 21.994425463046227], [-81.7047293651982, 21.994425463046227], [-81.7047293651982, 22.039381406221914], [-81.7496853083739, 22.039381406221914], [-81.7496853083739, 22.084337349397604], [-81.79464125154959, 22.084337349397604], [-81.88455313790098, 22.219205178924668], [-81.97446502425237, 22.219205178924668], [-81.97446502425237, 22.264161122100354], [-82.01942096742806, 22.264161122100354], [-82.01942096742806, 22.30911706527604], [-82.06437691060376, 22.30911706527604], [-82.06437691060376, 22.354073008451728], [-82.10933285377945, 22.354073008451728], [-82.10933285377945, 22.399028951627418], [-82.15428879695514, 22.399028951627418], [-82.15428879695514, 22.443984894803105], [-82.19924474013084, 22.443984894803105], [-82.19924474013084, 22.48894083797879], [-82.24420068330653, 22.48894083797879], [-82.24420068330653, 22.533896781154482], [-82.28915662648222, 22.533896781154482], [-82.28915662648222, 22.57885272433017], [-82.33411256965792, 22.57885272433017], [-82.33411256965792, 22.623808667505855], [-82.37906851283361, 22.623808667505855], [-82.37906851283361, 22.668764610681546], [-82.4240244560093, 22.668764610681546], [-82.4240244560093, 22.713720553857232], [-82.468980399185, 22.713720553857232], [-82.468980399185, 22.75867649703292], [-82.5139363423607, 22.75867649703292], [-82.5139363423607, 22.80363244020861], [-82.55889228553639, 22.80363244020861], [-82.55889228553639, 22.848588383384296], [-82.60384822871208, 22.848588383384296], [-82.60384822871208, 22.893544326559983], [-82.64880417188778, 22.893544326559983], [-82.64880417188778, 22.93850026973567], [-82.78367200141486, 23.028412156087047], [-82.78367200141486, 23.118324042438424], [-82.82862794459055, 23.118324042438424], [-82.82862794459055, 23.16327998561411], [-82.96349577411763, 23.253191871965488], [-82.96349577411763, 23.34310375831686], [-83.05340766046902, 23.38805970149255], [-83.05340766046902, 23.477971587843925], [-83.14331954682041, 23.522927531019615], [-83.14331954682041, 23.61283941737099], [-83.2332314331718, 23.65779536054668], [-83.2332314331718, 23.747707246898052], [-83.32314331952318, 23.79266319007374], [-83.32314331952318, 23.882575076425116], [-83.41305520587457, 23.927531019600803], [-83.41305520587457, 24.01744290595218], [-83.50296709222596, 24.062398849127867], [-83.50296709222596, 24.152310735479244], [-83.59287897857735, 24.19726667865493], [-83.59287897857735, 24.287178565006307], [-83.68279086492873, 24.332134508181994], [-83.68279086492873, 24.42204639453337], [-83.77270275128012, 24.467002337709058], [-83.77270275128012, 24.556914224060435], [-83.86261463763151, 24.60187016723612], [-83.86261463763151, 24.6917820535875], [-83.9525265239829, 24.736737996763186], [-83.9525265239829, 24.826649883114563], [-84.04243841033428, 24.87160582629025], [-84.04243841033428, 24.961517712641626], [-84.17730623986137, 25.051429598993], [-84.17730623986137, 25.141341485344377], [-84.26721812621275, 25.186297428520064], [-84.26721812621275, 25.27620931487144], [-84.40208595573984, 25.366121201222814], [-84.40208595573984, 25.45603308757419], [-84.49199784209122, 25.500989030749878], [-84.49199784209122, 25.590900917101255], [-84.6268656716183, 25.680812803452632], [-84.6268656716183, 25.770724689804005], [-84.671821614794, 25.770724689804005], [-84.671821614794, 25.815680632979692], [-84.80668944432108, 25.90559251933107], [-84.80668944432108, 25.995504405682446], [-84.85164538749677, 25.995504405682446], [-84.85164538749677, 26.040460348858133], [-84.98651321702386, 26.13037223520951], [-84.98651321702386, 26.220284121560884], [-85.03146916019955, 26.220284121560884], [-85.03146916019955, 26.265240064736574], [-85.16633698972663, 26.355151951087947], [-85.16633698972663, 26.445063837439324], [-85.21129293290232, 26.445063837439324], [-85.21129293290232, 26.49001978061501], [-85.25624887607802, 26.49001978061501], [-85.25624887607802, 26.5349757237907], [-85.30120481925371, 26.5349757237907], [-85.30120481925371, 26.579931666966388], [-85.4360726487808, 26.66984355331776], [-85.4360726487808, 26.75975543966914], [-85.48102859195649, 26.75975543966914], [-85.48102859195649, 26.804711382844825], [-85.52598453513218, 26.804711382844825], [-85.52598453513218, 26.849667326020516], [-85.57094047830788, 26.849667326020516], [-85.57094047830788, 26.894623269196202], [-85.61589642148357, 26.894623269196202], [-85.61589642148357, 26.93957921237189], [-85.75076425101065, 27.029491098723266], [-85.75076425101065, 27.119402985074643], [-85.79572019418634, 27.119402985074643], [-85.79572019418634, 27.16435892825033], [-85.84067613736204, 27.16435892825033], [-85.84067613736204, 27.209314871426017], [-85.97554396688912, 27.299226757777394], [-85.97554396688912, 27.389138644128767], [-86.1104117964162, 27.479050530480144], [-86.1104117964162, 27.56896241683152], [-86.20032368276759, 27.613918360007208], [-86.20032368276759, 27.703830246358585], [-86.33519151229467, 27.79374213270996], [-86.33519151229467, 27.883654019061336], [-86.38014745547036, 27.883654019061336], [-86.38014745547036, 27.928609962237022], [-86.42510339864606, 27.928609962237022], [-86.42510339864606, 27.973565905412713], [-86.55997122817314, 28.063477791764086], [-86.55997122817314, 28.153389678115463], [-86.69483905770022, 28.243301564466837], [-86.69483905770022, 28.333213450818214], [-86.73979500087592, 28.333213450818214], [-86.73979500087592, 28.3781693939939], [-86.78475094405161, 28.3781693939939], [-86.78475094405161, 28.42312533716959], [-86.91961877357869, 28.513037223520964], [-86.91961877357869, 28.60294910987234], [-87.00953065993008, 28.647905053048028], [-87.00953065993008, 28.737816939399405], [-87.05448660310577, 28.737816939399405], [-87.05448660310577, 28.78277288257509], [-87.09944254628147, 28.78277288257509], [-87.09944254628147, 28.82772882575078], [-87.14439848945716, 28.82772882575078], [-87.14439848945716, 28.87268476892647], [-87.18935443263285, 28.87268476892647], [-87.18935443263285, 28.917640712102155], [-87.23431037580855, 28.917640712102155], [-87.23431037580855, 28.962596655277842], [-87.27926631898424, 28.962596655277842], [-87.27926631898424, 29.007552598453533], [-87.32422226215994, 29.007552598453533], [-87.32422226215994, 29.05250854162922], [-87.36917820533563, 29.05250854162922], [-87.36917820533563, 29.097464484804906], [-87.41413414851132, 29.097464484804906], [-87.41413414851132, 29.142420427980596], [-87.5490019780384, 29.23233231433197], [-87.5490019780384, 29.322244200683347], [-87.5939579212141, 29.322244200683347], [-87.5939579212141, 29.367200143859034], [-87.72882575074118, 29.45711203021041], [-87.72882575074118, 29.547023916561784], [-87.77378169391687, 29.547023916561784], [-87.77378169391687, 29.591979859737474], [-87.81873763709257, 29.591979859737474], [-87.81873763709257, 29.63693580291316], [-87.95360546661965, 29.726847689264538], [-87.95360546661965, 29.81675957561591], [-87.99856140979534, 29.81675957561591], [-87.99856140979534, 29.861715518791602], [-88.04351735297104, 29.861715518791602], [-88.04351735297104, 29.90667146196729], [-88.08847329614673, 29.90667146196729], [-88.08847329614673, 29.951627405142975], [-88.13342923932242, 29.951627405142975], [-88.22334112567381, 30.08649523467004], [-88.3132530120252, 30.08649523467004], [-88.3132530120252, 30.131451177845726], [-88.44812084155228, 30.131451177845726], [-88.44812084155228, 30.176407121021416], [-88.58298867107936, 30.176407121021416], [-88.58298867107936, 30.221363064197103], [-88.67290055743075, 30.221363064197103], [-88.67290055743075, 30.26631900737279], [-88.80776838695783, 30.26631900737279], [-88.80776838695783, 30.31127495054848], [-88.89768027330922, 30.31127495054848], [-88.89768027330922, 30.356230893724167], [-89.0325481028363, 30.356230893724167], [-89.0325481028363, 30.401186836899853], [-89.16741593236338, 30.401186836899853], [-89.16741593236338, 30.446142780075544], [-89.25732781871477, 30.446142780075544], [-89.25732781871477, 30.49109872325123], [-89.30228376189046, 30.49109872325123], [-89.30228376189046, 30.536054666426917], [-89.43715159141755, 30.625966552778294], [-89.43715159141755, 30.71587843912967], [-89.48210753459324, 30.71587843912967], [-89.48210753459324, 30.760834382305358], [-89.52706347776893, 30.760834382305358], [-89.52706347776893, 30.805790325481045], [-89.57201942094463, 30.805790325481045], [-89.57201942094463, 30.850746268656735], [-89.61697536412032, 30.850746268656735], [-89.61697536412032, 30.895702211832422], [-89.66193130729602, 30.895702211832422], [-89.66193130729602, 30.94065815500811], [-89.70688725047171, 30.94065815500811], [-89.70688725047171, 30.985614098183795], [-89.7518431936474, 30.985614098183795], [-89.7518431936474, 31.030570041359486], [-89.88671102317448, 31.12048192771086], [-89.88671102317448, 31.16543787088655], [-89.97662290952587, 31.16543787088655], [-89.97662290952587, 31.210393814062236], [-90.02157885270157, 31.210393814062236], [-90.11149073905295, 31.3452616435893], [-90.20140262540434, 31.3452616435893], [-90.20140262540434, 31.390217586764987], [-90.24635856858004, 31.390217586764987], [-90.29131451175573, 31.480129473116364], [-90.38122639810712, 31.480129473116364], [-90.4711382844585, 31.614997302643427], [-90.56105017080989, 31.614997302643427], [-90.56105017080989, 31.659953245819114], [-90.65096205716128, 31.659953245819114], [-90.65096205716128, 31.7049091889948], [-90.78582988668836, 31.7049091889948], [-90.78582988668836, 31.74986513217049], [-90.87574177303975, 31.74986513217049], [-90.87574177303975, 31.794821075346178], [-90.96565365939114, 31.794821075346178], [-90.96565365939114, 31.839777018521865], [-91.1904333752696, 31.839777018521865], [-91.1904333752696, 31.884732961697555], [-91.55008092067516, 31.92968890487324], [-91.55008092067516, 31.884732961697555], [-91.68494875020224, 31.884732961697555], [-91.68494875020224, 31.839777018521865], [-91.86477252290501, 31.839777018521865], [-91.86477252290501, 31.794821075346178], [-91.9996403524321, 31.794821075346178], [-92.04459629560779, 31.7049091889948], [-92.13450818195918, 31.7049091889948], [-92.17946412513487, 31.614997302643427], [-92.26937601148626, 31.614997302643427], [-92.26937601148626, 31.570041359467737], [-92.31433195466195, 31.570041359467737], [-92.31433195466195, 31.52508541629205], [-92.35928789783765, 31.52508541629205], [-92.35928789783765, 31.480129473116364], [-92.40424384101334, 31.480129473116364], [-92.40424384101334, 31.435173529940677], [-92.53911167054042, 31.3452616435893], [-92.53911167054042, 31.255349757237923], [-92.62902355689181, 31.210393814062236], [-92.62902355689181, 31.12048192771086], [-92.76389138641889, 31.030570041359486], [-92.76389138641889, 30.94065815500811], [-92.80884732959458, 30.94065815500811], [-92.80884732959458, 30.850746268656735], [-92.85380327277028, 30.850746268656735], [-92.85380327277028, 30.760834382305358], [-92.89875921594597, 30.760834382305358], [-92.89875921594597, 30.67092249595398], [-92.94371515912167, 30.67092249595398], [-92.94371515912167, 30.581010609602608], [-92.98867110229736, 30.581010609602608], [-92.98867110229736, 30.356230893724167], [-93.03362704547305, 30.356230893724167], [-93.07858298864875, 29.951627405142975], [-93.12353893182444, 29.951627405142975], [-93.12353893182444, 29.861715518791602], [-93.16849487500014, 29.861715518791602], [-93.16849487500014, 29.771803632440225], [-93.21345081817583, 29.771803632440225], [-93.21345081817583, 29.63693580291316], [-93.25840676135152, 29.63693580291316], [-93.30336270452722, 29.45711203021041]]]]}}, {"type": "Feature", "properties": {"shapefile": "2021082712_wsp34knt120hr_5km", "PERCENTAGE": "60-70%"}, "geometry": {"type": "MultiPolygon", "coordinates": [[[[-93.30336270452722, 29.45711203021041], [-93.30336270452722, 29.547023916561784], [-93.25840676135152, 29.547023916561784], [-93.25840676135152, 29.63693580291316], [-93.21345081817583, 29.63693580291316], [-93.21345081817583, 29.771803632440225], [-93.16849487500014, 29.771803632440225], [-93.16849487500014, 29.861715518791602], [-93.12353893182444, 29.861715518791602], [-93.12353893182444, 29.951627405142975], [-93.07858298864875, 29.951627405142975], [-93.03362704547305, 30.356230893724167], [-92.98867110229736, 30.356230893724167], [-92.98867110229736, 30.581010609602608], [-92.94371515912167, 30.581010609602608], [-92.94371515912167, 30.67092249595398], [-92.89875921594597, 30.67092249595398], [-92.89875921594597, 30.760834382305358], [-92.85380327277028, 30.760834382305358], [-92.85380327277028, 30.850746268656735], [-92.80884732959458, 30.850746268656735], [-92.76389138641889, 31.030570041359486], [-92.62902355689181, 31.12048192771086], [-92.62902355689181, 31.210393814062236], [-92.53911167054042, 31.255349757237923], [-92.53911167054042, 31.3452616435893], [-92.49415572736473, 31.3452616435893], [-92.49415572736473, 31.390217586764987], [-92.44919978418903, 31.390217586764987], [-92.44919978418903, 31.435173529940677], [-92.40424384101334, 31.435173529940677], [-92.40424384101334, 31.480129473116364], [-92.26937601148626, 31.570041359467737], [-92.26937601148626, 31.614997302643427], [-92.17946412513487, 31.614997302643427], [-92.17946412513487, 31.659953245819114], [-92.13450818195918, 31.659953245819114], [-92.13450818195918, 31.7049091889948], [-92.04459629560779, 31.7049091889948], [-91.9996403524321, 31.794821075346178], [-91.86477252290501, 31.794821075346178], [-91.86477252290501, 31.839777018521865], [-91.68494875020224, 31.839777018521865], [-91.68494875020224, 31.884732961697555], [-91.55008092067516, 31.884732961697555], [-91.55008092067516, 31.92968890487324], [-91.1904333752696, 31.884732961697555], [-91.1904333752696, 31.839777018521865], [-90.96565365939114, 31.839777018521865], [-90.96565365939114, 31.794821075346178], [-90.78582988668836, 31.74986513217049], [-90.78582988668836, 31.7049091889948], [-90.65096205716128, 31.7049091889948], [-90.65096205716128, 31.659953245819114], [-90.4711382844585, 31.614997302643427], [-90.38122639810712, 31.480129473116364], [-90.29131451175573, 31.480129473116364], [-90.20140262540434, 31.3452616435893], [-90.11149073905295, 31.3452616435893], [-90.11149073905295, 31.300305700413613], [-90.06653479587726, 31.300305700413613], [-89.97662290952587, 31.16543787088655], [-89.88671102317448, 31.16543787088655], [-89.88671102317448, 31.12048192771086], [-89.84175507999879, 31.12048192771086], [-89.84175507999879, 31.075525984535172], [-89.7967991368231, 31.075525984535172], [-89.7967991368231, 31.030570041359486], [-89.7518431936474, 31.030570041359486], [-89.7518431936474, 30.985614098183795], [-89.70688725047171, 30.985614098183795], [-89.70688725047171, 30.94065815500811], [-89.66193130729602, 30.94065815500811], [-89.66193130729602, 30.895702211832422], [-89.61697536412032, 30.895702211832422], [-89.61697536412032, 30.850746268656735], [-89.57201942094463, 30.850746268656735], [-89.57201942094463, 30.805790325481045], [-89.43715159141755, 30.71587843912967], [-89.43715159141755, 30.625966552778294], [-89.39219564824185, 30.625966552778294], [-89.39219564824185, 30.581010609602608], [-89.34723970506616, 30.581010609602608], [-89.25732781871477, 30.446142780075544], [-89.16741593236338, 30.446142780075544], [-89.16741593236338, 30.401186836899853], [-89.0325481028363, 30.401186836899853], [-89.0325481028363, 30.356230893724167], [-88.89768027330922, 30.356230893724167], [-88.89768027330922, 30.31127495054848], [-88.80776838695783, 30.31127495054848], [-88.80776838695783, 30.26631900737279], [-88.67290055743075, 30.26631900737279], [-88.67290055743075, 30.221363064197103], [-88.58298867107936, 30.221363064197103], [-88.58298867107936, 30.176407121021416], [-88.44812084155228, 30.176407121021416], [-88.44812084155228, 30.131451177845726], [-88.3132530120252, 30.131451177845726], [-88.3132530120252, 30.08649523467004], [-88.22334112567381, 30.08649523467004], [-88.22334112567381, 30.041539291494352], [-88.17838518249812, 30.041539291494352], [-88.17838518249812, 29.996583348318666], [-88.13342923932242, 29.996583348318666], [-88.13342923932242, 29.951627405142975], [-88.08847329614673, 29.951627405142975], [-88.08847329614673, 29.90667146196729], [-87.95360546661965, 29.81675957561591], [-87.95360546661965, 29.726847689264538], [-87.90864952344396, 29.726847689264538], [-87.90864952344396, 29.681891746088848], [-87.86369358026826, 29.681891746088848], [-87.86369358026826, 29.63693580291316], [-87.72882575074118, 29.547023916561784], [-87.72882575074118, 29.45711203021041], [-87.68386980756549, 29.45711203021041], [-87.68386980756549, 29.412156087034724], [-87.5490019780384, 29.322244200683347], [-87.5490019780384, 29.23233231433197], [-87.50404603486271, 29.23233231433197], [-87.50404603486271, 29.187376371156283], [-87.45909009168702, 29.187376371156283], [-87.45909009168702, 29.142420427980596], [-87.41413414851132, 29.142420427980596], [-87.41413414851132, 29.097464484804906], [-87.36917820533563, 29.097464484804906], [-87.36917820533563, 29.05250854162922], [-87.32422226215994, 29.05250854162922], [-87.32422226215994, 29.007552598453533], [-87.27926631898424, 29.007552598453533], [-87.27926631898424, 28.962596655277842], [-87.23431037580855, 28.962596655277842], [-87.23431037580855, 28.917640712102155], [-87.18935443263285, 28.917640712102155], [-87.18935443263285, 28.87268476892647], [-87.14439848945716, 28.87268476892647], [-87.14439848945716, 28.82772882575078], [-87.00953065993008, 28.737816939399405], [-87.00953065993008, 28.647905053048028], [-86.91961877357869, 28.60294910987234], [-86.91961877357869, 28.513037223520964], [-86.874662830403, 28.513037223520964], [-86.874662830403, 28.468081280345277], [-86.8297068872273, 28.468081280345277], [-86.8297068872273, 28.42312533716959], [-86.69483905770022, 28.333213450818214], [-86.69483905770022, 28.243301564466837], [-86.55997122817314, 28.153389678115463], [-86.55997122817314, 28.063477791764086], [-86.51501528499745, 28.063477791764086], [-86.51501528499745, 28.0185218485884], [-86.47005934182175, 28.0185218485884], [-86.47005934182175, 27.973565905412713], [-86.33519151229467, 27.883654019061336], [-86.33519151229467, 27.79374213270996], [-86.20032368276759, 27.703830246358585], [-86.20032368276759, 27.613918360007208], [-86.1553677395919, 27.613918360007208], [-86.1553677395919, 27.56896241683152], [-86.1104117964162, 27.56896241683152], [-86.1104117964162, 27.479050530480144], [-85.97554396688912, 27.389138644128767], [-85.97554396688912, 27.299226757777394], [-85.93058802371343, 27.299226757777394], [-85.93058802371343, 27.254270814601703], [-85.88563208053773, 27.254270814601703], [-85.88563208053773, 27.209314871426017], [-85.75076425101065, 27.119402985074643], [-85.75076425101065, 27.029491098723266], [-85.70580830783496, 27.029491098723266], [-85.70580830783496, 26.98453515554758], [-85.66085236465926, 26.98453515554758], [-85.66085236465926, 26.93957921237189], [-85.61589642148357, 26.93957921237189], [-85.61589642148357, 26.894623269196202], [-85.57094047830788, 26.894623269196202], [-85.57094047830788, 26.849667326020516], [-85.4360726487808, 26.75975543966914], [-85.4360726487808, 26.66984355331776], [-85.3911167056051, 26.66984355331776], [-85.3911167056051, 26.624887610142075], [-85.3461607624294, 26.624887610142075], [-85.3461607624294, 26.579931666966388], [-85.30120481925371, 26.579931666966388], [-85.30120481925371, 26.5349757237907], [-85.16633698972663, 26.445063837439324], [-85.16633698972663, 26.355151951087947], [-85.12138104655094, 26.355151951087947], [-85.12138104655094, 26.31019600791226], [-84.98651321702386, 26.220284121560884], [-84.98651321702386, 26.13037223520951], [-84.94155727384816, 26.13037223520951], [-84.94155727384816, 26.08541629203382], [-84.80668944432108, 25.995504405682446], [-84.80668944432108, 25.90559251933107], [-84.76173350114539, 25.90559251933107], [-84.76173350114539, 25.860636576155382], [-84.6268656716183, 25.770724689804005], [-84.6268656716183, 25.680812803452632], [-84.49199784209122, 25.590900917101255], [-84.49199784209122, 25.500989030749878], [-84.44704189891553, 25.500989030749878], [-84.44704189891553, 25.45603308757419], [-84.40208595573984, 25.45603308757419], [-84.40208595573984, 25.366121201222814], [-84.26721812621275, 25.27620931487144], [-84.26721812621275, 25.186297428520064], [-84.17730623986137, 25.141341485344377], [-84.17730623986137, 25.051429598993], [-84.04243841033428, 24.961517712641626], [-84.04243841033428, 24.87160582629025], [-83.9525265239829, 24.826649883114563], [-83.9525265239829, 24.736737996763186], [-83.86261463763151, 24.6917820535875], [-83.86261463763151, 24.60187016723612], [-83.77270275128012, 24.556914224060435], [-83.77270275128012, 24.467002337709058], [-83.68279086492873, 24.42204639453337], [-83.68279086492873, 24.332134508181994], [-83.59287897857735, 24.287178565006307], [-83.59287897857735, 24.19726667865493], [-83.50296709222596, 24.152310735479244], [-83.50296709222596, 24.062398849127867], [-83.41305520587457, 24.01744290595218], [-83.41305520587457, 23.927531019600803], [-83.32314331952318, 23.882575076425116], [-83.32314331952318, 23.79266319007374], [-83.2332314331718, 23.747707246898052], [-83.2332314331718, 23.65779536054668], [-83.14331954682041, 23.61283941737099], [-83.14331954682041, 23.522927531019615], [-83.05340766046902, 23.477971587843925], [-83.05340766046902, 23.38805970149255], [-82.96349577411763, 23.34310375831686], [-82.96349577411763, 23.253191871965488], [-82.91853983094194, 23.253191871965488], [-82.91853983094194, 23.208235928789797], [-82.78367200141486, 23.118324042438424], [-82.78367200141486, 23.028412156087047], [-82.73871605823916, 23.028412156087047], [-82.73871605823916, 22.98345621291136], [-82.69376011506347, 22.98345621291136], [-82.69376011506347, 22.93850026973567], [-82.64880417188778, 22.93850026973567], [-82.64880417188778, 22.893544326559983], [-82.60384822871208, 22.893544326559983], [-82.60384822871208, 22.848588383384296], [-82.55889228553639, 22.848588383384296], [-82.55889228553639, 22.80363244020861], [-82.5139363423607, 22.80363244020861], [-82.5139363423607, 22.75867649703292], [-82.468980399185, 22.75867649703292], [-82.468980399185, 22.713720553857232], [-82.4240244560093, 22.713720553857232], [-82.4240244560093, 22.668764610681546], [-82.37906851283361, 22.668764610681546], [-82.37906851283361, 22.623808667505855], [-82.33411256965792, 22.623808667505855], [-82.33411256965792, 22.57885272433017], [-82.28915662648222, 22.57885272433017], [-82.28915662648222, 22.533896781154482], [-82.24420068330653, 22.533896781154482], [-82.24420068330653, 22.48894083797879], [-82.19924474013084, 22.48894083797879], [-82.19924474013084, 22.443984894803105], [-82.15428879695514, 22.443984894803105], [-82.15428879695514, 22.399028951627418], [-82.10933285377945, 22.399028951627418], [-82.10933285377945, 22.354073008451728], [-82.06437691060376, 22.354073008451728], [-81.97446502425237, 22.219205178924668], [-81.88455313790098, 22.219205178924668], [-81.88455313790098, 22.174249235748977], [-81.83959719472529, 22.174249235748977], [-81.83959719472529, 22.12929329257329], [-81.79464125154959, 22.12929329257329], [-81.79464125154959, 22.084337349397604], [-81.7496853083739, 22.084337349397604], [-81.7496853083739, 22.039381406221914], [-81.7047293651982, 22.039381406221914], [-81.61481747884682, 21.90451357669485], [-81.52490559249543, 21.90451357669485], [-81.52490559249543, 21.859557633519163], [-81.47994964931974, 21.859557633519163], [-81.47994964931974, 21.814601690343476], [-81.43499370614404, 21.814601690343476], [-81.43499370614404, 21.769645747167786], [-81.39003776296835, 21.769645747167786], [-81.39003776296835, 21.7246898039921], [-81.34508181979265, 21.7246898039921], [-81.34508181979265, 21.679733860816413], [-81.30012587661696, 21.679733860816413], [-81.30012587661696, 21.634777917640722], [-81.25516993344127, 21.634777917640722], [-81.25516993344127, 21.589821974465035], [-81.21021399026557, 21.589821974465035], [-81.21021399026557, 21.54486603128935], [-81.16525804708988, 21.54486603128935], [-81.16525804708988, 21.49991008811366], [-81.12030210391418, 21.49991008811366], [-81.12030210391418, 21.45495414493797], [-81.07534616073849, 21.45495414493797], [-81.07534616073849, 21.409998201762285], [-81.0303902175628, 21.409998201762285], [-81.0303902175628, 21.365042258586598], [-80.9854342743871, 21.365042258586598], [-80.9854342743871, 21.320086315410908], [-80.94047833121141, 21.320086315410908], [-80.94047833121141, 21.27513037223522], [-80.80561050168433, 21.185218485883844], [-80.80561050168433, 21.09530659953247], [-80.76065455850863, 21.09530659953247], [-80.76065455850863, 21.005394713181094], [-80.71569861533294, 21.005394713181094], [-80.71569861533294, 20.735659054126966], [-80.67074267215725, 20.735659054126966], [-80.67074267215725, 20.376011508721465], [-80.71569861533294, 20.376011508721465], [-80.71569861533294, 20.106275849667337], [-80.76065455850863, 20.106275849667337], [-80.76065455850863, 19.971408020140274], [-80.80561050168433, 19.971408020140274], [-80.89552238803572, 19.83654019061321], [-80.9854342743871, 19.83654019061321], [-80.9854342743871, 19.791584247437523], [-81.21021399026557, 19.791584247437523], [-81.21021399026557, 19.746628304261833], [-81.61481747884682, 19.83654019061321], [-81.61481747884682, 19.881496133788897], [-81.65977342202251, 19.881496133788897], [-81.65977342202251, 19.926452076964587], [-81.7496853083739, 19.926452076964587], [-81.7496853083739, 19.971408020140274], [-81.79464125154959, 19.971408020140274], [-81.79464125154959, 20.01636396331596], [-81.83959719472529, 20.01636396331596], [-81.92950908107667, 20.151231792843024], [-82.01942096742806, 20.151231792843024], [-82.10933285377945, 20.286099622370088], [-82.19924474013084, 20.286099622370088], [-82.19924474013084, 20.331055565545775], [-82.24420068330653, 20.331055565545775], [-82.24420068330653, 20.376011508721465], [-82.28915662648222, 20.376011508721465], [-82.28915662648222, 20.420967451897152], [-82.33411256965792, 20.420967451897152], [-82.33411256965792, 20.46592339507284], [-82.37906851283361, 20.46592339507284], [-82.468980399185, 20.600791224599902], [-82.55889228553639, 20.600791224599902], [-82.55889228553639, 20.645747167775593], [-82.60384822871208, 20.645747167775593], [-82.69376011506347, 20.780614997302656], [-82.78367200141486, 20.780614997302656], [-82.78367200141486, 20.825570940478343], [-82.82862794459055, 20.825570940478343], [-82.82862794459055, 20.87052688365403], [-82.87358388776624, 20.87052688365403], [-82.87358388776624, 20.915482826829717], [-82.91853983094194, 20.915482826829717], [-82.91853983094194, 20.960438770005407], [-82.96349577411763, 20.960438770005407], [-82.96349577411763, 21.005394713181094], [-83.00845171729333, 21.005394713181094], [-83.00845171729333, 21.05035065635678], [-83.05340766046902, 21.05035065635678], [-83.14331954682041, 21.185218485883844], [-83.2332314331718, 21.185218485883844], [-83.2332314331718, 21.230174429059534], [-83.27818737634749, 21.230174429059534], [-83.27818737634749, 21.27513037223522], [-83.32314331952318, 21.27513037223522], [-83.32314331952318, 21.320086315410908], [-83.36809926269888, 21.320086315410908], [-83.36809926269888, 21.365042258586598], [-83.41305520587457, 21.365042258586598], [-83.50296709222596, 21.49991008811366], [-83.59287897857735, 21.49991008811366], [-83.59287897857735, 21.54486603128935], [-83.63783492175304, 21.54486603128935], [-83.72774680810443, 21.679733860816413], [-83.81765869445582, 21.679733860816413], [-83.9075705808072, 21.814601690343476], [-83.99748246715859, 21.814601690343476], [-83.99748246715859, 21.859557633519163], [-84.04243841033428, 21.859557633519163], [-84.04243841033428, 21.90451357669485], [-84.13235029668567, 21.90451357669485], [-84.17730623986137, 21.994425463046227], [-84.35713001256414, 22.039381406221914], [-84.35713001256414, 22.084337349397604], [-84.44704189891553, 22.084337349397604], [-84.44704189891553, 22.12929329257329], [-84.53695378526692, 22.12929329257329], [-84.53695378526692, 22.174249235748977], [-84.671821614794, 22.174249235748977], [-84.671821614794, 22.219205178924668], [-84.76173350114539, 22.219205178924668], [-84.76173350114539, 22.264161122100354], [-84.94155727384816, 22.30911706527604], [-84.98651321702386, 22.399028951627418], [-85.07642510337524, 22.399028951627418], [-85.07642510337524, 22.443984894803105], [-85.25624887607802, 22.48894083797879], [-85.30120481925371, 22.57885272433017], [-85.3911167056051, 22.57885272433017], [-85.3911167056051, 22.623808667505855], [-85.48102859195649, 22.623808667505855], [-85.48102859195649, 22.668764610681546], [-85.57094047830788, 22.668764610681546], [-85.57094047830788, 22.713720553857232], [-85.75076425101065, 22.75867649703292], [-85.75076425101065, 22.80363244020861], [-85.93058802371343, 22.848588383384296], [-85.93058802371343, 22.893544326559983], [-85.97554396688912, 22.893544326559983], [-85.97554396688912, 22.93850026973567], [-86.06545585324051, 22.93850026973567], [-86.1104117964162, 23.028412156087047], [-86.20032368276759, 23.028412156087047], [-86.24527962594328, 23.118324042438424], [-86.33519151229467, 23.118324042438424], [-86.38014745547036, 23.208235928789797], [-86.55997122817314, 23.253191871965488], [-86.55997122817314, 23.298147815141174], [-86.60492717134883, 23.298147815141174], [-86.60492717134883, 23.34310375831686], [-86.69483905770022, 23.34310375831686], [-86.73979500087592, 23.433015644668238], [-86.8297068872273, 23.433015644668238], [-86.91961877357869, 23.567883474195302], [-87.00953065993008, 23.567883474195302], [-87.05448660310577, 23.65779536054668], [-87.14439848945716, 23.65779536054668], [-87.14439848945716, 23.702751303722366], [-87.18935443263285, 23.702751303722366], [-87.18935443263285, 23.747707246898052], [-87.27926631898424, 23.747707246898052], [-87.32422226215994, 23.83761913324943], [-87.41413414851132, 23.83761913324943], [-87.50404603486271, 23.972486962776493], [-87.5939579212141, 23.972486962776493], [-87.68386980756549, 24.107354792303557], [-87.77378169391687, 24.107354792303557], [-87.77378169391687, 24.152310735479244], [-87.81873763709257, 24.152310735479244], [-87.90864952344396, 24.287178565006307], [-87.99856140979534, 24.287178565006307], [-88.08847329614673, 24.42204639453337], [-88.17838518249812, 24.42204639453337], [-88.17838518249812, 24.467002337709058], [-88.22334112567381, 24.467002337709058], [-88.22334112567381, 24.511958280884745], [-88.3132530120252, 24.511958280884745], [-88.3582089552009, 24.60187016723612], [-88.44812084155228, 24.60187016723612], [-88.53803272790367, 24.736737996763186], [-88.62794461425506, 24.736737996763186], [-88.67290055743075, 24.826649883114563], [-88.76281244378214, 24.826649883114563], [-88.80776838695783, 24.916561769465936], [-88.89768027330922, 24.916561769465936], [-88.94263621648491, 25.006473655817313], [-89.0325481028363, 25.006473655817313], [-89.0325481028363, 25.051429598993], [-89.077504046012, 25.051429598993], [-89.077504046012, 25.09638554216869], [-89.16741593236338, 25.09638554216869], [-89.21237187553908, 25.186297428520064], [-89.39219564824185, 25.23125337169575], [-89.43715159141755, 25.321165258047127], [-89.52706347776893, 25.321165258047127], [-89.52706347776893, 25.366121201222814], [-89.57201942094463, 25.366121201222814], [-89.57201942094463, 25.411077144398504], [-89.66193130729602, 25.411077144398504], [-89.70688725047171, 25.500989030749878], [-89.88671102317448, 25.545944973925568], [-89.88671102317448, 25.590900917101255], [-89.93166696635018, 25.590900917101255], [-89.93166696635018, 25.63585686027694], [-90.02157885270157, 25.63585686027694], [-90.06653479587726, 25.72576874662832], [-90.15644668222865, 25.72576874662832], [-90.15644668222865, 25.770724689804005], [-90.20140262540434, 25.770724689804005], [-90.20140262540434, 25.815680632979692], [-90.29131451175573, 25.815680632979692], [-90.33627045493142, 25.90559251933107], [-90.42618234128281, 25.90559251933107], [-90.4711382844585, 25.995504405682446], [-90.56105017080989, 25.995504405682446], [-90.60600611398559, 26.08541629203382], [-90.69591800033697, 26.08541629203382], [-90.78582988668836, 26.220284121560884], [-90.87574177303975, 26.220284121560884], [-90.92069771621544, 26.31019600791226], [-91.01060960256683, 26.31019600791226], [-91.05556554574252, 26.400107894263638], [-91.14547743209391, 26.400107894263638], [-91.1904333752696, 26.49001978061501], [-91.280345261621, 26.49001978061501], [-91.37025714797238, 26.624887610142075], [-91.46016903432377, 26.624887610142075], [-91.46016903432377, 26.66984355331776], [-91.50512497749946, 26.66984355331776], [-91.59503686385085, 26.804711382844825], [-91.68494875020224, 26.804711382844825], [-91.68494875020224, 26.849667326020516], [-91.72990469337793, 26.849667326020516], [-91.72990469337793, 26.894623269196202], [-91.77486063655363, 26.894623269196202], [-91.77486063655363, 26.93957921237189], [-91.81981657972932, 26.93957921237189], [-91.81981657972932, 26.98453515554758], [-91.86477252290501, 26.98453515554758], [-91.86477252290501, 27.029491098723266], [-91.90972846608071, 27.029491098723266], [-91.90972846608071, 27.074447041898953], [-91.9546844092564, 27.074447041898953], [-91.9546844092564, 27.119402985074643], [-91.9996403524321, 27.119402985074643], [-91.9996403524321, 27.16435892825033], [-92.04459629560779, 27.16435892825033], [-92.04459629560779, 27.209314871426017], [-92.08955223878348, 27.209314871426017], [-92.08955223878348, 27.254270814601703], [-92.13450818195918, 27.254270814601703], [-92.13450818195918, 27.299226757777394], [-92.17946412513487, 27.299226757777394], [-92.17946412513487, 27.34418270095308], [-92.22442006831056, 27.34418270095308], [-92.22442006831056, 27.389138644128767], [-92.26937601148626, 27.389138644128767], [-92.26937601148626, 27.434094587304457], [-92.31433195466195, 27.434094587304457], [-92.31433195466195, 27.479050530480144], [-92.35928789783765, 27.479050530480144], [-92.35928789783765, 27.52400647365583], [-92.49415572736473, 27.613918360007208], [-92.49415572736473, 27.703830246358585], [-92.53911167054042, 27.703830246358585], [-92.53911167054042, 27.748786189534272], [-92.6739795000675, 27.83869807588565], [-92.6739795000675, 27.928609962237022], [-92.80884732959458, 28.0185218485884], [-92.80884732959458, 28.108433734939773], [-92.85380327277028, 28.108433734939773], [-92.85380327277028, 28.19834562129115], [-92.89875921594597, 28.19834562129115], [-92.89875921594597, 28.288257507642527], [-92.94371515912167, 28.288257507642527], [-92.98867110229736, 28.468081280345277], [-93.07858298864875, 28.513037223520964], [-93.07858298864875, 28.647905053048028], [-93.12353893182444, 28.647905053048028], [-93.12353893182444, 28.78277288257509], [-93.16849487500014, 28.78277288257509], [-93.16849487500014, 28.917640712102155], [-93.21345081817583, 28.917640712102155], [-93.21345081817583, 29.142420427980596], [-93.25840676135152, 29.142420427980596], [-93.25840676135152, 29.45711203021041], [-93.30336270452722, 29.45711203021041]], [[-92.85380327277028, 29.45711203021041], [-92.80884732959458, 29.45711203021041], [-92.80884732959458, 29.097464484804906], [-92.76389138641889, 29.097464484804906], [-92.76389138641889, 28.917640712102155], [-92.7189354432432, 28.917640712102155], [-92.7189354432432, 28.78277288257509], [-92.6739795000675, 28.78277288257509], [-92.62902355689181, 28.513037223520964], [-92.58406761371612, 28.513037223520964], [-92.58406761371612, 28.42312533716959], [-92.53911167054042, 28.42312533716959], [-92.53911167054042, 28.333213450818214], [-92.49415572736473, 28.333213450818214], [-92.49415572736473, 28.243301564466837], [-92.44919978418903, 28.243301564466837], [-92.40424384101334, 28.063477791764086], [-92.35928789783765, 28.063477791764086], [-92.35928789783765, 28.0185218485884], [-92.31433195466195, 28.0185218485884], [-92.31433195466195, 27.928609962237022], [-92.26937601148626, 27.928609962237022], [-92.26937601148626, 27.883654019061336], [-92.13450818195918, 27.79374213270996], [-92.13450818195918, 27.703830246358585], [-91.9996403524321, 27.613918360007208], [-91.9996403524321, 27.52400647365583], [-91.9546844092564, 27.52400647365583], [-91.86477252290501, 27.389138644128767], [-91.77486063655363, 27.389138644128767], [-91.77486063655363, 27.34418270095308], [-91.72990469337793, 27.34418270095308], [-91.72990469337793, 27.299226757777394], [-91.68494875020224, 27.299226757777394], [-91.68494875020224, 27.254270814601703], [-91.63999280702654, 27.254270814601703], [-91.63999280702654, 27.209314871426017], [-91.59503686385085, 27.209314871426017], [-91.59503686385085, 27.16435892825033], [-91.55008092067516, 27.16435892825033], [-91.55008092067516, 27.119402985074643], [-91.50512497749946, 27.119402985074643], [-91.50512497749946, 27.074447041898953], [-91.37025714797238, 26.98453515554758], [-91.37025714797238, 26.93957921237189], [-91.280345261621, 26.93957921237189], [-91.1904333752696, 26.804711382844825], [-91.10052148891822, 26.804711382844825], [-91.10052148891822, 26.75975543966914], [-91.05556554574252, 26.75975543966914], [-91.01060960256683, 26.66984355331776], [-90.92069771621544, 26.66984355331776], [-90.83078582986406, 26.5349757237907], [-90.74087394351267, 26.5349757237907], [-90.74087394351267, 26.49001978061501], [-90.69591800033697, 26.49001978061501], [-90.69591800033697, 26.445063837439324], [-90.60600611398559, 26.445063837439324], [-90.5160942276342, 26.31019600791226], [-90.42618234128281, 26.31019600791226], [-90.38122639810712, 26.220284121560884], [-90.29131451175573, 26.220284121560884], [-90.20140262540434, 26.08541629203382], [-90.11149073905295, 26.08541629203382], [-90.11149073905295, 26.040460348858133], [-90.06653479587726, 26.040460348858133], [-90.06653479587726, 25.995504405682446], [-89.97662290952587, 25.995504405682446], [-89.93166696635018, 25.90559251933107], [-89.84175507999879, 25.90559251933107], [-89.7967991368231, 25.815680632979692], [-89.70688725047171, 25.815680632979692], [-89.66193130729602, 25.72576874662832], [-89.57201942094463, 25.72576874662832], [-89.48210753459324, 25.590900917101255], [-89.39219564824185, 25.590900917101255], [-89.34723970506616, 25.500989030749878], [-89.25732781871477, 25.500989030749878], [-89.25732781871477, 25.45603308757419], [-89.21237187553908, 25.45603308757419], [-89.21237187553908, 25.411077144398504], [-89.12245998918769, 25.411077144398504], [-89.077504046012, 25.321165258047127], [-88.98759215966061, 25.321165258047127], [-88.98759215966061, 25.27620931487144], [-88.89768027330922, 25.27620931487144], [-88.85272433013353, 25.186297428520064], [-88.76281244378214, 25.186297428520064], [-88.76281244378214, 25.141341485344377], [-88.71785650060644, 25.141341485344377], [-88.62794461425506, 25.006473655817313], [-88.53803272790367, 25.006473655817313], [-88.49307678472798, 24.916561769465936], [-88.40316489837659, 24.916561769465936], [-88.40316489837659, 24.87160582629025], [-88.3582089552009, 24.87160582629025], [-88.3582089552009, 24.826649883114563], [-88.2682970688495, 24.826649883114563], [-88.22334112567381, 24.736737996763186], [-88.13342923932242, 24.736737996763186], [-88.04351735297104, 24.60187016723612], [-87.95360546661965, 24.60187016723612], [-87.95360546661965, 24.556914224060435], [-87.90864952344396, 24.556914224060435], [-87.81873763709257, 24.42204639453337], [-87.72882575074118, 24.42204639453337], [-87.72882575074118, 24.37709045135768], [-87.68386980756549, 24.37709045135768], [-87.68386980756549, 24.332134508181994], [-87.5490019780384, 24.24222262183062], [-87.5490019780384, 24.19726667865493], [-87.45909009168702, 24.19726667865493], [-87.45909009168702, 24.152310735479244], [-87.41413414851132, 24.152310735479244], [-87.36917820533563, 24.062398849127867], [-87.27926631898424, 24.062398849127867], [-87.18935443263285, 23.927531019600803], [-87.09944254628147, 23.927531019600803], [-87.09944254628147, 23.882575076425116], [-87.05448660310577, 23.882575076425116], [-87.05448660310577, 23.83761913324943], [-86.96457471675438, 23.83761913324943], [-86.91961877357869, 23.747707246898052], [-86.8297068872273, 23.747707246898052], [-86.8297068872273, 23.702751303722366], [-86.78475094405161, 23.702751303722366], [-86.73979500087592, 23.61283941737099], [-86.64988311452453, 23.61283941737099], [-86.55997122817314, 23.477971587843925], [-86.47005934182175, 23.477971587843925], [-86.47005934182175, 23.433015644668238], [-86.38014745547036, 23.433015644668238], [-86.33519151229467, 23.34310375831686], [-86.24527962594328, 23.34310375831686], [-86.20032368276759, 23.253191871965488], [-86.1104117964162, 23.253191871965488], [-86.1104117964162, 23.208235928789797], [-86.06545585324051, 23.208235928789797], [-86.02049991006481, 23.118324042438424], [-85.93058802371343, 23.118324042438424], [-85.88563208053773, 23.028412156087047], [-85.79572019418634, 23.028412156087047], [-85.79572019418634, 22.98345621291136], [-85.70580830783496, 22.98345621291136], [-85.66085236465926, 22.893544326559983], [-85.57094047830788, 22.893544326559983], [-85.57094047830788, 22.848588383384296], [-85.3911167056051, 22.80363244020861], [-85.3911167056051, 22.75867649703292], [-85.30120481925371, 22.75867649703292], [-85.30120481925371, 22.713720553857232], [-85.12138104655094, 22.668764610681546], [-85.07642510337524, 22.57885272433017], [-84.98651321702386, 22.57885272433017], [-84.94155727384816, 22.48894083797879], [-84.76173350114539, 22.443984894803105], [-84.76173350114539, 22.399028951627418], [-84.671821614794, 22.399028951627418], [-84.671821614794, 22.354073008451728], [-84.58190972844261, 22.354073008451728], [-84.58190972844261, 22.30911706527604], [-84.31217406938845, 22.264161122100354], [-84.31217406938845, 22.219205178924668], [-84.22226218303706, 22.219205178924668], [-84.22226218303706, 22.174249235748977], [-84.04243841033428, 22.12929329257329], [-84.04243841033428, 22.084337349397604], [-83.99748246715859, 22.084337349397604], [-83.99748246715859, 22.039381406221914], [-83.9525265239829, 22.039381406221914], [-83.86261463763151, 21.90451357669485], [-83.77270275128012, 21.90451357669485], [-83.68279086492873, 21.769645747167786], [-83.59287897857735, 21.769645747167786], [-83.59287897857735, 21.7246898039921], [-83.54792303540165, 21.7246898039921], [-83.54792303540165, 21.679733860816413], [-83.50296709222596, 21.679733860816413], [-83.50296709222596, 21.634777917640722], [-83.45801114905026, 21.634777917640722], [-83.45801114905026, 21.589821974465035], [-83.41305520587457, 21.589821974465035], [-83.41305520587457, 21.54486603128935], [-83.36809926269888, 21.54486603128935], [-83.36809926269888, 21.49991008811366], [-83.32314331952318, 21.49991008811366], [-83.32314331952318, 21.45495414493797], [-83.27818737634749, 21.45495414493797], [-83.27818737634749, 21.409998201762285], [-83.2332314331718, 21.409998201762285], [-83.14331954682041, 21.27513037223522], [-83.05340766046902, 21.27513037223522], [-83.05340766046902, 21.230174429059534], [-83.00845171729333, 21.230174429059534], [-83.00845171729333, 21.185218485883844], [-82.96349577411763, 21.185218485883844], [-82.96349577411763, 21.140262542708157], [-82.91853983094194, 21.140262542708157], [-82.91853983094194, 21.09530659953247], [-82.87358388776624, 21.09530659953247], [-82.87358388776624, 21.05035065635678], [-82.82862794459055, 21.05035065635678], [-82.82862794459055, 21.005394713181094], [-82.78367200141486, 21.005394713181094], [-82.78367200141486, 20.960438770005407], [-82.73871605823916, 20.960438770005407], [-82.73871605823916, 20.915482826829717], [-82.69376011506347, 20.915482826829717], [-82.69376011506347, 20.87052688365403], [-82.55889228553639, 20.780614997302656], [-82.55889228553639, 20.735659054126966], [-82.468980399185, 20.735659054126966], [-82.468980399185, 20.69070311095128], [-82.4240244560093, 20.69070311095128], [-82.4240244560093, 20.645747167775593], [-82.37906851283361, 20.645747167775593], [-82.37906851283361, 20.600791224599902], [-82.33411256965792, 20.600791224599902], [-82.33411256965792, 20.555835281424216], [-82.28915662648222, 20.555835281424216], [-82.28915662648222, 20.51087933824853], [-82.24420068330653, 20.51087933824853], [-82.24420068330653, 20.46592339507284], [-82.10933285377945, 20.376011508721465], [-82.10933285377945, 20.331055565545775], [-82.01942096742806, 20.331055565545775], [-81.97446502425237, 20.2411436791944], [-81.88455313790098, 20.2411436791944], [-81.88455313790098, 20.19618773601871], [-81.83959719472529, 20.19618773601871], [-81.83959719472529, 20.151231792843024], [-81.79464125154959, 20.151231792843024], [-81.79464125154959, 20.106275849667337], [-81.7496853083739, 20.106275849667337], [-81.7496853083739, 20.061319906491647], [-81.7047293651982, 20.061319906491647], [-81.7047293651982, 20.01636396331596], [-81.56986153567112, 19.926452076964587], [-81.56986153567112, 19.881496133788897], [-81.43499370614404, 19.881496133788897], [-81.43499370614404, 19.83654019061321], [-81.0303902175628, 19.83654019061321], [-81.0303902175628, 19.881496133788897], [-80.94047833121141, 19.881496133788897], [-80.94047833121141, 19.926452076964587], [-80.80561050168433, 20.01636396331596], [-80.80561050168433, 20.2411436791944], [-80.76065455850863, 20.2411436791944], [-80.76065455850863, 20.87052688365403], [-80.80561050168433, 20.87052688365403], [-80.80561050168433, 21.05035065635678], [-80.85056644486002, 21.05035065635678], [-80.85056644486002, 21.140262542708157], [-80.89552238803572, 21.140262542708157], [-80.94047833121141, 21.230174429059534], [-81.0303902175628, 21.230174429059534], [-81.0303902175628, 21.27513037223522], [-81.07534616073849, 21.27513037223522], [-81.07534616073849, 21.320086315410908], [-81.12030210391418, 21.320086315410908], [-81.12030210391418, 21.365042258586598], [-81.16525804708988, 21.365042258586598], [-81.16525804708988, 21.409998201762285], [-81.21021399026557, 21.409998201762285], [-81.21021399026557, 21.45495414493797], [-81.25516993344127, 21.45495414493797], [-81.25516993344127, 21.49991008811366], [-81.30012587661696, 21.49991008811366], [-81.30012587661696, 21.54486603128935], [-81.34508181979265, 21.54486603128935], [-81.34508181979265, 21.589821974465035], [-81.39003776296835, 21.589821974465035], [-81.39003776296835, 21.634777917640722], [-81.43499370614404, 21.634777917640722], [-81.52490559249543, 21.769645747167786], [-81.61481747884682, 21.769645747167786], [-81.65977342202251, 21.859557633519163], [-81.7496853083739, 21.859557633519163], [-81.7496853083739, 21.90451357669485], [-81.79464125154959, 21.90451357669485], [-81.79464125154959, 21.94946951987054], [-81.83959719472529, 21.94946951987054], [-81.83959719472529, 21.994425463046227], [-81.88455313790098, 21.994425463046227], [-81.97446502425237, 22.12929329257329], [-82.06437691060376, 22.12929329257329], [-82.06437691060376, 22.174249235748977], [-82.10933285377945, 22.174249235748977], [-82.19924474013084, 22.30911706527604], [-82.28915662648222, 22.30911706527604], [-82.28915662648222, 22.354073008451728], [-82.33411256965792, 22.354073008451728], [-82.33411256965792, 22.399028951627418], [-82.37906851283361, 22.399028951627418], [-82.37906851283361, 22.443984894803105], [-82.4240244560093, 22.443984894803105], [-82.5139363423607, 22.57885272433017], [-82.60384822871208, 22.57885272433017], [-82.60384822871208, 22.623808667505855], [-82.64880417188778, 22.623808667505855], [-82.64880417188778, 22.668764610681546], [-82.69376011506347, 22.668764610681546], [-82.69376011506347, 22.713720553857232], [-82.73871605823916, 22.713720553857232], [-82.73871605823916, 22.75867649703292], [-82.78367200141486, 22.75867649703292], [-82.78367200141486, 22.80363244020861], [-82.82862794459055, 22.80363244020861], [-82.82862794459055, 22.848588383384296], [-82.87358388776624, 22.848588383384296], [-82.87358388776624, 22.893544326559983], [-83.00845171729333, 22.98345621291136], [-83.00845171729333, 23.073368099262733], [-83.14331954682041, 23.16327998561411], [-83.14331954682041, 23.253191871965488], [-83.2332314331718, 23.298147815141174], [-83.2332314331718, 23.38805970149255], [-83.32314331952318, 23.433015644668238], [-83.32314331952318, 23.522927531019615], [-83.41305520587457, 23.567883474195302], [-83.41305520587457, 23.65779536054668], [-83.45801114905026, 23.65779536054668], [-83.45801114905026, 23.702751303722366], [-83.59287897857735, 23.79266319007374], [-83.59287897857735, 23.882575076425116], [-83.72774680810443, 23.972486962776493], [-83.72774680810443, 24.062398849127867], [-83.81765869445582, 24.107354792303557], [-83.81765869445582, 24.19726667865493], [-83.9075705808072, 24.24222262183062], [-83.9075705808072, 24.332134508181994], [-83.9525265239829, 24.332134508181994], [-83.9525265239829, 24.37709045135768], [-84.04243841033428, 24.42204639453337], [-84.04243841033428, 24.511958280884745], [-84.08739435350998, 24.511958280884745], [-84.08739435350998, 24.556914224060435], [-84.22226218303706, 24.64682611041181], [-84.22226218303706, 24.736737996763186], [-84.35713001256414, 24.826649883114563], [-84.35713001256414, 24.916561769465936], [-84.49199784209122, 25.006473655817313], [-84.49199784209122, 25.09638554216869], [-84.53695378526692, 25.09638554216869], [-84.53695378526692, 25.141341485344377], [-84.6268656716183, 25.186297428520064], [-84.6268656716183, 25.27620931487144], [-84.76173350114539, 25.366121201222814], [-84.76173350114539, 25.45603308757419], [-84.85164538749677, 25.500989030749878], [-84.85164538749677, 25.590900917101255], [-84.89660133067247, 25.590900917101255], [-84.89660133067247, 25.63585686027694], [-84.94155727384816, 25.63585686027694], [-84.94155727384816, 25.680812803452632], [-85.07642510337524, 25.770724689804005], [-85.07642510337524, 25.860636576155382], [-85.12138104655094, 25.860636576155382], [-85.12138104655094, 25.90559251933107], [-85.16633698972663, 25.90559251933107], [-85.16633698972663, 25.950548462506756], [-85.30120481925371, 26.040460348858133], [-85.30120481925371, 26.13037223520951], [-85.3461607624294, 26.13037223520951], [-85.3461607624294, 26.175328178385197], [-85.48102859195649, 26.265240064736574], [-85.48102859195649, 26.355151951087947], [-85.52598453513218, 26.355151951087947], [-85.52598453513218, 26.400107894263638], [-85.57094047830788, 26.400107894263638], [-85.57094047830788, 26.445063837439324], [-85.61589642148357, 26.445063837439324], [-85.61589642148357, 26.49001978061501], [-85.66085236465926, 26.49001978061501], [-85.66085236465926, 26.5349757237907], [-85.70580830783496, 26.5349757237907], [-85.70580830783496, 26.579931666966388], [-85.84067613736204, 26.66984355331776], [-85.84067613736204, 26.75975543966914], [-85.88563208053773, 26.75975543966914], [-85.88563208053773, 26.804711382844825], [-85.93058802371343, 26.804711382844825], [-85.93058802371343, 26.849667326020516], [-85.97554396688912, 26.849667326020516], [-85.97554396688912, 26.894623269196202], [-86.02049991006481, 26.894623269196202], [-86.02049991006481, 26.93957921237189], [-86.06545585324051, 26.93957921237189], [-86.06545585324051, 26.98453515554758], [-86.20032368276759, 27.074447041898953], [-86.20032368276759, 27.16435892825033], [-86.33519151229467, 27.254270814601703], [-86.33519151229467, 27.34418270095308], [-86.42510339864606, 27.389138644128767], [-86.42510339864606, 27.479050530480144], [-86.47005934182175, 27.479050530480144], [-86.47005934182175, 27.52400647365583], [-86.51501528499745, 27.52400647365583], [-86.51501528499745, 27.56896241683152], [-86.55997122817314, 27.56896241683152], [-86.55997122817314, 27.613918360007208], [-86.60492717134883, 27.613918360007208], [-86.60492717134883, 27.658874303182895], [-86.64988311452453, 27.658874303182895], [-86.64988311452453, 27.703830246358585], [-86.78475094405161, 27.79374213270996], [-86.78475094405161, 27.883654019061336], [-86.8297068872273, 27.883654019061336], [-86.8297068872273, 27.928609962237022], [-86.874662830403, 27.928609962237022], [-86.874662830403, 27.973565905412713], [-87.00953065993008, 28.063477791764086], [-87.00953065993008, 28.153389678115463], [-87.05448660310577, 28.153389678115463], [-87.05448660310577, 28.19834562129115], [-87.09944254628147, 28.19834562129115], [-87.09944254628147, 28.243301564466837], [-87.14439848945716, 28.243301564466837], [-87.14439848945716, 28.288257507642527], [-87.27926631898424, 28.3781693939939], [-87.27926631898424, 28.468081280345277], [-87.32422226215994, 28.468081280345277], [-87.32422226215994, 28.513037223520964], [-87.36917820533563, 28.513037223520964], [-87.36917820533563, 28.557993166696654], [-87.41413414851132, 28.557993166696654], [-87.41413414851132, 28.60294910987234], [-87.45909009168702, 28.60294910987234], [-87.45909009168702, 28.647905053048028], [-87.50404603486271, 28.647905053048028], [-87.50404603486271, 28.692860996223715], [-87.5490019780384, 28.692860996223715], [-87.5490019780384, 28.737816939399405], [-87.5939579212141, 28.737816939399405], [-87.5939579212141, 28.78277288257509], [-87.63891386438979, 28.78277288257509], [-87.63891386438979, 28.82772882575078], [-87.68386980756549, 28.82772882575078], [-87.68386980756549, 28.87268476892647], [-87.81873763709257, 28.962596655277842], [-87.81873763709257, 29.05250854162922], [-87.86369358026826, 29.05250854162922], [-87.86369358026826, 29.097464484804906], [-87.99856140979534, 29.187376371156283], [-87.99856140979534, 29.27728825750766], [-88.04351735297104, 29.27728825750766], [-88.04351735297104, 29.322244200683347], [-88.08847329614673, 29.322244200683347], [-88.08847329614673, 29.367200143859034], [-88.13342923932242, 29.367200143859034], [-88.13342923932242, 29.412156087034724], [-88.17838518249812, 29.412156087034724], [-88.17838518249812, 29.45711203021041], [-88.22334112567381, 29.45711203021041], [-88.22334112567381, 29.502067973386097], [-88.2682970688495, 29.502067973386097], [-88.2682970688495, 29.547023916561784], [-88.40316489837659, 29.63693580291316], [-88.40316489837659, 29.726847689264538], [-88.44812084155228, 29.726847689264538], [-88.44812084155228, 29.771803632440225], [-88.49307678472798, 29.771803632440225], [-88.49307678472798, 29.81675957561591], [-88.53803272790367, 29.81675957561591], [-88.53803272790367, 29.861715518791602], [-88.58298867107936, 29.861715518791602], [-88.58298867107936, 29.90667146196729], [-88.62794461425506, 29.90667146196729], [-88.71785650060644, 30.041539291494352], [-88.80776838695783, 30.041539291494352], [-88.80776838695783, 30.08649523467004], [-88.94263621648491, 30.08649523467004], [-88.94263621648491, 30.131451177845726], [-89.077504046012, 30.131451177845726], [-89.077504046012, 30.08649523467004], [-89.21237187553908, 30.08649523467004], [-89.21237187553908, 30.041539291494352], [-89.30228376189046, 30.041539291494352], [-89.30228376189046, 29.996583348318666], [-89.57201942094463, 29.996583348318666], [-89.57201942094463, 30.041539291494352], [-89.66193130729602, 30.08649523467004], [-89.66193130729602, 30.176407121021416], [-89.7518431936474, 30.221363064197103], [-89.7518431936474, 30.31127495054848], [-89.88671102317448, 30.401186836899853], [-89.88671102317448, 30.49109872325123], [-89.93166696635018, 30.49109872325123], [-89.93166696635018, 30.536054666426917], [-89.97662290952587, 30.536054666426917], [-89.97662290952587, 30.581010609602608], [-90.02157885270157, 30.581010609602608], [-90.02157885270157, 30.625966552778294], [-90.06653479587726, 30.625966552778294], [-90.06653479587726, 30.67092249595398], [-90.11149073905295, 30.67092249595398], [-90.11149073905295, 30.71587843912967], [-90.15644668222865, 30.71587843912967], [-90.15644668222865, 30.760834382305358], [-90.20140262540434, 30.760834382305358], [-90.20140262540434, 30.805790325481045], [-90.24635856858004, 30.805790325481045], [-90.24635856858004, 30.850746268656735], [-90.29131451175573, 30.850746268656735], [-90.29131451175573, 30.895702211832422], [-90.33627045493142, 30.895702211832422], [-90.33627045493142, 30.94065815500811], [-90.38122639810712, 30.94065815500811], [-90.4711382844585, 31.075525984535172], [-90.56105017080989, 31.075525984535172], [-90.56105017080989, 31.12048192771086], [-90.69591800033697, 31.12048192771086], [-90.69591800033697, 31.16543787088655], [-90.78582988668836, 31.16543787088655], [-90.78582988668836, 31.210393814062236], [-90.92069771621544, 31.210393814062236], [-90.92069771621544, 31.255349757237923], [-91.10052148891822, 31.255349757237923], [-91.10052148891822, 31.300305700413613], [-91.59503686385085, 31.300305700413613], [-91.59503686385085, 31.255349757237923], [-91.72990469337793, 31.255349757237923], [-91.72990469337793, 31.210393814062236], [-91.86477252290501, 31.210393814062236], [-91.86477252290501, 31.16543787088655], [-91.9546844092564, 31.16543787088655], [-91.9546844092564, 31.12048192771086], [-91.9996403524321, 31.12048192771086], [-91.9996403524321, 31.075525984535172], [-92.04459629560779, 31.075525984535172], [-92.04459629560779, 31.030570041359486], [-92.08955223878348, 31.030570041359486], [-92.08955223878348, 30.985614098183795], [-92.22442006831056, 30.895702211832422], [-92.22442006831056, 30.805790325481045], [-92.35928789783765, 30.71587843912967], [-92.35928789783765, 30.625966552778294], [-92.40424384101334, 30.625966552778294], [-92.40424384101334, 30.581010609602608], [-92.44919978418903, 30.581010609602608], [-92.44919978418903, 30.49109872325123], [-92.49415572736473, 30.49109872325123], [-92.49415572736473, 30.31127495054848], [-92.53911167054042, 30.31127495054848], [-92.53911167054042, 30.131451177845726], [-92.58406761371612, 30.131451177845726], [-92.58406761371612, 29.996583348318666], [-92.62902355689181, 29.996583348318666], [-92.62902355689181, 29.90667146196729], [-92.6739795000675, 29.90667146196729], [-92.6739795000675, 29.81675957561591], [-92.7189354432432, 29.81675957561591], [-92.7189354432432, 29.726847689264538], [-92.76389138641889, 29.726847689264538], [-92.76389138641889, 29.63693580291316], [-92.80884732959458, 29.63693580291316], [-92.85380327277028, 29.45711203021041]]]]}}, {"type": "Feature", "properties": {"shapefile": "2021082712_wsp34knt120hr_5km", "PERCENTAGE": "70-80%"}, "geometry": {"type": "MultiPolygon", "coordinates": [[[[-80.94047833121141, 19.926452076964587], [-80.94047833121141, 19.971408020140274], [-80.89552238803572, 19.971408020140274], [-80.89552238803572, 19.926452076964587], [-80.94047833121141, 19.926452076964587]]], [[[-92.85380327277028, 29.45711203021041], [-92.85380327277028, 29.547023916561784], [-92.80884732959458, 29.547023916561784], [-92.80884732959458, 29.63693580291316], [-92.76389138641889, 29.63693580291316], [-92.76389138641889, 29.726847689264538], [-92.7189354432432, 29.726847689264538], [-92.7189354432432, 29.81675957561591], [-92.6739795000675, 29.81675957561591], [-92.6739795000675, 29.90667146196729], [-92.62902355689181, 29.90667146196729], [-92.62902355689181, 29.996583348318666], [-92.58406761371612, 29.996583348318666], [-92.58406761371612, 30.131451177845726], [-92.53911167054042, 30.131451177845726], [-92.53911167054042, 30.31127495054848], [-92.49415572736473, 30.31127495054848], [-92.49415572736473, 30.49109872325123], [-92.44919978418903, 30.49109872325123], [-92.44919978418903, 30.581010609602608], [-92.35928789783765, 30.625966552778294], [-92.35928789783765, 30.71587843912967], [-92.22442006831056, 30.805790325481045], [-92.22442006831056, 30.895702211832422], [-92.17946412513487, 30.895702211832422], [-92.17946412513487, 30.94065815500811], [-92.13450818195918, 30.94065815500811], [-92.13450818195918, 30.985614098183795], [-92.08955223878348, 30.985614098183795], [-92.08955223878348, 31.030570041359486], [-92.04459629560779, 31.030570041359486], [-91.9546844092564, 31.16543787088655], [-91.86477252290501, 31.16543787088655], [-91.86477252290501, 31.210393814062236], [-91.72990469337793, 31.210393814062236], [-91.72990469337793, 31.255349757237923], [-91.59503686385085, 31.255349757237923], [-91.59503686385085, 31.300305700413613], [-91.10052148891822, 31.300305700413613], [-91.10052148891822, 31.255349757237923], [-90.92069771621544, 31.255349757237923], [-90.92069771621544, 31.210393814062236], [-90.78582988668836, 31.210393814062236], [-90.78582988668836, 31.16543787088655], [-90.69591800033697, 31.16543787088655], [-90.69591800033697, 31.12048192771086], [-90.56105017080989, 31.12048192771086], [-90.56105017080989, 31.075525984535172], [-90.4711382844585, 31.075525984535172], [-90.4711382844585, 31.030570041359486], [-90.42618234128281, 31.030570041359486], [-90.42618234128281, 30.985614098183795], [-90.38122639810712, 30.985614098183795], [-90.38122639810712, 30.94065815500811], [-90.33627045493142, 30.94065815500811], [-90.33627045493142, 30.895702211832422], [-90.29131451175573, 30.895702211832422], [-90.29131451175573, 30.850746268656735], [-90.24635856858004, 30.850746268656735], [-90.24635856858004, 30.805790325481045], [-90.20140262540434, 30.805790325481045], [-90.20140262540434, 30.760834382305358], [-90.15644668222865, 30.760834382305358], [-90.15644668222865, 30.71587843912967], [-90.11149073905295, 30.71587843912967], [-90.11149073905295, 30.67092249595398], [-90.06653479587726, 30.67092249595398], [-90.06653479587726, 30.625966552778294], [-90.02157885270157, 30.625966552778294], [-90.02157885270157, 30.581010609602608], [-89.88671102317448, 30.49109872325123], [-89.88671102317448, 30.401186836899853], [-89.7518431936474, 30.31127495054848], [-89.7518431936474, 30.221363064197103], [-89.66193130729602, 30.176407121021416], [-89.66193130729602, 30.08649523467004], [-89.61697536412032, 30.08649523467004], [-89.57201942094463, 29.996583348318666], [-89.30228376189046, 29.996583348318666], [-89.30228376189046, 30.041539291494352], [-89.21237187553908, 30.041539291494352], [-89.21237187553908, 30.08649523467004], [-89.077504046012, 30.08649523467004], [-89.077504046012, 30.131451177845726], [-88.94263621648491, 30.131451177845726], [-88.94263621648491, 30.08649523467004], [-88.80776838695783, 30.08649523467004], [-88.80776838695783, 30.041539291494352], [-88.71785650060644, 30.041539291494352], [-88.71785650060644, 29.996583348318666], [-88.67290055743075, 29.996583348318666], [-88.67290055743075, 29.951627405142975], [-88.62794461425506, 29.951627405142975], [-88.62794461425506, 29.90667146196729], [-88.58298867107936, 29.90667146196729], [-88.58298867107936, 29.861715518791602], [-88.53803272790367, 29.861715518791602], [-88.53803272790367, 29.81675957561591], [-88.40316489837659, 29.726847689264538], [-88.40316489837659, 29.63693580291316], [-88.3582089552009, 29.63693580291316], [-88.3582089552009, 29.591979859737474], [-88.3132530120252, 29.591979859737474], [-88.3132530120252, 29.547023916561784], [-88.2682970688495, 29.547023916561784], [-88.2682970688495, 29.502067973386097], [-88.22334112567381, 29.502067973386097], [-88.22334112567381, 29.45711203021041], [-88.17838518249812, 29.45711203021041], [-88.17838518249812, 29.412156087034724], [-88.13342923932242, 29.412156087034724], [-88.13342923932242, 29.367200143859034], [-87.99856140979534, 29.27728825750766], [-87.99856140979534, 29.187376371156283], [-87.95360546661965, 29.187376371156283], [-87.95360546661965, 29.142420427980596], [-87.81873763709257, 29.05250854162922], [-87.81873763709257, 28.962596655277842], [-87.77378169391687, 28.962596655277842], [-87.77378169391687, 28.917640712102155], [-87.72882575074118, 28.917640712102155], [-87.72882575074118, 28.87268476892647], [-87.68386980756549, 28.87268476892647], [-87.68386980756549, 28.82772882575078], [-87.63891386438979, 28.82772882575078], [-87.63891386438979, 28.78277288257509], [-87.5939579212141, 28.78277288257509], [-87.5939579212141, 28.737816939399405], [-87.5490019780384, 28.737816939399405], [-87.5490019780384, 28.692860996223715], [-87.50404603486271, 28.692860996223715], [-87.50404603486271, 28.647905053048028], [-87.45909009168702, 28.647905053048028], [-87.45909009168702, 28.60294910987234], [-87.41413414851132, 28.60294910987234], [-87.41413414851132, 28.557993166696654], [-87.27926631898424, 28.468081280345277], [-87.27926631898424, 28.3781693939939], [-87.23431037580855, 28.3781693939939], [-87.23431037580855, 28.333213450818214], [-87.18935443263285, 28.333213450818214], [-87.18935443263285, 28.288257507642527], [-87.14439848945716, 28.288257507642527], [-87.14439848945716, 28.243301564466837], [-87.00953065993008, 28.153389678115463], [-87.00953065993008, 28.063477791764086], [-86.96457471675438, 28.063477791764086], [-86.96457471675438, 28.0185218485884], [-86.91961877357869, 28.0185218485884], [-86.91961877357869, 27.973565905412713], [-86.78475094405161, 27.883654019061336], [-86.78475094405161, 27.79374213270996], [-86.73979500087592, 27.79374213270996], [-86.73979500087592, 27.748786189534272], [-86.69483905770022, 27.748786189534272], [-86.69483905770022, 27.703830246358585], [-86.64988311452453, 27.703830246358585], [-86.64988311452453, 27.658874303182895], [-86.60492717134883, 27.658874303182895], [-86.60492717134883, 27.613918360007208], [-86.55997122817314, 27.613918360007208], [-86.55997122817314, 27.56896241683152], [-86.42510339864606, 27.479050530480144], [-86.42510339864606, 27.389138644128767], [-86.38014745547036, 27.389138644128767], [-86.38014745547036, 27.34418270095308], [-86.33519151229467, 27.34418270095308], [-86.33519151229467, 27.254270814601703], [-86.20032368276759, 27.16435892825033], [-86.20032368276759, 27.074447041898953], [-86.1553677395919, 27.074447041898953], [-86.1553677395919, 27.029491098723266], [-86.1104117964162, 27.029491098723266], [-86.1104117964162, 26.98453515554758], [-86.06545585324051, 26.98453515554758], [-86.06545585324051, 26.93957921237189], [-86.02049991006481, 26.93957921237189], [-86.02049991006481, 26.894623269196202], [-85.97554396688912, 26.894623269196202], [-85.97554396688912, 26.849667326020516], [-85.84067613736204, 26.75975543966914], [-85.84067613736204, 26.66984355331776], [-85.79572019418634, 26.66984355331776], [-85.79572019418634, 26.624887610142075], [-85.75076425101065, 26.624887610142075], [-85.75076425101065, 26.579931666966388], [-85.70580830783496, 26.579931666966388], [-85.70580830783496, 26.5349757237907], [-85.66085236465926, 26.5349757237907], [-85.66085236465926, 26.49001978061501], [-85.61589642148357, 26.49001978061501], [-85.61589642148357, 26.445063837439324], [-85.48102859195649, 26.355151951087947], [-85.48102859195649, 26.265240064736574], [-85.4360726487808, 26.265240064736574], [-85.4360726487808, 26.220284121560884], [-85.30120481925371, 26.13037223520951], [-85.30120481925371, 26.040460348858133], [-85.25624887607802, 26.040460348858133], [-85.25624887607802, 25.995504405682446], [-85.21129293290232, 25.995504405682446], [-85.21129293290232, 25.950548462506756], [-85.07642510337524, 25.860636576155382], [-85.07642510337524, 25.770724689804005], [-85.03146916019955, 25.770724689804005], [-85.03146916019955, 25.72576874662832], [-84.98651321702386, 25.72576874662832], [-84.98651321702386, 25.680812803452632], [-84.85164538749677, 25.590900917101255], [-84.85164538749677, 25.500989030749878], [-84.76173350114539, 25.45603308757419], [-84.76173350114539, 25.366121201222814], [-84.6268656716183, 25.27620931487144], [-84.6268656716183, 25.186297428520064], [-84.49199784209122, 25.09638554216869], [-84.49199784209122, 25.006473655817313], [-84.35713001256414, 24.916561769465936], [-84.35713001256414, 24.826649883114563], [-84.22226218303706, 24.736737996763186], [-84.22226218303706, 24.64682611041181], [-84.17730623986137, 24.64682611041181], [-84.17730623986137, 24.60187016723612], [-84.04243841033428, 24.511958280884745], [-84.04243841033428, 24.42204639453337], [-83.9075705808072, 24.332134508181994], [-83.9075705808072, 24.24222262183062], [-83.81765869445582, 24.19726667865493], [-83.81765869445582, 24.107354792303557], [-83.72774680810443, 24.062398849127867], [-83.72774680810443, 23.972486962776493], [-83.68279086492873, 23.972486962776493], [-83.68279086492873, 23.927531019600803], [-83.59287897857735, 23.882575076425116], [-83.59287897857735, 23.79266319007374], [-83.54792303540165, 23.79266319007374], [-83.54792303540165, 23.747707246898052], [-83.41305520587457, 23.65779536054668], [-83.41305520587457, 23.567883474195302], [-83.32314331952318, 23.522927531019615], [-83.32314331952318, 23.433015644668238], [-83.2332314331718, 23.38805970149255], [-83.2332314331718, 23.298147815141174], [-83.14331954682041, 23.253191871965488], [-83.14331954682041, 23.16327998561411], [-83.00845171729333, 23.073368099262733], [-83.00845171729333, 22.98345621291136], [-82.96349577411763, 22.98345621291136], [-82.96349577411763, 22.93850026973567], [-82.91853983094194, 22.93850026973567], [-82.91853983094194, 22.893544326559983], [-82.87358388776624, 22.893544326559983], [-82.87358388776624, 22.848588383384296], [-82.82862794459055, 22.848588383384296], [-82.82862794459055, 22.80363244020861], [-82.78367200141486, 22.80363244020861], [-82.78367200141486, 22.75867649703292], [-82.73871605823916, 22.75867649703292], [-82.73871605823916, 22.713720553857232], [-82.69376011506347, 22.713720553857232], [-82.60384822871208, 22.57885272433017], [-82.5139363423607, 22.57885272433017], [-82.5139363423607, 22.533896781154482], [-82.468980399185, 22.533896781154482], [-82.468980399185, 22.48894083797879], [-82.4240244560093, 22.48894083797879], [-82.4240244560093, 22.443984894803105], [-82.37906851283361, 22.443984894803105], [-82.28915662648222, 22.30911706527604], [-82.19924474013084, 22.30911706527604], [-82.19924474013084, 22.264161122100354], [-82.15428879695514, 22.264161122100354], [-82.06437691060376, 22.12929329257329], [-81.97446502425237, 22.12929329257329], [-81.97446502425237, 22.084337349397604], [-81.92950908107667, 22.084337349397604], [-81.92950908107667, 22.039381406221914], [-81.88455313790098, 22.039381406221914], [-81.88455313790098, 21.994425463046227], [-81.83959719472529, 21.994425463046227], [-81.7496853083739, 21.859557633519163], [-81.65977342202251, 21.859557633519163], [-81.61481747884682, 21.769645747167786], [-81.52490559249543, 21.769645747167786], [-81.52490559249543, 21.7246898039921], [-81.47994964931974, 21.7246898039921], [-81.47994964931974, 21.679733860816413], [-81.43499370614404, 21.679733860816413], [-81.43499370614404, 21.634777917640722], [-81.39003776296835, 21.634777917640722], [-81.39003776296835, 21.589821974465035], [-81.34508181979265, 21.589821974465035], [-81.34508181979265, 21.54486603128935], [-81.30012587661696, 21.54486603128935], [-81.30012587661696, 21.49991008811366], [-81.25516993344127, 21.49991008811366], [-81.25516993344127, 21.45495414493797], [-81.21021399026557, 21.45495414493797], [-81.21021399026557, 21.409998201762285], [-81.16525804708988, 21.409998201762285], [-81.16525804708988, 21.365042258586598], [-81.12030210391418, 21.365042258586598], [-81.0303902175628, 21.230174429059534], [-80.94047833121141, 21.230174429059534], [-80.94047833121141, 21.185218485883844], [-80.85056644486002, 21.140262542708157], [-80.85056644486002, 21.05035065635678], [-80.80561050168433, 21.05035065635678], [-80.80561050168433, 20.87052688365403], [-80.76065455850863, 20.87052688365403], [-80.76065455850863, 20.2411436791944], [-80.80561050168433, 20.2411436791944], [-80.80561050168433, 20.01636396331596], [-80.89552238803572, 19.971408020140274], [-80.89552238803572, 20.061319906491647], [-80.85056644486002, 20.061319906491647], [-80.85056644486002, 21.005394713181094], [-80.89552238803572, 21.005394713181094], [-80.89552238803572, 21.09530659953247], [-80.94047833121141, 21.09530659953247], [-80.94047833121141, 21.140262542708157], [-81.0303902175628, 21.140262542708157], [-81.0303902175628, 21.185218485883844], [-81.12030210391418, 21.185218485883844], [-81.16525804708988, 21.27513037223522], [-81.25516993344127, 21.27513037223522], [-81.25516993344127, 21.320086315410908], [-81.30012587661696, 21.320086315410908], [-81.30012587661696, 21.409998201762285], [-81.39003776296835, 21.45495414493797], [-81.39003776296835, 21.54486603128935], [-81.43499370614404, 21.54486603128935], [-81.47994964931974, 21.634777917640722], [-81.61481747884682, 21.634777917640722], [-81.61481747884682, 21.679733860816413], [-81.7047293651982, 21.679733860816413], [-81.7496853083739, 21.769645747167786], [-81.83959719472529, 21.769645747167786], [-81.83959719472529, 21.814601690343476], [-81.88455313790098, 21.814601690343476], [-81.88455313790098, 21.859557633519163], [-81.92950908107667, 21.859557633519163], [-81.92950908107667, 21.90451357669485], [-81.97446502425237, 21.90451357669485], [-82.06437691060376, 22.039381406221914], [-82.15428879695514, 22.039381406221914], [-82.19924474013084, 22.12929329257329], [-82.28915662648222, 22.12929329257329], [-82.28915662648222, 22.174249235748977], [-82.33411256965792, 22.174249235748977], [-82.4240244560093, 22.30911706527604], [-82.5139363423607, 22.30911706527604], [-82.55889228553639, 22.399028951627418], [-82.64880417188778, 22.399028951627418], [-82.64880417188778, 22.443984894803105], [-82.69376011506347, 22.443984894803105], [-82.69376011506347, 22.48894083797879], [-82.73871605823916, 22.48894083797879], [-82.73871605823916, 22.533896781154482], [-82.78367200141486, 22.533896781154482], [-82.78367200141486, 22.57885272433017], [-82.82862794459055, 22.57885272433017], [-82.82862794459055, 22.623808667505855], [-82.87358388776624, 22.623808667505855], [-82.96349577411763, 22.75867649703292], [-83.05340766046902, 22.75867649703292], [-83.09836360364471, 22.848588383384296], [-83.1882754899961, 22.848588383384296], [-83.1882754899961, 22.93850026973567], [-83.27818737634749, 22.98345621291136], [-83.27818737634749, 23.073368099262733], [-83.32314331952318, 23.073368099262733], [-83.32314331952318, 23.16327998561411], [-83.41305520587457, 23.208235928789797], [-83.41305520587457, 23.298147815141174], [-83.45801114905026, 23.298147815141174], [-83.45801114905026, 23.34310375831686], [-83.59287897857735, 23.433015644668238], [-83.59287897857735, 23.522927531019615], [-83.63783492175304, 23.522927531019615], [-83.63783492175304, 23.567883474195302], [-83.77270275128012, 23.65779536054668], [-83.77270275128012, 23.747707246898052], [-83.9075705808072, 23.83761913324943], [-83.9075705808072, 23.927531019600803], [-83.9525265239829, 23.927531019600803], [-83.9525265239829, 23.972486962776493], [-83.99748246715859, 23.972486962776493], [-83.99748246715859, 24.01744290595218], [-84.04243841033428, 24.01744290595218], [-84.04243841033428, 24.062398849127867], [-84.08739435350998, 24.062398849127867], [-84.08739435350998, 24.107354792303557], [-84.22226218303706, 24.19726667865493], [-84.22226218303706, 24.287178565006307], [-84.35713001256414, 24.37709045135768], [-84.35713001256414, 24.467002337709058], [-84.40208595573984, 24.467002337709058], [-84.40208595573984, 24.511958280884745], [-84.44704189891553, 24.511958280884745], [-84.44704189891553, 24.556914224060435], [-84.49199784209122, 24.556914224060435], [-84.49199784209122, 24.60187016723612], [-84.53695378526692, 24.60187016723612], [-84.53695378526692, 24.64682611041181], [-84.671821614794, 24.736737996763186], [-84.671821614794, 24.826649883114563], [-84.71677755796969, 24.826649883114563], [-84.71677755796969, 24.87160582629025], [-84.85164538749677, 24.961517712641626], [-84.85164538749677, 25.051429598993], [-84.94155727384816, 25.09638554216869], [-84.94155727384816, 25.186297428520064], [-84.98651321702386, 25.186297428520064], [-84.98651321702386, 25.23125337169575], [-85.12138104655094, 25.321165258047127], [-85.12138104655094, 25.411077144398504], [-85.16633698972663, 25.411077144398504], [-85.16633698972663, 25.45603308757419], [-85.21129293290232, 25.45603308757419], [-85.21129293290232, 25.500989030749878], [-85.25624887607802, 25.500989030749878], [-85.25624887607802, 25.545944973925568], [-85.3911167056051, 25.63585686027694], [-85.3911167056051, 25.72576874662832], [-85.4360726487808, 25.72576874662832], [-85.4360726487808, 25.770724689804005], [-85.57094047830788, 25.860636576155382], [-85.57094047830788, 25.950548462506756], [-85.61589642148357, 25.950548462506756], [-85.61589642148357, 25.995504405682446], [-85.66085236465926, 25.995504405682446], [-85.66085236465926, 26.040460348858133], [-85.79572019418634, 26.13037223520951], [-85.79572019418634, 26.220284121560884], [-85.84067613736204, 26.220284121560884], [-85.84067613736204, 26.265240064736574], [-85.97554396688912, 26.355151951087947], [-85.97554396688912, 26.445063837439324], [-86.02049991006481, 26.445063837439324], [-86.06545585324051, 26.5349757237907], [-86.1553677395919, 26.5349757237907], [-86.1553677395919, 26.579931666966388], [-86.20032368276759, 26.579931666966388], [-86.20032368276759, 26.624887610142075], [-86.33519151229467, 26.714799496493452], [-86.33519151229467, 26.804711382844825], [-86.42510339864606, 26.849667326020516], [-86.42510339864606, 26.93957921237189], [-86.47005934182175, 26.93957921237189], [-86.47005934182175, 26.98453515554758], [-86.51501528499745, 26.98453515554758], [-86.51501528499745, 27.029491098723266], [-86.55997122817314, 27.029491098723266], [-86.55997122817314, 27.074447041898953], [-86.60492717134883, 27.074447041898953], [-86.60492717134883, 27.119402985074643], [-86.64988311452453, 27.119402985074643], [-86.64988311452453, 27.16435892825033], [-86.69483905770022, 27.16435892825033], [-86.69483905770022, 27.209314871426017], [-86.73979500087592, 27.209314871426017], [-86.73979500087592, 27.254270814601703], [-86.78475094405161, 27.254270814601703], [-86.78475094405161, 27.299226757777394], [-86.91961877357869, 27.389138644128767], [-86.91961877357869, 27.479050530480144], [-86.96457471675438, 27.479050530480144], [-86.96457471675438, 27.52400647365583], [-87.00953065993008, 27.52400647365583], [-87.00953065993008, 27.56896241683152], [-87.05448660310577, 27.56896241683152], [-87.05448660310577, 27.613918360007208], [-87.09944254628147, 27.613918360007208], [-87.09944254628147, 27.658874303182895], [-87.14439848945716, 27.658874303182895], [-87.14439848945716, 27.703830246358585], [-87.18935443263285, 27.703830246358585], [-87.18935443263285, 27.748786189534272], [-87.23431037580855, 27.748786189534272], [-87.23431037580855, 27.79374213270996], [-87.36917820533563, 27.883654019061336], [-87.36917820533563, 27.973565905412713], [-87.41413414851132, 27.973565905412713], [-87.41413414851132, 28.0185218485884], [-87.45909009168702, 28.0185218485884], [-87.45909009168702, 28.063477791764086], [-87.50404603486271, 28.063477791764086], [-87.50404603486271, 28.108433734939773], [-87.5490019780384, 28.108433734939773], [-87.5490019780384, 28.153389678115463], [-87.5939579212141, 28.153389678115463], [-87.5939579212141, 28.19834562129115], [-87.63891386438979, 28.19834562129115], [-87.63891386438979, 28.243301564466837], [-87.77378169391687, 28.333213450818214], [-87.77378169391687, 28.42312533716959], [-87.81873763709257, 28.42312533716959], [-87.81873763709257, 28.468081280345277], [-87.86369358026826, 28.468081280345277], [-87.86369358026826, 28.513037223520964], [-87.90864952344396, 28.513037223520964], [-87.90864952344396, 28.557993166696654], [-87.95360546661965, 28.557993166696654], [-87.95360546661965, 28.60294910987234], [-87.99856140979534, 28.60294910987234], [-87.99856140979534, 28.647905053048028], [-88.04351735297104, 28.647905053048028], [-88.04351735297104, 28.692860996223715], [-88.08847329614673, 28.692860996223715], [-88.08847329614673, 28.737816939399405], [-88.13342923932242, 28.737816939399405], [-88.13342923932242, 28.78277288257509], [-88.17838518249812, 28.78277288257509], [-88.17838518249812, 28.82772882575078], [-88.22334112567381, 28.82772882575078], [-88.22334112567381, 28.87268476892647], [-88.2682970688495, 28.87268476892647], [-88.2682970688495, 28.917640712102155], [-88.3132530120252, 28.917640712102155], [-88.3132530120252, 28.962596655277842], [-88.3582089552009, 28.962596655277842], [-88.3582089552009, 29.007552598453533], [-88.40316489837659, 29.007552598453533], [-88.40316489837659, 29.05250854162922], [-88.44812084155228, 29.05250854162922], [-88.44812084155228, 29.097464484804906], [-88.49307678472798, 29.097464484804906], [-88.49307678472798, 29.142420427980596], [-88.53803272790367, 29.142420427980596], [-88.53803272790367, 29.187376371156283], [-88.58298867107936, 29.187376371156283], [-88.58298867107936, 29.23233231433197], [-88.62794461425506, 29.23233231433197], [-88.62794461425506, 29.27728825750766], [-88.67290055743075, 29.27728825750766], [-88.67290055743075, 29.322244200683347], [-88.71785650060644, 29.322244200683347], [-88.71785650060644, 29.367200143859034], [-88.76281244378214, 29.367200143859034], [-88.76281244378214, 29.412156087034724], [-88.80776838695783, 29.412156087034724], [-88.80776838695783, 29.45711203021041], [-88.85272433013353, 29.45711203021041], [-88.85272433013353, 29.502067973386097], [-88.89768027330922, 29.502067973386097], [-88.89768027330922, 29.547023916561784], [-88.94263621648491, 29.547023916561784], [-89.0325481028363, 29.681891746088848], [-89.21237187553908, 29.681891746088848], [-89.21237187553908, 29.726847689264538], [-89.70688725047171, 29.726847689264538], [-89.70688725047171, 29.771803632440225], [-89.97662290952587, 29.771803632440225], [-89.97662290952587, 29.81675957561591], [-90.02157885270157, 29.81675957561591], [-90.02157885270157, 29.861715518791602], [-90.15644668222865, 29.951627405142975], [-90.15644668222865, 30.041539291494352], [-90.20140262540434, 30.041539291494352], [-90.20140262540434, 30.08649523467004], [-90.24635856858004, 30.08649523467004], [-90.24635856858004, 30.131451177845726], [-90.29131451175573, 30.131451177845726], [-90.29131451175573, 30.176407121021416], [-90.33627045493142, 30.176407121021416], [-90.33627045493142, 30.221363064197103], [-90.38122639810712, 30.221363064197103], [-90.4711382844585, 30.356230893724167], [-90.56105017080989, 30.356230893724167], [-90.56105017080989, 30.401186836899853], [-90.74087394351267, 30.446142780075544], [-90.78582988668836, 30.536054666426917], [-90.87574177303975, 30.536054666426917], [-90.87574177303975, 30.581010609602608], [-90.96565365939114, 30.581010609602608], [-90.96565365939114, 30.625966552778294], [-91.50512497749946, 30.67092249595398], [-91.50512497749946, 30.625966552778294], [-91.68494875020224, 30.581010609602608], [-91.68494875020224, 30.536054666426917], [-91.72990469337793, 30.536054666426917], [-91.72990469337793, 30.49109872325123], [-91.77486063655363, 30.49109872325123], [-91.77486063655363, 30.446142780075544], [-91.81981657972932, 30.446142780075544], [-91.81981657972932, 30.401186836899853], [-91.86477252290501, 30.401186836899853], [-91.86477252290501, 30.356230893724167], [-91.9996403524321, 30.26631900737279], [-91.9996403524321, 30.131451177845726], [-92.04459629560779, 30.131451177845726], [-92.08955223878348, 29.951627405142975], [-92.17946412513487, 29.90667146196729], [-92.17946412513487, 29.81675957561591], [-92.26937601148626, 29.771803632440225], [-92.26937601148626, 29.681891746088848], [-92.31433195466195, 29.681891746088848], [-92.31433195466195, 29.591979859737474], [-92.40424384101334, 29.547023916561784], [-92.40424384101334, 29.45711203021041], [-92.35928789783765, 29.45711203021041], [-92.35928789783765, 29.142420427980596], [-92.31433195466195, 29.142420427980596], [-92.31433195466195, 28.917640712102155], [-92.26937601148626, 28.917640712102155], [-92.26937601148626, 28.78277288257509], [-92.22442006831056, 28.78277288257509], [-92.22442006831056, 28.60294910987234], [-92.17946412513487, 28.60294910987234], [-92.17946412513487, 28.468081280345277], [-92.13450818195918, 28.468081280345277], [-92.13450818195918, 28.3781693939939], [-92.04459629560779, 28.333213450818214], [-92.04459629560779, 28.243301564466837], [-91.9996403524321, 28.243301564466837], [-91.9996403524321, 28.153389678115463], [-91.90972846608071, 28.108433734939773], [-91.90972846608071, 28.0185218485884], [-91.86477252290501, 28.0185218485884], [-91.86477252290501, 27.973565905412713], [-91.81981657972932, 27.973565905412713], [-91.81981657972932, 27.928609962237022], [-91.68494875020224, 27.83869807588565], [-91.68494875020224, 27.748786189534272], [-91.55008092067516, 27.658874303182895], [-91.55008092067516, 27.56896241683152], [-91.50512497749946, 27.56896241683152], [-91.41521309114808, 27.434094587304457], [-91.32530120479669, 27.434094587304457], [-91.32530120479669, 27.389138644128767], [-91.280345261621, 27.389138644128767], [-91.280345261621, 27.34418270095308], [-91.2353893184453, 27.34418270095308], [-91.2353893184453, 27.299226757777394], [-91.1904333752696, 27.299226757777394], [-91.1904333752696, 27.254270814601703], [-91.14547743209391, 27.254270814601703], [-91.14547743209391, 27.209314871426017], [-91.10052148891822, 27.209314871426017], [-91.10052148891822, 27.16435892825033], [-91.05556554574252, 27.16435892825033], [-91.05556554574252, 27.119402985074643], [-91.01060960256683, 27.119402985074643], [-90.92069771621544, 26.98453515554758], [-90.74087394351267, 26.93957921237189], [-90.65096205716128, 26.804711382844825], [-90.56105017080989, 26.804711382844825], [-90.4711382844585, 26.66984355331776], [-90.38122639810712, 26.66984355331776], [-90.38122639810712, 26.624887610142075], [-90.33627045493142, 26.624887610142075], [-90.29131451175573, 26.5349757237907], [-90.20140262540434, 26.5349757237907], [-90.11149073905295, 26.400107894263638], [-90.02157885270157, 26.400107894263638], [-89.97662290952587, 26.31019600791226], [-89.88671102317448, 26.31019600791226], [-89.88671102317448, 26.265240064736574], [-89.84175507999879, 26.265240064736574], [-89.7518431936474, 26.13037223520951], [-89.66193130729602, 26.13037223520951], [-89.66193130729602, 26.08541629203382], [-89.61697536412032, 26.08541629203382], [-89.52706347776893, 25.950548462506756], [-89.43715159141755, 25.950548462506756], [-89.43715159141755, 25.90559251933107], [-89.34723970506616, 25.90559251933107], [-89.30228376189046, 25.815680632979692], [-89.21237187553908, 25.815680632979692], [-89.16741593236338, 25.72576874662832], [-89.077504046012, 25.72576874662832], [-89.077504046012, 25.680812803452632], [-89.0325481028363, 25.680812803452632], [-89.0325481028363, 25.63585686027694], [-88.98759215966061, 25.63585686027694], [-88.89768027330922, 25.500989030749878], [-88.80776838695783, 25.500989030749878], [-88.80776838695783, 25.45603308757419], [-88.62794461425506, 25.411077144398504], [-88.58298867107936, 25.321165258047127], [-88.49307678472798, 25.321165258047127], [-88.49307678472798, 25.27620931487144], [-88.44812084155228, 25.27620931487144], [-88.44812084155228, 25.23125337169575], [-88.40316489837659, 25.23125337169575], [-88.40316489837659, 25.186297428520064], [-88.3582089552009, 25.186297428520064], [-88.3582089552009, 25.141341485344377], [-88.3132530120252, 25.141341485344377], [-88.22334112567381, 25.006473655817313], [-88.13342923932242, 25.006473655817313], [-88.08847329614673, 24.916561769465936], [-87.99856140979534, 24.916561769465936], [-87.99856140979534, 24.87160582629025], [-87.95360546661965, 24.87160582629025], [-87.95360546661965, 24.826649883114563], [-87.86369358026826, 24.826649883114563], [-87.81873763709257, 24.736737996763186], [-87.72882575074118, 24.736737996763186], [-87.5490019780384, 24.467002337709058], [-87.45909009168702, 24.467002337709058], [-87.41413414851132, 24.37709045135768], [-87.32422226215994, 24.37709045135768], [-87.27926631898424, 24.287178565006307], [-87.18935443263285, 24.287178565006307], [-87.18935443263285, 24.24222262183062], [-87.14439848945716, 24.24222262183062], [-87.14439848945716, 24.19726667865493], [-87.09944254628147, 24.19726667865493], [-87.09944254628147, 24.152310735479244], [-87.05448660310577, 24.152310735479244], [-86.96457471675438, 24.01744290595218], [-86.874662830403, 24.01744290595218], [-86.8297068872273, 23.927531019600803], [-86.73979500087592, 23.927531019600803], [-86.69483905770022, 23.83761913324943], [-86.60492717134883, 23.83761913324943], [-86.55997122817314, 23.747707246898052], [-86.47005934182175, 23.747707246898052], [-86.42510339864606, 23.65779536054668], [-86.33519151229467, 23.65779536054668], [-86.33519151229467, 23.61283941737099], [-86.29023556911898, 23.61283941737099], [-86.20032368276759, 23.477971587843925], [-86.1104117964162, 23.477971587843925], [-86.06545585324051, 23.38805970149255], [-85.97554396688912, 23.38805970149255], [-85.97554396688912, 23.34310375831686], [-85.79572019418634, 23.298147815141174], [-85.75076425101065, 23.208235928789797], [-85.66085236465926, 23.208235928789797], [-85.66085236465926, 23.16327998561411], [-85.61589642148357, 23.16327998561411], [-85.52598453513218, 23.028412156087047], [-85.4360726487808, 23.028412156087047], [-85.4360726487808, 22.98345621291136], [-85.3461607624294, 22.98345621291136], [-85.3461607624294, 22.93850026973567], [-85.25624887607802, 22.93850026973567], [-85.25624887607802, 22.893544326559983], [-85.16633698972663, 22.893544326559983], [-85.16633698972663, 22.848588383384296], [-84.98651321702386, 22.80363244020861], [-84.94155727384816, 22.713720553857232], [-84.85164538749677, 22.713720553857232], [-84.80668944432108, 22.623808667505855], [-84.71677755796969, 22.623808667505855], [-84.71677755796969, 22.57885272433017], [-84.671821614794, 22.57885272433017], [-84.6268656716183, 22.48894083797879], [-84.53695378526692, 22.48894083797879], [-84.53695378526692, 22.443984894803105], [-84.04243841033428, 22.399028951627418], [-84.04243841033428, 22.354073008451728], [-83.86261463763151, 22.30911706527604], [-83.86261463763151, 22.264161122100354], [-83.81765869445582, 22.264161122100354], [-83.81765869445582, 22.174249235748977], [-83.77270275128012, 22.174249235748977], [-83.77270275128012, 22.084337349397604], [-83.72774680810443, 22.084337349397604], [-83.72774680810443, 21.994425463046227], [-83.63783492175304, 21.994425463046227], [-83.54792303540165, 21.859557633519163], [-83.45801114905026, 21.859557633519163], [-83.45801114905026, 21.814601690343476], [-83.41305520587457, 21.814601690343476], [-83.41305520587457, 21.769645747167786], [-83.36809926269888, 21.769645747167786], [-83.36809926269888, 21.7246898039921], [-83.2332314331718, 21.634777917640722], [-83.2332314331718, 21.54486603128935], [-83.1882754899961, 21.54486603128935], [-83.1882754899961, 21.49991008811366], [-83.14331954682041, 21.49991008811366], [-83.14331954682041, 21.45495414493797], [-83.00845171729333, 21.365042258586598], [-83.00845171729333, 21.320086315410908], [-82.91853983094194, 21.320086315410908], [-82.91853983094194, 21.27513037223522], [-82.87358388776624, 21.27513037223522], [-82.87358388776624, 21.230174429059534], [-82.82862794459055, 21.230174429059534], [-82.82862794459055, 21.185218485883844], [-82.69376011506347, 21.09530659953247], [-82.69376011506347, 21.005394713181094], [-82.64880417188778, 21.005394713181094], [-82.55889228553639, 20.87052688365403], [-82.468980399185, 20.87052688365403], [-82.4240244560093, 20.780614997302656], [-82.33411256965792, 20.780614997302656], [-82.33411256965792, 20.735659054126966], [-82.19924474013084, 20.645747167775593], [-82.19924474013084, 20.555835281424216], [-82.15428879695514, 20.555835281424216], [-82.15428879695514, 20.51087933824853], [-82.10933285377945, 20.51087933824853], [-82.01942096742806, 20.376011508721465], [-81.83959719472529, 20.331055565545775], [-81.83959719472529, 20.286099622370088], [-81.79464125154959, 20.286099622370088], [-81.79464125154959, 20.2411436791944], [-81.7496853083739, 20.2411436791944], [-81.7496853083739, 20.19618773601871], [-81.61481747884682, 20.106275849667337], [-81.61481747884682, 20.01636396331596], [-81.56986153567112, 20.01636396331596], [-81.52490559249543, 19.926452076964587], [-81.25516993344127, 19.926452076964587], [-81.25516993344127, 19.881496133788897], [-81.21021399026557, 19.881496133788897], [-81.21021399026557, 19.926452076964587], [-80.94047833121141, 19.926452076964587], [-80.94047833121141, 19.881496133788897], [-81.0303902175628, 19.881496133788897], [-81.0303902175628, 19.83654019061321], [-81.43499370614404, 19.83654019061321], [-81.43499370614404, 19.881496133788897], [-81.56986153567112, 19.881496133788897], [-81.56986153567112, 19.926452076964587], [-81.61481747884682, 19.926452076964587], [-81.61481747884682, 19.971408020140274], [-81.65977342202251, 19.971408020140274], [-81.65977342202251, 20.01636396331596], [-81.7047293651982, 20.01636396331596], [-81.7047293651982, 20.061319906491647], [-81.7496853083739, 20.061319906491647], [-81.7496853083739, 20.106275849667337], [-81.88455313790098, 20.19618773601871], [-81.88455313790098, 20.2411436791944], [-81.97446502425237, 20.2411436791944], [-82.01942096742806, 20.331055565545775], [-82.10933285377945, 20.331055565545775], [-82.10933285377945, 20.376011508721465], [-82.15428879695514, 20.376011508721465], [-82.15428879695514, 20.420967451897152], [-82.19924474013084, 20.420967451897152], [-82.19924474013084, 20.46592339507284], [-82.24420068330653, 20.46592339507284], [-82.24420068330653, 20.51087933824853], [-82.28915662648222, 20.51087933824853], [-82.28915662648222, 20.555835281424216], [-82.33411256965792, 20.555835281424216], [-82.33411256965792, 20.600791224599902], [-82.37906851283361, 20.600791224599902], [-82.468980399185, 20.735659054126966], [-82.55889228553639, 20.735659054126966], [-82.55889228553639, 20.780614997302656], [-82.60384822871208, 20.780614997302656], [-82.60384822871208, 20.825570940478343], [-82.64880417188778, 20.825570940478343], [-82.64880417188778, 20.87052688365403], [-82.69376011506347, 20.87052688365403], [-82.69376011506347, 20.915482826829717], [-82.73871605823916, 20.915482826829717], [-82.73871605823916, 20.960438770005407], [-82.78367200141486, 20.960438770005407], [-82.78367200141486, 21.005394713181094], [-82.82862794459055, 21.005394713181094], [-82.82862794459055, 21.05035065635678], [-82.87358388776624, 21.05035065635678], [-82.87358388776624, 21.09530659953247], [-82.91853983094194, 21.09530659953247], [-82.91853983094194, 21.140262542708157], [-82.96349577411763, 21.140262542708157], [-83.05340766046902, 21.27513037223522], [-83.14331954682041, 21.27513037223522], [-83.14331954682041, 21.320086315410908], [-83.1882754899961, 21.320086315410908], [-83.1882754899961, 21.365042258586598], [-83.2332314331718, 21.365042258586598], [-83.2332314331718, 21.409998201762285], [-83.27818737634749, 21.409998201762285], [-83.27818737634749, 21.45495414493797], [-83.32314331952318, 21.45495414493797], [-83.32314331952318, 21.49991008811366], [-83.36809926269888, 21.49991008811366], [-83.36809926269888, 21.54486603128935], [-83.41305520587457, 21.54486603128935], [-83.41305520587457, 21.589821974465035], [-83.45801114905026, 21.589821974465035], [-83.45801114905026, 21.634777917640722], [-83.50296709222596, 21.634777917640722], [-83.59287897857735, 21.769645747167786], [-83.68279086492873, 21.769645747167786], [-83.77270275128012, 21.90451357669485], [-83.86261463763151, 21.90451357669485], [-83.86261463763151, 21.94946951987054], [-83.9075705808072, 21.94946951987054], [-83.9075705808072, 21.994425463046227], [-83.9525265239829, 21.994425463046227], [-84.04243841033428, 22.12929329257329], [-84.22226218303706, 22.174249235748977], [-84.22226218303706, 22.219205178924668], [-84.31217406938845, 22.219205178924668], [-84.31217406938845, 22.264161122100354], [-84.58190972844261, 22.30911706527604], [-84.58190972844261, 22.354073008451728], [-84.671821614794, 22.354073008451728], [-84.671821614794, 22.399028951627418], [-84.76173350114539, 22.399028951627418], [-84.76173350114539, 22.443984894803105], [-84.94155727384816, 22.48894083797879], [-84.94155727384816, 22.533896781154482], [-84.98651321702386, 22.533896781154482], [-84.98651321702386, 22.57885272433017], [-85.07642510337524, 22.57885272433017], [-85.12138104655094, 22.668764610681546], [-85.21129293290232, 22.668764610681546], [-85.21129293290232, 22.713720553857232], [-85.3911167056051, 22.75867649703292], [-85.3911167056051, 22.80363244020861], [-85.48102859195649, 22.80363244020861], [-85.48102859195649, 22.848588383384296], [-85.66085236465926, 22.893544326559983], [-85.70580830783496, 22.98345621291136], [-85.88563208053773, 23.028412156087047], [-85.88563208053773, 23.073368099262733], [-85.93058802371343, 23.073368099262733], [-85.93058802371343, 23.118324042438424], [-86.02049991006481, 23.118324042438424], [-86.1104117964162, 23.253191871965488], [-86.20032368276759, 23.253191871965488], [-86.20032368276759, 23.298147815141174], [-86.24527962594328, 23.298147815141174], [-86.24527962594328, 23.34310375831686], [-86.33519151229467, 23.34310375831686], [-86.38014745547036, 23.433015644668238], [-86.55997122817314, 23.477971587843925], [-86.55997122817314, 23.522927531019615], [-86.60492717134883, 23.522927531019615], [-86.64988311452453, 23.61283941737099], [-86.73979500087592, 23.61283941737099], [-86.8297068872273, 23.747707246898052], [-86.91961877357869, 23.747707246898052], [-86.96457471675438, 23.83761913324943], [-87.05448660310577, 23.83761913324943], [-87.09944254628147, 23.927531019600803], [-87.18935443263285, 23.927531019600803], [-87.27926631898424, 24.062398849127867], [-87.36917820533563, 24.062398849127867], [-87.45909009168702, 24.19726667865493], [-87.5490019780384, 24.19726667865493], [-87.5490019780384, 24.24222262183062], [-87.5939579212141, 24.24222262183062], [-87.5939579212141, 24.287178565006307], [-87.72882575074118, 24.37709045135768], [-87.72882575074118, 24.42204639453337], [-87.81873763709257, 24.42204639453337], [-87.81873763709257, 24.467002337709058], [-87.86369358026826, 24.467002337709058], [-87.95360546661965, 24.60187016723612], [-88.04351735297104, 24.60187016723612], [-88.13342923932242, 24.736737996763186], [-88.22334112567381, 24.736737996763186], [-88.2682970688495, 24.826649883114563], [-88.3582089552009, 24.826649883114563], [-88.3582089552009, 24.87160582629025], [-88.40316489837659, 24.87160582629025], [-88.40316489837659, 24.916561769465936], [-88.49307678472798, 24.916561769465936], [-88.53803272790367, 25.006473655817313], [-88.62794461425506, 25.006473655817313], [-88.62794461425506, 25.051429598993], [-88.67290055743075, 25.051429598993], [-88.76281244378214, 25.186297428520064], [-88.85272433013353, 25.186297428520064], [-88.89768027330922, 25.27620931487144], [-89.077504046012, 25.321165258047127], [-89.12245998918769, 25.411077144398504], [-89.21237187553908, 25.411077144398504], [-89.21237187553908, 25.45603308757419], [-89.25732781871477, 25.45603308757419], [-89.25732781871477, 25.500989030749878], [-89.34723970506616, 25.500989030749878], [-89.39219564824185, 25.590900917101255], [-89.48210753459324, 25.590900917101255], [-89.57201942094463, 25.72576874662832], [-89.66193130729602, 25.72576874662832], [-89.66193130729602, 25.770724689804005], [-89.70688725047171, 25.770724689804005], [-89.70688725047171, 25.815680632979692], [-89.7967991368231, 25.815680632979692], [-89.84175507999879, 25.90559251933107], [-89.93166696635018, 25.90559251933107], [-89.97662290952587, 25.995504405682446], [-90.06653479587726, 25.995504405682446], [-90.11149073905295, 26.08541629203382], [-90.20140262540434, 26.08541629203382], [-90.29131451175573, 26.220284121560884], [-90.38122639810712, 26.220284121560884], [-90.38122639810712, 26.265240064736574], [-90.42618234128281, 26.265240064736574], [-90.42618234128281, 26.31019600791226], [-90.5160942276342, 26.31019600791226], [-90.60600611398559, 26.445063837439324], [-90.69591800033697, 26.445063837439324], [-90.69591800033697, 26.49001978061501], [-90.74087394351267, 26.49001978061501], [-90.74087394351267, 26.5349757237907], [-90.83078582986406, 26.5349757237907], [-90.92069771621544, 26.66984355331776], [-91.01060960256683, 26.66984355331776], [-91.10052148891822, 26.804711382844825], [-91.1904333752696, 26.804711382844825], [-91.280345261621, 26.93957921237189], [-91.37025714797238, 26.93957921237189], [-91.37025714797238, 26.98453515554758], [-91.41521309114808, 26.98453515554758], [-91.41521309114808, 27.029491098723266], [-91.46016903432377, 27.029491098723266], [-91.46016903432377, 27.074447041898953], [-91.50512497749946, 27.074447041898953], [-91.50512497749946, 27.119402985074643], [-91.55008092067516, 27.119402985074643], [-91.55008092067516, 27.16435892825033], [-91.59503686385085, 27.16435892825033], [-91.59503686385085, 27.209314871426017], [-91.63999280702654, 27.209314871426017], [-91.63999280702654, 27.254270814601703], [-91.68494875020224, 27.254270814601703], [-91.77486063655363, 27.389138644128767], [-91.86477252290501, 27.389138644128767], [-91.86477252290501, 27.434094587304457], [-91.9996403524321, 27.52400647365583], [-91.9996403524321, 27.613918360007208], [-92.13450818195918, 27.703830246358585], [-92.13450818195918, 27.79374213270996], [-92.17946412513487, 27.79374213270996], [-92.17946412513487, 27.83869807588565], [-92.31433195466195, 27.928609962237022], [-92.31433195466195, 28.0185218485884], [-92.40424384101334, 28.063477791764086], [-92.40424384101334, 28.153389678115463], [-92.44919978418903, 28.153389678115463], [-92.44919978418903, 28.243301564466837], [-92.49415572736473, 28.243301564466837], [-92.49415572736473, 28.333213450818214], [-92.53911167054042, 28.333213450818214], [-92.53911167054042, 28.42312533716959], [-92.58406761371612, 28.42312533716959], [-92.58406761371612, 28.513037223520964], [-92.62902355689181, 28.513037223520964], [-92.62902355689181, 28.647905053048028], [-92.6739795000675, 28.647905053048028], [-92.7189354432432, 28.917640712102155], [-92.76389138641889, 28.917640712102155], [-92.76389138641889, 29.097464484804906], [-92.80884732959458, 29.097464484804906], [-92.80884732959458, 29.45711203021041], [-92.85380327277028, 29.45711203021041]]]]}}, {"type": "Feature", "properties": {"shapefile": "2021082712_wsp34knt120hr_5km", "PERCENTAGE": "80-90%"}, "geometry": {"type": "MultiPolygon", "coordinates": [[[[-81.52490559249543, 19.926452076964587], [-81.52490559249543, 19.971408020140274], [-80.94047833121141, 19.971408020140274], [-80.94047833121141, 19.926452076964587], [-81.21021399026557, 19.926452076964587], [-81.21021399026557, 19.881496133788897], [-81.25516993344127, 19.881496133788897], [-81.25516993344127, 19.926452076964587], [-81.52490559249543, 19.926452076964587]]], [[[-92.40424384101334, 29.45711203021041], [-92.40424384101334, 29.547023916561784], [-92.31433195466195, 29.591979859737474], [-92.26937601148626, 29.771803632440225], [-92.22442006831056, 29.771803632440225], [-92.22442006831056, 29.81675957561591], [-92.17946412513487, 29.81675957561591], [-92.17946412513487, 29.90667146196729], [-92.08955223878348, 29.951627405142975], [-92.08955223878348, 30.041539291494352], [-92.04459629560779, 30.041539291494352], [-92.04459629560779, 30.131451177845726], [-91.9996403524321, 30.131451177845726], [-91.9996403524321, 30.26631900737279], [-91.9546844092564, 30.26631900737279], [-91.9546844092564, 30.31127495054848], [-91.90972846608071, 30.31127495054848], [-91.90972846608071, 30.356230893724167], [-91.86477252290501, 30.356230893724167], [-91.86477252290501, 30.401186836899853], [-91.81981657972932, 30.401186836899853], [-91.81981657972932, 30.446142780075544], [-91.77486063655363, 30.446142780075544], [-91.68494875020224, 30.581010609602608], [-91.59503686385085, 30.581010609602608], [-91.59503686385085, 30.625966552778294], [-91.50512497749946, 30.625966552778294], [-91.50512497749946, 30.67092249595398], [-90.96565365939114, 30.625966552778294], [-90.96565365939114, 30.581010609602608], [-90.78582988668836, 30.536054666426917], [-90.74087394351267, 30.446142780075544], [-90.65096205716128, 30.446142780075544], [-90.65096205716128, 30.401186836899853], [-90.4711382844585, 30.356230893724167], [-90.4711382844585, 30.31127495054848], [-90.42618234128281, 30.31127495054848], [-90.42618234128281, 30.26631900737279], [-90.38122639810712, 30.26631900737279], [-90.38122639810712, 30.221363064197103], [-90.33627045493142, 30.221363064197103], [-90.33627045493142, 30.176407121021416], [-90.29131451175573, 30.176407121021416], [-90.29131451175573, 30.131451177845726], [-90.15644668222865, 30.041539291494352], [-90.15644668222865, 29.951627405142975], [-90.11149073905295, 29.951627405142975], [-90.11149073905295, 29.90667146196729], [-90.06653479587726, 29.90667146196729], [-89.97662290952587, 29.771803632440225], [-89.70688725047171, 29.771803632440225], [-89.70688725047171, 29.726847689264538], [-89.21237187553908, 29.726847689264538], [-89.21237187553908, 29.681891746088848], [-89.0325481028363, 29.681891746088848], [-89.0325481028363, 29.63693580291316], [-88.98759215966061, 29.63693580291316], [-88.98759215966061, 29.591979859737474], [-88.94263621648491, 29.591979859737474], [-88.94263621648491, 29.547023916561784], [-88.89768027330922, 29.547023916561784], [-88.89768027330922, 29.502067973386097], [-88.85272433013353, 29.502067973386097], [-88.85272433013353, 29.45711203021041], [-88.80776838695783, 29.45711203021041], [-88.80776838695783, 29.412156087034724], [-88.76281244378214, 29.412156087034724], [-88.76281244378214, 29.367200143859034], [-88.71785650060644, 29.367200143859034], [-88.71785650060644, 29.322244200683347], [-88.67290055743075, 29.322244200683347], [-88.67290055743075, 29.27728825750766], [-88.62794461425506, 29.27728825750766], [-88.62794461425506, 29.23233231433197], [-88.58298867107936, 29.23233231433197], [-88.58298867107936, 29.187376371156283], [-88.53803272790367, 29.187376371156283], [-88.53803272790367, 29.142420427980596], [-88.49307678472798, 29.142420427980596], [-88.49307678472798, 29.097464484804906], [-88.44812084155228, 29.097464484804906], [-88.44812084155228, 29.05250854162922], [-88.40316489837659, 29.05250854162922], [-88.40316489837659, 29.007552598453533], [-88.3582089552009, 29.007552598453533], [-88.3582089552009, 28.962596655277842], [-88.3132530120252, 28.962596655277842], [-88.3132530120252, 28.917640712102155], [-88.2682970688495, 28.917640712102155], [-88.2682970688495, 28.87268476892647], [-88.22334112567381, 28.87268476892647], [-88.22334112567381, 28.82772882575078], [-88.17838518249812, 28.82772882575078], [-88.17838518249812, 28.78277288257509], [-88.13342923932242, 28.78277288257509], [-88.13342923932242, 28.737816939399405], [-88.08847329614673, 28.737816939399405], [-88.08847329614673, 28.692860996223715], [-88.04351735297104, 28.692860996223715], [-88.04351735297104, 28.647905053048028], [-87.99856140979534, 28.647905053048028], [-87.99856140979534, 28.60294910987234], [-87.95360546661965, 28.60294910987234], [-87.95360546661965, 28.557993166696654], [-87.90864952344396, 28.557993166696654], [-87.90864952344396, 28.513037223520964], [-87.77378169391687, 28.42312533716959], [-87.77378169391687, 28.333213450818214], [-87.72882575074118, 28.333213450818214], [-87.72882575074118, 28.288257507642527], [-87.68386980756549, 28.288257507642527], [-87.68386980756549, 28.243301564466837], [-87.63891386438979, 28.243301564466837], [-87.63891386438979, 28.19834562129115], [-87.5939579212141, 28.19834562129115], [-87.5939579212141, 28.153389678115463], [-87.5490019780384, 28.153389678115463], [-87.5490019780384, 28.108433734939773], [-87.50404603486271, 28.108433734939773], [-87.50404603486271, 28.063477791764086], [-87.36917820533563, 27.973565905412713], [-87.36917820533563, 27.883654019061336], [-87.32422226215994, 27.883654019061336], [-87.32422226215994, 27.83869807588565], [-87.27926631898424, 27.83869807588565], [-87.27926631898424, 27.79374213270996], [-87.23431037580855, 27.79374213270996], [-87.23431037580855, 27.748786189534272], [-87.18935443263285, 27.748786189534272], [-87.18935443263285, 27.703830246358585], [-87.14439848945716, 27.703830246358585], [-87.14439848945716, 27.658874303182895], [-87.09944254628147, 27.658874303182895], [-87.09944254628147, 27.613918360007208], [-87.05448660310577, 27.613918360007208], [-87.05448660310577, 27.56896241683152], [-86.91961877357869, 27.479050530480144], [-86.91961877357869, 27.389138644128767], [-86.874662830403, 27.389138644128767], [-86.874662830403, 27.34418270095308], [-86.8297068872273, 27.34418270095308], [-86.8297068872273, 27.299226757777394], [-86.78475094405161, 27.299226757777394], [-86.78475094405161, 27.254270814601703], [-86.73979500087592, 27.254270814601703], [-86.73979500087592, 27.209314871426017], [-86.69483905770022, 27.209314871426017], [-86.69483905770022, 27.16435892825033], [-86.64988311452453, 27.16435892825033], [-86.64988311452453, 27.119402985074643], [-86.60492717134883, 27.119402985074643], [-86.60492717134883, 27.074447041898953], [-86.55997122817314, 27.074447041898953], [-86.55997122817314, 27.029491098723266], [-86.42510339864606, 26.93957921237189], [-86.42510339864606, 26.849667326020516], [-86.33519151229467, 26.804711382844825], [-86.33519151229467, 26.714799496493452], [-86.29023556911898, 26.714799496493452], [-86.29023556911898, 26.66984355331776], [-86.24527962594328, 26.66984355331776], [-86.1553677395919, 26.5349757237907], [-86.06545585324051, 26.5349757237907], [-86.06545585324051, 26.49001978061501], [-85.97554396688912, 26.445063837439324], [-85.97554396688912, 26.355151951087947], [-85.93058802371343, 26.355151951087947], [-85.93058802371343, 26.31019600791226], [-85.79572019418634, 26.220284121560884], [-85.79572019418634, 26.13037223520951], [-85.75076425101065, 26.13037223520951], [-85.75076425101065, 26.08541629203382], [-85.70580830783496, 26.08541629203382], [-85.70580830783496, 26.040460348858133], [-85.57094047830788, 25.950548462506756], [-85.57094047830788, 25.860636576155382], [-85.52598453513218, 25.860636576155382], [-85.52598453513218, 25.815680632979692], [-85.3911167056051, 25.72576874662832], [-85.3911167056051, 25.63585686027694], [-85.3461607624294, 25.63585686027694], [-85.3461607624294, 25.590900917101255], [-85.30120481925371, 25.590900917101255], [-85.30120481925371, 25.545944973925568], [-85.25624887607802, 25.545944973925568], [-85.25624887607802, 25.500989030749878], [-85.12138104655094, 25.411077144398504], [-85.12138104655094, 25.321165258047127], [-85.07642510337524, 25.321165258047127], [-85.07642510337524, 25.27620931487144], [-84.94155727384816, 25.186297428520064], [-84.94155727384816, 25.09638554216869], [-84.89660133067247, 25.09638554216869], [-84.89660133067247, 25.051429598993], [-84.85164538749677, 25.051429598993], [-84.85164538749677, 24.961517712641626], [-84.80668944432108, 24.961517712641626], [-84.80668944432108, 24.916561769465936], [-84.671821614794, 24.826649883114563], [-84.671821614794, 24.736737996763186], [-84.6268656716183, 24.736737996763186], [-84.6268656716183, 24.6917820535875], [-84.58190972844261, 24.6917820535875], [-84.58190972844261, 24.64682611041181], [-84.53695378526692, 24.64682611041181], [-84.53695378526692, 24.60187016723612], [-84.49199784209122, 24.60187016723612], [-84.49199784209122, 24.556914224060435], [-84.35713001256414, 24.467002337709058], [-84.35713001256414, 24.37709045135768], [-84.22226218303706, 24.287178565006307], [-84.22226218303706, 24.19726667865493], [-84.17730623986137, 24.19726667865493], [-84.17730623986137, 24.152310735479244], [-84.13235029668567, 24.152310735479244], [-84.13235029668567, 24.107354792303557], [-84.08739435350998, 24.107354792303557], [-84.08739435350998, 24.062398849127867], [-84.04243841033428, 24.062398849127867], [-84.04243841033428, 24.01744290595218], [-83.9075705808072, 23.927531019600803], [-83.9075705808072, 23.83761913324943], [-83.77270275128012, 23.747707246898052], [-83.77270275128012, 23.65779536054668], [-83.72774680810443, 23.65779536054668], [-83.72774680810443, 23.61283941737099], [-83.59287897857735, 23.522927531019615], [-83.59287897857735, 23.433015644668238], [-83.54792303540165, 23.433015644668238], [-83.54792303540165, 23.38805970149255], [-83.41305520587457, 23.298147815141174], [-83.41305520587457, 23.208235928789797], [-83.32314331952318, 23.16327998561411], [-83.32314331952318, 23.073368099262733], [-83.27818737634749, 23.073368099262733], [-83.27818737634749, 22.98345621291136], [-83.1882754899961, 22.93850026973567], [-83.1882754899961, 22.848588383384296], [-83.09836360364471, 22.848588383384296], [-83.05340766046902, 22.75867649703292], [-82.96349577411763, 22.75867649703292], [-82.96349577411763, 22.713720553857232], [-82.91853983094194, 22.713720553857232], [-82.91853983094194, 22.668764610681546], [-82.87358388776624, 22.668764610681546], [-82.87358388776624, 22.623808667505855], [-82.82862794459055, 22.623808667505855], [-82.82862794459055, 22.57885272433017], [-82.78367200141486, 22.57885272433017], [-82.78367200141486, 22.533896781154482], [-82.73871605823916, 22.533896781154482], [-82.64880417188778, 22.399028951627418], [-82.55889228553639, 22.399028951627418], [-82.55889228553639, 22.354073008451728], [-82.5139363423607, 22.354073008451728], [-82.5139363423607, 22.30911706527604], [-82.4240244560093, 22.30911706527604], [-82.4240244560093, 22.264161122100354], [-82.37906851283361, 22.264161122100354], [-82.28915662648222, 22.12929329257329], [-82.19924474013084, 22.12929329257329], [-82.15428879695514, 22.039381406221914], [-82.06437691060376, 22.039381406221914], [-82.06437691060376, 21.994425463046227], [-82.01942096742806, 21.994425463046227], [-82.01942096742806, 21.94946951987054], [-81.97446502425237, 21.94946951987054], [-81.97446502425237, 21.90451357669485], [-81.92950908107667, 21.90451357669485], [-81.83959719472529, 21.769645747167786], [-81.7496853083739, 21.769645747167786], [-81.7496853083739, 21.7246898039921], [-81.7047293651982, 21.7246898039921], [-81.7047293651982, 21.679733860816413], [-81.61481747884682, 21.679733860816413], [-81.61481747884682, 21.634777917640722], [-81.47994964931974, 21.634777917640722], [-81.47994964931974, 21.589821974465035], [-81.39003776296835, 21.54486603128935], [-81.39003776296835, 21.45495414493797], [-81.30012587661696, 21.409998201762285], [-81.30012587661696, 21.320086315410908], [-81.25516993344127, 21.320086315410908], [-81.25516993344127, 21.27513037223522], [-81.16525804708988, 21.27513037223522], [-81.12030210391418, 21.185218485883844], [-81.0303902175628, 21.185218485883844], [-81.0303902175628, 21.140262542708157], [-80.94047833121141, 21.140262542708157], [-80.94047833121141, 21.09530659953247], [-80.89552238803572, 21.09530659953247], [-80.89552238803572, 21.005394713181094], [-80.85056644486002, 21.005394713181094], [-80.85056644486002, 20.061319906491647], [-80.89552238803572, 20.061319906491647], [-80.89552238803572, 19.971408020140274], [-80.94047833121141, 19.971408020140274], [-80.94047833121141, 20.19618773601871], [-80.89552238803572, 20.19618773601871], [-80.89552238803572, 20.87052688365403], [-80.94047833121141, 20.87052688365403], [-80.94047833121141, 21.05035065635678], [-80.9854342743871, 21.05035065635678], [-80.9854342743871, 21.09530659953247], [-81.12030210391418, 21.09530659953247], [-81.12030210391418, 21.140262542708157], [-81.25516993344127, 21.140262542708157], [-81.25516993344127, 21.185218485883844], [-81.34508181979265, 21.185218485883844], [-81.34508181979265, 21.230174429059534], [-81.39003776296835, 21.230174429059534], [-81.39003776296835, 21.320086315410908], [-81.43499370614404, 21.320086315410908], [-81.43499370614404, 21.409998201762285], [-81.47994964931974, 21.409998201762285], [-81.47994964931974, 21.54486603128935], [-81.65977342202251, 21.54486603128935], [-81.65977342202251, 21.589821974465035], [-81.79464125154959, 21.589821974465035], [-81.79464125154959, 21.634777917640722], [-81.97446502425237, 21.679733860816413], [-82.01942096742806, 21.769645747167786], [-82.19924474013084, 21.814601690343476], [-82.19924474013084, 21.859557633519163], [-82.28915662648222, 21.90451357669485], [-82.28915662648222, 21.994425463046227], [-82.33411256965792, 21.994425463046227], [-82.4240244560093, 22.12929329257329], [-82.55889228553639, 22.12929329257329], [-82.55889228553639, 22.174249235748977], [-82.69376011506347, 22.174249235748977], [-82.69376011506347, 22.219205178924668], [-82.78367200141486, 22.219205178924668], [-82.78367200141486, 22.264161122100354], [-82.91853983094194, 22.354073008451728], [-82.96349577411763, 22.533896781154482], [-83.00845171729333, 22.533896781154482], [-83.00845171729333, 22.48894083797879], [-83.14331954682041, 22.48894083797879], [-83.14331954682041, 22.443984894803105], [-83.2332314331718, 22.443984894803105], [-83.2332314331718, 22.399028951627418], [-83.27818737634749, 22.399028951627418], [-83.27818737634749, 22.354073008451728], [-83.41305520587457, 22.264161122100354], [-83.41305520587457, 22.174249235748977], [-83.45801114905026, 22.174249235748977], [-83.45801114905026, 21.994425463046227], [-83.32314331952318, 21.994425463046227], [-83.32314331952318, 21.94946951987054], [-83.27818737634749, 21.94946951987054], [-83.27818737634749, 21.90451357669485], [-83.14331954682041, 21.814601690343476], [-83.05340766046902, 21.49991008811366], [-83.00845171729333, 21.49991008811366], [-83.00845171729333, 21.45495414493797], [-82.91853983094194, 21.45495414493797], [-82.91853983094194, 21.409998201762285], [-82.82862794459055, 21.409998201762285], [-82.82862794459055, 21.365042258586598], [-82.73871605823916, 21.365042258586598], [-82.73871605823916, 21.320086315410908], [-82.64880417188778, 21.27513037223522], [-82.64880417188778, 21.185218485883844], [-82.60384822871208, 21.185218485883844], [-82.60384822871208, 21.05035065635678], [-82.55889228553639, 21.05035065635678], [-82.468980399185, 20.915482826829717], [-82.33411256965792, 20.915482826829717], [-82.33411256965792, 20.87052688365403], [-82.24420068330653, 20.87052688365403], [-82.24420068330653, 20.825570940478343], [-82.10933285377945, 20.735659054126966], [-82.10933285377945, 20.600791224599902], [-82.06437691060376, 20.600791224599902], [-82.06437691060376, 20.51087933824853], [-82.01942096742806, 20.51087933824853], [-82.01942096742806, 20.46592339507284], [-81.88455313790098, 20.46592339507284], [-81.88455313790098, 20.420967451897152], [-81.7047293651982, 20.376011508721465], [-81.7047293651982, 20.331055565545775], [-81.61481747884682, 20.286099622370088], [-81.61481747884682, 20.19618773601871], [-81.56986153567112, 20.19618773601871], [-81.56986153567112, 20.106275849667337], [-81.52490559249543, 20.106275849667337], [-81.52490559249543, 19.971408020140274], [-81.56986153567112, 19.971408020140274], [-81.56986153567112, 20.01636396331596], [-81.61481747884682, 20.01636396331596], [-81.61481747884682, 20.106275849667337], [-81.65977342202251, 20.106275849667337], [-81.65977342202251, 20.151231792843024], [-81.7047293651982, 20.151231792843024], [-81.7047293651982, 20.19618773601871], [-81.7496853083739, 20.19618773601871], [-81.83959719472529, 20.331055565545775], [-82.01942096742806, 20.376011508721465], [-82.01942096742806, 20.420967451897152], [-82.06437691060376, 20.420967451897152], [-82.06437691060376, 20.46592339507284], [-82.19924474013084, 20.555835281424216], [-82.19924474013084, 20.645747167775593], [-82.24420068330653, 20.645747167775593], [-82.33411256965792, 20.780614997302656], [-82.4240244560093, 20.780614997302656], [-82.468980399185, 20.87052688365403], [-82.55889228553639, 20.87052688365403], [-82.55889228553639, 20.915482826829717], [-82.69376011506347, 21.005394713181094], [-82.69376011506347, 21.09530659953247], [-82.73871605823916, 21.09530659953247], [-82.73871605823916, 21.140262542708157], [-82.78367200141486, 21.140262542708157], [-82.78367200141486, 21.185218485883844], [-82.82862794459055, 21.185218485883844], [-82.91853983094194, 21.320086315410908], [-83.00845171729333, 21.320086315410908], [-83.00845171729333, 21.365042258586598], [-83.05340766046902, 21.365042258586598], [-83.05340766046902, 21.409998201762285], [-83.09836360364471, 21.409998201762285], [-83.09836360364471, 21.45495414493797], [-83.2332314331718, 21.54486603128935], [-83.2332314331718, 21.634777917640722], [-83.27818737634749, 21.634777917640722], [-83.27818737634749, 21.679733860816413], [-83.32314331952318, 21.679733860816413], [-83.32314331952318, 21.7246898039921], [-83.36809926269888, 21.7246898039921], [-83.45801114905026, 21.859557633519163], [-83.54792303540165, 21.859557633519163], [-83.63783492175304, 21.994425463046227], [-83.72774680810443, 21.994425463046227], [-83.72774680810443, 22.084337349397604], [-83.77270275128012, 22.084337349397604], [-83.77270275128012, 22.174249235748977], [-83.81765869445582, 22.174249235748977], [-83.81765869445582, 22.264161122100354], [-83.86261463763151, 22.264161122100354], [-83.86261463763151, 22.30911706527604], [-84.04243841033428, 22.354073008451728], [-84.04243841033428, 22.399028951627418], [-84.53695378526692, 22.443984894803105], [-84.53695378526692, 22.48894083797879], [-84.6268656716183, 22.48894083797879], [-84.71677755796969, 22.623808667505855], [-84.80668944432108, 22.623808667505855], [-84.85164538749677, 22.713720553857232], [-84.94155727384816, 22.713720553857232], [-84.98651321702386, 22.80363244020861], [-85.07642510337524, 22.80363244020861], [-85.07642510337524, 22.848588383384296], [-85.16633698972663, 22.848588383384296], [-85.16633698972663, 22.893544326559983], [-85.3461607624294, 22.93850026973567], [-85.3461607624294, 22.98345621291136], [-85.52598453513218, 23.028412156087047], [-85.52598453513218, 23.073368099262733], [-85.57094047830788, 23.073368099262733], [-85.66085236465926, 23.208235928789797], [-85.75076425101065, 23.208235928789797], [-85.79572019418634, 23.298147815141174], [-85.88563208053773, 23.298147815141174], [-85.88563208053773, 23.34310375831686], [-86.06545585324051, 23.38805970149255], [-86.06545585324051, 23.433015644668238], [-86.1104117964162, 23.433015644668238], [-86.1104117964162, 23.477971587843925], [-86.20032368276759, 23.477971587843925], [-86.20032368276759, 23.522927531019615], [-86.24527962594328, 23.522927531019615], [-86.33519151229467, 23.65779536054668], [-86.42510339864606, 23.65779536054668], [-86.42510339864606, 23.702751303722366], [-86.47005934182175, 23.702751303722366], [-86.47005934182175, 23.747707246898052], [-86.55997122817314, 23.747707246898052], [-86.60492717134883, 23.83761913324943], [-86.69483905770022, 23.83761913324943], [-86.69483905770022, 23.882575076425116], [-86.73979500087592, 23.882575076425116], [-86.73979500087592, 23.927531019600803], [-86.8297068872273, 23.927531019600803], [-86.874662830403, 24.01744290595218], [-86.96457471675438, 24.01744290595218], [-86.96457471675438, 24.062398849127867], [-87.00953065993008, 24.062398849127867], [-87.00953065993008, 24.107354792303557], [-87.05448660310577, 24.107354792303557], [-87.05448660310577, 24.152310735479244], [-87.09944254628147, 24.152310735479244], [-87.18935443263285, 24.287178565006307], [-87.27926631898424, 24.287178565006307], [-87.27926631898424, 24.332134508181994], [-87.32422226215994, 24.332134508181994], [-87.32422226215994, 24.37709045135768], [-87.41413414851132, 24.37709045135768], [-87.45909009168702, 24.467002337709058], [-87.5490019780384, 24.467002337709058], [-87.72882575074118, 24.736737996763186], [-87.81873763709257, 24.736737996763186], [-87.86369358026826, 24.826649883114563], [-87.95360546661965, 24.826649883114563], [-87.95360546661965, 24.87160582629025], [-87.99856140979534, 24.87160582629025], [-87.99856140979534, 24.916561769465936], [-88.08847329614673, 24.916561769465936], [-88.13342923932242, 25.006473655817313], [-88.22334112567381, 25.006473655817313], [-88.22334112567381, 25.051429598993], [-88.2682970688495, 25.051429598993], [-88.2682970688495, 25.09638554216869], [-88.3132530120252, 25.09638554216869], [-88.3132530120252, 25.141341485344377], [-88.3582089552009, 25.141341485344377], [-88.3582089552009, 25.186297428520064], [-88.40316489837659, 25.186297428520064], [-88.49307678472798, 25.321165258047127], [-88.58298867107936, 25.321165258047127], [-88.62794461425506, 25.411077144398504], [-88.71785650060644, 25.411077144398504], [-88.71785650060644, 25.45603308757419], [-88.89768027330922, 25.500989030749878], [-88.89768027330922, 25.545944973925568], [-88.94263621648491, 25.545944973925568], [-88.94263621648491, 25.590900917101255], [-88.98759215966061, 25.590900917101255], [-89.077504046012, 25.72576874662832], [-89.16741593236338, 25.72576874662832], [-89.16741593236338, 25.770724689804005], [-89.21237187553908, 25.770724689804005], [-89.21237187553908, 25.815680632979692], [-89.30228376189046, 25.815680632979692], [-89.34723970506616, 25.90559251933107], [-89.52706347776893, 25.950548462506756], [-89.52706347776893, 25.995504405682446], [-89.57201942094463, 25.995504405682446], [-89.66193130729602, 26.13037223520951], [-89.7518431936474, 26.13037223520951], [-89.7518431936474, 26.175328178385197], [-89.7967991368231, 26.175328178385197], [-89.88671102317448, 26.31019600791226], [-89.97662290952587, 26.31019600791226], [-90.02157885270157, 26.400107894263638], [-90.11149073905295, 26.400107894263638], [-90.20140262540434, 26.5349757237907], [-90.29131451175573, 26.5349757237907], [-90.38122639810712, 26.66984355331776], [-90.4711382844585, 26.66984355331776], [-90.4711382844585, 26.714799496493452], [-90.5160942276342, 26.714799496493452], [-90.56105017080989, 26.804711382844825], [-90.65096205716128, 26.804711382844825], [-90.74087394351267, 26.93957921237189], [-90.92069771621544, 26.98453515554758], [-90.92069771621544, 27.029491098723266], [-90.96565365939114, 27.029491098723266], [-90.96565365939114, 27.074447041898953], [-91.01060960256683, 27.074447041898953], [-91.01060960256683, 27.119402985074643], [-91.05556554574252, 27.119402985074643], [-91.05556554574252, 27.16435892825033], [-91.10052148891822, 27.16435892825033], [-91.10052148891822, 27.209314871426017], [-91.14547743209391, 27.209314871426017], [-91.14547743209391, 27.254270814601703], [-91.1904333752696, 27.254270814601703], [-91.1904333752696, 27.299226757777394], [-91.32530120479669, 27.389138644128767], [-91.32530120479669, 27.434094587304457], [-91.41521309114808, 27.434094587304457], [-91.41521309114808, 27.479050530480144], [-91.55008092067516, 27.56896241683152], [-91.55008092067516, 27.658874303182895], [-91.68494875020224, 27.748786189534272], [-91.68494875020224, 27.83869807588565], [-91.72990469337793, 27.83869807588565], [-91.72990469337793, 27.883654019061336], [-91.77486063655363, 27.883654019061336], [-91.77486063655363, 27.928609962237022], [-91.90972846608071, 28.0185218485884], [-91.90972846608071, 28.108433734939773], [-91.9996403524321, 28.153389678115463], [-91.9996403524321, 28.243301564466837], [-92.04459629560779, 28.243301564466837], [-92.04459629560779, 28.333213450818214], [-92.13450818195918, 28.3781693939939], [-92.13450818195918, 28.468081280345277], [-92.17946412513487, 28.468081280345277], [-92.17946412513487, 28.60294910987234], [-92.22442006831056, 28.60294910987234], [-92.22442006831056, 28.78277288257509], [-92.26937601148626, 28.78277288257509], [-92.26937601148626, 28.917640712102155], [-92.31433195466195, 28.917640712102155], [-92.31433195466195, 29.142420427980596], [-92.35928789783765, 29.142420427980596], [-92.35928789783765, 29.45711203021041], [-92.40424384101334, 29.45711203021041]], [[-91.77486063655363, 29.502067973386097], [-91.72990469337793, 29.502067973386097], [-91.72990469337793, 29.007552598453533], [-91.68494875020224, 29.007552598453533], [-91.68494875020224, 28.82772882575078], [-91.63999280702654, 28.82772882575078], [-91.63999280702654, 28.692860996223715], [-91.59503686385085, 28.692860996223715], [-91.59503686385085, 28.513037223520964], [-91.55008092067516, 28.513037223520964], [-91.55008092067516, 28.42312533716959], [-91.46016903432377, 28.3781693939939], [-91.46016903432377, 28.288257507642527], [-91.37025714797238, 28.243301564466837], [-91.37025714797238, 28.153389678115463], [-91.280345261621, 28.108433734939773], [-91.280345261621, 28.0185218485884], [-91.2353893184453, 28.0185218485884], [-91.2353893184453, 27.973565905412713], [-91.1904333752696, 27.973565905412713], [-91.1904333752696, 27.928609962237022], [-91.14547743209391, 27.928609962237022], [-91.14547743209391, 27.883654019061336], [-91.01060960256683, 27.79374213270996], [-91.01060960256683, 27.703830246358585], [-90.96565365939114, 27.703830246358585], [-90.96565365939114, 27.658874303182895], [-90.92069771621544, 27.658874303182895], [-90.92069771621544, 27.613918360007208], [-90.87574177303975, 27.613918360007208], [-90.87574177303975, 27.56896241683152], [-90.83078582986406, 27.56896241683152], [-90.74087394351267, 27.434094587304457], [-90.65096205716128, 27.434094587304457], [-90.65096205716128, 27.389138644128767], [-90.60600611398559, 27.389138644128767], [-90.60600611398559, 27.34418270095308], [-90.56105017080989, 27.34418270095308], [-90.56105017080989, 27.299226757777394], [-90.5160942276342, 27.299226757777394], [-90.5160942276342, 27.254270814601703], [-90.4711382844585, 27.254270814601703], [-90.4711382844585, 27.209314871426017], [-90.42618234128281, 27.209314871426017], [-90.42618234128281, 27.16435892825033], [-90.38122639810712, 27.16435892825033], [-90.38122639810712, 27.119402985074643], [-90.33627045493142, 27.119402985074643], [-90.33627045493142, 27.074447041898953], [-90.20140262540434, 26.98453515554758], [-90.20140262540434, 26.93957921237189], [-90.11149073905295, 26.93957921237189], [-90.02157885270157, 26.804711382844825], [-89.84175507999879, 26.75975543966914], [-89.84175507999879, 26.714799496493452], [-89.7967991368231, 26.714799496493452], [-89.7518431936474, 26.624887610142075], [-89.66193130729602, 26.624887610142075], [-89.66193130729602, 26.579931666966388], [-89.61697536412032, 26.579931666966388], [-89.61697536412032, 26.5349757237907], [-89.57201942094463, 26.5349757237907], [-89.48210753459324, 26.400107894263638], [-89.39219564824185, 26.400107894263638], [-89.39219564824185, 26.355151951087947], [-89.30228376189046, 26.355151951087947], [-89.21237187553908, 26.220284121560884], [-89.12245998918769, 26.220284121560884], [-89.12245998918769, 26.175328178385197], [-89.077504046012, 26.175328178385197], [-89.077504046012, 26.13037223520951], [-89.0325481028363, 26.13037223520951], [-88.94263621648491, 25.995504405682446], [-88.76281244378214, 25.950548462506756], [-88.76281244378214, 25.90559251933107], [-88.71785650060644, 25.90559251933107], [-88.71785650060644, 25.860636576155382], [-88.62794461425506, 25.860636576155382], [-88.53803272790367, 25.72576874662832], [-88.44812084155228, 25.72576874662832], [-88.3582089552009, 25.590900917101255], [-88.2682970688495, 25.590900917101255], [-88.2682970688495, 25.500989030749878], [-88.17838518249812, 25.500989030749878], [-88.17838518249812, 25.45603308757419], [-88.13342923932242, 25.45603308757419], [-88.13342923932242, 25.411077144398504], [-88.04351735297104, 25.411077144398504], [-88.04351735297104, 25.366121201222814], [-87.99856140979534, 25.366121201222814], [-87.99856140979534, 25.321165258047127], [-87.95360546661965, 25.321165258047127], [-87.86369358026826, 25.186297428520064], [-87.77378169391687, 25.186297428520064], [-87.68386980756549, 25.006473655817313], [-87.5939579212141, 25.006473655817313], [-87.50404603486271, 24.87160582629025], [-87.41413414851132, 24.87160582629025], [-87.36917820533563, 24.781693939938872], [-87.27926631898424, 24.781693939938872], [-87.27926631898424, 24.736737996763186], [-87.18935443263285, 24.6917820535875], [-87.18935443263285, 24.60187016723612], [-87.14439848945716, 24.60187016723612], [-87.05448660310577, 24.467002337709058], [-86.96457471675438, 24.467002337709058], [-86.96457471675438, 24.42204639453337], [-86.874662830403, 24.42204639453337], [-86.8297068872273, 24.332134508181994], [-86.73979500087592, 24.332134508181994], [-86.73979500087592, 24.287178565006307], [-86.69483905770022, 24.287178565006307], [-86.69483905770022, 24.24222262183062], [-86.55997122817314, 24.152310735479244], [-86.55997122817314, 24.062398849127867], [-86.51501528499745, 24.062398849127867], [-86.47005934182175, 23.972486962776493], [-86.29023556911898, 23.972486962776493], [-86.29023556911898, 23.927531019600803], [-86.1104117964162, 23.882575076425116], [-86.1104117964162, 23.83761913324943], [-86.06545585324051, 23.83761913324943], [-85.97554396688912, 23.702751303722366], [-85.88563208053773, 23.702751303722366], [-85.88563208053773, 23.65779536054668], [-85.84067613736204, 23.65779536054668], [-85.84067613736204, 23.61283941737099], [-85.79572019418634, 23.61283941737099], [-85.70580830783496, 23.477971587843925], [-85.52598453513218, 23.433015644668238], [-85.52598453513218, 23.38805970149255], [-85.3461607624294, 23.34310375831686], [-85.25624887607802, 23.208235928789797], [-85.16633698972663, 23.208235928789797], [-85.16633698972663, 23.118324042438424], [-85.12138104655094, 23.118324042438424], [-85.03146916019955, 22.98345621291136], [-84.89660133067247, 22.98345621291136], [-84.89660133067247, 22.93850026973567], [-84.80668944432108, 22.93850026973567], [-84.80668944432108, 22.893544326559983], [-84.671821614794, 22.893544326559983], [-84.671821614794, 22.848588383384296], [-84.6268656716183, 22.848588383384296], [-84.6268656716183, 22.80363244020861], [-84.53695378526692, 22.80363244020861], [-84.49199784209122, 22.713720553857232], [-83.99748246715859, 22.713720553857232], [-83.99748246715859, 22.75867649703292], [-83.77270275128012, 22.75867649703292], [-83.77270275128012, 22.80363244020861], [-83.59287897857735, 22.848588383384296], [-83.59287897857735, 22.93850026973567], [-83.54792303540165, 22.93850026973567], [-83.50296709222596, 23.028412156087047], [-83.54792303540165, 23.028412156087047], [-83.54792303540165, 23.073368099262733], [-83.63783492175304, 23.073368099262733], [-83.63783492175304, 23.118324042438424], [-83.68279086492873, 23.118324042438424], [-83.68279086492873, 23.16327998561411], [-83.81765869445582, 23.253191871965488], [-83.81765869445582, 23.34310375831686], [-83.86261463763151, 23.34310375831686], [-83.86261463763151, 23.433015644668238], [-83.9075705808072, 23.433015644668238], [-83.9525265239829, 23.61283941737099], [-84.13235029668567, 23.65779536054668], [-84.13235029668567, 23.702751303722366], [-84.17730623986137, 23.702751303722366], [-84.17730623986137, 23.747707246898052], [-84.22226218303706, 23.747707246898052], [-84.22226218303706, 23.79266319007374], [-84.35713001256414, 23.882575076425116], [-84.40208595573984, 24.062398849127867], [-84.44704189891553, 24.062398849127867], [-84.44704189891553, 24.107354792303557], [-84.53695378526692, 24.107354792303557], [-84.58190972844261, 24.19726667865493], [-84.671821614794, 24.19726667865493], [-84.671821614794, 24.24222262183062], [-84.80668944432108, 24.332134508181994], [-84.80668944432108, 24.42204639453337], [-84.89660133067247, 24.467002337709058], [-84.89660133067247, 24.556914224060435], [-84.94155727384816, 24.556914224060435], [-84.98651321702386, 24.64682611041181], [-85.07642510337524, 24.64682611041181], [-85.07642510337524, 24.6917820535875], [-85.12138104655094, 24.6917820535875], [-85.12138104655094, 24.736737996763186], [-85.25624887607802, 24.826649883114563], [-85.25624887607802, 24.916561769465936], [-85.3461607624294, 24.961517712641626], [-85.3461607624294, 25.051429598993], [-85.3911167056051, 25.051429598993], [-85.3911167056051, 25.09638554216869], [-85.4360726487808, 25.09638554216869], [-85.4360726487808, 25.141341485344377], [-85.48102859195649, 25.141341485344377], [-85.48102859195649, 25.186297428520064], [-85.52598453513218, 25.186297428520064], [-85.52598453513218, 25.23125337169575], [-85.57094047830788, 25.23125337169575], [-85.57094047830788, 25.27620931487144], [-85.61589642148357, 25.27620931487144], [-85.61589642148357, 25.321165258047127], [-85.75076425101065, 25.411077144398504], [-85.75076425101065, 25.500989030749878], [-85.79572019418634, 25.500989030749878], [-85.79572019418634, 25.545944973925568], [-85.88563208053773, 25.590900917101255], [-85.88563208053773, 25.680812803452632], [-85.93058802371343, 25.680812803452632], [-85.93058802371343, 25.72576874662832], [-85.97554396688912, 25.72576874662832], [-85.97554396688912, 25.770724689804005], [-86.02049991006481, 25.770724689804005], [-86.02049991006481, 25.815680632979692], [-86.1553677395919, 25.90559251933107], [-86.1553677395919, 25.995504405682446], [-86.20032368276759, 25.995504405682446], [-86.20032368276759, 26.040460348858133], [-86.24527962594328, 26.040460348858133], [-86.24527962594328, 26.08541629203382], [-86.29023556911898, 26.08541629203382], [-86.29023556911898, 26.13037223520951], [-86.33519151229467, 26.13037223520951], [-86.33519151229467, 26.175328178385197], [-86.38014745547036, 26.175328178385197], [-86.47005934182175, 26.31019600791226], [-86.55997122817314, 26.31019600791226], [-86.55997122817314, 26.355151951087947], [-86.64988311452453, 26.400107894263638], [-86.64988311452453, 26.49001978061501], [-86.69483905770022, 26.49001978061501], [-86.69483905770022, 26.5349757237907], [-86.73979500087592, 26.5349757237907], [-86.73979500087592, 26.579931666966388], [-86.78475094405161, 26.579931666966388], [-86.78475094405161, 26.624887610142075], [-86.8297068872273, 26.624887610142075], [-86.8297068872273, 26.66984355331776], [-86.874662830403, 26.66984355331776], [-86.874662830403, 26.714799496493452], [-86.91961877357869, 26.714799496493452], [-86.91961877357869, 26.75975543966914], [-86.96457471675438, 26.75975543966914], [-86.96457471675438, 26.804711382844825], [-87.00953065993008, 26.804711382844825], [-87.00953065993008, 26.849667326020516], [-87.05448660310577, 26.849667326020516], [-87.05448660310577, 26.894623269196202], [-87.09944254628147, 26.894623269196202], [-87.09944254628147, 26.93957921237189], [-87.14439848945716, 26.93957921237189], [-87.14439848945716, 26.98453515554758], [-87.18935443263285, 26.98453515554758], [-87.18935443263285, 27.029491098723266], [-87.23431037580855, 27.029491098723266], [-87.23431037580855, 27.074447041898953], [-87.27926631898424, 27.074447041898953], [-87.27926631898424, 27.119402985074643], [-87.32422226215994, 27.119402985074643], [-87.32422226215994, 27.16435892825033], [-87.36917820533563, 27.16435892825033], [-87.36917820533563, 27.209314871426017], [-87.41413414851132, 27.209314871426017], [-87.41413414851132, 27.254270814601703], [-87.45909009168702, 27.254270814601703], [-87.45909009168702, 27.299226757777394], [-87.50404603486271, 27.299226757777394], [-87.50404603486271, 27.34418270095308], [-87.5490019780384, 27.34418270095308], [-87.5490019780384, 27.389138644128767], [-87.5939579212141, 27.389138644128767], [-87.5939579212141, 27.434094587304457], [-87.63891386438979, 27.434094587304457], [-87.63891386438979, 27.479050530480144], [-87.77378169391687, 27.56896241683152], [-87.77378169391687, 27.658874303182895], [-87.81873763709257, 27.658874303182895], [-87.81873763709257, 27.703830246358585], [-87.95360546661965, 27.79374213270996], [-87.95360546661965, 27.883654019061336], [-87.99856140979534, 27.883654019061336], [-87.99856140979534, 27.928609962237022], [-88.04351735297104, 27.928609962237022], [-88.04351735297104, 27.973565905412713], [-88.08847329614673, 27.973565905412713], [-88.08847329614673, 28.0185218485884], [-88.22334112567381, 28.108433734939773], [-88.22334112567381, 28.153389678115463], [-88.3132530120252, 28.153389678115463], [-88.3132530120252, 28.19834562129115], [-88.3582089552009, 28.19834562129115], [-88.3582089552009, 28.288257507642527], [-88.40316489837659, 28.288257507642527], [-88.40316489837659, 28.333213450818214], [-88.44812084155228, 28.333213450818214], [-88.53803272790367, 28.468081280345277], [-88.62794461425506, 28.468081280345277], [-88.62794461425506, 28.513037223520964], [-88.67290055743075, 28.513037223520964], [-88.67290055743075, 28.557993166696654], [-88.71785650060644, 28.557993166696654], [-88.71785650060644, 28.60294910987234], [-88.76281244378214, 28.60294910987234], [-88.76281244378214, 28.647905053048028], [-88.80776838695783, 28.647905053048028], [-88.80776838695783, 28.692860996223715], [-88.85272433013353, 28.692860996223715], [-88.85272433013353, 28.737816939399405], [-88.89768027330922, 28.737816939399405], [-88.89768027330922, 28.78277288257509], [-88.94263621648491, 28.78277288257509], [-88.94263621648491, 28.82772882575078], [-88.98759215966061, 28.82772882575078], [-88.98759215966061, 28.87268476892647], [-89.0325481028363, 28.87268476892647], [-89.0325481028363, 28.917640712102155], [-89.077504046012, 28.917640712102155], [-89.077504046012, 28.962596655277842], [-89.12245998918769, 28.962596655277842], [-89.12245998918769, 29.007552598453533], [-89.16741593236338, 29.007552598453533], [-89.16741593236338, 29.05250854162922], [-89.30228376189046, 29.142420427980596], [-89.30228376189046, 29.23233231433197], [-89.43715159141755, 29.322244200683347], [-89.43715159141755, 29.412156087034724], [-89.52706347776893, 29.412156087034724], [-89.52706347776893, 29.367200143859034], [-89.66193130729602, 29.367200143859034], [-89.66193130729602, 29.322244200683347], [-89.88671102317448, 29.322244200683347], [-89.88671102317448, 29.27728825750766], [-90.02157885270157, 29.27728825750766], [-90.02157885270157, 29.322244200683347], [-90.15644668222865, 29.322244200683347], [-90.15644668222865, 29.367200143859034], [-90.24635856858004, 29.367200143859034], [-90.29131451175573, 29.45711203021041], [-90.38122639810712, 29.45711203021041], [-90.4711382844585, 29.591979859737474], [-90.74087394351267, 29.63693580291316], [-90.74087394351267, 29.681891746088848], [-90.87574177303975, 29.681891746088848], [-90.87574177303975, 29.726847689264538], [-91.55008092067516, 29.726847689264538], [-91.55008092067516, 29.681891746088848], [-91.59503686385085, 29.681891746088848], [-91.68494875020224, 29.547023916561784], [-91.77486063655363, 29.547023916561784], [-91.77486063655363, 29.502067973386097]]]]}}, {"type": "Feature", "properties": {"shapefile": "2021082712_wsp34knt120hr_5km", "PERCENTAGE": ">90%"}, "geometry": {"type": "MultiPolygon", "coordinates": [[[[-83.45801114905026, 21.994425463046227], [-83.45801114905026, 22.174249235748977], [-83.41305520587457, 22.174249235748977], [-83.41305520587457, 22.264161122100354], [-83.36809926269888, 22.264161122100354], [-83.36809926269888, 22.30911706527604], [-83.32314331952318, 22.30911706527604], [-83.2332314331718, 22.443984894803105], [-83.14331954682041, 22.443984894803105], [-83.14331954682041, 22.48894083797879], [-83.00845171729333, 22.48894083797879], [-83.00845171729333, 22.533896781154482], [-82.96349577411763, 22.533896781154482], [-82.91853983094194, 22.354073008451728], [-82.87358388776624, 22.354073008451728], [-82.78367200141486, 22.219205178924668], [-82.69376011506347, 22.219205178924668], [-82.69376011506347, 22.174249235748977], [-82.55889228553639, 22.174249235748977], [-82.55889228553639, 22.12929329257329], [-82.4240244560093, 22.12929329257329], [-82.4240244560093, 22.084337349397604], [-82.28915662648222, 21.994425463046227], [-82.28915662648222, 21.90451357669485], [-82.24420068330653, 21.90451357669485], [-82.19924474013084, 21.814601690343476], [-82.01942096742806, 21.769645747167786], [-81.97446502425237, 21.679733860816413], [-81.88455313790098, 21.679733860816413], [-81.88455313790098, 21.634777917640722], [-81.79464125154959, 21.634777917640722], [-81.79464125154959, 21.589821974465035], [-81.65977342202251, 21.589821974465035], [-81.65977342202251, 21.54486603128935], [-81.47994964931974, 21.54486603128935], [-81.47994964931974, 21.409998201762285], [-81.43499370614404, 21.409998201762285], [-81.43499370614404, 21.320086315410908], [-81.39003776296835, 21.320086315410908], [-81.39003776296835, 21.230174429059534], [-81.34508181979265, 21.230174429059534], [-81.34508181979265, 21.185218485883844], [-81.25516993344127, 21.185218485883844], [-81.25516993344127, 21.140262542708157], [-81.12030210391418, 21.140262542708157], [-81.12030210391418, 21.09530659953247], [-80.9854342743871, 21.09530659953247], [-80.9854342743871, 21.05035065635678], [-80.94047833121141, 21.05035065635678], [-80.94047833121141, 20.87052688365403], [-80.89552238803572, 20.87052688365403], [-80.89552238803572, 20.19618773601871], [-80.94047833121141, 20.19618773601871], [-80.94047833121141, 19.971408020140274], [-81.52490559249543, 19.971408020140274], [-81.52490559249543, 20.106275849667337], [-81.56986153567112, 20.106275849667337], [-81.61481747884682, 20.286099622370088], [-81.65977342202251, 20.286099622370088], [-81.7047293651982, 20.376011508721465], [-81.88455313790098, 20.420967451897152], [-81.88455313790098, 20.46592339507284], [-82.01942096742806, 20.46592339507284], [-82.01942096742806, 20.51087933824853], [-82.06437691060376, 20.51087933824853], [-82.06437691060376, 20.600791224599902], [-82.10933285377945, 20.600791224599902], [-82.10933285377945, 20.735659054126966], [-82.15428879695514, 20.735659054126966], [-82.24420068330653, 20.87052688365403], [-82.33411256965792, 20.87052688365403], [-82.33411256965792, 20.915482826829717], [-82.468980399185, 20.915482826829717], [-82.468980399185, 20.960438770005407], [-82.60384822871208, 21.05035065635678], [-82.60384822871208, 21.185218485883844], [-82.64880417188778, 21.185218485883844], [-82.64880417188778, 21.27513037223522], [-82.69376011506347, 21.27513037223522], [-82.73871605823916, 21.365042258586598], [-82.82862794459055, 21.365042258586598], [-82.82862794459055, 21.409998201762285], [-83.00845171729333, 21.45495414493797], [-83.00845171729333, 21.49991008811366], [-83.05340766046902, 21.49991008811366], [-83.05340766046902, 21.589821974465035], [-83.09836360364471, 21.589821974465035], [-83.09836360364471, 21.7246898039921], [-83.14331954682041, 21.7246898039921], [-83.14331954682041, 21.814601690343476], [-83.1882754899961, 21.814601690343476], [-83.1882754899961, 21.859557633519163], [-83.2332314331718, 21.859557633519163], [-83.32314331952318, 21.994425463046227], [-83.45801114905026, 21.994425463046227]]], [[[-91.77486063655363, 29.502067973386097], [-91.77486063655363, 29.547023916561784], [-91.68494875020224, 29.547023916561784], [-91.68494875020224, 29.591979859737474], [-91.63999280702654, 29.591979859737474], [-91.55008092067516, 29.726847689264538], [-90.87574177303975, 29.726847689264538], [-90.87574177303975, 29.681891746088848], [-90.74087394351267, 29.681891746088848], [-90.74087394351267, 29.63693580291316], [-90.4711382844585, 29.591979859737474], [-90.38122639810712, 29.45711203021041], [-90.29131451175573, 29.45711203021041], [-90.24635856858004, 29.367200143859034], [-90.15644668222865, 29.367200143859034], [-90.15644668222865, 29.322244200683347], [-90.02157885270157, 29.322244200683347], [-90.02157885270157, 29.27728825750766], [-89.88671102317448, 29.27728825750766], [-89.88671102317448, 29.322244200683347], [-89.66193130729602, 29.322244200683347], [-89.66193130729602, 29.367200143859034], [-89.52706347776893, 29.367200143859034], [-89.52706347776893, 29.412156087034724], [-89.43715159141755, 29.412156087034724], [-89.43715159141755, 29.322244200683347], [-89.30228376189046, 29.23233231433197], [-89.30228376189046, 29.142420427980596], [-89.25732781871477, 29.142420427980596], [-89.25732781871477, 29.097464484804906], [-89.21237187553908, 29.097464484804906], [-89.21237187553908, 29.05250854162922], [-89.16741593236338, 29.05250854162922], [-89.16741593236338, 29.007552598453533], [-89.12245998918769, 29.007552598453533], [-89.12245998918769, 28.962596655277842], [-89.077504046012, 28.962596655277842], [-89.077504046012, 28.917640712102155], [-89.0325481028363, 28.917640712102155], [-89.0325481028363, 28.87268476892647], [-88.98759215966061, 28.87268476892647], [-88.98759215966061, 28.82772882575078], [-88.94263621648491, 28.82772882575078], [-88.94263621648491, 28.78277288257509], [-88.89768027330922, 28.78277288257509], [-88.89768027330922, 28.737816939399405], [-88.85272433013353, 28.737816939399405], [-88.85272433013353, 28.692860996223715], [-88.80776838695783, 28.692860996223715], [-88.80776838695783, 28.647905053048028], [-88.76281244378214, 28.647905053048028], [-88.76281244378214, 28.60294910987234], [-88.71785650060644, 28.60294910987234], [-88.62794461425506, 28.468081280345277], [-88.53803272790367, 28.468081280345277], [-88.53803272790367, 28.42312533716959], [-88.49307678472798, 28.42312533716959], [-88.49307678472798, 28.3781693939939], [-88.3582089552009, 28.288257507642527], [-88.3582089552009, 28.19834562129115], [-88.3132530120252, 28.19834562129115], [-88.3132530120252, 28.153389678115463], [-88.22334112567381, 28.153389678115463], [-88.22334112567381, 28.108433734939773], [-88.17838518249812, 28.108433734939773], [-88.17838518249812, 28.063477791764086], [-88.13342923932242, 28.063477791764086], [-88.13342923932242, 28.0185218485884], [-88.08847329614673, 28.0185218485884], [-88.08847329614673, 27.973565905412713], [-87.95360546661965, 27.883654019061336], [-87.95360546661965, 27.79374213270996], [-87.90864952344396, 27.79374213270996], [-87.90864952344396, 27.748786189534272], [-87.77378169391687, 27.658874303182895], [-87.77378169391687, 27.56896241683152], [-87.72882575074118, 27.56896241683152], [-87.72882575074118, 27.52400647365583], [-87.68386980756549, 27.52400647365583], [-87.68386980756549, 27.479050530480144], [-87.63891386438979, 27.479050530480144], [-87.63891386438979, 27.434094587304457], [-87.5939579212141, 27.434094587304457], [-87.5939579212141, 27.389138644128767], [-87.5490019780384, 27.389138644128767], [-87.5490019780384, 27.34418270095308], [-87.50404603486271, 27.34418270095308], [-87.50404603486271, 27.299226757777394], [-87.45909009168702, 27.299226757777394], [-87.45909009168702, 27.254270814601703], [-87.41413414851132, 27.254270814601703], [-87.41413414851132, 27.209314871426017], [-87.36917820533563, 27.209314871426017], [-87.36917820533563, 27.16435892825033], [-87.32422226215994, 27.16435892825033], [-87.32422226215994, 27.119402985074643], [-87.27926631898424, 27.119402985074643], [-87.27926631898424, 27.074447041898953], [-87.23431037580855, 27.074447041898953], [-87.23431037580855, 27.029491098723266], [-87.18935443263285, 27.029491098723266], [-87.18935443263285, 26.98453515554758], [-87.14439848945716, 26.98453515554758], [-87.14439848945716, 26.93957921237189], [-87.09944254628147, 26.93957921237189], [-87.09944254628147, 26.894623269196202], [-87.05448660310577, 26.894623269196202], [-87.05448660310577, 26.849667326020516], [-87.00953065993008, 26.849667326020516], [-87.00953065993008, 26.804711382844825], [-86.96457471675438, 26.804711382844825], [-86.96457471675438, 26.75975543966914], [-86.91961877357869, 26.75975543966914], [-86.91961877357869, 26.714799496493452], [-86.874662830403, 26.714799496493452], [-86.874662830403, 26.66984355331776], [-86.8297068872273, 26.66984355331776], [-86.8297068872273, 26.624887610142075], [-86.78475094405161, 26.624887610142075], [-86.78475094405161, 26.579931666966388], [-86.64988311452453, 26.49001978061501], [-86.64988311452453, 26.400107894263638], [-86.60492717134883, 26.400107894263638], [-86.55997122817314, 26.31019600791226], [-86.47005934182175, 26.31019600791226], [-86.47005934182175, 26.265240064736574], [-86.42510339864606, 26.265240064736574], [-86.42510339864606, 26.220284121560884], [-86.38014745547036, 26.220284121560884], [-86.38014745547036, 26.175328178385197], [-86.33519151229467, 26.175328178385197], [-86.33519151229467, 26.13037223520951], [-86.29023556911898, 26.13037223520951], [-86.29023556911898, 26.08541629203382], [-86.1553677395919, 25.995504405682446], [-86.1553677395919, 25.90559251933107], [-86.1104117964162, 25.90559251933107], [-86.1104117964162, 25.860636576155382], [-86.06545585324051, 25.860636576155382], [-86.06545585324051, 25.815680632979692], [-86.02049991006481, 25.815680632979692], [-86.02049991006481, 25.770724689804005], [-85.88563208053773, 25.680812803452632], [-85.88563208053773, 25.590900917101255], [-85.75076425101065, 25.500989030749878], [-85.75076425101065, 25.411077144398504], [-85.70580830783496, 25.411077144398504], [-85.70580830783496, 25.366121201222814], [-85.66085236465926, 25.366121201222814], [-85.66085236465926, 25.321165258047127], [-85.61589642148357, 25.321165258047127], [-85.61589642148357, 25.27620931487144], [-85.57094047830788, 25.27620931487144], [-85.57094047830788, 25.23125337169575], [-85.52598453513218, 25.23125337169575], [-85.52598453513218, 25.186297428520064], [-85.48102859195649, 25.186297428520064], [-85.48102859195649, 25.141341485344377], [-85.3461607624294, 25.051429598993], [-85.3461607624294, 24.961517712641626], [-85.25624887607802, 24.916561769465936], [-85.25624887607802, 24.826649883114563], [-85.21129293290232, 24.826649883114563], [-85.21129293290232, 24.781693939938872], [-85.16633698972663, 24.781693939938872], [-85.07642510337524, 24.64682611041181], [-84.98651321702386, 24.64682611041181], [-84.98651321702386, 24.60187016723612], [-84.89660133067247, 24.556914224060435], [-84.89660133067247, 24.467002337709058], [-84.80668944432108, 24.42204639453337], [-84.80668944432108, 24.332134508181994], [-84.76173350114539, 24.332134508181994], [-84.671821614794, 24.19726667865493], [-84.58190972844261, 24.19726667865493], [-84.53695378526692, 24.107354792303557], [-84.44704189891553, 24.107354792303557], [-84.44704189891553, 24.062398849127867], [-84.40208595573984, 24.062398849127867], [-84.40208595573984, 23.972486962776493], [-84.35713001256414, 23.972486962776493], [-84.35713001256414, 23.882575076425116], [-84.31217406938845, 23.882575076425116], [-84.31217406938845, 23.83761913324943], [-84.26721812621275, 23.83761913324943], [-84.26721812621275, 23.79266319007374], [-84.22226218303706, 23.79266319007374], [-84.13235029668567, 23.65779536054668], [-83.9525265239829, 23.61283941737099], [-83.9525265239829, 23.522927531019615], [-83.9075705808072, 23.522927531019615], [-83.9075705808072, 23.433015644668238], [-83.86261463763151, 23.433015644668238], [-83.81765869445582, 23.253191871965488], [-83.77270275128012, 23.253191871965488], [-83.77270275128012, 23.208235928789797], [-83.72774680810443, 23.208235928789797], [-83.63783492175304, 23.073368099262733], [-83.54792303540165, 23.073368099262733], [-83.54792303540165, 23.028412156087047], [-83.50296709222596, 23.028412156087047], [-83.50296709222596, 22.98345621291136], [-83.59287897857735, 22.93850026973567], [-83.59287897857735, 22.848588383384296], [-83.77270275128012, 22.80363244020861], [-83.77270275128012, 22.75867649703292], [-83.99748246715859, 22.75867649703292], [-83.99748246715859, 22.713720553857232], [-84.49199784209122, 22.713720553857232], [-84.49199784209122, 22.75867649703292], [-84.53695378526692, 22.75867649703292], [-84.53695378526692, 22.80363244020861], [-84.6268656716183, 22.80363244020861], [-84.671821614794, 22.893544326559983], [-84.80668944432108, 22.893544326559983], [-84.80668944432108, 22.93850026973567], [-84.89660133067247, 22.93850026973567], [-84.89660133067247, 22.98345621291136], [-85.03146916019955, 22.98345621291136], [-85.03146916019955, 23.028412156087047], [-85.16633698972663, 23.118324042438424], [-85.16633698972663, 23.208235928789797], [-85.25624887607802, 23.208235928789797], [-85.25624887607802, 23.253191871965488], [-85.30120481925371, 23.253191871965488], [-85.3461607624294, 23.34310375831686], [-85.4360726487808, 23.34310375831686], [-85.4360726487808, 23.38805970149255], [-85.52598453513218, 23.38805970149255], [-85.52598453513218, 23.433015644668238], [-85.70580830783496, 23.477971587843925], [-85.70580830783496, 23.522927531019615], [-85.75076425101065, 23.522927531019615], [-85.75076425101065, 23.567883474195302], [-85.79572019418634, 23.567883474195302], [-85.88563208053773, 23.702751303722366], [-85.97554396688912, 23.702751303722366], [-85.97554396688912, 23.747707246898052], [-86.02049991006481, 23.747707246898052], [-86.1104117964162, 23.882575076425116], [-86.29023556911898, 23.927531019600803], [-86.29023556911898, 23.972486962776493], [-86.47005934182175, 23.972486962776493], [-86.47005934182175, 24.01744290595218], [-86.55997122817314, 24.062398849127867], [-86.55997122817314, 24.152310735479244], [-86.60492717134883, 24.152310735479244], [-86.60492717134883, 24.19726667865493], [-86.64988311452453, 24.19726667865493], [-86.73979500087592, 24.332134508181994], [-86.8297068872273, 24.332134508181994], [-86.874662830403, 24.42204639453337], [-87.05448660310577, 24.467002337709058], [-87.05448660310577, 24.511958280884745], [-87.18935443263285, 24.60187016723612], [-87.18935443263285, 24.6917820535875], [-87.23431037580855, 24.6917820535875], [-87.27926631898424, 24.781693939938872], [-87.36917820533563, 24.781693939938872], [-87.36917820533563, 24.826649883114563], [-87.41413414851132, 24.826649883114563], [-87.41413414851132, 24.87160582629025], [-87.50404603486271, 24.87160582629025], [-87.5939579212141, 25.006473655817313], [-87.68386980756549, 25.006473655817313], [-87.68386980756549, 25.051429598993], [-87.72882575074118, 25.051429598993], [-87.72882575074118, 25.141341485344377], [-87.77378169391687, 25.141341485344377], [-87.77378169391687, 25.186297428520064], [-87.86369358026826, 25.186297428520064], [-87.86369358026826, 25.23125337169575], [-87.90864952344396, 25.23125337169575], [-87.90864952344396, 25.27620931487144], [-87.95360546661965, 25.27620931487144], [-88.04351735297104, 25.411077144398504], [-88.13342923932242, 25.411077144398504], [-88.17838518249812, 25.500989030749878], [-88.2682970688495, 25.500989030749878], [-88.2682970688495, 25.590900917101255], [-88.3582089552009, 25.590900917101255], [-88.44812084155228, 25.72576874662832], [-88.53803272790367, 25.72576874662832], [-88.53803272790367, 25.770724689804005], [-88.58298867107936, 25.770724689804005], [-88.62794461425506, 25.860636576155382], [-88.71785650060644, 25.860636576155382], [-88.76281244378214, 25.950548462506756], [-88.94263621648491, 25.995504405682446], [-88.94263621648491, 26.040460348858133], [-88.98759215966061, 26.040460348858133], [-88.98759215966061, 26.08541629203382], [-89.0325481028363, 26.08541629203382], [-89.12245998918769, 26.220284121560884], [-89.21237187553908, 26.220284121560884], [-89.30228376189046, 26.355151951087947], [-89.48210753459324, 26.400107894263638], [-89.48210753459324, 26.445063837439324], [-89.52706347776893, 26.445063837439324], [-89.52706347776893, 26.49001978061501], [-89.57201942094463, 26.49001978061501], [-89.66193130729602, 26.624887610142075], [-89.7518431936474, 26.624887610142075], [-89.84175507999879, 26.75975543966914], [-90.02157885270157, 26.804711382844825], [-90.11149073905295, 26.93957921237189], [-90.20140262540434, 26.93957921237189], [-90.20140262540434, 26.98453515554758], [-90.24635856858004, 26.98453515554758], [-90.24635856858004, 27.029491098723266], [-90.29131451175573, 27.029491098723266], [-90.29131451175573, 27.074447041898953], [-90.33627045493142, 27.074447041898953], [-90.33627045493142, 27.119402985074643], [-90.38122639810712, 27.119402985074643], [-90.38122639810712, 27.16435892825033], [-90.42618234128281, 27.16435892825033], [-90.42618234128281, 27.209314871426017], [-90.4711382844585, 27.209314871426017], [-90.4711382844585, 27.254270814601703], [-90.5160942276342, 27.254270814601703], [-90.5160942276342, 27.299226757777394], [-90.65096205716128, 27.389138644128767], [-90.65096205716128, 27.434094587304457], [-90.74087394351267, 27.434094587304457], [-90.74087394351267, 27.479050530480144], [-90.78582988668836, 27.479050530480144], [-90.78582988668836, 27.52400647365583], [-90.83078582986406, 27.52400647365583], [-90.83078582986406, 27.56896241683152], [-90.87574177303975, 27.56896241683152], [-90.87574177303975, 27.613918360007208], [-91.01060960256683, 27.703830246358585], [-91.01060960256683, 27.79374213270996], [-91.05556554574252, 27.79374213270996], [-91.05556554574252, 27.83869807588565], [-91.10052148891822, 27.83869807588565], [-91.10052148891822, 27.883654019061336], [-91.14547743209391, 27.883654019061336], [-91.14547743209391, 27.928609962237022], [-91.280345261621, 28.0185218485884], [-91.280345261621, 28.108433734939773], [-91.37025714797238, 28.153389678115463], [-91.37025714797238, 28.243301564466837], [-91.41521309114808, 28.243301564466837], [-91.41521309114808, 28.288257507642527], [-91.46016903432377, 28.288257507642527], [-91.46016903432377, 28.3781693939939], [-91.55008092067516, 28.42312533716959], [-91.55008092067516, 28.513037223520964], [-91.59503686385085, 28.513037223520964], [-91.59503686385085, 28.692860996223715], [-91.63999280702654, 28.692860996223715], [-91.63999280702654, 28.82772882575078], [-91.68494875020224, 28.82772882575078], [-91.68494875020224, 29.007552598453533], [-91.72990469337793, 29.007552598453533], [-91.72990469337793, 29.502067973386097], [-91.77486063655363, 29.502067973386097]]]]}}]}