{"type": "FeatureCollection", "features": [{"type": "Feature", "properties": {"shapefile": "2021082712_wsp64knt120hr_5km", "PERCENTAGE": "<5%"}, "geometry": {"type": "MultiPolygon", "coordinates": [[[[-94.96673260202789, 28.82772882575078], [-94.96673260202789, 29.05250854162922], [-94.9217766588522, 29.05250854162922], [-94.9217766588522, 29.412156087034724], [-94.8768207156765, 29.412156087034724], [-94.8768207156765, 29.81675957561591], [-94.9217766588522, 29.81675957561591], [-94.9217766588522, 30.67092249595398], [-94.8768207156765, 30.67092249595398], [-94.8768207156765, 30.895702211832422], [-94.83186477250081, 30.895702211832422], [-94.83186477250081, 30.985614098183795], [-94.78690882932511, 30.985614098183795], [-94.78690882932511, 31.075525984535172], [-94.74195288614942, 31.075525984535172], [-94.74195288614942, 31.16543787088655], [-94.69699694297373, 31.16543787088655], [-94.69699694297373, 31.210393814062236], [-94.56212911344664, 31.300305700413613], [-94.56212911344664, 31.390217586764987], [-94.51717317027095, 31.390217586764987], [-94.51717317027095, 31.435173529940677], [-94.47221722709526, 31.435173529940677], [-94.47221722709526, 31.480129473116364], [-94.42726128391956, 31.480129473116364], [-94.42726128391956, 31.52508541629205], [-94.29239345439248, 31.614997302643427], [-94.29239345439248, 31.7049091889948], [-94.24743751121679, 31.7049091889948], [-94.24743751121679, 31.74986513217049], [-94.2024815680411, 31.74986513217049], [-94.2024815680411, 31.794821075346178], [-94.1575256248654, 31.794821075346178], [-94.1575256248654, 31.839777018521865], [-94.1125696816897, 31.839777018521865], [-94.1125696816897, 31.884732961697555], [-94.06761373851401, 31.884732961697555], [-94.06761373851401, 31.92968890487324], [-94.02265779533832, 31.92968890487324], [-93.93274590898693, 32.064556734400306], [-93.75292213628416, 32.10951267757599], [-93.75292213628416, 32.154468620751686], [-93.61805430675707, 32.154468620751686], [-93.61805430675707, 32.199424563927366], [-93.52814242040569, 32.199424563927366], [-93.52814242040569, 32.24438050710306], [-93.3932745908786, 32.24438050710306], [-93.3932745908786, 32.289336450278746], [-93.30336270452722, 32.289336450278746], [-93.30336270452722, 32.33429239345443], [-93.16849487500014, 32.33429239345443], [-93.16849487500014, 32.37924833663012], [-92.98867110229736, 32.37924833663012], [-92.98867110229736, 32.42420427980581], [-92.85380327277028, 32.42420427980581], [-92.85380327277028, 32.4691602229815], [-92.44919978418903, 32.51411616615718], [-92.44919978418903, 32.559072109332874], [-92.22442006831056, 32.559072109332874], [-92.22442006831056, 32.60402805250856], [-91.9996403524321, 32.60402805250856], [-91.9996403524321, 32.64898399568425], [-91.77486063655363, 32.64898399568425], [-91.77486063655363, 32.693939938859934], [-91.55008092067516, 32.693939938859934], [-91.55008092067516, 32.73889588203562], [-91.14547743209391, 32.73889588203562], [-91.14547743209391, 32.783851825211315], [-90.5160942276342, 32.783851825211315], [-90.5160942276342, 32.73889588203562], [-90.33627045493142, 32.73889588203562], [-90.33627045493142, 32.693939938859934], [-90.24635856858004, 32.693939938859934], [-90.24635856858004, 32.64898399568425], [-90.15644668222865, 32.64898399568425], [-90.15644668222865, 32.60402805250856], [-90.06653479587726, 32.60402805250856], [-90.06653479587726, 32.559072109332874], [-89.88671102317448, 32.51411616615718], [-89.84175507999879, 32.42420427980581], [-89.66193130729602, 32.37924833663012], [-89.61697536412032, 32.289336450278746], [-89.52706347776893, 32.289336450278746], [-89.48210753459324, 32.199424563927366], [-89.39219564824185, 32.199424563927366], [-89.39219564824185, 32.154468620751686], [-89.34723970506616, 32.154468620751686], [-89.34723970506616, 32.10951267757599], [-89.30228376189046, 32.10951267757599], [-89.30228376189046, 32.064556734400306], [-89.25732781871477, 32.064556734400306], [-89.25732781871477, 32.01960079122462], [-89.21237187553908, 32.01960079122462], [-89.12245998918769, 31.884732961697555], [-89.0325481028363, 31.884732961697555], [-89.0325481028363, 31.839777018521865], [-88.98759215966061, 31.839777018521865], [-88.98759215966061, 31.794821075346178], [-88.94263621648491, 31.794821075346178], [-88.94263621648491, 31.74986513217049], [-88.89768027330922, 31.74986513217049], [-88.80776838695783, 31.614997302643427], [-88.71785650060644, 31.614997302643427], [-88.71785650060644, 31.570041359467737], [-88.67290055743075, 31.570041359467737], [-88.67290055743075, 31.52508541629205], [-88.62794461425506, 31.52508541629205], [-88.62794461425506, 31.480129473116364], [-88.58298867107936, 31.480129473116364], [-88.58298867107936, 31.435173529940677], [-88.53803272790367, 31.435173529940677], [-88.53803272790367, 31.390217586764987], [-88.49307678472798, 31.390217586764987], [-88.49307678472798, 31.3452616435893], [-88.44812084155228, 31.3452616435893], [-88.44812084155228, 31.300305700413613], [-88.40316489837659, 31.300305700413613], [-88.40316489837659, 31.255349757237923], [-88.3582089552009, 31.255349757237923], [-88.3582089552009, 31.210393814062236], [-88.3132530120252, 31.210393814062236], [-88.3132530120252, 31.16543787088655], [-88.2682970688495, 31.16543787088655], [-88.17838518249812, 31.030570041359486], [-88.08847329614673, 31.030570041359486], [-88.08847329614673, 30.985614098183795], [-88.04351735297104, 30.985614098183795], [-88.04351735297104, 30.94065815500811], [-87.99856140979534, 30.94065815500811], [-87.99856140979534, 30.895702211832422], [-87.95360546661965, 30.895702211832422], [-87.95360546661965, 30.850746268656735], [-87.90864952344396, 30.850746268656735], [-87.90864952344396, 30.805790325481045], [-87.77378169391687, 30.71587843912967], [-87.77378169391687, 30.625966552778294], [-87.72882575074118, 30.625966552778294], [-87.72882575074118, 30.536054666426917], [-87.68386980756549, 30.536054666426917], [-87.68386980756549, 30.446142780075544], [-87.63891386438979, 30.446142780075544], [-87.63891386438979, 30.356230893724167], [-87.5939579212141, 30.356230893724167], [-87.5939579212141, 30.26631900737279], [-87.5490019780384, 30.26631900737279], [-87.5490019780384, 30.176407121021416], [-87.50404603486271, 30.176407121021416], [-87.50404603486271, 30.08649523467004], [-87.45909009168702, 30.08649523467004], [-87.45909009168702, 29.996583348318666], [-87.41413414851132, 29.996583348318666], [-87.41413414851132, 29.90667146196729], [-87.36917820533563, 29.90667146196729], [-87.36917820533563, 29.81675957561591], [-87.32422226215994, 29.81675957561591], [-87.32422226215994, 29.726847689264538], [-87.27926631898424, 29.726847689264538], [-87.27926631898424, 29.591979859737474], [-87.23431037580855, 29.591979859737474], [-87.23431037580855, 29.502067973386097], [-87.18935443263285, 29.502067973386097], [-87.18935443263285, 29.412156087034724], [-87.14439848945716, 29.412156087034724], [-87.14439848945716, 29.322244200683347], [-87.09944254628147, 29.322244200683347], [-87.09944254628147, 29.23233231433197], [-87.05448660310577, 29.23233231433197], [-87.05448660310577, 29.142420427980596], [-87.00953065993008, 29.142420427980596], [-87.00953065993008, 29.05250854162922], [-86.96457471675438, 29.05250854162922], [-86.96457471675438, 28.962596655277842], [-86.91961877357869, 28.962596655277842], [-86.874662830403, 28.78277288257509], [-86.78475094405161, 28.737816939399405], [-86.78475094405161, 28.647905053048028], [-86.69483905770022, 28.60294910987234], [-86.69483905770022, 28.513037223520964], [-86.64988311452453, 28.513037223520964], [-86.64988311452453, 28.468081280345277], [-86.60492717134883, 28.468081280345277], [-86.60492717134883, 28.42312533716959], [-86.55997122817314, 28.42312533716959], [-86.55997122817314, 28.3781693939939], [-86.42510339864606, 28.288257507642527], [-86.42510339864606, 28.19834562129115], [-86.38014745547036, 28.19834562129115], [-86.38014745547036, 28.153389678115463], [-86.33519151229467, 28.153389678115463], [-86.33519151229467, 28.108433734939773], [-86.20032368276759, 28.0185218485884], [-86.20032368276759, 27.928609962237022], [-86.1553677395919, 27.928609962237022], [-86.1553677395919, 27.883654019061336], [-86.02049991006481, 27.79374213270996], [-86.02049991006481, 27.703830246358585], [-85.97554396688912, 27.703830246358585], [-85.97554396688912, 27.658874303182895], [-85.93058802371343, 27.658874303182895], [-85.93058802371343, 27.613918360007208], [-85.79572019418634, 27.52400647365583], [-85.79572019418634, 27.434094587304457], [-85.75076425101065, 27.434094587304457], [-85.75076425101065, 27.389138644128767], [-85.61589642148357, 27.299226757777394], [-85.61589642148357, 27.209314871426017], [-85.52598453513218, 27.16435892825033], [-85.52598453513218, 27.074447041898953], [-85.48102859195649, 27.074447041898953], [-85.48102859195649, 27.029491098723266], [-85.4360726487808, 27.029491098723266], [-85.4360726487808, 26.93957921237189], [-85.3461607624294, 26.894623269196202], [-85.3461607624294, 26.804711382844825], [-85.30120481925371, 26.804711382844825], [-85.25624887607802, 26.624887610142075], [-85.16633698972663, 26.579931666966388], [-85.16633698972663, 26.49001978061501], [-85.12138104655094, 26.49001978061501], [-85.12138104655094, 26.400107894263638], [-85.07642510337524, 26.400107894263638], [-85.07642510337524, 26.31019600791226], [-85.03146916019955, 26.31019600791226], [-85.03146916019955, 26.220284121560884], [-84.94155727384816, 26.175328178385197], [-84.94155727384816, 26.08541629203382], [-84.85164538749677, 26.040460348858133], [-84.85164538749677, 25.950548462506756], [-84.76173350114539, 25.90559251933107], [-84.76173350114539, 25.815680632979692], [-84.6268656716183, 25.72576874662832], [-84.6268656716183, 25.63585686027694], [-84.49199784209122, 25.545944973925568], [-84.49199784209122, 25.45603308757419], [-84.40208595573984, 25.411077144398504], [-84.40208595573984, 25.321165258047127], [-84.35713001256414, 25.321165258047127], [-84.35713001256414, 25.23125337169575], [-84.26721812621275, 25.186297428520064], [-84.26721812621275, 25.09638554216869], [-84.22226218303706, 25.09638554216869], [-84.22226218303706, 25.051429598993], [-84.13235029668567, 25.006473655817313], [-84.13235029668567, 24.916561769465936], [-84.04243841033428, 24.87160582629025], [-84.04243841033428, 24.781693939938872], [-83.99748246715859, 24.781693939938872], [-83.9525265239829, 24.60187016723612], [-83.86261463763151, 24.556914224060435], [-83.86261463763151, 24.467002337709058], [-83.81765869445582, 24.467002337709058], [-83.81765869445582, 24.37709045135768], [-83.77270275128012, 24.37709045135768], [-83.77270275128012, 24.287178565006307], [-83.72774680810443, 24.287178565006307], [-83.72774680810443, 24.19726667865493], [-83.68279086492873, 24.19726667865493], [-83.68279086492873, 24.062398849127867], [-83.63783492175304, 24.062398849127867], [-83.63783492175304, 23.972486962776493], [-83.59287897857735, 23.972486962776493], [-83.59287897857735, 23.882575076425116], [-83.54792303540165, 23.882575076425116], [-83.54792303540165, 23.79266319007374], [-83.50296709222596, 23.79266319007374], [-83.50296709222596, 23.65779536054668], [-83.45801114905026, 23.65779536054668], [-83.45801114905026, 23.567883474195302], [-83.41305520587457, 23.567883474195302], [-83.41305520587457, 23.477971587843925], [-83.36809926269888, 23.477971587843925], [-83.36809926269888, 23.34310375831686], [-83.32314331952318, 23.34310375831686], [-83.32314331952318, 23.253191871965488], [-83.27818737634749, 23.253191871965488], [-83.27818737634749, 23.16327998561411], [-83.2332314331718, 23.16327998561411], [-83.1882754899961, 22.98345621291136], [-83.14331954682041, 22.98345621291136], [-83.14331954682041, 22.93850026973567], [-83.09836360364471, 22.93850026973567], [-83.09836360364471, 22.893544326559983], [-83.05340766046902, 22.893544326559983], [-83.05340766046902, 22.848588383384296], [-83.00845171729333, 22.848588383384296], [-83.00845171729333, 22.80363244020861], [-82.96349577411763, 22.80363244020861], [-82.96349577411763, 22.75867649703292], [-82.82862794459055, 22.668764610681546], [-82.82862794459055, 22.623808667505855], [-82.73871605823916, 22.623808667505855], [-82.73871605823916, 22.57885272433017], [-82.69376011506347, 22.57885272433017], [-82.69376011506347, 22.533896781154482], [-82.55889228553639, 22.443984894803105], [-82.55889228553639, 22.354073008451728], [-82.468980399185, 22.30911706527604], [-82.468980399185, 22.219205178924668], [-82.4240244560093, 22.219205178924668], [-82.4240244560093, 22.12929329257329], [-82.37906851283361, 22.12929329257329], [-82.37906851283361, 21.994425463046227], [-82.33411256965792, 21.994425463046227], [-82.33411256965792, 21.90451357669485], [-82.28915662648222, 21.90451357669485], [-82.28915662648222, 21.814601690343476], [-82.24420068330653, 21.814601690343476], [-82.24420068330653, 21.679733860816413], [-82.19924474013084, 21.679733860816413], [-82.19924474013084, 21.27513037223522], [-82.24420068330653, 21.27513037223522], [-82.24420068330653, 21.185218485883844], [-82.28915662648222, 21.185218485883844], [-82.28915662648222, 21.140262542708157], [-82.33411256965792, 21.140262542708157], [-82.33411256965792, 21.05035065635678], [-82.4240244560093, 21.05035065635678], [-82.468980399185, 20.960438770005407], [-82.55889228553639, 20.960438770005407], [-82.55889228553639, 20.915482826829717], [-82.78367200141486, 20.915482826829717], [-82.78367200141486, 20.87052688365403], [-82.96349577411763, 20.87052688365403], [-82.96349577411763, 20.915482826829717], [-83.2332314331718, 20.915482826829717], [-83.2332314331718, 20.960438770005407], [-83.41305520587457, 20.960438770005407], [-83.41305520587457, 21.005394713181094], [-83.68279086492873, 21.05035065635678], [-83.68279086492873, 21.09530659953247], [-83.77270275128012, 21.09530659953247], [-83.77270275128012, 21.140262542708157], [-83.9075705808072, 21.140262542708157], [-83.9075705808072, 21.185218485883844], [-83.99748246715859, 21.185218485883844], [-83.99748246715859, 21.230174429059534], [-84.17730623986137, 21.27513037223522], [-84.22226218303706, 21.365042258586598], [-84.31217406938845, 21.365042258586598], [-84.31217406938845, 21.409998201762285], [-84.44704189891553, 21.49991008811366], [-84.44704189891553, 21.54486603128935], [-84.53695378526692, 21.54486603128935], [-84.53695378526692, 21.589821974465035], [-84.58190972844261, 21.589821974465035], [-84.58190972844261, 21.634777917640722], [-84.6268656716183, 21.634777917640722], [-84.71677755796969, 21.769645747167786], [-84.89660133067247, 21.814601690343476], [-84.94155727384816, 21.90451357669485], [-85.03146916019955, 21.90451357669485], [-85.03146916019955, 21.94946951987054], [-85.16633698972663, 21.94946951987054], [-85.16633698972663, 21.994425463046227], [-85.25624887607802, 21.994425463046227], [-85.25624887607802, 22.039381406221914], [-85.3911167056051, 22.039381406221914], [-85.3911167056051, 22.084337349397604], [-85.48102859195649, 22.084337349397604], [-85.48102859195649, 22.12929329257329], [-85.61589642148357, 22.12929329257329], [-85.61589642148357, 22.174249235748977], [-85.75076425101065, 22.174249235748977], [-85.75076425101065, 22.219205178924668], [-86.02049991006481, 22.264161122100354], [-86.02049991006481, 22.30911706527604], [-86.1104117964162, 22.30911706527604], [-86.1104117964162, 22.354073008451728], [-86.20032368276759, 22.354073008451728], [-86.20032368276759, 22.399028951627418], [-86.29023556911898, 22.399028951627418], [-86.29023556911898, 22.443984894803105], [-86.38014745547036, 22.443984894803105], [-86.38014745547036, 22.48894083797879], [-86.55997122817314, 22.533896781154482], [-86.55997122817314, 22.57885272433017], [-86.60492717134883, 22.57885272433017], [-86.60492717134883, 22.623808667505855], [-86.69483905770022, 22.623808667505855], [-86.73979500087592, 22.713720553857232], [-86.8297068872273, 22.713720553857232], [-86.874662830403, 22.80363244020861], [-87.05448660310577, 22.848588383384296], [-87.09944254628147, 22.93850026973567], [-87.18935443263285, 22.93850026973567], [-87.18935443263285, 22.98345621291136], [-87.27926631898424, 22.98345621291136], [-87.32422226215994, 23.073368099262733], [-87.41413414851132, 23.073368099262733], [-87.41413414851132, 23.118324042438424], [-87.50404603486271, 23.118324042438424], [-87.5490019780384, 23.208235928789797], [-87.63891386438979, 23.208235928789797], [-87.68386980756549, 23.298147815141174], [-87.86369358026826, 23.34310375831686], [-87.90864952344396, 23.433015644668238], [-87.99856140979534, 23.433015644668238], [-87.99856140979534, 23.477971587843925], [-88.08847329614673, 23.477971587843925], [-88.13342923932242, 23.567883474195302], [-88.3132530120252, 23.61283941737099], [-88.3582089552009, 23.702751303722366], [-88.44812084155228, 23.702751303722366], [-88.44812084155228, 23.747707246898052], [-88.49307678472798, 23.747707246898052], [-88.49307678472798, 23.79266319007374], [-88.58298867107936, 23.79266319007374], [-88.62794461425506, 23.882575076425116], [-88.71785650060644, 23.882575076425116], [-88.71785650060644, 23.927531019600803], [-88.89768027330922, 23.972486962776493], [-88.89768027330922, 24.01744290595218], [-88.94263621648491, 24.01744290595218], [-88.94263621648491, 24.062398849127867], [-89.0325481028363, 24.062398849127867], [-89.077504046012, 24.152310735479244], [-89.16741593236338, 24.152310735479244], [-89.16741593236338, 24.19726667865493], [-89.25732781871477, 24.19726667865493], [-89.30228376189046, 24.287178565006307], [-89.48210753459324, 24.332134508181994], [-89.52706347776893, 24.42204639453337], [-89.61697536412032, 24.42204639453337], [-89.66193130729602, 24.511958280884745], [-89.7518431936474, 24.511958280884745], [-89.7967991368231, 24.60187016723612], [-89.88671102317448, 24.60187016723612], [-89.88671102317448, 24.64682611041181], [-89.93166696635018, 24.64682611041181], [-89.93166696635018, 24.6917820535875], [-90.02157885270157, 24.6917820535875], [-90.06653479587726, 24.781693939938872], [-90.15644668222865, 24.781693939938872], [-90.15644668222865, 24.826649883114563], [-90.24635856858004, 24.826649883114563], [-90.24635856858004, 24.87160582629025], [-90.42618234128281, 24.916561769465936], [-90.42618234128281, 24.961517712641626], [-90.5160942276342, 24.961517712641626], [-90.5160942276342, 25.006473655817313], [-90.69591800033697, 25.051429598993], [-90.69591800033697, 25.09638554216869], [-90.78582988668836, 25.09638554216869], [-90.78582988668836, 25.141341485344377], [-90.87574177303975, 25.141341485344377], [-90.87574177303975, 25.186297428520064], [-91.05556554574252, 25.23125337169575], [-91.05556554574252, 25.27620931487144], [-91.2353893184453, 25.321165258047127], [-91.280345261621, 25.411077144398504], [-91.37025714797238, 25.411077144398504], [-91.37025714797238, 25.45603308757419], [-91.46016903432377, 25.45603308757419], [-91.46016903432377, 25.500989030749878], [-91.63999280702654, 25.545944973925568], [-91.68494875020224, 25.63585686027694], [-91.77486063655363, 25.63585686027694], [-91.77486063655363, 25.680812803452632], [-91.86477252290501, 25.680812803452632], [-91.86477252290501, 25.72576874662832], [-91.9546844092564, 25.72576874662832], [-91.9546844092564, 25.770724689804005], [-92.13450818195918, 25.815680632979692], [-92.13450818195918, 25.860636576155382], [-92.22442006831056, 25.860636576155382], [-92.22442006831056, 25.90559251933107], [-92.40424384101334, 25.950548462506756], [-92.44919978418903, 26.040460348858133], [-92.53911167054042, 26.040460348858133], [-92.53911167054042, 26.08541629203382], [-92.7189354432432, 26.13037223520951], [-92.7189354432432, 26.175328178385197], [-92.76389138641889, 26.175328178385197], [-92.76389138641889, 26.220284121560884], [-92.85380327277028, 26.220284121560884], [-92.89875921594597, 26.31019600791226], [-92.98867110229736, 26.31019600791226], [-93.07858298864875, 26.445063837439324], [-93.16849487500014, 26.445063837439324], [-93.16849487500014, 26.49001978061501], [-93.21345081817583, 26.49001978061501], [-93.30336270452722, 26.624887610142075], [-93.3932745908786, 26.624887610142075], [-93.48318647722999, 26.75975543966914], [-93.57309836358138, 26.75975543966914], [-93.66301024993277, 26.894623269196202], [-93.75292213628416, 26.894623269196202], [-93.75292213628416, 26.93957921237189], [-93.79787807945985, 26.93957921237189], [-93.88778996581124, 27.074447041898953], [-93.97770185216262, 27.074447041898953], [-93.97770185216262, 27.119402985074643], [-94.06761373851401, 27.16435892825033], [-94.06761373851401, 27.254270814601703], [-94.1125696816897, 27.254270814601703], [-94.1125696816897, 27.299226757777394], [-94.1575256248654, 27.299226757777394], [-94.1575256248654, 27.34418270095308], [-94.2024815680411, 27.34418270095308], [-94.2024815680411, 27.389138644128767], [-94.33734939756818, 27.479050530480144], [-94.33734939756818, 27.56896241683152], [-94.42726128391956, 27.613918360007208], [-94.42726128391956, 27.703830246358585], [-94.47221722709526, 27.703830246358585], [-94.47221722709526, 27.748786189534272], [-94.51717317027095, 27.748786189534272], [-94.51717317027095, 27.83869807588565], [-94.60708505662234, 27.883654019061336], [-94.60708505662234, 27.973565905412713], [-94.65204099979803, 27.973565905412713], [-94.65204099979803, 28.063477791764086], [-94.69699694297373, 28.063477791764086], [-94.69699694297373, 28.153389678115463], [-94.74195288614942, 28.153389678115463], [-94.74195288614942, 28.243301564466837], [-94.78690882932511, 28.243301564466837], [-94.78690882932511, 28.333213450818214], [-94.83186477250081, 28.333213450818214], [-94.83186477250081, 28.42312533716959], [-94.8768207156765, 28.42312533716959], [-94.8768207156765, 28.557993166696654], [-94.9217766588522, 28.557993166696654], [-94.9217766588522, 28.82772882575078], [-94.96673260202789, 28.82772882575078]], [[-93.97770185216262, 29.187376371156283], [-93.93274590898693, 29.187376371156283], [-93.93274590898693, 29.007552598453533], [-93.88778996581124, 29.007552598453533], [-93.88778996581124, 28.917640712102155], [-93.84283402263554, 28.917640712102155], [-93.84283402263554, 28.78277288257509], [-93.79787807945985, 28.78277288257509], [-93.79787807945985, 28.692860996223715], [-93.70796619310846, 28.647905053048028], [-93.70796619310846, 28.557993166696654], [-93.66301024993277, 28.557993166696654], [-93.66301024993277, 28.468081280345277], [-93.61805430675707, 28.468081280345277], [-93.57309836358138, 28.288257507642527], [-93.48318647722999, 28.243301564466837], [-93.48318647722999, 28.153389678115463], [-93.3932745908786, 28.108433734939773], [-93.3932745908786, 28.0185218485884], [-93.25840676135152, 27.928609962237022], [-93.25840676135152, 27.83869807588565], [-93.21345081817583, 27.83869807588565], [-93.21345081817583, 27.79374213270996], [-93.16849487500014, 27.79374213270996], [-93.16849487500014, 27.748786189534272], [-93.12353893182444, 27.748786189534272], [-93.12353893182444, 27.703830246358585], [-93.07858298864875, 27.703830246358585], [-93.07858298864875, 27.658874303182895], [-93.03362704547305, 27.658874303182895], [-93.03362704547305, 27.613918360007208], [-92.98867110229736, 27.613918360007208], [-92.98867110229736, 27.56896241683152], [-92.94371515912167, 27.56896241683152], [-92.94371515912167, 27.52400647365583], [-92.89875921594597, 27.52400647365583], [-92.89875921594597, 27.479050530480144], [-92.85380327277028, 27.479050530480144], [-92.85380327277028, 27.434094587304457], [-92.80884732959458, 27.434094587304457], [-92.80884732959458, 27.389138644128767], [-92.76389138641889, 27.389138644128767], [-92.76389138641889, 27.34418270095308], [-92.7189354432432, 27.34418270095308], [-92.7189354432432, 27.299226757777394], [-92.6739795000675, 27.299226757777394], [-92.6739795000675, 27.254270814601703], [-92.62902355689181, 27.254270814601703], [-92.62902355689181, 27.209314871426017], [-92.49415572736473, 27.119402985074643], [-92.49415572736473, 27.074447041898953], [-92.40424384101334, 27.074447041898953], [-92.40424384101334, 27.029491098723266], [-92.35928789783765, 27.029491098723266], [-92.26937601148626, 26.894623269196202], [-92.17946412513487, 26.894623269196202], [-92.17946412513487, 26.849667326020516], [-92.13450818195918, 26.849667326020516], [-92.04459629560779, 26.714799496493452], [-91.9546844092564, 26.714799496493452], [-91.86477252290501, 26.579931666966388], [-91.77486063655363, 26.579931666966388], [-91.72990469337793, 26.49001978061501], [-91.63999280702654, 26.49001978061501], [-91.55008092067516, 26.355151951087947], [-91.46016903432377, 26.355151951087947], [-91.41521309114808, 26.265240064736574], [-91.32530120479669, 26.265240064736574], [-91.2353893184453, 26.13037223520951], [-91.14547743209391, 26.13037223520951], [-91.14547743209391, 26.08541629203382], [-91.10052148891822, 26.08541629203382], [-91.10052148891822, 26.040460348858133], [-91.01060960256683, 26.040460348858133], [-90.96565365939114, 25.950548462506756], [-90.78582988668836, 25.90559251933107], [-90.78582988668836, 25.860636576155382], [-90.60600611398559, 25.815680632979692], [-90.56105017080989, 25.72576874662832], [-90.4711382844585, 25.72576874662832], [-90.4711382844585, 25.680812803452632], [-90.29131451175573, 25.63585686027694], [-90.24635856858004, 25.545944973925568], [-90.15644668222865, 25.545944973925568], [-90.15644668222865, 25.500989030749878], [-90.06653479587726, 25.500989030749878], [-90.06653479587726, 25.45603308757419], [-89.88671102317448, 25.411077144398504], [-89.84175507999879, 25.321165258047127], [-89.7518431936474, 25.321165258047127], [-89.70688725047171, 25.23125337169575], [-89.61697536412032, 25.23125337169575], [-89.57201942094463, 25.141341485344377], [-89.48210753459324, 25.141341485344377], [-89.48210753459324, 25.09638554216869], [-89.43715159141755, 25.09638554216869], [-89.43715159141755, 25.051429598993], [-89.34723970506616, 25.051429598993], [-89.30228376189046, 24.961517712641626], [-89.21237187553908, 24.961517712641626], [-89.21237187553908, 24.916561769465936], [-89.12245998918769, 24.916561769465936], [-89.077504046012, 24.826649883114563], [-88.98759215966061, 24.826649883114563], [-88.94263621648491, 24.736737996763186], [-88.85272433013353, 24.736737996763186], [-88.76281244378214, 24.60187016723612], [-88.58298867107936, 24.556914224060435], [-88.53803272790367, 24.467002337709058], [-88.44812084155228, 24.467002337709058], [-88.40316489837659, 24.37709045135768], [-88.3132530120252, 24.37709045135768], [-88.22334112567381, 24.24222262183062], [-88.13342923932242, 24.24222262183062], [-88.08847329614673, 24.152310735479244], [-87.99856140979534, 24.152310735479244], [-87.90864952344396, 24.01744290595218], [-87.81873763709257, 24.01744290595218], [-87.77378169391687, 23.927531019600803], [-87.68386980756549, 23.927531019600803], [-87.63891386438979, 23.83761913324943], [-87.5490019780384, 23.83761913324943], [-87.45909009168702, 23.702751303722366], [-87.36917820533563, 23.702751303722366], [-87.32422226215994, 23.61283941737099], [-87.23431037580855, 23.61283941737099], [-87.18935443263285, 23.522927531019615], [-87.09944254628147, 23.522927531019615], [-87.05448660310577, 23.433015644668238], [-86.96457471675438, 23.433015644668238], [-86.96457471675438, 23.38805970149255], [-86.91961877357869, 23.38805970149255], [-86.91961877357869, 23.34310375831686], [-86.8297068872273, 23.34310375831686], [-86.78475094405161, 23.253191871965488], [-86.60492717134883, 23.208235928789797], [-86.55997122817314, 23.118324042438424], [-86.38014745547036, 23.073368099262733], [-86.33519151229467, 22.98345621291136], [-86.20032368276759, 22.98345621291136], [-86.20032368276759, 22.93850026973567], [-86.1104117964162, 22.93850026973567], [-86.1104117964162, 22.893544326559983], [-85.93058802371343, 22.848588383384296], [-85.93058802371343, 22.80363244020861], [-85.84067613736204, 22.80363244020861], [-85.84067613736204, 22.75867649703292], [-85.75076425101065, 22.75867649703292], [-85.75076425101065, 22.713720553857232], [-85.61589642148357, 22.713720553857232], [-85.61589642148357, 22.668764610681546], [-85.52598453513218, 22.668764610681546], [-85.52598453513218, 22.623808667505855], [-85.3461607624294, 22.623808667505855], [-85.3461607624294, 22.57885272433017], [-85.16633698972663, 22.57885272433017], [-85.16633698972663, 22.533896781154482], [-84.98651321702386, 22.533896781154482], [-84.98651321702386, 22.48894083797879], [-84.35713001256414, 22.48894083797879], [-84.35713001256414, 22.533896781154482], [-84.26721812621275, 22.533896781154482], [-84.22226218303706, 22.623808667505855], [-84.13235029668567, 22.623808667505855], [-84.13235029668567, 22.713720553857232], [-84.04243841033428, 22.75867649703292], [-84.04243841033428, 22.848588383384296], [-83.99748246715859, 22.848588383384296], [-83.99748246715859, 23.028412156087047], [-83.9525265239829, 23.028412156087047], [-83.99748246715859, 23.522927531019615], [-84.04243841033428, 23.522927531019615], [-84.04243841033428, 23.65779536054668], [-84.08739435350998, 23.65779536054668], [-84.08739435350998, 23.747707246898052], [-84.13235029668567, 23.747707246898052], [-84.13235029668567, 23.83761913324943], [-84.17730623986137, 23.83761913324943], [-84.17730623986137, 23.927531019600803], [-84.22226218303706, 23.927531019600803], [-84.22226218303706, 24.01744290595218], [-84.26721812621275, 24.01744290595218], [-84.26721812621275, 24.107354792303557], [-84.31217406938845, 24.107354792303557], [-84.31217406938845, 24.19726667865493], [-84.35713001256414, 24.19726667865493], [-84.40208595573984, 24.37709045135768], [-84.49199784209122, 24.42204639453337], [-84.53695378526692, 24.60187016723612], [-84.58190972844261, 24.60187016723612], [-84.58190972844261, 24.64682611041181], [-84.671821614794, 24.6917820535875], [-84.671821614794, 24.781693939938872], [-84.71677755796969, 24.781693939938872], [-84.71677755796969, 24.826649883114563], [-84.85164538749677, 24.916561769465936], [-84.85164538749677, 25.006473655817313], [-84.89660133067247, 25.006473655817313], [-84.89660133067247, 25.051429598993], [-84.94155727384816, 25.051429598993], [-84.94155727384816, 25.141341485344377], [-85.07642510337524, 25.23125337169575], [-85.07642510337524, 25.321165258047127], [-85.16633698972663, 25.366121201222814], [-85.16633698972663, 25.45603308757419], [-85.21129293290232, 25.45603308757419], [-85.21129293290232, 25.500989030749878], [-85.3461607624294, 25.590900917101255], [-85.3461607624294, 25.680812803452632], [-85.4360726487808, 25.72576874662832], [-85.4360726487808, 25.815680632979692], [-85.48102859195649, 25.815680632979692], [-85.48102859195649, 25.860636576155382], [-85.57094047830788, 25.90559251933107], [-85.57094047830788, 25.995504405682446], [-85.70580830783496, 26.08541629203382], [-85.70580830783496, 26.175328178385197], [-85.79572019418634, 26.220284121560884], [-85.79572019418634, 26.31019600791226], [-85.88563208053773, 26.355151951087947], [-85.88563208053773, 26.445063837439324], [-85.97554396688912, 26.49001978061501], [-85.97554396688912, 26.579931666966388], [-86.06545585324051, 26.624887610142075], [-86.06545585324051, 26.714799496493452], [-86.20032368276759, 26.804711382844825], [-86.20032368276759, 26.894623269196202], [-86.24527962594328, 26.894623269196202], [-86.24527962594328, 26.93957921237189], [-86.38014745547036, 27.029491098723266], [-86.38014745547036, 27.119402985074643], [-86.42510339864606, 27.119402985074643], [-86.42510339864606, 27.16435892825033], [-86.55997122817314, 27.254270814601703], [-86.55997122817314, 27.34418270095308], [-86.60492717134883, 27.34418270095308], [-86.60492717134883, 27.389138644128767], [-86.73979500087592, 27.479050530480144], [-86.73979500087592, 27.56896241683152], [-86.78475094405161, 27.56896241683152], [-86.78475094405161, 27.613918360007208], [-86.874662830403, 27.658874303182895], [-86.874662830403, 27.748786189534272], [-86.91961877357869, 27.748786189534272], [-86.91961877357869, 27.79374213270996], [-87.05448660310577, 27.883654019061336], [-87.05448660310577, 27.973565905412713], [-87.09944254628147, 27.973565905412713], [-87.09944254628147, 28.0185218485884], [-87.14439848945716, 28.0185218485884], [-87.14439848945716, 28.063477791764086], [-87.27926631898424, 28.153389678115463], [-87.27926631898424, 28.243301564466837], [-87.32422226215994, 28.243301564466837], [-87.32422226215994, 28.288257507642527], [-87.36917820533563, 28.288257507642527], [-87.36917820533563, 28.333213450818214], [-87.50404603486271, 28.42312533716959], [-87.50404603486271, 28.513037223520964], [-87.5490019780384, 28.513037223520964], [-87.5490019780384, 28.557993166696654], [-87.68386980756549, 28.647905053048028], [-87.68386980756549, 28.737816939399405], [-87.81873763709257, 28.82772882575078], [-87.81873763709257, 28.917640712102155], [-87.86369358026826, 28.917640712102155], [-87.86369358026826, 28.962596655277842], [-87.95360546661965, 29.007552598453533], [-87.95360546661965, 29.097464484804906], [-88.08847329614673, 29.187376371156283], [-88.08847329614673, 29.27728825750766], [-88.17838518249812, 29.322244200683347], [-88.17838518249812, 29.412156087034724], [-88.2682970688495, 29.45711203021041], [-88.2682970688495, 29.547023916561784], [-88.3582089552009, 29.591979859737474], [-88.3582089552009, 29.681891746088848], [-88.44812084155228, 29.726847689264538], [-88.44812084155228, 29.81675957561591], [-88.58298867107936, 29.90667146196729], [-88.58298867107936, 29.996583348318666], [-88.62794461425506, 29.996583348318666], [-88.62794461425506, 30.041539291494352], [-88.76281244378214, 30.131451177845726], [-88.76281244378214, 30.221363064197103], [-88.80776838695783, 30.221363064197103], [-88.80776838695783, 30.26631900737279], [-88.85272433013353, 30.26631900737279], [-88.85272433013353, 30.31127495054848], [-88.89768027330922, 30.31127495054848], [-88.89768027330922, 30.356230893724167], [-88.94263621648491, 30.356230893724167], [-88.94263621648491, 30.401186836899853], [-88.98759215966061, 30.401186836899853], [-88.98759215966061, 30.446142780075544], [-89.0325481028363, 30.446142780075544], [-89.0325481028363, 30.49109872325123], [-89.077504046012, 30.49109872325123], [-89.077504046012, 30.536054666426917], [-89.21237187553908, 30.625966552778294], [-89.21237187553908, 30.71587843912967], [-89.25732781871477, 30.71587843912967], [-89.25732781871477, 30.760834382305358], [-89.30228376189046, 30.760834382305358], [-89.30228376189046, 30.805790325481045], [-89.34723970506616, 30.805790325481045], [-89.43715159141755, 30.94065815500811], [-89.52706347776893, 30.94065815500811], [-89.52706347776893, 30.985614098183795], [-89.57201942094463, 30.985614098183795], [-89.57201942094463, 31.030570041359486], [-89.61697536412032, 31.030570041359486], [-89.70688725047171, 31.16543787088655], [-89.7967991368231, 31.16543787088655], [-89.7967991368231, 31.210393814062236], [-89.84175507999879, 31.210393814062236], [-89.84175507999879, 31.255349757237923], [-89.93166696635018, 31.255349757237923], [-89.97662290952587, 31.3452616435893], [-90.15644668222865, 31.390217586764987], [-90.15644668222865, 31.435173529940677], [-90.29131451175573, 31.435173529940677], [-90.29131451175573, 31.480129473116364], [-90.42618234128281, 31.480129473116364], [-90.42618234128281, 31.52508541629205], [-90.56105017080989, 31.52508541629205], [-90.56105017080989, 31.570041359467737], [-90.69591800033697, 31.570041359467737], [-90.69591800033697, 31.614997302643427], [-90.83078582986406, 31.614997302643427], [-90.83078582986406, 31.659953245819114], [-91.05556554574252, 31.659953245819114], [-91.05556554574252, 31.7049091889948], [-91.9996403524321, 31.7049091889948], [-91.9996403524321, 31.659953245819114], [-92.17946412513487, 31.659953245819114], [-92.17946412513487, 31.614997302643427], [-92.31433195466195, 31.614997302643427], [-92.31433195466195, 31.570041359467737], [-92.44919978418903, 31.570041359467737], [-92.44919978418903, 31.52508541629205], [-92.53911167054042, 31.52508541629205], [-92.53911167054042, 31.480129473116364], [-92.6739795000675, 31.480129473116364], [-92.6739795000675, 31.435173529940677], [-92.76389138641889, 31.435173529940677], [-92.80884732959458, 31.3452616435893], [-92.98867110229736, 31.300305700413613], [-93.03362704547305, 31.210393814062236], [-93.12353893182444, 31.210393814062236], [-93.16849487500014, 31.12048192771086], [-93.25840676135152, 31.12048192771086], [-93.25840676135152, 31.075525984535172], [-93.30336270452722, 31.075525984535172], [-93.30336270452722, 31.030570041359486], [-93.34831864770291, 31.030570041359486], [-93.34831864770291, 30.985614098183795], [-93.3932745908786, 30.985614098183795], [-93.3932745908786, 30.94065815500811], [-93.4382305340543, 30.94065815500811], [-93.4382305340543, 30.895702211832422], [-93.48318647722999, 30.895702211832422], [-93.48318647722999, 30.850746268656735], [-93.61805430675707, 30.760834382305358], [-93.61805430675707, 30.67092249595398], [-93.66301024993277, 30.67092249595398], [-93.66301024993277, 30.581010609602608], [-93.70796619310846, 30.581010609602608], [-93.70796619310846, 30.49109872325123], [-93.75292213628416, 30.49109872325123], [-93.79787807945985, 30.131451177845726], [-93.84283402263554, 30.131451177845726], [-93.84283402263554, 29.996583348318666], [-93.88778996581124, 29.996583348318666], [-93.88778996581124, 29.861715518791602], [-93.93274590898693, 29.861715518791602], [-93.93274590898693, 29.681891746088848], [-93.97770185216262, 29.681891746088848], [-93.97770185216262, 29.187376371156283]]]]}}, {"type": "Feature", "properties": {"shapefile": "2021082712_wsp64knt120hr_5km", "PERCENTAGE": "5-10%"}, "geometry": {"type": "MultiPolygon", "coordinates": [[[[-93.97770185216262, 29.187376371156283], [-93.97770185216262, 29.681891746088848], [-93.93274590898693, 29.681891746088848], [-93.93274590898693, 29.861715518791602], [-93.88778996581124, 29.861715518791602], [-93.88778996581124, 29.996583348318666], [-93.84283402263554, 29.996583348318666], [-93.84283402263554, 30.131451177845726], [-93.79787807945985, 30.131451177845726], [-93.75292213628416, 30.49109872325123], [-93.70796619310846, 30.49109872325123], [-93.70796619310846, 30.581010609602608], [-93.66301024993277, 30.581010609602608], [-93.61805430675707, 30.760834382305358], [-93.57309836358138, 30.760834382305358], [-93.57309836358138, 30.805790325481045], [-93.52814242040569, 30.805790325481045], [-93.52814242040569, 30.850746268656735], [-93.48318647722999, 30.850746268656735], [-93.48318647722999, 30.895702211832422], [-93.4382305340543, 30.895702211832422], [-93.4382305340543, 30.94065815500811], [-93.3932745908786, 30.94065815500811], [-93.3932745908786, 30.985614098183795], [-93.34831864770291, 30.985614098183795], [-93.25840676135152, 31.12048192771086], [-93.16849487500014, 31.12048192771086], [-93.16849487500014, 31.16543787088655], [-93.12353893182444, 31.16543787088655], [-93.12353893182444, 31.210393814062236], [-93.03362704547305, 31.210393814062236], [-92.98867110229736, 31.300305700413613], [-92.80884732959458, 31.3452616435893], [-92.76389138641889, 31.435173529940677], [-92.6739795000675, 31.435173529940677], [-92.6739795000675, 31.480129473116364], [-92.53911167054042, 31.480129473116364], [-92.53911167054042, 31.52508541629205], [-92.44919978418903, 31.52508541629205], [-92.44919978418903, 31.570041359467737], [-92.31433195466195, 31.570041359467737], [-92.31433195466195, 31.614997302643427], [-92.17946412513487, 31.614997302643427], [-92.17946412513487, 31.659953245819114], [-91.9996403524321, 31.659953245819114], [-91.9996403524321, 31.7049091889948], [-91.05556554574252, 31.7049091889948], [-91.05556554574252, 31.659953245819114], [-90.83078582986406, 31.659953245819114], [-90.83078582986406, 31.614997302643427], [-90.69591800033697, 31.614997302643427], [-90.69591800033697, 31.570041359467737], [-90.56105017080989, 31.570041359467737], [-90.56105017080989, 31.52508541629205], [-90.42618234128281, 31.52508541629205], [-90.42618234128281, 31.480129473116364], [-90.29131451175573, 31.480129473116364], [-90.29131451175573, 31.435173529940677], [-90.15644668222865, 31.435173529940677], [-90.15644668222865, 31.390217586764987], [-89.97662290952587, 31.3452616435893], [-89.93166696635018, 31.255349757237923], [-89.84175507999879, 31.255349757237923], [-89.7967991368231, 31.16543787088655], [-89.70688725047171, 31.16543787088655], [-89.70688725047171, 31.12048192771086], [-89.66193130729602, 31.12048192771086], [-89.66193130729602, 31.075525984535172], [-89.61697536412032, 31.075525984535172], [-89.52706347776893, 30.94065815500811], [-89.43715159141755, 30.94065815500811], [-89.43715159141755, 30.895702211832422], [-89.39219564824185, 30.895702211832422], [-89.39219564824185, 30.850746268656735], [-89.34723970506616, 30.850746268656735], [-89.34723970506616, 30.805790325481045], [-89.21237187553908, 30.71587843912967], [-89.21237187553908, 30.625966552778294], [-89.16741593236338, 30.625966552778294], [-89.16741593236338, 30.581010609602608], [-89.12245998918769, 30.581010609602608], [-89.12245998918769, 30.536054666426917], [-89.077504046012, 30.536054666426917], [-89.077504046012, 30.49109872325123], [-89.0325481028363, 30.49109872325123], [-89.0325481028363, 30.446142780075544], [-88.98759215966061, 30.446142780075544], [-88.98759215966061, 30.401186836899853], [-88.94263621648491, 30.401186836899853], [-88.94263621648491, 30.356230893724167], [-88.89768027330922, 30.356230893724167], [-88.89768027330922, 30.31127495054848], [-88.76281244378214, 30.221363064197103], [-88.76281244378214, 30.131451177845726], [-88.71785650060644, 30.131451177845726], [-88.71785650060644, 30.08649523467004], [-88.58298867107936, 29.996583348318666], [-88.58298867107936, 29.90667146196729], [-88.44812084155228, 29.81675957561591], [-88.44812084155228, 29.726847689264538], [-88.3582089552009, 29.681891746088848], [-88.3582089552009, 29.591979859737474], [-88.2682970688495, 29.547023916561784], [-88.2682970688495, 29.45711203021041], [-88.22334112567381, 29.45711203021041], [-88.22334112567381, 29.412156087034724], [-88.17838518249812, 29.412156087034724], [-88.17838518249812, 29.322244200683347], [-88.08847329614673, 29.27728825750766], [-88.08847329614673, 29.187376371156283], [-87.95360546661965, 29.097464484804906], [-87.95360546661965, 29.007552598453533], [-87.81873763709257, 28.917640712102155], [-87.81873763709257, 28.82772882575078], [-87.68386980756549, 28.737816939399405], [-87.68386980756549, 28.647905053048028], [-87.63891386438979, 28.647905053048028], [-87.63891386438979, 28.60294910987234], [-87.50404603486271, 28.513037223520964], [-87.50404603486271, 28.42312533716959], [-87.45909009168702, 28.42312533716959], [-87.45909009168702, 28.3781693939939], [-87.41413414851132, 28.3781693939939], [-87.41413414851132, 28.333213450818214], [-87.27926631898424, 28.243301564466837], [-87.27926631898424, 28.153389678115463], [-87.23431037580855, 28.153389678115463], [-87.23431037580855, 28.108433734939773], [-87.18935443263285, 28.108433734939773], [-87.18935443263285, 28.063477791764086], [-87.05448660310577, 27.973565905412713], [-87.05448660310577, 27.883654019061336], [-87.00953065993008, 27.883654019061336], [-87.00953065993008, 27.83869807588565], [-86.874662830403, 27.748786189534272], [-86.874662830403, 27.658874303182895], [-86.73979500087592, 27.56896241683152], [-86.73979500087592, 27.479050530480144], [-86.69483905770022, 27.479050530480144], [-86.69483905770022, 27.434094587304457], [-86.55997122817314, 27.34418270095308], [-86.55997122817314, 27.254270814601703], [-86.51501528499745, 27.254270814601703], [-86.51501528499745, 27.209314871426017], [-86.38014745547036, 27.119402985074643], [-86.38014745547036, 27.029491098723266], [-86.33519151229467, 27.029491098723266], [-86.33519151229467, 26.98453515554758], [-86.20032368276759, 26.894623269196202], [-86.20032368276759, 26.804711382844825], [-86.06545585324051, 26.714799496493452], [-86.06545585324051, 26.624887610142075], [-85.97554396688912, 26.579931666966388], [-85.97554396688912, 26.49001978061501], [-85.88563208053773, 26.445063837439324], [-85.88563208053773, 26.355151951087947], [-85.79572019418634, 26.31019600791226], [-85.79572019418634, 26.220284121560884], [-85.70580830783496, 26.175328178385197], [-85.70580830783496, 26.08541629203382], [-85.66085236465926, 26.08541629203382], [-85.66085236465926, 26.040460348858133], [-85.57094047830788, 25.995504405682446], [-85.57094047830788, 25.90559251933107], [-85.4360726487808, 25.815680632979692], [-85.4360726487808, 25.72576874662832], [-85.3461607624294, 25.680812803452632], [-85.3461607624294, 25.590900917101255], [-85.30120481925371, 25.590900917101255], [-85.30120481925371, 25.545944973925568], [-85.16633698972663, 25.45603308757419], [-85.16633698972663, 25.366121201222814], [-85.12138104655094, 25.366121201222814], [-85.12138104655094, 25.321165258047127], [-85.07642510337524, 25.321165258047127], [-85.07642510337524, 25.23125337169575], [-84.94155727384816, 25.141341485344377], [-84.94155727384816, 25.051429598993], [-84.85164538749677, 25.006473655817313], [-84.85164538749677, 24.916561769465936], [-84.80668944432108, 24.916561769465936], [-84.80668944432108, 24.87160582629025], [-84.671821614794, 24.781693939938872], [-84.671821614794, 24.6917820535875], [-84.53695378526692, 24.60187016723612], [-84.53695378526692, 24.511958280884745], [-84.49199784209122, 24.511958280884745], [-84.49199784209122, 24.42204639453337], [-84.40208595573984, 24.37709045135768], [-84.40208595573984, 24.287178565006307], [-84.35713001256414, 24.287178565006307], [-84.35713001256414, 24.19726667865493], [-84.31217406938845, 24.19726667865493], [-84.31217406938845, 24.107354792303557], [-84.26721812621275, 24.107354792303557], [-84.26721812621275, 24.01744290595218], [-84.22226218303706, 24.01744290595218], [-84.22226218303706, 23.927531019600803], [-84.17730623986137, 23.927531019600803], [-84.17730623986137, 23.83761913324943], [-84.13235029668567, 23.83761913324943], [-84.13235029668567, 23.747707246898052], [-84.08739435350998, 23.747707246898052], [-84.08739435350998, 23.65779536054668], [-84.04243841033428, 23.65779536054668], [-84.04243841033428, 23.522927531019615], [-83.99748246715859, 23.522927531019615], [-83.9525265239829, 23.028412156087047], [-83.99748246715859, 23.028412156087047], [-83.99748246715859, 22.848588383384296], [-84.04243841033428, 22.848588383384296], [-84.04243841033428, 22.75867649703292], [-84.13235029668567, 22.713720553857232], [-84.13235029668567, 22.623808667505855], [-84.22226218303706, 22.623808667505855], [-84.22226218303706, 22.57885272433017], [-84.26721812621275, 22.57885272433017], [-84.26721812621275, 22.533896781154482], [-84.35713001256414, 22.533896781154482], [-84.35713001256414, 22.48894083797879], [-84.98651321702386, 22.48894083797879], [-84.98651321702386, 22.533896781154482], [-85.16633698972663, 22.533896781154482], [-85.16633698972663, 22.57885272433017], [-85.3461607624294, 22.57885272433017], [-85.3461607624294, 22.623808667505855], [-85.52598453513218, 22.623808667505855], [-85.52598453513218, 22.668764610681546], [-85.61589642148357, 22.668764610681546], [-85.61589642148357, 22.713720553857232], [-85.75076425101065, 22.713720553857232], [-85.75076425101065, 22.75867649703292], [-85.84067613736204, 22.75867649703292], [-85.84067613736204, 22.80363244020861], [-85.93058802371343, 22.80363244020861], [-85.93058802371343, 22.848588383384296], [-86.02049991006481, 22.848588383384296], [-86.02049991006481, 22.893544326559983], [-86.20032368276759, 22.93850026973567], [-86.20032368276759, 22.98345621291136], [-86.33519151229467, 22.98345621291136], [-86.38014745547036, 23.073368099262733], [-86.55997122817314, 23.118324042438424], [-86.60492717134883, 23.208235928789797], [-86.78475094405161, 23.253191871965488], [-86.78475094405161, 23.298147815141174], [-86.8297068872273, 23.298147815141174], [-86.8297068872273, 23.34310375831686], [-86.91961877357869, 23.34310375831686], [-86.96457471675438, 23.433015644668238], [-87.05448660310577, 23.433015644668238], [-87.09944254628147, 23.522927531019615], [-87.18935443263285, 23.522927531019615], [-87.18935443263285, 23.567883474195302], [-87.23431037580855, 23.567883474195302], [-87.23431037580855, 23.61283941737099], [-87.32422226215994, 23.61283941737099], [-87.36917820533563, 23.702751303722366], [-87.45909009168702, 23.702751303722366], [-87.5490019780384, 23.83761913324943], [-87.63891386438979, 23.83761913324943], [-87.63891386438979, 23.882575076425116], [-87.68386980756549, 23.882575076425116], [-87.68386980756549, 23.927531019600803], [-87.77378169391687, 23.927531019600803], [-87.81873763709257, 24.01744290595218], [-87.90864952344396, 24.01744290595218], [-87.99856140979534, 24.152310735479244], [-88.08847329614673, 24.152310735479244], [-88.13342923932242, 24.24222262183062], [-88.22334112567381, 24.24222262183062], [-88.3132530120252, 24.37709045135768], [-88.40316489837659, 24.37709045135768], [-88.40316489837659, 24.42204639453337], [-88.44812084155228, 24.42204639453337], [-88.44812084155228, 24.467002337709058], [-88.53803272790367, 24.467002337709058], [-88.58298867107936, 24.556914224060435], [-88.76281244378214, 24.60187016723612], [-88.85272433013353, 24.736737996763186], [-88.94263621648491, 24.736737996763186], [-88.94263621648491, 24.781693939938872], [-88.98759215966061, 24.781693939938872], [-88.98759215966061, 24.826649883114563], [-89.077504046012, 24.826649883114563], [-89.12245998918769, 24.916561769465936], [-89.30228376189046, 24.961517712641626], [-89.34723970506616, 25.051429598993], [-89.43715159141755, 25.051429598993], [-89.48210753459324, 25.141341485344377], [-89.57201942094463, 25.141341485344377], [-89.57201942094463, 25.186297428520064], [-89.61697536412032, 25.186297428520064], [-89.61697536412032, 25.23125337169575], [-89.70688725047171, 25.23125337169575], [-89.7518431936474, 25.321165258047127], [-89.84175507999879, 25.321165258047127], [-89.88671102317448, 25.411077144398504], [-90.06653479587726, 25.45603308757419], [-90.06653479587726, 25.500989030749878], [-90.24635856858004, 25.545944973925568], [-90.29131451175573, 25.63585686027694], [-90.38122639810712, 25.63585686027694], [-90.38122639810712, 25.680812803452632], [-90.56105017080989, 25.72576874662832], [-90.60600611398559, 25.815680632979692], [-90.69591800033697, 25.815680632979692], [-90.69591800033697, 25.860636576155382], [-90.78582988668836, 25.860636576155382], [-90.78582988668836, 25.90559251933107], [-90.96565365939114, 25.950548462506756], [-91.01060960256683, 26.040460348858133], [-91.10052148891822, 26.040460348858133], [-91.14547743209391, 26.13037223520951], [-91.2353893184453, 26.13037223520951], [-91.32530120479669, 26.265240064736574], [-91.41521309114808, 26.265240064736574], [-91.46016903432377, 26.355151951087947], [-91.55008092067516, 26.355151951087947], [-91.63999280702654, 26.49001978061501], [-91.72990469337793, 26.49001978061501], [-91.77486063655363, 26.579931666966388], [-91.86477252290501, 26.579931666966388], [-91.9546844092564, 26.714799496493452], [-92.04459629560779, 26.714799496493452], [-92.04459629560779, 26.75975543966914], [-92.08955223878348, 26.75975543966914], [-92.17946412513487, 26.894623269196202], [-92.26937601148626, 26.894623269196202], [-92.26937601148626, 26.93957921237189], [-92.31433195466195, 26.93957921237189], [-92.40424384101334, 27.074447041898953], [-92.49415572736473, 27.074447041898953], [-92.49415572736473, 27.119402985074643], [-92.53911167054042, 27.119402985074643], [-92.53911167054042, 27.16435892825033], [-92.58406761371612, 27.16435892825033], [-92.58406761371612, 27.209314871426017], [-92.62902355689181, 27.209314871426017], [-92.62902355689181, 27.254270814601703], [-92.6739795000675, 27.254270814601703], [-92.6739795000675, 27.299226757777394], [-92.7189354432432, 27.299226757777394], [-92.7189354432432, 27.34418270095308], [-92.76389138641889, 27.34418270095308], [-92.76389138641889, 27.389138644128767], [-92.80884732959458, 27.389138644128767], [-92.80884732959458, 27.434094587304457], [-92.85380327277028, 27.434094587304457], [-92.85380327277028, 27.479050530480144], [-92.89875921594597, 27.479050530480144], [-92.89875921594597, 27.52400647365583], [-92.94371515912167, 27.52400647365583], [-92.94371515912167, 27.56896241683152], [-92.98867110229736, 27.56896241683152], [-92.98867110229736, 27.613918360007208], [-93.03362704547305, 27.613918360007208], [-93.03362704547305, 27.658874303182895], [-93.07858298864875, 27.658874303182895], [-93.07858298864875, 27.703830246358585], [-93.12353893182444, 27.703830246358585], [-93.12353893182444, 27.748786189534272], [-93.25840676135152, 27.83869807588565], [-93.25840676135152, 27.928609962237022], [-93.3932745908786, 28.0185218485884], [-93.3932745908786, 28.108433734939773], [-93.4382305340543, 28.108433734939773], [-93.4382305340543, 28.153389678115463], [-93.48318647722999, 28.153389678115463], [-93.48318647722999, 28.243301564466837], [-93.57309836358138, 28.288257507642527], [-93.57309836358138, 28.3781693939939], [-93.61805430675707, 28.3781693939939], [-93.61805430675707, 28.468081280345277], [-93.66301024993277, 28.468081280345277], [-93.70796619310846, 28.647905053048028], [-93.79787807945985, 28.692860996223715], [-93.79787807945985, 28.78277288257509], [-93.84283402263554, 28.78277288257509], [-93.84283402263554, 28.917640712102155], [-93.88778996581124, 28.917640712102155], [-93.88778996581124, 29.007552598453533], [-93.93274590898693, 29.007552598453533], [-93.93274590898693, 29.187376371156283], [-93.97770185216262, 29.187376371156283]], [[-93.48318647722999, 29.412156087034724], [-93.4382305340543, 29.412156087034724], [-93.4382305340543, 29.142420427980596], [-93.3932745908786, 29.142420427980596], [-93.3932745908786, 28.962596655277842], [-93.34831864770291, 28.962596655277842], [-93.34831864770291, 28.82772882575078], [-93.30336270452722, 28.82772882575078], [-93.30336270452722, 28.737816939399405], [-93.25840676135152, 28.737816939399405], [-93.21345081817583, 28.557993166696654], [-93.12353893182444, 28.513037223520964], [-93.12353893182444, 28.42312533716959], [-93.07858298864875, 28.42312533716959], [-93.07858298864875, 28.3781693939939], [-92.94371515912167, 28.288257507642527], [-92.94371515912167, 28.19834562129115], [-92.80884732959458, 28.108433734939773], [-92.80884732959458, 28.0185218485884], [-92.76389138641889, 28.0185218485884], [-92.76389138641889, 27.973565905412713], [-92.7189354432432, 27.973565905412713], [-92.7189354432432, 27.928609962237022], [-92.6739795000675, 27.928609962237022], [-92.6739795000675, 27.883654019061336], [-92.62902355689181, 27.883654019061336], [-92.62902355689181, 27.83869807588565], [-92.58406761371612, 27.83869807588565], [-92.58406761371612, 27.79374213270996], [-92.53911167054042, 27.79374213270996], [-92.53911167054042, 27.748786189534272], [-92.49415572736473, 27.748786189534272], [-92.49415572736473, 27.703830246358585], [-92.44919978418903, 27.703830246358585], [-92.44919978418903, 27.658874303182895], [-92.40424384101334, 27.658874303182895], [-92.40424384101334, 27.613918360007208], [-92.26937601148626, 27.52400647365583], [-92.26937601148626, 27.434094587304457], [-92.22442006831056, 27.434094587304457], [-92.22442006831056, 27.389138644128767], [-92.17946412513487, 27.389138644128767], [-92.08955223878348, 27.254270814601703], [-91.9996403524321, 27.254270814601703], [-91.9996403524321, 27.209314871426017], [-91.86477252290501, 27.119402985074643], [-91.86477252290501, 27.074447041898953], [-91.77486063655363, 27.074447041898953], [-91.77486063655363, 27.029491098723266], [-91.72990469337793, 27.029491098723266], [-91.72990469337793, 26.98453515554758], [-91.68494875020224, 26.98453515554758], [-91.68494875020224, 26.93957921237189], [-91.63999280702654, 26.93957921237189], [-91.55008092067516, 26.804711382844825], [-91.46016903432377, 26.804711382844825], [-91.46016903432377, 26.75975543966914], [-91.41521309114808, 26.75975543966914], [-91.32530120479669, 26.624887610142075], [-91.14547743209391, 26.579931666966388], [-91.05556554574252, 26.445063837439324], [-90.96565365939114, 26.445063837439324], [-90.96565365939114, 26.400107894263638], [-90.92069771621544, 26.400107894263638], [-90.83078582986406, 26.265240064736574], [-90.74087394351267, 26.265240064736574], [-90.69591800033697, 26.175328178385197], [-90.56105017080989, 26.175328178385197], [-90.56105017080989, 26.13037223520951], [-90.4711382844585, 26.13037223520951], [-90.4711382844585, 26.08541629203382], [-90.29131451175573, 26.040460348858133], [-90.20140262540434, 25.90559251933107], [-90.11149073905295, 25.90559251933107], [-90.06653479587726, 25.815680632979692], [-89.97662290952587, 25.815680632979692], [-89.97662290952587, 25.770724689804005], [-89.93166696635018, 25.770724689804005], [-89.93166696635018, 25.72576874662832], [-89.84175507999879, 25.72576874662832], [-89.7967991368231, 25.63585686027694], [-89.70688725047171, 25.63585686027694], [-89.70688725047171, 25.590900917101255], [-89.52706347776893, 25.545944973925568], [-89.43715159141755, 25.411077144398504], [-89.34723970506616, 25.411077144398504], [-89.25732781871477, 25.27620931487144], [-89.16741593236338, 25.27620931487144], [-89.12245998918769, 25.186297428520064], [-89.0325481028363, 25.186297428520064], [-88.98759215966061, 25.09638554216869], [-88.89768027330922, 25.09638554216869], [-88.89768027330922, 25.051429598993], [-88.85272433013353, 25.051429598993], [-88.76281244378214, 24.916561769465936], [-88.67290055743075, 24.916561769465936], [-88.58298867107936, 24.781693939938872], [-88.40316489837659, 24.736737996763186], [-88.3132530120252, 24.60187016723612], [-88.22334112567381, 24.60187016723612], [-88.17838518249812, 24.511958280884745], [-88.08847329614673, 24.511958280884745], [-87.99856140979534, 24.37709045135768], [-87.90864952344396, 24.37709045135768], [-87.81873763709257, 24.24222262183062], [-87.72882575074118, 24.24222262183062], [-87.68386980756549, 24.152310735479244], [-87.5939579212141, 24.152310735479244], [-87.50404603486271, 24.01744290595218], [-87.41413414851132, 24.01744290595218], [-87.41413414851132, 23.972486962776493], [-87.36917820533563, 23.972486962776493], [-87.32422226215994, 23.882575076425116], [-87.23431037580855, 23.882575076425116], [-87.14439848945716, 23.747707246898052], [-87.05448660310577, 23.747707246898052], [-87.05448660310577, 23.702751303722366], [-86.874662830403, 23.65779536054668], [-86.8297068872273, 23.567883474195302], [-86.73979500087592, 23.567883474195302], [-86.73979500087592, 23.522927531019615], [-86.69483905770022, 23.522927531019615], [-86.69483905770022, 23.477971587843925], [-86.60492717134883, 23.477971587843925], [-86.55997122817314, 23.38805970149255], [-86.38014745547036, 23.34310375831686], [-86.33519151229467, 23.253191871965488], [-86.24527962594328, 23.253191871965488], [-86.24527962594328, 23.208235928789797], [-86.1553677395919, 23.208235928789797], [-86.1553677395919, 23.16327998561411], [-86.02049991006481, 23.16327998561411], [-86.02049991006481, 23.118324042438424], [-85.88563208053773, 23.118324042438424], [-85.88563208053773, 23.073368099262733], [-85.75076425101065, 23.073368099262733], [-85.75076425101065, 23.028412156087047], [-85.61589642148357, 23.028412156087047], [-85.61589642148357, 22.98345621291136], [-85.57094047830788, 22.98345621291136], [-85.57094047830788, 22.93850026973567], [-85.48102859195649, 22.93850026973567], [-85.48102859195649, 22.893544326559983], [-85.25624887607802, 22.893544326559983], [-85.25624887607802, 22.848588383384296], [-85.07642510337524, 22.848588383384296], [-85.07642510337524, 22.80363244020861], [-84.49199784209122, 22.80363244020861], [-84.49199784209122, 22.848588383384296], [-84.40208595573984, 22.848588383384296], [-84.40208595573984, 22.893544326559983], [-84.35713001256414, 22.893544326559983], [-84.35713001256414, 22.98345621291136], [-84.26721812621275, 23.028412156087047], [-84.26721812621275, 23.567883474195302], [-84.31217406938845, 23.567883474195302], [-84.31217406938845, 23.65779536054668], [-84.40208595573984, 23.702751303722366], [-84.40208595573984, 23.79266319007374], [-84.49199784209122, 23.83761913324943], [-84.49199784209122, 23.927531019600803], [-84.53695378526692, 23.927531019600803], [-84.53695378526692, 24.062398849127867], [-84.58190972844261, 24.062398849127867], [-84.58190972844261, 24.19726667865493], [-84.6268656716183, 24.19726667865493], [-84.6268656716183, 24.287178565006307], [-84.671821614794, 24.287178565006307], [-84.671821614794, 24.332134508181994], [-84.71677755796969, 24.332134508181994], [-84.71677755796969, 24.42204639453337], [-84.76173350114539, 24.42204639453337], [-84.76173350114539, 24.467002337709058], [-84.89660133067247, 24.556914224060435], [-84.89660133067247, 24.64682611041181], [-85.03146916019955, 24.736737996763186], [-85.03146916019955, 24.826649883114563], [-85.07642510337524, 24.826649883114563], [-85.07642510337524, 24.916561769465936], [-85.16633698972663, 24.961517712641626], [-85.16633698972663, 25.051429598993], [-85.25624887607802, 25.09638554216869], [-85.25624887607802, 25.186297428520064], [-85.30120481925371, 25.186297428520064], [-85.30120481925371, 25.23125337169575], [-85.3461607624294, 25.23125337169575], [-85.3461607624294, 25.27620931487144], [-85.48102859195649, 25.366121201222814], [-85.48102859195649, 25.45603308757419], [-85.61589642148357, 25.545944973925568], [-85.61589642148357, 25.63585686027694], [-85.75076425101065, 25.72576874662832], [-85.75076425101065, 25.815680632979692], [-85.79572019418634, 25.815680632979692], [-85.79572019418634, 25.860636576155382], [-85.84067613736204, 25.860636576155382], [-85.84067613736204, 25.90559251933107], [-85.88563208053773, 25.90559251933107], [-85.88563208053773, 25.950548462506756], [-86.02049991006481, 26.040460348858133], [-86.02049991006481, 26.13037223520951], [-86.1104117964162, 26.175328178385197], [-86.1104117964162, 26.265240064736574], [-86.1553677395919, 26.265240064736574], [-86.1553677395919, 26.31019600791226], [-86.20032368276759, 26.31019600791226], [-86.20032368276759, 26.355151951087947], [-86.24527962594328, 26.355151951087947], [-86.24527962594328, 26.400107894263638], [-86.38014745547036, 26.49001978061501], [-86.38014745547036, 26.579931666966388], [-86.42510339864606, 26.579931666966388], [-86.42510339864606, 26.624887610142075], [-86.55997122817314, 26.714799496493452], [-86.55997122817314, 26.804711382844825], [-86.60492717134883, 26.804711382844825], [-86.60492717134883, 26.849667326020516], [-86.64988311452453, 26.849667326020516], [-86.64988311452453, 26.894623269196202], [-86.69483905770022, 26.894623269196202], [-86.69483905770022, 26.93957921237189], [-86.8297068872273, 27.029491098723266], [-86.8297068872273, 27.119402985074643], [-86.874662830403, 27.119402985074643], [-86.874662830403, 27.16435892825033], [-87.00953065993008, 27.254270814601703], [-87.00953065993008, 27.34418270095308], [-87.05448660310577, 27.34418270095308], [-87.05448660310577, 27.389138644128767], [-87.18935443263285, 27.479050530480144], [-87.18935443263285, 27.56896241683152], [-87.27926631898424, 27.613918360007208], [-87.27926631898424, 27.703830246358585], [-87.32422226215994, 27.703830246358585], [-87.32422226215994, 27.748786189534272], [-87.36917820533563, 27.748786189534272], [-87.36917820533563, 27.79374213270996], [-87.41413414851132, 27.79374213270996], [-87.41413414851132, 27.83869807588565], [-87.45909009168702, 27.83869807588565], [-87.45909009168702, 27.883654019061336], [-87.5939579212141, 27.973565905412713], [-87.5939579212141, 28.063477791764086], [-87.68386980756549, 28.108433734939773], [-87.68386980756549, 28.19834562129115], [-87.72882575074118, 28.19834562129115], [-87.72882575074118, 28.243301564466837], [-87.77378169391687, 28.243301564466837], [-87.77378169391687, 28.288257507642527], [-87.81873763709257, 28.288257507642527], [-87.81873763709257, 28.333213450818214], [-87.86369358026826, 28.333213450818214], [-87.86369358026826, 28.3781693939939], [-87.90864952344396, 28.3781693939939], [-87.90864952344396, 28.42312533716959], [-87.95360546661965, 28.42312533716959], [-87.95360546661965, 28.468081280345277], [-88.08847329614673, 28.557993166696654], [-88.08847329614673, 28.647905053048028], [-88.22334112567381, 28.737816939399405], [-88.22334112567381, 28.82772882575078], [-88.2682970688495, 28.82772882575078], [-88.2682970688495, 28.87268476892647], [-88.3132530120252, 28.87268476892647], [-88.3132530120252, 28.917640712102155], [-88.3582089552009, 28.917640712102155], [-88.3582089552009, 28.962596655277842], [-88.49307678472798, 29.05250854162922], [-88.49307678472798, 29.142420427980596], [-88.58298867107936, 29.187376371156283], [-88.58298867107936, 29.27728825750766], [-88.62794461425506, 29.27728825750766], [-88.62794461425506, 29.322244200683347], [-88.67290055743075, 29.322244200683347], [-88.67290055743075, 29.367200143859034], [-88.71785650060644, 29.367200143859034], [-88.71785650060644, 29.412156087034724], [-88.85272433013353, 29.502067973386097], [-88.85272433013353, 29.591979859737474], [-88.89768027330922, 29.591979859737474], [-88.89768027330922, 29.63693580291316], [-88.94263621648491, 29.63693580291316], [-88.94263621648491, 29.681891746088848], [-88.98759215966061, 29.681891746088848], [-88.98759215966061, 29.726847689264538], [-89.0325481028363, 29.726847689264538], [-89.0325481028363, 29.771803632440225], [-89.077504046012, 29.771803632440225], [-89.077504046012, 29.81675957561591], [-89.12245998918769, 29.81675957561591], [-89.21237187553908, 29.951627405142975], [-89.39219564824185, 29.996583348318666], [-89.39219564824185, 30.041539291494352], [-89.52706347776893, 30.131451177845726], [-89.57201942094463, 30.31127495054848], [-89.61697536412032, 30.31127495054848], [-89.61697536412032, 30.356230893724167], [-89.66193130729602, 30.356230893724167], [-89.66193130729602, 30.401186836899853], [-89.70688725047171, 30.401186836899853], [-89.70688725047171, 30.446142780075544], [-89.7518431936474, 30.446142780075544], [-89.7518431936474, 30.49109872325123], [-89.7967991368231, 30.49109872325123], [-89.7967991368231, 30.536054666426917], [-89.84175507999879, 30.536054666426917], [-89.84175507999879, 30.581010609602608], [-89.88671102317448, 30.581010609602608], [-89.88671102317448, 30.625966552778294], [-89.93166696635018, 30.625966552778294], [-90.02157885270157, 30.760834382305358], [-90.20140262540434, 30.805790325481045], [-90.24635856858004, 30.895702211832422], [-90.33627045493142, 30.895702211832422], [-90.33627045493142, 30.94065815500811], [-90.42618234128281, 30.94065815500811], [-90.42618234128281, 30.985614098183795], [-90.56105017080989, 30.985614098183795], [-90.56105017080989, 31.030570041359486], [-90.83078582986406, 31.075525984535172], [-90.83078582986406, 31.12048192771086], [-90.96565365939114, 31.12048192771086], [-90.96565365939114, 31.16543787088655], [-91.280345261621, 31.16543787088655], [-91.280345261621, 31.210393814062236], [-91.59503686385085, 31.210393814062236], [-91.59503686385085, 31.16543787088655], [-91.77486063655363, 31.16543787088655], [-91.77486063655363, 31.12048192771086], [-91.90972846608071, 31.12048192771086], [-91.90972846608071, 31.075525984535172], [-91.9996403524321, 31.075525984535172], [-91.9996403524321, 31.030570041359486], [-92.17946412513487, 31.030570041359486], [-92.17946412513487, 30.985614098183795], [-92.35928789783765, 30.985614098183795], [-92.35928789783765, 30.94065815500811], [-92.49415572736473, 30.94065815500811], [-92.49415572736473, 30.895702211832422], [-92.58406761371612, 30.895702211832422], [-92.58406761371612, 30.850746268656735], [-92.76389138641889, 30.805790325481045], [-92.76389138641889, 30.760834382305358], [-92.80884732959458, 30.760834382305358], [-92.80884732959458, 30.71587843912967], [-92.85380327277028, 30.71587843912967], [-92.85380327277028, 30.67092249595398], [-92.89875921594597, 30.67092249595398], [-92.89875921594597, 30.625966552778294], [-92.94371515912167, 30.625966552778294], [-92.94371515912167, 30.581010609602608], [-93.07858298864875, 30.49109872325123], [-93.07858298864875, 30.401186836899853], [-93.12353893182444, 30.401186836899853], [-93.12353893182444, 30.31127495054848], [-93.16849487500014, 30.31127495054848], [-93.16849487500014, 30.221363064197103], [-93.21345081817583, 30.221363064197103], [-93.21345081817583, 30.041539291494352], [-93.25840676135152, 30.041539291494352], [-93.25840676135152, 29.951627405142975], [-93.30336270452722, 29.951627405142975], [-93.30336270452722, 29.861715518791602], [-93.34831864770291, 29.861715518791602], [-93.34831864770291, 29.771803632440225], [-93.3932745908786, 29.771803632440225], [-93.3932745908786, 29.681891746088848], [-93.4382305340543, 29.681891746088848], [-93.4382305340543, 29.591979859737474], [-93.48318647722999, 29.591979859737474], [-93.48318647722999, 29.412156087034724]]]]}}, {"type": "Feature", "properties": {"shapefile": "2021082712_wsp64knt120hr_5km", "PERCENTAGE": "10-20%"}, "geometry": {"type": "MultiPolygon", "coordinates": [[[[-93.48318647722999, 29.412156087034724], [-93.48318647722999, 29.591979859737474], [-93.4382305340543, 29.591979859737474], [-93.4382305340543, 29.681891746088848], [-93.3932745908786, 29.681891746088848], [-93.3932745908786, 29.771803632440225], [-93.34831864770291, 29.771803632440225], [-93.34831864770291, 29.861715518791602], [-93.30336270452722, 29.861715518791602], [-93.30336270452722, 29.951627405142975], [-93.25840676135152, 29.951627405142975], [-93.25840676135152, 30.041539291494352], [-93.21345081817583, 30.041539291494352], [-93.21345081817583, 30.221363064197103], [-93.16849487500014, 30.221363064197103], [-93.16849487500014, 30.31127495054848], [-93.12353893182444, 30.31127495054848], [-93.07858298864875, 30.49109872325123], [-93.03362704547305, 30.49109872325123], [-93.03362704547305, 30.536054666426917], [-92.98867110229736, 30.536054666426917], [-92.98867110229736, 30.581010609602608], [-92.94371515912167, 30.581010609602608], [-92.94371515912167, 30.625966552778294], [-92.89875921594597, 30.625966552778294], [-92.89875921594597, 30.67092249595398], [-92.85380327277028, 30.67092249595398], [-92.76389138641889, 30.805790325481045], [-92.6739795000675, 30.805790325481045], [-92.6739795000675, 30.850746268656735], [-92.58406761371612, 30.850746268656735], [-92.58406761371612, 30.895702211832422], [-92.49415572736473, 30.895702211832422], [-92.49415572736473, 30.94065815500811], [-92.35928789783765, 30.94065815500811], [-92.35928789783765, 30.985614098183795], [-92.17946412513487, 30.985614098183795], [-92.17946412513487, 31.030570041359486], [-91.9996403524321, 31.030570041359486], [-91.9996403524321, 31.075525984535172], [-91.90972846608071, 31.075525984535172], [-91.90972846608071, 31.12048192771086], [-91.77486063655363, 31.12048192771086], [-91.77486063655363, 31.16543787088655], [-91.59503686385085, 31.16543787088655], [-91.59503686385085, 31.210393814062236], [-91.280345261621, 31.210393814062236], [-91.280345261621, 31.16543787088655], [-90.96565365939114, 31.16543787088655], [-90.96565365939114, 31.12048192771086], [-90.83078582986406, 31.12048192771086], [-90.83078582986406, 31.075525984535172], [-90.69591800033697, 31.075525984535172], [-90.69591800033697, 31.030570041359486], [-90.56105017080989, 31.030570041359486], [-90.56105017080989, 30.985614098183795], [-90.42618234128281, 30.985614098183795], [-90.42618234128281, 30.94065815500811], [-90.24635856858004, 30.895702211832422], [-90.20140262540434, 30.805790325481045], [-90.02157885270157, 30.760834382305358], [-90.02157885270157, 30.71587843912967], [-89.97662290952587, 30.71587843912967], [-89.97662290952587, 30.67092249595398], [-89.93166696635018, 30.67092249595398], [-89.93166696635018, 30.625966552778294], [-89.88671102317448, 30.625966552778294], [-89.88671102317448, 30.581010609602608], [-89.84175507999879, 30.581010609602608], [-89.84175507999879, 30.536054666426917], [-89.7967991368231, 30.536054666426917], [-89.7967991368231, 30.49109872325123], [-89.7518431936474, 30.49109872325123], [-89.7518431936474, 30.446142780075544], [-89.70688725047171, 30.446142780075544], [-89.70688725047171, 30.401186836899853], [-89.57201942094463, 30.31127495054848], [-89.52706347776893, 30.131451177845726], [-89.48210753459324, 30.131451177845726], [-89.39219564824185, 29.996583348318666], [-89.21237187553908, 29.951627405142975], [-89.21237187553908, 29.90667146196729], [-89.16741593236338, 29.90667146196729], [-89.16741593236338, 29.861715518791602], [-89.12245998918769, 29.861715518791602], [-89.12245998918769, 29.81675957561591], [-89.077504046012, 29.81675957561591], [-89.077504046012, 29.771803632440225], [-89.0325481028363, 29.771803632440225], [-89.0325481028363, 29.726847689264538], [-88.98759215966061, 29.726847689264538], [-88.98759215966061, 29.681891746088848], [-88.85272433013353, 29.591979859737474], [-88.85272433013353, 29.502067973386097], [-88.80776838695783, 29.502067973386097], [-88.80776838695783, 29.45711203021041], [-88.76281244378214, 29.45711203021041], [-88.76281244378214, 29.412156087034724], [-88.71785650060644, 29.412156087034724], [-88.71785650060644, 29.367200143859034], [-88.58298867107936, 29.27728825750766], [-88.58298867107936, 29.187376371156283], [-88.49307678472798, 29.142420427980596], [-88.49307678472798, 29.05250854162922], [-88.44812084155228, 29.05250854162922], [-88.44812084155228, 29.007552598453533], [-88.40316489837659, 29.007552598453533], [-88.40316489837659, 28.962596655277842], [-88.3582089552009, 28.962596655277842], [-88.3582089552009, 28.917640712102155], [-88.22334112567381, 28.82772882575078], [-88.22334112567381, 28.737816939399405], [-88.08847329614673, 28.647905053048028], [-88.08847329614673, 28.557993166696654], [-88.04351735297104, 28.557993166696654], [-88.04351735297104, 28.513037223520964], [-87.99856140979534, 28.513037223520964], [-87.99856140979534, 28.468081280345277], [-87.95360546661965, 28.468081280345277], [-87.95360546661965, 28.42312533716959], [-87.90864952344396, 28.42312533716959], [-87.90864952344396, 28.3781693939939], [-87.86369358026826, 28.3781693939939], [-87.86369358026826, 28.333213450818214], [-87.81873763709257, 28.333213450818214], [-87.81873763709257, 28.288257507642527], [-87.68386980756549, 28.19834562129115], [-87.68386980756549, 28.108433734939773], [-87.5939579212141, 28.063477791764086], [-87.5939579212141, 27.973565905412713], [-87.5490019780384, 27.973565905412713], [-87.5490019780384, 27.928609962237022], [-87.50404603486271, 27.928609962237022], [-87.50404603486271, 27.883654019061336], [-87.45909009168702, 27.883654019061336], [-87.45909009168702, 27.83869807588565], [-87.41413414851132, 27.83869807588565], [-87.41413414851132, 27.79374213270996], [-87.27926631898424, 27.703830246358585], [-87.27926631898424, 27.613918360007208], [-87.23431037580855, 27.613918360007208], [-87.23431037580855, 27.56896241683152], [-87.18935443263285, 27.56896241683152], [-87.18935443263285, 27.479050530480144], [-87.14439848945716, 27.479050530480144], [-87.14439848945716, 27.434094587304457], [-87.00953065993008, 27.34418270095308], [-87.00953065993008, 27.254270814601703], [-86.96457471675438, 27.254270814601703], [-86.96457471675438, 27.209314871426017], [-86.8297068872273, 27.119402985074643], [-86.8297068872273, 27.029491098723266], [-86.78475094405161, 27.029491098723266], [-86.78475094405161, 26.98453515554758], [-86.73979500087592, 26.98453515554758], [-86.73979500087592, 26.93957921237189], [-86.69483905770022, 26.93957921237189], [-86.69483905770022, 26.894623269196202], [-86.55997122817314, 26.804711382844825], [-86.55997122817314, 26.714799496493452], [-86.51501528499745, 26.714799496493452], [-86.51501528499745, 26.66984355331776], [-86.38014745547036, 26.579931666966388], [-86.38014745547036, 26.49001978061501], [-86.33519151229467, 26.49001978061501], [-86.33519151229467, 26.445063837439324], [-86.29023556911898, 26.445063837439324], [-86.29023556911898, 26.400107894263638], [-86.24527962594328, 26.400107894263638], [-86.24527962594328, 26.355151951087947], [-86.1104117964162, 26.265240064736574], [-86.1104117964162, 26.175328178385197], [-86.02049991006481, 26.13037223520951], [-86.02049991006481, 26.040460348858133], [-85.97554396688912, 26.040460348858133], [-85.97554396688912, 25.995504405682446], [-85.93058802371343, 25.995504405682446], [-85.93058802371343, 25.950548462506756], [-85.88563208053773, 25.950548462506756], [-85.88563208053773, 25.90559251933107], [-85.75076425101065, 25.815680632979692], [-85.75076425101065, 25.72576874662832], [-85.61589642148357, 25.63585686027694], [-85.61589642148357, 25.545944973925568], [-85.48102859195649, 25.45603308757419], [-85.48102859195649, 25.366121201222814], [-85.4360726487808, 25.366121201222814], [-85.4360726487808, 25.321165258047127], [-85.3911167056051, 25.321165258047127], [-85.3911167056051, 25.27620931487144], [-85.25624887607802, 25.186297428520064], [-85.25624887607802, 25.09638554216869], [-85.21129293290232, 25.09638554216869], [-85.21129293290232, 25.051429598993], [-85.16633698972663, 25.051429598993], [-85.16633698972663, 24.961517712641626], [-85.07642510337524, 24.916561769465936], [-85.03146916019955, 24.736737996763186], [-84.89660133067247, 24.64682611041181], [-84.89660133067247, 24.556914224060435], [-84.85164538749677, 24.556914224060435], [-84.85164538749677, 24.511958280884745], [-84.71677755796969, 24.42204639453337], [-84.71677755796969, 24.332134508181994], [-84.6268656716183, 24.287178565006307], [-84.6268656716183, 24.19726667865493], [-84.58190972844261, 24.19726667865493], [-84.58190972844261, 24.062398849127867], [-84.53695378526692, 24.062398849127867], [-84.53695378526692, 23.927531019600803], [-84.49199784209122, 23.927531019600803], [-84.49199784209122, 23.83761913324943], [-84.40208595573984, 23.79266319007374], [-84.40208595573984, 23.702751303722366], [-84.35713001256414, 23.702751303722366], [-84.35713001256414, 23.65779536054668], [-84.31217406938845, 23.65779536054668], [-84.31217406938845, 23.567883474195302], [-84.26721812621275, 23.567883474195302], [-84.26721812621275, 23.028412156087047], [-84.35713001256414, 22.98345621291136], [-84.35713001256414, 22.893544326559983], [-84.40208595573984, 22.893544326559983], [-84.40208595573984, 22.848588383384296], [-84.49199784209122, 22.848588383384296], [-84.49199784209122, 22.80363244020861], [-85.07642510337524, 22.80363244020861], [-85.07642510337524, 22.848588383384296], [-85.25624887607802, 22.848588383384296], [-85.25624887607802, 22.893544326559983], [-85.48102859195649, 22.893544326559983], [-85.48102859195649, 22.93850026973567], [-85.57094047830788, 22.93850026973567], [-85.61589642148357, 23.028412156087047], [-85.75076425101065, 23.028412156087047], [-85.75076425101065, 23.073368099262733], [-85.88563208053773, 23.073368099262733], [-85.88563208053773, 23.118324042438424], [-86.02049991006481, 23.118324042438424], [-86.02049991006481, 23.16327998561411], [-86.1553677395919, 23.16327998561411], [-86.1553677395919, 23.208235928789797], [-86.33519151229467, 23.253191871965488], [-86.38014745547036, 23.34310375831686], [-86.47005934182175, 23.34310375831686], [-86.47005934182175, 23.38805970149255], [-86.55997122817314, 23.38805970149255], [-86.60492717134883, 23.477971587843925], [-86.69483905770022, 23.477971587843925], [-86.73979500087592, 23.567883474195302], [-86.8297068872273, 23.567883474195302], [-86.874662830403, 23.65779536054668], [-86.96457471675438, 23.65779536054668], [-86.96457471675438, 23.702751303722366], [-87.14439848945716, 23.747707246898052], [-87.23431037580855, 23.882575076425116], [-87.32422226215994, 23.882575076425116], [-87.32422226215994, 23.927531019600803], [-87.36917820533563, 23.927531019600803], [-87.41413414851132, 24.01744290595218], [-87.50404603486271, 24.01744290595218], [-87.5939579212141, 24.152310735479244], [-87.68386980756549, 24.152310735479244], [-87.68386980756549, 24.19726667865493], [-87.72882575074118, 24.19726667865493], [-87.72882575074118, 24.24222262183062], [-87.81873763709257, 24.24222262183062], [-87.90864952344396, 24.37709045135768], [-87.99856140979534, 24.37709045135768], [-88.08847329614673, 24.511958280884745], [-88.17838518249812, 24.511958280884745], [-88.22334112567381, 24.60187016723612], [-88.3132530120252, 24.60187016723612], [-88.40316489837659, 24.736737996763186], [-88.58298867107936, 24.781693939938872], [-88.67290055743075, 24.916561769465936], [-88.76281244378214, 24.916561769465936], [-88.76281244378214, 24.961517712641626], [-88.80776838695783, 24.961517712641626], [-88.89768027330922, 25.09638554216869], [-88.98759215966061, 25.09638554216869], [-88.98759215966061, 25.141341485344377], [-89.0325481028363, 25.141341485344377], [-89.0325481028363, 25.186297428520064], [-89.12245998918769, 25.186297428520064], [-89.16741593236338, 25.27620931487144], [-89.25732781871477, 25.27620931487144], [-89.25732781871477, 25.321165258047127], [-89.30228376189046, 25.321165258047127], [-89.34723970506616, 25.411077144398504], [-89.43715159141755, 25.411077144398504], [-89.52706347776893, 25.545944973925568], [-89.61697536412032, 25.545944973925568], [-89.61697536412032, 25.590900917101255], [-89.7967991368231, 25.63585686027694], [-89.84175507999879, 25.72576874662832], [-89.93166696635018, 25.72576874662832], [-89.93166696635018, 25.770724689804005], [-89.97662290952587, 25.770724689804005], [-89.97662290952587, 25.815680632979692], [-90.06653479587726, 25.815680632979692], [-90.11149073905295, 25.90559251933107], [-90.20140262540434, 25.90559251933107], [-90.29131451175573, 26.040460348858133], [-90.38122639810712, 26.040460348858133], [-90.38122639810712, 26.08541629203382], [-90.4711382844585, 26.08541629203382], [-90.4711382844585, 26.13037223520951], [-90.56105017080989, 26.13037223520951], [-90.56105017080989, 26.175328178385197], [-90.69591800033697, 26.175328178385197], [-90.74087394351267, 26.265240064736574], [-90.83078582986406, 26.265240064736574], [-90.83078582986406, 26.31019600791226], [-90.87574177303975, 26.31019600791226], [-90.96565365939114, 26.445063837439324], [-91.05556554574252, 26.445063837439324], [-91.14547743209391, 26.579931666966388], [-91.32530120479669, 26.624887610142075], [-91.32530120479669, 26.66984355331776], [-91.37025714797238, 26.66984355331776], [-91.46016903432377, 26.804711382844825], [-91.55008092067516, 26.804711382844825], [-91.55008092067516, 26.849667326020516], [-91.59503686385085, 26.849667326020516], [-91.59503686385085, 26.894623269196202], [-91.63999280702654, 26.894623269196202], [-91.63999280702654, 26.93957921237189], [-91.68494875020224, 26.93957921237189], [-91.77486063655363, 27.074447041898953], [-91.86477252290501, 27.074447041898953], [-91.86477252290501, 27.119402985074643], [-91.90972846608071, 27.119402985074643], [-91.9996403524321, 27.254270814601703], [-92.08955223878348, 27.254270814601703], [-92.08955223878348, 27.299226757777394], [-92.13450818195918, 27.299226757777394], [-92.13450818195918, 27.34418270095308], [-92.26937601148626, 27.434094587304457], [-92.26937601148626, 27.52400647365583], [-92.31433195466195, 27.52400647365583], [-92.31433195466195, 27.56896241683152], [-92.35928789783765, 27.56896241683152], [-92.35928789783765, 27.613918360007208], [-92.40424384101334, 27.613918360007208], [-92.40424384101334, 27.658874303182895], [-92.44919978418903, 27.658874303182895], [-92.44919978418903, 27.703830246358585], [-92.49415572736473, 27.703830246358585], [-92.49415572736473, 27.748786189534272], [-92.53911167054042, 27.748786189534272], [-92.53911167054042, 27.79374213270996], [-92.58406761371612, 27.79374213270996], [-92.58406761371612, 27.83869807588565], [-92.62902355689181, 27.83869807588565], [-92.62902355689181, 27.883654019061336], [-92.6739795000675, 27.883654019061336], [-92.6739795000675, 27.928609962237022], [-92.80884732959458, 28.0185218485884], [-92.80884732959458, 28.108433734939773], [-92.85380327277028, 28.108433734939773], [-92.85380327277028, 28.153389678115463], [-92.94371515912167, 28.19834562129115], [-92.94371515912167, 28.288257507642527], [-92.98867110229736, 28.288257507642527], [-92.98867110229736, 28.333213450818214], [-93.12353893182444, 28.42312533716959], [-93.12353893182444, 28.513037223520964], [-93.21345081817583, 28.557993166696654], [-93.21345081817583, 28.647905053048028], [-93.25840676135152, 28.647905053048028], [-93.25840676135152, 28.737816939399405], [-93.30336270452722, 28.737816939399405], [-93.30336270452722, 28.82772882575078], [-93.34831864770291, 28.82772882575078], [-93.34831864770291, 28.962596655277842], [-93.3932745908786, 28.962596655277842], [-93.3932745908786, 29.142420427980596], [-93.4382305340543, 29.142420427980596], [-93.4382305340543, 29.412156087034724], [-93.48318647722999, 29.412156087034724]], [[-92.89875921594597, 29.45711203021041], [-92.85380327277028, 29.45711203021041], [-92.85380327277028, 29.007552598453533], [-92.80884732959458, 29.007552598453533], [-92.80884732959458, 28.917640712102155], [-92.76389138641889, 28.917640712102155], [-92.7189354432432, 28.737816939399405], [-92.62902355689181, 28.692860996223715], [-92.58406761371612, 28.513037223520964], [-92.44919978418903, 28.42312533716959], [-92.40424384101334, 28.243301564466837], [-92.26937601148626, 28.153389678115463], [-92.26937601148626, 28.063477791764086], [-92.22442006831056, 28.063477791764086], [-92.22442006831056, 28.0185218485884], [-92.08955223878348, 27.928609962237022], [-92.08955223878348, 27.83869807588565], [-92.04459629560779, 27.83869807588565], [-92.04459629560779, 27.79374213270996], [-91.9996403524321, 27.79374213270996], [-91.9996403524321, 27.748786189534272], [-91.9546844092564, 27.748786189534272], [-91.9546844092564, 27.703830246358585], [-91.90972846608071, 27.703830246358585], [-91.81981657972932, 27.56896241683152], [-91.72990469337793, 27.56896241683152], [-91.72990469337793, 27.479050530480144], [-91.68494875020224, 27.479050530480144], [-91.63999280702654, 27.389138644128767], [-91.55008092067516, 27.389138644128767], [-91.55008092067516, 27.34418270095308], [-91.50512497749946, 27.34418270095308], [-91.50512497749946, 27.299226757777394], [-91.46016903432377, 27.299226757777394], [-91.46016903432377, 27.254270814601703], [-91.41521309114808, 27.254270814601703], [-91.41521309114808, 27.209314871426017], [-91.37025714797238, 27.209314871426017], [-91.37025714797238, 27.16435892825033], [-91.32530120479669, 27.16435892825033], [-91.32530120479669, 27.119402985074643], [-91.280345261621, 27.119402985074643], [-91.280345261621, 27.074447041898953], [-91.14547743209391, 26.98453515554758], [-91.14547743209391, 26.93957921237189], [-91.05556554574252, 26.93957921237189], [-91.05556554574252, 26.894623269196202], [-91.01060960256683, 26.894623269196202], [-90.92069771621544, 26.75975543966914], [-90.83078582986406, 26.75975543966914], [-90.83078582986406, 26.714799496493452], [-90.78582988668836, 26.714799496493452], [-90.69591800033697, 26.579931666966388], [-90.60600611398559, 26.579931666966388], [-90.5160942276342, 26.445063837439324], [-90.42618234128281, 26.445063837439324], [-90.38122639810712, 26.355151951087947], [-90.29131451175573, 26.355151951087947], [-90.24635856858004, 26.265240064736574], [-90.15644668222865, 26.265240064736574], [-90.06653479587726, 26.13037223520951], [-89.97662290952587, 26.13037223520951], [-89.93166696635018, 26.040460348858133], [-89.84175507999879, 26.040460348858133], [-89.7518431936474, 25.90559251933107], [-89.66193130729602, 25.90559251933107], [-89.57201942094463, 25.770724689804005], [-89.48210753459324, 25.770724689804005], [-89.43715159141755, 25.680812803452632], [-89.34723970506616, 25.680812803452632], [-89.34723970506616, 25.63585686027694], [-89.30228376189046, 25.63585686027694], [-89.25732781871477, 25.545944973925568], [-89.16741593236338, 25.545944973925568], [-89.077504046012, 25.411077144398504], [-88.98759215966061, 25.411077144398504], [-88.94263621648491, 25.321165258047127], [-88.85272433013353, 25.321165258047127], [-88.85272433013353, 25.27620931487144], [-88.80776838695783, 25.27620931487144], [-88.76281244378214, 25.186297428520064], [-88.67290055743075, 25.186297428520064], [-88.58298867107936, 25.051429598993], [-88.49307678472798, 25.051429598993], [-88.44812084155228, 24.961517712641626], [-88.3582089552009, 24.961517712641626], [-88.2682970688495, 24.826649883114563], [-88.17838518249812, 24.826649883114563], [-88.08847329614673, 24.6917820535875], [-87.99856140979534, 24.6917820535875], [-87.99856140979534, 24.64682611041181], [-87.95360546661965, 24.64682611041181], [-87.90864952344396, 24.556914224060435], [-87.81873763709257, 24.556914224060435], [-87.72882575074118, 24.42204639453337], [-87.63891386438979, 24.42204639453337], [-87.5939579212141, 24.332134508181994], [-87.50404603486271, 24.332134508181994], [-87.50404603486271, 24.287178565006307], [-87.45909009168702, 24.287178565006307], [-87.41413414851132, 24.19726667865493], [-87.32422226215994, 24.19726667865493], [-87.23431037580855, 24.062398849127867], [-87.14439848945716, 24.062398849127867], [-87.14439848945716, 24.01744290595218], [-87.09944254628147, 24.01744290595218], [-87.09944254628147, 23.972486962776493], [-87.00953065993008, 23.972486962776493], [-86.96457471675438, 23.882575076425116], [-86.874662830403, 23.882575076425116], [-86.8297068872273, 23.79266319007374], [-86.64988311452453, 23.747707246898052], [-86.60492717134883, 23.65779536054668], [-86.51501528499745, 23.65779536054668], [-86.51501528499745, 23.61283941737099], [-86.33519151229467, 23.567883474195302], [-86.29023556911898, 23.477971587843925], [-86.20032368276759, 23.477971587843925], [-86.20032368276759, 23.433015644668238], [-86.06545585324051, 23.433015644668238], [-86.06545585324051, 23.38805970149255], [-85.97554396688912, 23.38805970149255], [-85.97554396688912, 23.34310375831686], [-85.84067613736204, 23.34310375831686], [-85.84067613736204, 23.298147815141174], [-85.70580830783496, 23.298147815141174], [-85.70580830783496, 23.253191871965488], [-85.57094047830788, 23.253191871965488], [-85.57094047830788, 23.208235928789797], [-85.30120481925371, 23.208235928789797], [-85.30120481925371, 23.16327998561411], [-84.94155727384816, 23.16327998561411], [-84.94155727384816, 23.208235928789797], [-84.85164538749677, 23.208235928789797], [-84.85164538749677, 23.253191871965488], [-84.76173350114539, 23.253191871965488], [-84.76173350114539, 23.298147815141174], [-84.671821614794, 23.34310375831686], [-84.671821614794, 23.433015644668238], [-84.6268656716183, 23.433015644668238], [-84.6268656716183, 23.61283941737099], [-84.671821614794, 23.61283941737099], [-84.671821614794, 23.747707246898052], [-84.71677755796969, 23.747707246898052], [-84.71677755796969, 23.927531019600803], [-84.76173350114539, 23.927531019600803], [-84.76173350114539, 24.062398849127867], [-84.85164538749677, 24.107354792303557], [-84.89660133067247, 24.287178565006307], [-84.98651321702386, 24.332134508181994], [-84.98651321702386, 24.42204639453337], [-85.07642510337524, 24.467002337709058], [-85.07642510337524, 24.556914224060435], [-85.16633698972663, 24.60187016723612], [-85.16633698972663, 24.6917820535875], [-85.25624887607802, 24.736737996763186], [-85.25624887607802, 24.826649883114563], [-85.3461607624294, 24.87160582629025], [-85.3461607624294, 24.961517712641626], [-85.48102859195649, 25.051429598993], [-85.48102859195649, 25.141341485344377], [-85.52598453513218, 25.141341485344377], [-85.52598453513218, 25.186297428520064], [-85.66085236465926, 25.27620931487144], [-85.66085236465926, 25.366121201222814], [-85.70580830783496, 25.366121201222814], [-85.70580830783496, 25.411077144398504], [-85.84067613736204, 25.500989030749878], [-85.84067613736204, 25.590900917101255], [-85.88563208053773, 25.590900917101255], [-85.88563208053773, 25.63585686027694], [-86.02049991006481, 25.72576874662832], [-86.02049991006481, 25.815680632979692], [-86.06545585324051, 25.815680632979692], [-86.06545585324051, 25.860636576155382], [-86.1104117964162, 25.860636576155382], [-86.1104117964162, 25.90559251933107], [-86.24527962594328, 25.995504405682446], [-86.24527962594328, 26.08541629203382], [-86.29023556911898, 26.08541629203382], [-86.29023556911898, 26.13037223520951], [-86.33519151229467, 26.13037223520951], [-86.33519151229467, 26.175328178385197], [-86.47005934182175, 26.265240064736574], [-86.47005934182175, 26.355151951087947], [-86.51501528499745, 26.355151951087947], [-86.51501528499745, 26.400107894263638], [-86.55997122817314, 26.400107894263638], [-86.55997122817314, 26.445063837439324], [-86.69483905770022, 26.5349757237907], [-86.69483905770022, 26.624887610142075], [-86.73979500087592, 26.624887610142075], [-86.73979500087592, 26.66984355331776], [-86.78475094405161, 26.66984355331776], [-86.78475094405161, 26.714799496493452], [-86.8297068872273, 26.714799496493452], [-86.8297068872273, 26.75975543966914], [-86.874662830403, 26.75975543966914], [-86.874662830403, 26.804711382844825], [-87.00953065993008, 26.894623269196202], [-87.00953065993008, 26.98453515554758], [-87.05448660310577, 26.98453515554758], [-87.05448660310577, 27.029491098723266], [-87.09944254628147, 27.029491098723266], [-87.09944254628147, 27.074447041898953], [-87.14439848945716, 27.074447041898953], [-87.14439848945716, 27.119402985074643], [-87.18935443263285, 27.119402985074643], [-87.18935443263285, 27.16435892825033], [-87.23431037580855, 27.16435892825033], [-87.23431037580855, 27.209314871426017], [-87.36917820533563, 27.299226757777394], [-87.36917820533563, 27.389138644128767], [-87.41413414851132, 27.389138644128767], [-87.41413414851132, 27.434094587304457], [-87.45909009168702, 27.434094587304457], [-87.45909009168702, 27.479050530480144], [-87.50404603486271, 27.479050530480144], [-87.50404603486271, 27.52400647365583], [-87.5490019780384, 27.52400647365583], [-87.5490019780384, 27.56896241683152], [-87.5939579212141, 27.56896241683152], [-87.5939579212141, 27.613918360007208], [-87.63891386438979, 27.613918360007208], [-87.63891386438979, 27.658874303182895], [-87.68386980756549, 27.658874303182895], [-87.68386980756549, 27.703830246358585], [-87.72882575074118, 27.703830246358585], [-87.72882575074118, 27.748786189534272], [-87.86369358026826, 27.83869807588565], [-87.86369358026826, 27.928609962237022], [-87.90864952344396, 27.928609962237022], [-87.90864952344396, 27.973565905412713], [-87.95360546661965, 27.973565905412713], [-87.95360546661965, 28.0185218485884], [-87.99856140979534, 28.0185218485884], [-87.99856140979534, 28.063477791764086], [-88.04351735297104, 28.063477791764086], [-88.04351735297104, 28.108433734939773], [-88.08847329614673, 28.108433734939773], [-88.08847329614673, 28.153389678115463], [-88.13342923932242, 28.153389678115463], [-88.13342923932242, 28.19834562129115], [-88.17838518249812, 28.19834562129115], [-88.17838518249812, 28.243301564466837], [-88.22334112567381, 28.243301564466837], [-88.22334112567381, 28.288257507642527], [-88.2682970688495, 28.288257507642527], [-88.2682970688495, 28.333213450818214], [-88.3132530120252, 28.333213450818214], [-88.3132530120252, 28.3781693939939], [-88.3582089552009, 28.3781693939939], [-88.3582089552009, 28.42312533716959], [-88.40316489837659, 28.42312533716959], [-88.40316489837659, 28.468081280345277], [-88.44812084155228, 28.468081280345277], [-88.44812084155228, 28.513037223520964], [-88.49307678472798, 28.513037223520964], [-88.49307678472798, 28.557993166696654], [-88.53803272790367, 28.557993166696654], [-88.53803272790367, 28.60294910987234], [-88.67290055743075, 28.692860996223715], [-88.67290055743075, 28.78277288257509], [-88.71785650060644, 28.78277288257509], [-88.80776838695783, 28.917640712102155], [-88.89768027330922, 28.917640712102155], [-88.89768027330922, 28.962596655277842], [-88.98759215966061, 29.007552598453533], [-88.98759215966061, 29.097464484804906], [-89.0325481028363, 29.097464484804906], [-89.0325481028363, 29.142420427980596], [-89.077504046012, 29.142420427980596], [-89.077504046012, 29.187376371156283], [-89.12245998918769, 29.187376371156283], [-89.12245998918769, 29.23233231433197], [-89.16741593236338, 29.23233231433197], [-89.16741593236338, 29.27728825750766], [-89.21237187553908, 29.27728825750766], [-89.21237187553908, 29.322244200683347], [-89.25732781871477, 29.322244200683347], [-89.25732781871477, 29.367200143859034], [-89.30228376189046, 29.367200143859034], [-89.39219564824185, 29.502067973386097], [-89.57201942094463, 29.547023916561784], [-89.57201942094463, 29.591979859737474], [-89.61697536412032, 29.591979859737474], [-89.61697536412032, 29.63693580291316], [-89.70688725047171, 29.63693580291316], [-89.7967991368231, 29.771803632440225], [-89.88671102317448, 29.771803632440225], [-89.88671102317448, 29.81675957561591], [-90.02157885270157, 29.90667146196729], [-90.02157885270157, 29.996583348318666], [-90.06653479587726, 29.996583348318666], [-90.06653479587726, 30.041539291494352], [-90.20140262540434, 30.131451177845726], [-90.20140262540434, 30.176407121021416], [-90.29131451175573, 30.176407121021416], [-90.29131451175573, 30.221363064197103], [-90.33627045493142, 30.221363064197103], [-90.33627045493142, 30.26631900737279], [-90.42618234128281, 30.26631900737279], [-90.4711382844585, 30.356230893724167], [-90.65096205716128, 30.401186836899853], [-90.65096205716128, 30.446142780075544], [-90.83078582986406, 30.49109872325123], [-90.83078582986406, 30.536054666426917], [-90.92069771621544, 30.536054666426917], [-90.92069771621544, 30.581010609602608], [-91.77486063655363, 30.581010609602608], [-91.77486063655363, 30.536054666426917], [-92.04459629560779, 30.536054666426917], [-92.13450818195918, 30.401186836899853], [-92.22442006831056, 30.401186836899853], [-92.31433195466195, 30.26631900737279], [-92.40424384101334, 30.26631900737279], [-92.40424384101334, 30.221363064197103], [-92.53911167054042, 30.131451177845726], [-92.53911167054042, 30.041539291494352], [-92.62902355689181, 29.996583348318666], [-92.62902355689181, 29.90667146196729], [-92.6739795000675, 29.90667146196729], [-92.6739795000675, 29.861715518791602], [-92.7189354432432, 29.861715518791602], [-92.7189354432432, 29.771803632440225], [-92.80884732959458, 29.726847689264538], [-92.80884732959458, 29.63693580291316], [-92.85380327277028, 29.63693580291316], [-92.89875921594597, 29.45711203021041]]]]}}, {"type": "Feature", "properties": {"shapefile": "2021082712_wsp64knt120hr_5km", "PERCENTAGE": "20-30%"}, "geometry": {"type": "MultiPolygon", "coordinates": [[[[-92.89875921594597, 29.45711203021041], [-92.89875921594597, 29.547023916561784], [-92.85380327277028, 29.547023916561784], [-92.85380327277028, 29.63693580291316], [-92.80884732959458, 29.63693580291316], [-92.80884732959458, 29.726847689264538], [-92.7189354432432, 29.771803632440225], [-92.7189354432432, 29.861715518791602], [-92.62902355689181, 29.90667146196729], [-92.62902355689181, 29.996583348318666], [-92.53911167054042, 30.041539291494352], [-92.53911167054042, 30.131451177845726], [-92.49415572736473, 30.131451177845726], [-92.40424384101334, 30.26631900737279], [-92.31433195466195, 30.26631900737279], [-92.22442006831056, 30.401186836899853], [-92.13450818195918, 30.401186836899853], [-92.04459629560779, 30.536054666426917], [-91.77486063655363, 30.536054666426917], [-91.77486063655363, 30.581010609602608], [-90.92069771621544, 30.581010609602608], [-90.92069771621544, 30.536054666426917], [-90.83078582986406, 30.536054666426917], [-90.83078582986406, 30.49109872325123], [-90.65096205716128, 30.446142780075544], [-90.65096205716128, 30.401186836899853], [-90.4711382844585, 30.356230893724167], [-90.4711382844585, 30.31127495054848], [-90.42618234128281, 30.31127495054848], [-90.42618234128281, 30.26631900737279], [-90.33627045493142, 30.26631900737279], [-90.29131451175573, 30.176407121021416], [-90.20140262540434, 30.176407121021416], [-90.20140262540434, 30.131451177845726], [-90.15644668222865, 30.131451177845726], [-90.15644668222865, 30.08649523467004], [-90.02157885270157, 29.996583348318666], [-90.02157885270157, 29.90667146196729], [-89.97662290952587, 29.90667146196729], [-89.88671102317448, 29.771803632440225], [-89.7967991368231, 29.771803632440225], [-89.7967991368231, 29.726847689264538], [-89.7518431936474, 29.726847689264538], [-89.70688725047171, 29.63693580291316], [-89.61697536412032, 29.63693580291316], [-89.57201942094463, 29.547023916561784], [-89.39219564824185, 29.502067973386097], [-89.39219564824185, 29.45711203021041], [-89.34723970506616, 29.45711203021041], [-89.34723970506616, 29.412156087034724], [-89.30228376189046, 29.412156087034724], [-89.30228376189046, 29.367200143859034], [-89.25732781871477, 29.367200143859034], [-89.25732781871477, 29.322244200683347], [-89.21237187553908, 29.322244200683347], [-89.21237187553908, 29.27728825750766], [-89.16741593236338, 29.27728825750766], [-89.16741593236338, 29.23233231433197], [-89.12245998918769, 29.23233231433197], [-89.12245998918769, 29.187376371156283], [-88.98759215966061, 29.097464484804906], [-88.98759215966061, 29.007552598453533], [-88.94263621648491, 29.007552598453533], [-88.89768027330922, 28.917640712102155], [-88.80776838695783, 28.917640712102155], [-88.80776838695783, 28.87268476892647], [-88.67290055743075, 28.78277288257509], [-88.67290055743075, 28.692860996223715], [-88.62794461425506, 28.692860996223715], [-88.62794461425506, 28.647905053048028], [-88.58298867107936, 28.647905053048028], [-88.58298867107936, 28.60294910987234], [-88.53803272790367, 28.60294910987234], [-88.53803272790367, 28.557993166696654], [-88.49307678472798, 28.557993166696654], [-88.49307678472798, 28.513037223520964], [-88.44812084155228, 28.513037223520964], [-88.44812084155228, 28.468081280345277], [-88.40316489837659, 28.468081280345277], [-88.40316489837659, 28.42312533716959], [-88.3582089552009, 28.42312533716959], [-88.3582089552009, 28.3781693939939], [-88.3132530120252, 28.3781693939939], [-88.3132530120252, 28.333213450818214], [-88.2682970688495, 28.333213450818214], [-88.2682970688495, 28.288257507642527], [-88.22334112567381, 28.288257507642527], [-88.22334112567381, 28.243301564466837], [-88.17838518249812, 28.243301564466837], [-88.17838518249812, 28.19834562129115], [-88.13342923932242, 28.19834562129115], [-88.13342923932242, 28.153389678115463], [-88.08847329614673, 28.153389678115463], [-88.08847329614673, 28.108433734939773], [-88.04351735297104, 28.108433734939773], [-88.04351735297104, 28.063477791764086], [-87.99856140979534, 28.063477791764086], [-87.99856140979534, 28.0185218485884], [-87.86369358026826, 27.928609962237022], [-87.86369358026826, 27.83869807588565], [-87.81873763709257, 27.83869807588565], [-87.81873763709257, 27.79374213270996], [-87.77378169391687, 27.79374213270996], [-87.77378169391687, 27.748786189534272], [-87.72882575074118, 27.748786189534272], [-87.72882575074118, 27.703830246358585], [-87.68386980756549, 27.703830246358585], [-87.68386980756549, 27.658874303182895], [-87.63891386438979, 27.658874303182895], [-87.63891386438979, 27.613918360007208], [-87.5939579212141, 27.613918360007208], [-87.5939579212141, 27.56896241683152], [-87.5490019780384, 27.56896241683152], [-87.5490019780384, 27.52400647365583], [-87.50404603486271, 27.52400647365583], [-87.50404603486271, 27.479050530480144], [-87.36917820533563, 27.389138644128767], [-87.36917820533563, 27.299226757777394], [-87.32422226215994, 27.299226757777394], [-87.32422226215994, 27.254270814601703], [-87.27926631898424, 27.254270814601703], [-87.27926631898424, 27.209314871426017], [-87.23431037580855, 27.209314871426017], [-87.23431037580855, 27.16435892825033], [-87.18935443263285, 27.16435892825033], [-87.18935443263285, 27.119402985074643], [-87.14439848945716, 27.119402985074643], [-87.14439848945716, 27.074447041898953], [-87.00953065993008, 26.98453515554758], [-87.00953065993008, 26.894623269196202], [-86.96457471675438, 26.894623269196202], [-86.96457471675438, 26.849667326020516], [-86.91961877357869, 26.849667326020516], [-86.91961877357869, 26.804711382844825], [-86.874662830403, 26.804711382844825], [-86.874662830403, 26.75975543966914], [-86.8297068872273, 26.75975543966914], [-86.8297068872273, 26.714799496493452], [-86.69483905770022, 26.624887610142075], [-86.69483905770022, 26.5349757237907], [-86.64988311452453, 26.5349757237907], [-86.64988311452453, 26.49001978061501], [-86.60492717134883, 26.49001978061501], [-86.60492717134883, 26.445063837439324], [-86.47005934182175, 26.355151951087947], [-86.47005934182175, 26.265240064736574], [-86.42510339864606, 26.265240064736574], [-86.42510339864606, 26.220284121560884], [-86.38014745547036, 26.220284121560884], [-86.38014745547036, 26.175328178385197], [-86.24527962594328, 26.08541629203382], [-86.24527962594328, 25.995504405682446], [-86.20032368276759, 25.995504405682446], [-86.20032368276759, 25.950548462506756], [-86.1553677395919, 25.950548462506756], [-86.1553677395919, 25.90559251933107], [-86.02049991006481, 25.815680632979692], [-86.02049991006481, 25.72576874662832], [-85.97554396688912, 25.72576874662832], [-85.97554396688912, 25.680812803452632], [-85.84067613736204, 25.590900917101255], [-85.84067613736204, 25.500989030749878], [-85.79572019418634, 25.500989030749878], [-85.79572019418634, 25.45603308757419], [-85.66085236465926, 25.366121201222814], [-85.66085236465926, 25.27620931487144], [-85.61589642148357, 25.27620931487144], [-85.61589642148357, 25.23125337169575], [-85.48102859195649, 25.141341485344377], [-85.48102859195649, 25.051429598993], [-85.3461607624294, 24.961517712641626], [-85.3461607624294, 24.87160582629025], [-85.25624887607802, 24.826649883114563], [-85.25624887607802, 24.736737996763186], [-85.16633698972663, 24.6917820535875], [-85.16633698972663, 24.60187016723612], [-85.07642510337524, 24.556914224060435], [-85.07642510337524, 24.467002337709058], [-85.03146916019955, 24.467002337709058], [-85.03146916019955, 24.42204639453337], [-84.98651321702386, 24.42204639453337], [-84.98651321702386, 24.332134508181994], [-84.89660133067247, 24.287178565006307], [-84.85164538749677, 24.107354792303557], [-84.76173350114539, 24.062398849127867], [-84.76173350114539, 23.927531019600803], [-84.71677755796969, 23.927531019600803], [-84.71677755796969, 23.747707246898052], [-84.671821614794, 23.747707246898052], [-84.671821614794, 23.61283941737099], [-84.6268656716183, 23.61283941737099], [-84.6268656716183, 23.433015644668238], [-84.671821614794, 23.433015644668238], [-84.671821614794, 23.34310375831686], [-84.71677755796969, 23.34310375831686], [-84.76173350114539, 23.253191871965488], [-84.94155727384816, 23.208235928789797], [-84.94155727384816, 23.16327998561411], [-85.30120481925371, 23.16327998561411], [-85.30120481925371, 23.208235928789797], [-85.57094047830788, 23.208235928789797], [-85.57094047830788, 23.253191871965488], [-85.70580830783496, 23.253191871965488], [-85.70580830783496, 23.298147815141174], [-85.84067613736204, 23.298147815141174], [-85.84067613736204, 23.34310375831686], [-85.97554396688912, 23.34310375831686], [-85.97554396688912, 23.38805970149255], [-86.06545585324051, 23.38805970149255], [-86.06545585324051, 23.433015644668238], [-86.20032368276759, 23.433015644668238], [-86.20032368276759, 23.477971587843925], [-86.29023556911898, 23.477971587843925], [-86.33519151229467, 23.567883474195302], [-86.42510339864606, 23.567883474195302], [-86.42510339864606, 23.61283941737099], [-86.60492717134883, 23.65779536054668], [-86.64988311452453, 23.747707246898052], [-86.8297068872273, 23.79266319007374], [-86.874662830403, 23.882575076425116], [-86.96457471675438, 23.882575076425116], [-87.00953065993008, 23.972486962776493], [-87.09944254628147, 23.972486962776493], [-87.14439848945716, 24.062398849127867], [-87.23431037580855, 24.062398849127867], [-87.32422226215994, 24.19726667865493], [-87.41413414851132, 24.19726667865493], [-87.50404603486271, 24.332134508181994], [-87.5939579212141, 24.332134508181994], [-87.63891386438979, 24.42204639453337], [-87.72882575074118, 24.42204639453337], [-87.81873763709257, 24.556914224060435], [-87.90864952344396, 24.556914224060435], [-87.99856140979534, 24.6917820535875], [-88.08847329614673, 24.6917820535875], [-88.08847329614673, 24.736737996763186], [-88.13342923932242, 24.736737996763186], [-88.17838518249812, 24.826649883114563], [-88.2682970688495, 24.826649883114563], [-88.3582089552009, 24.961517712641626], [-88.44812084155228, 24.961517712641626], [-88.49307678472798, 25.051429598993], [-88.58298867107936, 25.051429598993], [-88.58298867107936, 25.09638554216869], [-88.62794461425506, 25.09638554216869], [-88.67290055743075, 25.186297428520064], [-88.76281244378214, 25.186297428520064], [-88.85272433013353, 25.321165258047127], [-88.94263621648491, 25.321165258047127], [-88.98759215966061, 25.411077144398504], [-89.077504046012, 25.411077144398504], [-89.077504046012, 25.45603308757419], [-89.12245998918769, 25.45603308757419], [-89.16741593236338, 25.545944973925568], [-89.25732781871477, 25.545944973925568], [-89.34723970506616, 25.680812803452632], [-89.43715159141755, 25.680812803452632], [-89.48210753459324, 25.770724689804005], [-89.57201942094463, 25.770724689804005], [-89.57201942094463, 25.815680632979692], [-89.61697536412032, 25.815680632979692], [-89.66193130729602, 25.90559251933107], [-89.7518431936474, 25.90559251933107], [-89.84175507999879, 26.040460348858133], [-89.93166696635018, 26.040460348858133], [-89.93166696635018, 26.08541629203382], [-89.97662290952587, 26.08541629203382], [-89.97662290952587, 26.13037223520951], [-90.06653479587726, 26.13037223520951], [-90.15644668222865, 26.265240064736574], [-90.24635856858004, 26.265240064736574], [-90.24635856858004, 26.31019600791226], [-90.29131451175573, 26.31019600791226], [-90.29131451175573, 26.355151951087947], [-90.38122639810712, 26.355151951087947], [-90.42618234128281, 26.445063837439324], [-90.5160942276342, 26.445063837439324], [-90.5160942276342, 26.49001978061501], [-90.56105017080989, 26.49001978061501], [-90.60600611398559, 26.579931666966388], [-90.69591800033697, 26.579931666966388], [-90.69591800033697, 26.624887610142075], [-90.74087394351267, 26.624887610142075], [-90.83078582986406, 26.75975543966914], [-90.92069771621544, 26.75975543966914], [-90.92069771621544, 26.804711382844825], [-90.96565365939114, 26.804711382844825], [-91.05556554574252, 26.93957921237189], [-91.14547743209391, 26.93957921237189], [-91.14547743209391, 26.98453515554758], [-91.1904333752696, 26.98453515554758], [-91.1904333752696, 27.029491098723266], [-91.2353893184453, 27.029491098723266], [-91.2353893184453, 27.074447041898953], [-91.280345261621, 27.074447041898953], [-91.280345261621, 27.119402985074643], [-91.32530120479669, 27.119402985074643], [-91.32530120479669, 27.16435892825033], [-91.37025714797238, 27.16435892825033], [-91.37025714797238, 27.209314871426017], [-91.41521309114808, 27.209314871426017], [-91.41521309114808, 27.254270814601703], [-91.46016903432377, 27.254270814601703], [-91.55008092067516, 27.389138644128767], [-91.63999280702654, 27.389138644128767], [-91.63999280702654, 27.434094587304457], [-91.72990469337793, 27.479050530480144], [-91.72990469337793, 27.56896241683152], [-91.81981657972932, 27.56896241683152], [-91.81981657972932, 27.613918360007208], [-91.86477252290501, 27.613918360007208], [-91.86477252290501, 27.658874303182895], [-91.90972846608071, 27.658874303182895], [-91.90972846608071, 27.703830246358585], [-91.9546844092564, 27.703830246358585], [-91.9546844092564, 27.748786189534272], [-92.08955223878348, 27.83869807588565], [-92.08955223878348, 27.928609962237022], [-92.13450818195918, 27.928609962237022], [-92.13450818195918, 27.973565905412713], [-92.26937601148626, 28.063477791764086], [-92.26937601148626, 28.153389678115463], [-92.40424384101334, 28.243301564466837], [-92.44919978418903, 28.42312533716959], [-92.58406761371612, 28.513037223520964], [-92.62902355689181, 28.692860996223715], [-92.7189354432432, 28.737816939399405], [-92.7189354432432, 28.82772882575078], [-92.76389138641889, 28.82772882575078], [-92.76389138641889, 28.917640712102155], [-92.80884732959458, 28.917640712102155], [-92.80884732959458, 29.007552598453533], [-92.85380327277028, 29.007552598453533], [-92.85380327277028, 29.45711203021041], [-92.89875921594597, 29.45711203021041]], [[-92.44919978418903, 29.322244200683347], [-92.40424384101334, 29.322244200683347], [-92.40424384101334, 29.007552598453533], [-92.35928789783765, 29.007552598453533], [-92.35928789783765, 28.917640712102155], [-92.31433195466195, 28.917640712102155], [-92.31433195466195, 28.78277288257509], [-92.26937601148626, 28.78277288257509], [-92.26937601148626, 28.692860996223715], [-92.22442006831056, 28.692860996223715], [-92.22442006831056, 28.60294910987234], [-92.17946412513487, 28.60294910987234], [-92.13450818195918, 28.42312533716959], [-92.08955223878348, 28.42312533716959], [-92.08955223878348, 28.3781693939939], [-91.9996403524321, 28.333213450818214], [-91.9996403524321, 28.243301564466837], [-91.90972846608071, 28.19834562129115], [-91.90972846608071, 28.108433734939773], [-91.86477252290501, 28.108433734939773], [-91.86477252290501, 28.063477791764086], [-91.72990469337793, 27.973565905412713], [-91.72990469337793, 27.883654019061336], [-91.68494875020224, 27.883654019061336], [-91.68494875020224, 27.83869807588565], [-91.63999280702654, 27.83869807588565], [-91.63999280702654, 27.79374213270996], [-91.59503686385085, 27.79374213270996], [-91.59503686385085, 27.748786189534272], [-91.55008092067516, 27.748786189534272], [-91.55008092067516, 27.703830246358585], [-91.50512497749946, 27.703830246358585], [-91.50512497749946, 27.658874303182895], [-91.46016903432377, 27.658874303182895], [-91.46016903432377, 27.613918360007208], [-91.41521309114808, 27.613918360007208], [-91.41521309114808, 27.56896241683152], [-91.37025714797238, 27.56896241683152], [-91.37025714797238, 27.52400647365583], [-91.32530120479669, 27.52400647365583], [-91.32530120479669, 27.479050530480144], [-91.280345261621, 27.479050530480144], [-91.280345261621, 27.434094587304457], [-91.2353893184453, 27.434094587304457], [-91.2353893184453, 27.389138644128767], [-91.1904333752696, 27.389138644128767], [-91.1904333752696, 27.34418270095308], [-91.14547743209391, 27.34418270095308], [-91.14547743209391, 27.299226757777394], [-91.10052148891822, 27.299226757777394], [-91.01060960256683, 27.16435892825033], [-90.92069771621544, 27.16435892825033], [-90.92069771621544, 27.119402985074643], [-90.87574177303975, 27.119402985074643], [-90.87574177303975, 27.074447041898953], [-90.83078582986406, 27.074447041898953], [-90.83078582986406, 27.029491098723266], [-90.78582988668836, 27.029491098723266], [-90.69591800033697, 26.894623269196202], [-90.60600611398559, 26.894623269196202], [-90.5160942276342, 26.75975543966914], [-90.42618234128281, 26.75975543966914], [-90.42618234128281, 26.714799496493452], [-90.38122639810712, 26.714799496493452], [-90.29131451175573, 26.579931666966388], [-90.20140262540434, 26.579931666966388], [-90.11149073905295, 26.445063837439324], [-90.02157885270157, 26.445063837439324], [-89.97662290952587, 26.355151951087947], [-89.88671102317448, 26.355151951087947], [-89.7967991368231, 26.220284121560884], [-89.70688725047171, 26.220284121560884], [-89.61697536412032, 26.08541629203382], [-89.52706347776893, 26.08541629203382], [-89.43715159141755, 25.950548462506756], [-89.34723970506616, 25.950548462506756], [-89.25732781871477, 25.815680632979692], [-89.16741593236338, 25.815680632979692], [-89.077504046012, 25.680812803452632], [-88.98759215966061, 25.680812803452632], [-88.89768027330922, 25.545944973925568], [-88.80776838695783, 25.545944973925568], [-88.71785650060644, 25.411077144398504], [-88.62794461425506, 25.411077144398504], [-88.53803272790367, 25.27620931487144], [-88.44812084155228, 25.27620931487144], [-88.3582089552009, 25.141341485344377], [-88.2682970688495, 25.141341485344377], [-88.17838518249812, 25.006473655817313], [-88.08847329614673, 25.006473655817313], [-87.99856140979534, 24.87160582629025], [-87.90864952344396, 24.87160582629025], [-87.81873763709257, 24.736737996763186], [-87.72882575074118, 24.736737996763186], [-87.63891386438979, 24.60187016723612], [-87.5490019780384, 24.60187016723612], [-87.45909009168702, 24.467002337709058], [-87.36917820533563, 24.467002337709058], [-87.27926631898424, 24.332134508181994], [-87.18935443263285, 24.332134508181994], [-87.09944254628147, 24.19726667865493], [-87.00953065993008, 24.19726667865493], [-86.96457471675438, 24.107354792303557], [-86.78475094405161, 24.062398849127867], [-86.78475094405161, 24.01744290595218], [-86.73979500087592, 24.01744290595218], [-86.73979500087592, 23.972486962776493], [-86.64988311452453, 23.972486962776493], [-86.60492717134883, 23.882575076425116], [-86.51501528499745, 23.882575076425116], [-86.51501528499745, 23.83761913324943], [-86.33519151229467, 23.79266319007374], [-86.29023556911898, 23.702751303722366], [-86.1104117964162, 23.65779536054668], [-86.1104117964162, 23.61283941737099], [-85.84067613736204, 23.567883474195302], [-85.84067613736204, 23.522927531019615], [-85.70580830783496, 23.522927531019615], [-85.70580830783496, 23.477971587843925], [-85.57094047830788, 23.477971587843925], [-85.57094047830788, 23.433015644668238], [-84.94155727384816, 23.433015644668238], [-84.94155727384816, 23.477971587843925], [-84.89660133067247, 23.477971587843925], [-84.89660133067247, 23.65779536054668], [-84.94155727384816, 23.65779536054668], [-84.98651321702386, 24.062398849127867], [-85.07642510337524, 24.107354792303557], [-85.07642510337524, 24.19726667865493], [-85.16633698972663, 24.24222262183062], [-85.21129293290232, 24.42204639453337], [-85.30120481925371, 24.467002337709058], [-85.30120481925371, 24.556914224060435], [-85.3911167056051, 24.60187016723612], [-85.3911167056051, 24.6917820535875], [-85.48102859195649, 24.736737996763186], [-85.48102859195649, 24.826649883114563], [-85.61589642148357, 24.916561769465936], [-85.61589642148357, 25.006473655817313], [-85.66085236465926, 25.006473655817313], [-85.66085236465926, 25.051429598993], [-85.79572019418634, 25.141341485344377], [-85.79572019418634, 25.23125337169575], [-85.84067613736204, 25.23125337169575], [-85.84067613736204, 25.27620931487144], [-85.88563208053773, 25.27620931487144], [-85.88563208053773, 25.321165258047127], [-86.02049991006481, 25.411077144398504], [-86.02049991006481, 25.500989030749878], [-86.06545585324051, 25.500989030749878], [-86.06545585324051, 25.545944973925568], [-86.1104117964162, 25.545944973925568], [-86.1104117964162, 25.590900917101255], [-86.24527962594328, 25.680812803452632], [-86.24527962594328, 25.770724689804005], [-86.29023556911898, 25.770724689804005], [-86.29023556911898, 25.815680632979692], [-86.33519151229467, 25.815680632979692], [-86.33519151229467, 25.860636576155382], [-86.38014745547036, 25.860636576155382], [-86.38014745547036, 25.90559251933107], [-86.51501528499745, 25.995504405682446], [-86.51501528499745, 26.08541629203382], [-86.55997122817314, 26.08541629203382], [-86.55997122817314, 26.13037223520951], [-86.60492717134883, 26.13037223520951], [-86.60492717134883, 26.175328178385197], [-86.64988311452453, 26.175328178385197], [-86.64988311452453, 26.220284121560884], [-86.78475094405161, 26.31019600791226], [-86.78475094405161, 26.400107894263638], [-86.8297068872273, 26.400107894263638], [-86.8297068872273, 26.445063837439324], [-86.874662830403, 26.445063837439324], [-86.874662830403, 26.49001978061501], [-86.91961877357869, 26.49001978061501], [-86.91961877357869, 26.5349757237907], [-86.96457471675438, 26.5349757237907], [-86.96457471675438, 26.579931666966388], [-87.09944254628147, 26.66984355331776], [-87.09944254628147, 26.75975543966914], [-87.14439848945716, 26.75975543966914], [-87.14439848945716, 26.804711382844825], [-87.18935443263285, 26.804711382844825], [-87.18935443263285, 26.849667326020516], [-87.23431037580855, 26.849667326020516], [-87.23431037580855, 26.894623269196202], [-87.27926631898424, 26.894623269196202], [-87.27926631898424, 26.93957921237189], [-87.32422226215994, 26.93957921237189], [-87.32422226215994, 26.98453515554758], [-87.36917820533563, 26.98453515554758], [-87.36917820533563, 27.029491098723266], [-87.41413414851132, 27.029491098723266], [-87.41413414851132, 27.074447041898953], [-87.5490019780384, 27.16435892825033], [-87.5490019780384, 27.254270814601703], [-87.5939579212141, 27.254270814601703], [-87.5939579212141, 27.299226757777394], [-87.63891386438979, 27.299226757777394], [-87.63891386438979, 27.34418270095308], [-87.68386980756549, 27.34418270095308], [-87.68386980756549, 27.389138644128767], [-87.72882575074118, 27.389138644128767], [-87.72882575074118, 27.434094587304457], [-87.77378169391687, 27.434094587304457], [-87.77378169391687, 27.479050530480144], [-87.81873763709257, 27.479050530480144], [-87.81873763709257, 27.52400647365583], [-87.86369358026826, 27.52400647365583], [-87.86369358026826, 27.56896241683152], [-87.90864952344396, 27.56896241683152], [-87.90864952344396, 27.613918360007208], [-87.95360546661965, 27.613918360007208], [-87.95360546661965, 27.658874303182895], [-87.99856140979534, 27.658874303182895], [-87.99856140979534, 27.703830246358585], [-88.04351735297104, 27.703830246358585], [-88.04351735297104, 27.748786189534272], [-88.08847329614673, 27.748786189534272], [-88.08847329614673, 27.79374213270996], [-88.13342923932242, 27.79374213270996], [-88.13342923932242, 27.83869807588565], [-88.17838518249812, 27.83869807588565], [-88.17838518249812, 27.883654019061336], [-88.22334112567381, 27.883654019061336], [-88.22334112567381, 27.928609962237022], [-88.3582089552009, 28.0185218485884], [-88.3582089552009, 28.108433734939773], [-88.40316489837659, 28.108433734939773], [-88.40316489837659, 28.153389678115463], [-88.44812084155228, 28.153389678115463], [-88.44812084155228, 28.19834562129115], [-88.49307678472798, 28.19834562129115], [-88.49307678472798, 28.243301564466837], [-88.53803272790367, 28.243301564466837], [-88.53803272790367, 28.288257507642527], [-88.58298867107936, 28.288257507642527], [-88.58298867107936, 28.333213450818214], [-88.62794461425506, 28.333213450818214], [-88.62794461425506, 28.3781693939939], [-88.67290055743075, 28.3781693939939], [-88.67290055743075, 28.42312533716959], [-88.71785650060644, 28.42312533716959], [-88.71785650060644, 28.468081280345277], [-88.76281244378214, 28.468081280345277], [-88.76281244378214, 28.513037223520964], [-88.80776838695783, 28.513037223520964], [-88.80776838695783, 28.557993166696654], [-88.85272433013353, 28.557993166696654], [-88.85272433013353, 28.60294910987234], [-88.89768027330922, 28.60294910987234], [-88.89768027330922, 28.647905053048028], [-88.94263621648491, 28.647905053048028], [-88.94263621648491, 28.692860996223715], [-88.98759215966061, 28.692860996223715], [-88.98759215966061, 28.737816939399405], [-89.0325481028363, 28.737816939399405], [-89.0325481028363, 28.78277288257509], [-89.077504046012, 28.78277288257509], [-89.077504046012, 28.82772882575078], [-89.12245998918769, 28.82772882575078], [-89.12245998918769, 28.87268476892647], [-89.16741593236338, 28.87268476892647], [-89.16741593236338, 28.917640712102155], [-89.21237187553908, 28.917640712102155], [-89.21237187553908, 28.962596655277842], [-89.25732781871477, 28.962596655277842], [-89.25732781871477, 29.007552598453533], [-89.39219564824185, 29.097464484804906], [-89.39219564824185, 29.142420427980596], [-89.48210753459324, 29.142420427980596], [-89.57201942094463, 29.27728825750766], [-89.66193130729602, 29.27728825750766], [-89.66193130729602, 29.322244200683347], [-89.84175507999879, 29.367200143859034], [-89.84175507999879, 29.412156087034724], [-89.93166696635018, 29.412156087034724], [-89.93166696635018, 29.45711203021041], [-90.02157885270157, 29.45711203021041], [-90.02157885270157, 29.502067973386097], [-90.11149073905295, 29.502067973386097], [-90.11149073905295, 29.547023916561784], [-90.24635856858004, 29.547023916561784], [-90.42618234128281, 29.81675957561591], [-90.5160942276342, 29.81675957561591], [-90.5160942276342, 29.861715518791602], [-90.56105017080989, 29.861715518791602], [-90.56105017080989, 29.90667146196729], [-90.60600611398559, 29.90667146196729], [-90.69591800033697, 30.041539291494352], [-90.87574177303975, 30.08649523467004], [-90.92069771621544, 30.176407121021416], [-91.41521309114808, 30.176407121021416], [-91.41521309114808, 30.131451177845726], [-91.59503686385085, 30.131451177845726], [-91.59503686385085, 30.08649523467004], [-91.68494875020224, 30.08649523467004], [-91.68494875020224, 30.041539291494352], [-91.86477252290501, 29.996583348318666], [-91.86477252290501, 29.951627405142975], [-92.04459629560779, 29.90667146196729], [-92.08955223878348, 29.81675957561591], [-92.17946412513487, 29.81675957561591], [-92.17946412513487, 29.771803632440225], [-92.22442006831056, 29.771803632440225], [-92.22442006831056, 29.726847689264538], [-92.26937601148626, 29.726847689264538], [-92.26937601148626, 29.681891746088848], [-92.31433195466195, 29.681891746088848], [-92.31433195466195, 29.63693580291316], [-92.44919978418903, 29.547023916561784], [-92.44919978418903, 29.322244200683347]]]]}}, {"type": "Feature", "properties": {"shapefile": "2021082712_wsp64knt120hr_5km", "PERCENTAGE": "30-40%"}, "geometry": {"type": "MultiPolygon", "coordinates": [[[[-92.44919978418903, 29.322244200683347], [-92.44919978418903, 29.547023916561784], [-92.40424384101334, 29.547023916561784], [-92.40424384101334, 29.591979859737474], [-92.35928789783765, 29.591979859737474], [-92.35928789783765, 29.63693580291316], [-92.31433195466195, 29.63693580291316], [-92.31433195466195, 29.681891746088848], [-92.26937601148626, 29.681891746088848], [-92.17946412513487, 29.81675957561591], [-92.08955223878348, 29.81675957561591], [-92.04459629560779, 29.90667146196729], [-91.9546844092564, 29.90667146196729], [-91.9546844092564, 29.951627405142975], [-91.86477252290501, 29.951627405142975], [-91.86477252290501, 29.996583348318666], [-91.77486063655363, 29.996583348318666], [-91.77486063655363, 30.041539291494352], [-91.68494875020224, 30.041539291494352], [-91.68494875020224, 30.08649523467004], [-91.59503686385085, 30.08649523467004], [-91.59503686385085, 30.131451177845726], [-91.41521309114808, 30.131451177845726], [-91.41521309114808, 30.176407121021416], [-90.92069771621544, 30.176407121021416], [-90.87574177303975, 30.08649523467004], [-90.69591800033697, 30.041539291494352], [-90.69591800033697, 29.996583348318666], [-90.65096205716128, 29.996583348318666], [-90.65096205716128, 29.951627405142975], [-90.60600611398559, 29.951627405142975], [-90.5160942276342, 29.81675957561591], [-90.42618234128281, 29.81675957561591], [-90.24635856858004, 29.547023916561784], [-90.11149073905295, 29.547023916561784], [-90.11149073905295, 29.502067973386097], [-90.02157885270157, 29.502067973386097], [-90.02157885270157, 29.45711203021041], [-89.84175507999879, 29.412156087034724], [-89.84175507999879, 29.367200143859034], [-89.7518431936474, 29.367200143859034], [-89.7518431936474, 29.322244200683347], [-89.57201942094463, 29.27728825750766], [-89.48210753459324, 29.142420427980596], [-89.39219564824185, 29.142420427980596], [-89.39219564824185, 29.097464484804906], [-89.34723970506616, 29.097464484804906], [-89.34723970506616, 29.05250854162922], [-89.30228376189046, 29.05250854162922], [-89.30228376189046, 29.007552598453533], [-89.25732781871477, 29.007552598453533], [-89.25732781871477, 28.962596655277842], [-89.21237187553908, 28.962596655277842], [-89.21237187553908, 28.917640712102155], [-89.16741593236338, 28.917640712102155], [-89.16741593236338, 28.87268476892647], [-89.12245998918769, 28.87268476892647], [-89.12245998918769, 28.82772882575078], [-89.077504046012, 28.82772882575078], [-89.077504046012, 28.78277288257509], [-89.0325481028363, 28.78277288257509], [-89.0325481028363, 28.737816939399405], [-88.98759215966061, 28.737816939399405], [-88.98759215966061, 28.692860996223715], [-88.94263621648491, 28.692860996223715], [-88.94263621648491, 28.647905053048028], [-88.89768027330922, 28.647905053048028], [-88.89768027330922, 28.60294910987234], [-88.85272433013353, 28.60294910987234], [-88.85272433013353, 28.557993166696654], [-88.80776838695783, 28.557993166696654], [-88.80776838695783, 28.513037223520964], [-88.76281244378214, 28.513037223520964], [-88.76281244378214, 28.468081280345277], [-88.71785650060644, 28.468081280345277], [-88.71785650060644, 28.42312533716959], [-88.67290055743075, 28.42312533716959], [-88.67290055743075, 28.3781693939939], [-88.62794461425506, 28.3781693939939], [-88.62794461425506, 28.333213450818214], [-88.58298867107936, 28.333213450818214], [-88.58298867107936, 28.288257507642527], [-88.53803272790367, 28.288257507642527], [-88.53803272790367, 28.243301564466837], [-88.49307678472798, 28.243301564466837], [-88.49307678472798, 28.19834562129115], [-88.3582089552009, 28.108433734939773], [-88.3582089552009, 28.0185218485884], [-88.3132530120252, 28.0185218485884], [-88.3132530120252, 27.973565905412713], [-88.2682970688495, 27.973565905412713], [-88.2682970688495, 27.928609962237022], [-88.22334112567381, 27.928609962237022], [-88.22334112567381, 27.883654019061336], [-88.17838518249812, 27.883654019061336], [-88.17838518249812, 27.83869807588565], [-88.13342923932242, 27.83869807588565], [-88.13342923932242, 27.79374213270996], [-88.08847329614673, 27.79374213270996], [-88.08847329614673, 27.748786189534272], [-88.04351735297104, 27.748786189534272], [-88.04351735297104, 27.703830246358585], [-87.99856140979534, 27.703830246358585], [-87.99856140979534, 27.658874303182895], [-87.95360546661965, 27.658874303182895], [-87.95360546661965, 27.613918360007208], [-87.90864952344396, 27.613918360007208], [-87.90864952344396, 27.56896241683152], [-87.86369358026826, 27.56896241683152], [-87.86369358026826, 27.52400647365583], [-87.81873763709257, 27.52400647365583], [-87.81873763709257, 27.479050530480144], [-87.77378169391687, 27.479050530480144], [-87.77378169391687, 27.434094587304457], [-87.72882575074118, 27.434094587304457], [-87.72882575074118, 27.389138644128767], [-87.68386980756549, 27.389138644128767], [-87.68386980756549, 27.34418270095308], [-87.5490019780384, 27.254270814601703], [-87.5490019780384, 27.16435892825033], [-87.50404603486271, 27.16435892825033], [-87.50404603486271, 27.119402985074643], [-87.45909009168702, 27.119402985074643], [-87.45909009168702, 27.074447041898953], [-87.41413414851132, 27.074447041898953], [-87.41413414851132, 27.029491098723266], [-87.36917820533563, 27.029491098723266], [-87.36917820533563, 26.98453515554758], [-87.32422226215994, 26.98453515554758], [-87.32422226215994, 26.93957921237189], [-87.27926631898424, 26.93957921237189], [-87.27926631898424, 26.894623269196202], [-87.23431037580855, 26.894623269196202], [-87.23431037580855, 26.849667326020516], [-87.09944254628147, 26.75975543966914], [-87.09944254628147, 26.66984355331776], [-87.05448660310577, 26.66984355331776], [-87.05448660310577, 26.624887610142075], [-87.00953065993008, 26.624887610142075], [-87.00953065993008, 26.579931666966388], [-86.96457471675438, 26.579931666966388], [-86.96457471675438, 26.5349757237907], [-86.91961877357869, 26.5349757237907], [-86.91961877357869, 26.49001978061501], [-86.78475094405161, 26.400107894263638], [-86.78475094405161, 26.31019600791226], [-86.73979500087592, 26.31019600791226], [-86.73979500087592, 26.265240064736574], [-86.69483905770022, 26.265240064736574], [-86.69483905770022, 26.220284121560884], [-86.64988311452453, 26.220284121560884], [-86.64988311452453, 26.175328178385197], [-86.51501528499745, 26.08541629203382], [-86.51501528499745, 25.995504405682446], [-86.47005934182175, 25.995504405682446], [-86.47005934182175, 25.950548462506756], [-86.42510339864606, 25.950548462506756], [-86.42510339864606, 25.90559251933107], [-86.38014745547036, 25.90559251933107], [-86.38014745547036, 25.860636576155382], [-86.24527962594328, 25.770724689804005], [-86.24527962594328, 25.680812803452632], [-86.20032368276759, 25.680812803452632], [-86.20032368276759, 25.63585686027694], [-86.1553677395919, 25.63585686027694], [-86.1553677395919, 25.590900917101255], [-86.02049991006481, 25.500989030749878], [-86.02049991006481, 25.411077144398504], [-85.97554396688912, 25.411077144398504], [-85.97554396688912, 25.366121201222814], [-85.93058802371343, 25.366121201222814], [-85.93058802371343, 25.321165258047127], [-85.79572019418634, 25.23125337169575], [-85.79572019418634, 25.141341485344377], [-85.75076425101065, 25.141341485344377], [-85.75076425101065, 25.09638554216869], [-85.61589642148357, 25.006473655817313], [-85.61589642148357, 24.916561769465936], [-85.48102859195649, 24.826649883114563], [-85.48102859195649, 24.736737996763186], [-85.3911167056051, 24.6917820535875], [-85.3911167056051, 24.60187016723612], [-85.3461607624294, 24.60187016723612], [-85.3461607624294, 24.556914224060435], [-85.30120481925371, 24.556914224060435], [-85.30120481925371, 24.467002337709058], [-85.21129293290232, 24.42204639453337], [-85.16633698972663, 24.24222262183062], [-85.12138104655094, 24.24222262183062], [-85.12138104655094, 24.19726667865493], [-85.07642510337524, 24.19726667865493], [-85.07642510337524, 24.107354792303557], [-84.98651321702386, 24.062398849127867], [-84.98651321702386, 23.882575076425116], [-84.94155727384816, 23.882575076425116], [-84.89660133067247, 23.477971587843925], [-84.94155727384816, 23.477971587843925], [-84.94155727384816, 23.433015644668238], [-85.57094047830788, 23.433015644668238], [-85.57094047830788, 23.477971587843925], [-85.70580830783496, 23.477971587843925], [-85.70580830783496, 23.522927531019615], [-85.84067613736204, 23.522927531019615], [-85.84067613736204, 23.567883474195302], [-86.1104117964162, 23.61283941737099], [-86.1104117964162, 23.65779536054668], [-86.29023556911898, 23.702751303722366], [-86.33519151229467, 23.79266319007374], [-86.42510339864606, 23.79266319007374], [-86.42510339864606, 23.83761913324943], [-86.60492717134883, 23.882575076425116], [-86.64988311452453, 23.972486962776493], [-86.73979500087592, 23.972486962776493], [-86.78475094405161, 24.062398849127867], [-86.874662830403, 24.062398849127867], [-86.874662830403, 24.107354792303557], [-86.96457471675438, 24.107354792303557], [-87.00953065993008, 24.19726667865493], [-87.09944254628147, 24.19726667865493], [-87.18935443263285, 24.332134508181994], [-87.27926631898424, 24.332134508181994], [-87.36917820533563, 24.467002337709058], [-87.45909009168702, 24.467002337709058], [-87.5490019780384, 24.60187016723612], [-87.63891386438979, 24.60187016723612], [-87.72882575074118, 24.736737996763186], [-87.81873763709257, 24.736737996763186], [-87.90864952344396, 24.87160582629025], [-87.99856140979534, 24.87160582629025], [-88.08847329614673, 25.006473655817313], [-88.17838518249812, 25.006473655817313], [-88.2682970688495, 25.141341485344377], [-88.3582089552009, 25.141341485344377], [-88.44812084155228, 25.27620931487144], [-88.53803272790367, 25.27620931487144], [-88.62794461425506, 25.411077144398504], [-88.71785650060644, 25.411077144398504], [-88.80776838695783, 25.545944973925568], [-88.89768027330922, 25.545944973925568], [-88.98759215966061, 25.680812803452632], [-89.077504046012, 25.680812803452632], [-89.16741593236338, 25.815680632979692], [-89.25732781871477, 25.815680632979692], [-89.34723970506616, 25.950548462506756], [-89.43715159141755, 25.950548462506756], [-89.52706347776893, 26.08541629203382], [-89.61697536412032, 26.08541629203382], [-89.70688725047171, 26.220284121560884], [-89.7967991368231, 26.220284121560884], [-89.88671102317448, 26.355151951087947], [-89.97662290952587, 26.355151951087947], [-89.97662290952587, 26.400107894263638], [-90.02157885270157, 26.400107894263638], [-90.02157885270157, 26.445063837439324], [-90.11149073905295, 26.445063837439324], [-90.20140262540434, 26.579931666966388], [-90.29131451175573, 26.579931666966388], [-90.29131451175573, 26.624887610142075], [-90.33627045493142, 26.624887610142075], [-90.42618234128281, 26.75975543966914], [-90.5160942276342, 26.75975543966914], [-90.60600611398559, 26.894623269196202], [-90.69591800033697, 26.894623269196202], [-90.69591800033697, 26.93957921237189], [-90.74087394351267, 26.93957921237189], [-90.74087394351267, 26.98453515554758], [-90.78582988668836, 26.98453515554758], [-90.78582988668836, 27.029491098723266], [-90.83078582986406, 27.029491098723266], [-90.92069771621544, 27.16435892825033], [-91.01060960256683, 27.16435892825033], [-91.01060960256683, 27.209314871426017], [-91.05556554574252, 27.209314871426017], [-91.05556554574252, 27.254270814601703], [-91.10052148891822, 27.254270814601703], [-91.10052148891822, 27.299226757777394], [-91.14547743209391, 27.299226757777394], [-91.14547743209391, 27.34418270095308], [-91.1904333752696, 27.34418270095308], [-91.1904333752696, 27.389138644128767], [-91.2353893184453, 27.389138644128767], [-91.2353893184453, 27.434094587304457], [-91.280345261621, 27.434094587304457], [-91.280345261621, 27.479050530480144], [-91.32530120479669, 27.479050530480144], [-91.32530120479669, 27.52400647365583], [-91.37025714797238, 27.52400647365583], [-91.37025714797238, 27.56896241683152], [-91.41521309114808, 27.56896241683152], [-91.41521309114808, 27.613918360007208], [-91.46016903432377, 27.613918360007208], [-91.46016903432377, 27.658874303182895], [-91.50512497749946, 27.658874303182895], [-91.50512497749946, 27.703830246358585], [-91.55008092067516, 27.703830246358585], [-91.55008092067516, 27.748786189534272], [-91.59503686385085, 27.748786189534272], [-91.59503686385085, 27.79374213270996], [-91.72990469337793, 27.883654019061336], [-91.72990469337793, 27.973565905412713], [-91.77486063655363, 27.973565905412713], [-91.77486063655363, 28.0185218485884], [-91.90972846608071, 28.108433734939773], [-91.90972846608071, 28.19834562129115], [-91.9546844092564, 28.19834562129115], [-91.9546844092564, 28.243301564466837], [-91.9996403524321, 28.243301564466837], [-91.9996403524321, 28.333213450818214], [-92.13450818195918, 28.42312533716959], [-92.13450818195918, 28.513037223520964], [-92.17946412513487, 28.513037223520964], [-92.17946412513487, 28.60294910987234], [-92.22442006831056, 28.60294910987234], [-92.22442006831056, 28.692860996223715], [-92.26937601148626, 28.692860996223715], [-92.26937601148626, 28.78277288257509], [-92.31433195466195, 28.78277288257509], [-92.31433195466195, 28.917640712102155], [-92.35928789783765, 28.917640712102155], [-92.35928789783765, 29.007552598453533], [-92.40424384101334, 29.007552598453533], [-92.40424384101334, 29.322244200683347], [-92.44919978418903, 29.322244200683347]], [[-92.04459629560779, 28.962596655277842], [-91.9996403524321, 28.962596655277842], [-91.9996403524321, 28.87268476892647], [-91.9546844092564, 28.87268476892647], [-91.9546844092564, 28.78277288257509], [-91.90972846608071, 28.78277288257509], [-91.90972846608071, 28.647905053048028], [-91.86477252290501, 28.647905053048028], [-91.81981657972932, 28.468081280345277], [-91.77486063655363, 28.468081280345277], [-91.77486063655363, 28.42312533716959], [-91.72990469337793, 28.42312533716959], [-91.72990469337793, 28.333213450818214], [-91.59503686385085, 28.243301564466837], [-91.59503686385085, 28.153389678115463], [-91.50512497749946, 28.108433734939773], [-91.50512497749946, 28.0185218485884], [-91.46016903432377, 28.0185218485884], [-91.46016903432377, 27.973565905412713], [-91.41521309114808, 27.973565905412713], [-91.41521309114808, 27.928609962237022], [-91.37025714797238, 27.928609962237022], [-91.37025714797238, 27.883654019061336], [-91.32530120479669, 27.883654019061336], [-91.32530120479669, 27.83869807588565], [-91.280345261621, 27.83869807588565], [-91.280345261621, 27.79374213270996], [-91.2353893184453, 27.79374213270996], [-91.2353893184453, 27.748786189534272], [-91.1904333752696, 27.748786189534272], [-91.1904333752696, 27.703830246358585], [-91.14547743209391, 27.703830246358585], [-91.14547743209391, 27.658874303182895], [-91.10052148891822, 27.658874303182895], [-91.10052148891822, 27.613918360007208], [-91.05556554574252, 27.613918360007208], [-91.05556554574252, 27.56896241683152], [-91.01060960256683, 27.56896241683152], [-91.01060960256683, 27.52400647365583], [-90.96565365939114, 27.52400647365583], [-90.96565365939114, 27.479050530480144], [-90.92069771621544, 27.479050530480144], [-90.92069771621544, 27.434094587304457], [-90.87574177303975, 27.434094587304457], [-90.87574177303975, 27.389138644128767], [-90.83078582986406, 27.389138644128767], [-90.83078582986406, 27.34418270095308], [-90.69591800033697, 27.254270814601703], [-90.69591800033697, 27.209314871426017], [-90.60600611398559, 27.209314871426017], [-90.60600611398559, 27.16435892825033], [-90.56105017080989, 27.16435892825033], [-90.56105017080989, 27.119402985074643], [-90.5160942276342, 27.119402985074643], [-90.42618234128281, 26.98453515554758], [-90.33627045493142, 26.98453515554758], [-90.33627045493142, 26.93957921237189], [-90.29131451175573, 26.93957921237189], [-90.20140262540434, 26.804711382844825], [-90.11149073905295, 26.804711382844825], [-90.11149073905295, 26.75975543966914], [-90.06653479587726, 26.75975543966914], [-90.02157885270157, 26.66984355331776], [-89.93166696635018, 26.66984355331776], [-89.93166696635018, 26.624887610142075], [-89.7967991368231, 26.5349757237907], [-89.7967991368231, 26.49001978061501], [-89.70688725047171, 26.49001978061501], [-89.70688725047171, 26.445063837439324], [-89.66193130729602, 26.445063837439324], [-89.57201942094463, 26.31019600791226], [-89.48210753459324, 26.31019600791226], [-89.39219564824185, 26.175328178385197], [-89.30228376189046, 26.175328178385197], [-89.21237187553908, 26.040460348858133], [-89.12245998918769, 26.040460348858133], [-89.12245998918769, 25.995504405682446], [-89.077504046012, 25.995504405682446], [-88.98759215966061, 25.860636576155382], [-88.89768027330922, 25.860636576155382], [-88.80776838695783, 25.72576874662832], [-88.71785650060644, 25.72576874662832], [-88.62794461425506, 25.590900917101255], [-88.53803272790367, 25.590900917101255], [-88.44812084155228, 25.45603308757419], [-88.3582089552009, 25.45603308757419], [-88.2682970688495, 25.321165258047127], [-88.17838518249812, 25.321165258047127], [-88.08847329614673, 25.186297428520064], [-87.99856140979534, 25.186297428520064], [-87.90864952344396, 25.051429598993], [-87.81873763709257, 25.051429598993], [-87.81873763709257, 25.006473655817313], [-87.77378169391687, 25.006473655817313], [-87.68386980756549, 24.87160582629025], [-87.5939579212141, 24.87160582629025], [-87.50404603486271, 24.736737996763186], [-87.41413414851132, 24.736737996763186], [-87.32422226215994, 24.60187016723612], [-87.23431037580855, 24.60187016723612], [-87.23431037580855, 24.556914224060435], [-87.18935443263285, 24.556914224060435], [-87.09944254628147, 24.42204639453337], [-87.00953065993008, 24.42204639453337], [-87.00953065993008, 24.37709045135768], [-86.96457471675438, 24.37709045135768], [-86.96457471675438, 24.332134508181994], [-86.874662830403, 24.332134508181994], [-86.8297068872273, 24.24222262183062], [-86.64988311452453, 24.19726667865493], [-86.60492717134883, 24.107354792303557], [-86.42510339864606, 24.062398849127867], [-86.38014745547036, 23.972486962776493], [-86.20032368276759, 23.927531019600803], [-86.1553677395919, 23.83761913324943], [-86.06545585324051, 23.83761913324943], [-86.06545585324051, 23.79266319007374], [-85.88563208053773, 23.79266319007374], [-85.88563208053773, 23.747707246898052], [-85.61589642148357, 23.747707246898052], [-85.61589642148357, 23.702751303722366], [-85.3911167056051, 23.702751303722366], [-85.3911167056051, 23.747707246898052], [-85.30120481925371, 23.79266319007374], [-85.30120481925371, 23.882575076425116], [-85.25624887607802, 23.882575076425116], [-85.25624887607802, 23.972486962776493], [-85.21129293290232, 23.972486962776493], [-85.21129293290232, 24.01744290595218], [-85.25624887607802, 24.01744290595218], [-85.30120481925371, 24.19726667865493], [-85.3911167056051, 24.24222262183062], [-85.3911167056051, 24.332134508181994], [-85.4360726487808, 24.332134508181994], [-85.48102859195649, 24.511958280884745], [-85.61589642148357, 24.60187016723612], [-85.61589642148357, 24.6917820535875], [-85.66085236465926, 24.6917820535875], [-85.66085236465926, 24.736737996763186], [-85.75076425101065, 24.781693939938872], [-85.75076425101065, 24.87160582629025], [-85.88563208053773, 24.961517712641626], [-85.88563208053773, 25.051429598993], [-85.93058802371343, 25.051429598993], [-85.93058802371343, 25.09638554216869], [-85.97554396688912, 25.09638554216869], [-85.97554396688912, 25.141341485344377], [-86.1104117964162, 25.23125337169575], [-86.1104117964162, 25.321165258047127], [-86.1553677395919, 25.321165258047127], [-86.1553677395919, 25.366121201222814], [-86.20032368276759, 25.366121201222814], [-86.20032368276759, 25.411077144398504], [-86.24527962594328, 25.411077144398504], [-86.24527962594328, 25.45603308757419], [-86.29023556911898, 25.45603308757419], [-86.29023556911898, 25.500989030749878], [-86.42510339864606, 25.590900917101255], [-86.42510339864606, 25.680812803452632], [-86.47005934182175, 25.680812803452632], [-86.47005934182175, 25.72576874662832], [-86.51501528499745, 25.72576874662832], [-86.51501528499745, 25.770724689804005], [-86.55997122817314, 25.770724689804005], [-86.55997122817314, 25.815680632979692], [-86.69483905770022, 25.90559251933107], [-86.69483905770022, 25.995504405682446], [-86.73979500087592, 25.995504405682446], [-86.73979500087592, 26.040460348858133], [-86.78475094405161, 26.040460348858133], [-86.78475094405161, 26.08541629203382], [-86.8297068872273, 26.08541629203382], [-86.8297068872273, 26.13037223520951], [-86.874662830403, 26.13037223520951], [-86.874662830403, 26.175328178385197], [-87.00953065993008, 26.265240064736574], [-87.00953065993008, 26.355151951087947], [-87.05448660310577, 26.355151951087947], [-87.05448660310577, 26.400107894263638], [-87.09944254628147, 26.400107894263638], [-87.09944254628147, 26.445063837439324], [-87.14439848945716, 26.445063837439324], [-87.14439848945716, 26.49001978061501], [-87.18935443263285, 26.49001978061501], [-87.18935443263285, 26.5349757237907], [-87.23431037580855, 26.5349757237907], [-87.23431037580855, 26.579931666966388], [-87.27926631898424, 26.579931666966388], [-87.27926631898424, 26.624887610142075], [-87.41413414851132, 26.714799496493452], [-87.41413414851132, 26.804711382844825], [-87.45909009168702, 26.804711382844825], [-87.45909009168702, 26.849667326020516], [-87.50404603486271, 26.849667326020516], [-87.50404603486271, 26.894623269196202], [-87.5490019780384, 26.894623269196202], [-87.5490019780384, 26.93957921237189], [-87.5939579212141, 26.93957921237189], [-87.5939579212141, 26.98453515554758], [-87.63891386438979, 26.98453515554758], [-87.63891386438979, 27.029491098723266], [-87.68386980756549, 27.029491098723266], [-87.68386980756549, 27.074447041898953], [-87.72882575074118, 27.074447041898953], [-87.72882575074118, 27.119402985074643], [-87.77378169391687, 27.119402985074643], [-87.77378169391687, 27.16435892825033], [-87.81873763709257, 27.16435892825033], [-87.81873763709257, 27.209314871426017], [-87.86369358026826, 27.209314871426017], [-87.86369358026826, 27.254270814601703], [-87.90864952344396, 27.254270814601703], [-87.90864952344396, 27.299226757777394], [-87.95360546661965, 27.299226757777394], [-87.95360546661965, 27.34418270095308], [-87.99856140979534, 27.34418270095308], [-87.99856140979534, 27.389138644128767], [-88.04351735297104, 27.389138644128767], [-88.04351735297104, 27.434094587304457], [-88.08847329614673, 27.434094587304457], [-88.08847329614673, 27.479050530480144], [-88.13342923932242, 27.479050530480144], [-88.13342923932242, 27.52400647365583], [-88.17838518249812, 27.52400647365583], [-88.17838518249812, 27.56896241683152], [-88.22334112567381, 27.56896241683152], [-88.22334112567381, 27.613918360007208], [-88.2682970688495, 27.613918360007208], [-88.2682970688495, 27.658874303182895], [-88.3132530120252, 27.658874303182895], [-88.3132530120252, 27.703830246358585], [-88.3582089552009, 27.703830246358585], [-88.3582089552009, 27.748786189534272], [-88.40316489837659, 27.748786189534272], [-88.40316489837659, 27.79374213270996], [-88.44812084155228, 27.79374213270996], [-88.44812084155228, 27.83869807588565], [-88.49307678472798, 27.83869807588565], [-88.49307678472798, 27.883654019061336], [-88.53803272790367, 27.883654019061336], [-88.53803272790367, 27.928609962237022], [-88.58298867107936, 27.928609962237022], [-88.58298867107936, 27.973565905412713], [-88.62794461425506, 27.973565905412713], [-88.62794461425506, 28.0185218485884], [-88.67290055743075, 28.0185218485884], [-88.67290055743075, 28.063477791764086], [-88.71785650060644, 28.063477791764086], [-88.71785650060644, 28.108433734939773], [-88.76281244378214, 28.108433734939773], [-88.76281244378214, 28.153389678115463], [-88.80776838695783, 28.153389678115463], [-88.80776838695783, 28.19834562129115], [-88.85272433013353, 28.19834562129115], [-88.85272433013353, 28.243301564466837], [-88.89768027330922, 28.243301564466837], [-88.89768027330922, 28.288257507642527], [-88.94263621648491, 28.288257507642527], [-88.94263621648491, 28.333213450818214], [-88.98759215966061, 28.333213450818214], [-88.98759215966061, 28.3781693939939], [-89.0325481028363, 28.3781693939939], [-89.0325481028363, 28.42312533716959], [-89.077504046012, 28.42312533716959], [-89.077504046012, 28.468081280345277], [-89.12245998918769, 28.468081280345277], [-89.12245998918769, 28.513037223520964], [-89.16741593236338, 28.513037223520964], [-89.16741593236338, 28.557993166696654], [-89.21237187553908, 28.557993166696654], [-89.21237187553908, 28.60294910987234], [-89.25732781871477, 28.60294910987234], [-89.25732781871477, 28.647905053048028], [-89.30228376189046, 28.647905053048028], [-89.30228376189046, 28.692860996223715], [-89.34723970506616, 28.692860996223715], [-89.34723970506616, 28.737816939399405], [-89.39219564824185, 28.737816939399405], [-89.39219564824185, 28.78277288257509], [-89.43715159141755, 28.78277288257509], [-89.43715159141755, 28.82772882575078], [-89.48210753459324, 28.82772882575078], [-89.48210753459324, 28.87268476892647], [-89.52706347776893, 28.87268476892647], [-89.52706347776893, 28.917640712102155], [-89.57201942094463, 28.917640712102155], [-89.66193130729602, 29.05250854162922], [-89.7518431936474, 29.05250854162922], [-89.7967991368231, 29.142420427980596], [-89.97662290952587, 29.187376371156283], [-89.97662290952587, 29.23233231433197], [-90.06653479587726, 29.23233231433197], [-90.06653479587726, 29.27728825750766], [-90.15644668222865, 29.27728825750766], [-90.15644668222865, 29.322244200683347], [-90.29131451175573, 29.322244200683347], [-90.29131451175573, 29.367200143859034], [-90.38122639810712, 29.367200143859034], [-90.38122639810712, 29.412156087034724], [-90.56105017080989, 29.412156087034724], [-90.56105017080989, 29.45711203021041], [-91.01060960256683, 29.45711203021041], [-91.01060960256683, 29.502067973386097], [-91.10052148891822, 29.502067973386097], [-91.10052148891822, 29.591979859737474], [-91.14547743209391, 29.591979859737474], [-91.1904333752696, 29.681891746088848], [-91.280345261621, 29.681891746088848], [-91.32530120479669, 29.771803632440225], [-91.46016903432377, 29.771803632440225], [-91.46016903432377, 29.81675957561591], [-91.50512497749946, 29.81675957561591], [-91.50512497749946, 29.771803632440225], [-91.59503686385085, 29.771803632440225], [-91.63999280702654, 29.681891746088848], [-91.72990469337793, 29.681891746088848], [-91.72990469337793, 29.63693580291316], [-91.81981657972932, 29.63693580291316], [-91.86477252290501, 29.547023916561784], [-91.9546844092564, 29.547023916561784], [-91.9546844092564, 29.412156087034724], [-91.9996403524321, 29.412156087034724], [-91.9996403524321, 29.187376371156283], [-92.04459629560779, 29.187376371156283], [-92.04459629560779, 28.962596655277842]]]]}}, {"type": "Feature", "properties": {"shapefile": "2021082712_wsp64knt120hr_5km", "PERCENTAGE": "40-50%"}, "geometry": {"type": "MultiPolygon", "coordinates": [[[[-92.04459629560779, 28.962596655277842], [-92.04459629560779, 29.187376371156283], [-91.9996403524321, 29.187376371156283], [-91.9996403524321, 29.412156087034724], [-91.9546844092564, 29.412156087034724], [-91.9546844092564, 29.547023916561784], [-91.86477252290501, 29.547023916561784], [-91.81981657972932, 29.63693580291316], [-91.63999280702654, 29.681891746088848], [-91.63999280702654, 29.726847689264538], [-91.59503686385085, 29.726847689264538], [-91.59503686385085, 29.771803632440225], [-91.50512497749946, 29.771803632440225], [-91.50512497749946, 29.81675957561591], [-91.46016903432377, 29.81675957561591], [-91.46016903432377, 29.771803632440225], [-91.32530120479669, 29.771803632440225], [-91.280345261621, 29.681891746088848], [-91.1904333752696, 29.681891746088848], [-91.1904333752696, 29.63693580291316], [-91.10052148891822, 29.591979859737474], [-91.10052148891822, 29.502067973386097], [-91.01060960256683, 29.502067973386097], [-91.01060960256683, 29.45711203021041], [-90.56105017080989, 29.45711203021041], [-90.56105017080989, 29.412156087034724], [-90.38122639810712, 29.412156087034724], [-90.38122639810712, 29.367200143859034], [-90.29131451175573, 29.367200143859034], [-90.29131451175573, 29.322244200683347], [-90.15644668222865, 29.322244200683347], [-90.15644668222865, 29.27728825750766], [-90.06653479587726, 29.27728825750766], [-90.06653479587726, 29.23233231433197], [-89.97662290952587, 29.23233231433197], [-89.97662290952587, 29.187376371156283], [-89.7967991368231, 29.142420427980596], [-89.7518431936474, 29.05250854162922], [-89.66193130729602, 29.05250854162922], [-89.66193130729602, 29.007552598453533], [-89.61697536412032, 29.007552598453533], [-89.61697536412032, 28.962596655277842], [-89.57201942094463, 28.962596655277842], [-89.57201942094463, 28.917640712102155], [-89.52706347776893, 28.917640712102155], [-89.52706347776893, 28.87268476892647], [-89.48210753459324, 28.87268476892647], [-89.48210753459324, 28.82772882575078], [-89.43715159141755, 28.82772882575078], [-89.43715159141755, 28.78277288257509], [-89.39219564824185, 28.78277288257509], [-89.39219564824185, 28.737816939399405], [-89.34723970506616, 28.737816939399405], [-89.34723970506616, 28.692860996223715], [-89.30228376189046, 28.692860996223715], [-89.30228376189046, 28.647905053048028], [-89.25732781871477, 28.647905053048028], [-89.25732781871477, 28.60294910987234], [-89.21237187553908, 28.60294910987234], [-89.21237187553908, 28.557993166696654], [-89.16741593236338, 28.557993166696654], [-89.16741593236338, 28.513037223520964], [-89.12245998918769, 28.513037223520964], [-89.12245998918769, 28.468081280345277], [-89.077504046012, 28.468081280345277], [-89.077504046012, 28.42312533716959], [-89.0325481028363, 28.42312533716959], [-89.0325481028363, 28.3781693939939], [-88.98759215966061, 28.3781693939939], [-88.98759215966061, 28.333213450818214], [-88.94263621648491, 28.333213450818214], [-88.94263621648491, 28.288257507642527], [-88.89768027330922, 28.288257507642527], [-88.89768027330922, 28.243301564466837], [-88.85272433013353, 28.243301564466837], [-88.85272433013353, 28.19834562129115], [-88.80776838695783, 28.19834562129115], [-88.80776838695783, 28.153389678115463], [-88.76281244378214, 28.153389678115463], [-88.76281244378214, 28.108433734939773], [-88.71785650060644, 28.108433734939773], [-88.71785650060644, 28.063477791764086], [-88.67290055743075, 28.063477791764086], [-88.67290055743075, 28.0185218485884], [-88.62794461425506, 28.0185218485884], [-88.62794461425506, 27.973565905412713], [-88.58298867107936, 27.973565905412713], [-88.58298867107936, 27.928609962237022], [-88.53803272790367, 27.928609962237022], [-88.53803272790367, 27.883654019061336], [-88.49307678472798, 27.883654019061336], [-88.49307678472798, 27.83869807588565], [-88.44812084155228, 27.83869807588565], [-88.44812084155228, 27.79374213270996], [-88.40316489837659, 27.79374213270996], [-88.40316489837659, 27.748786189534272], [-88.3582089552009, 27.748786189534272], [-88.3582089552009, 27.703830246358585], [-88.3132530120252, 27.703830246358585], [-88.3132530120252, 27.658874303182895], [-88.2682970688495, 27.658874303182895], [-88.2682970688495, 27.613918360007208], [-88.22334112567381, 27.613918360007208], [-88.22334112567381, 27.56896241683152], [-88.17838518249812, 27.56896241683152], [-88.17838518249812, 27.52400647365583], [-88.13342923932242, 27.52400647365583], [-88.13342923932242, 27.479050530480144], [-88.08847329614673, 27.479050530480144], [-88.08847329614673, 27.434094587304457], [-88.04351735297104, 27.434094587304457], [-88.04351735297104, 27.389138644128767], [-87.99856140979534, 27.389138644128767], [-87.99856140979534, 27.34418270095308], [-87.95360546661965, 27.34418270095308], [-87.95360546661965, 27.299226757777394], [-87.90864952344396, 27.299226757777394], [-87.90864952344396, 27.254270814601703], [-87.86369358026826, 27.254270814601703], [-87.86369358026826, 27.209314871426017], [-87.81873763709257, 27.209314871426017], [-87.81873763709257, 27.16435892825033], [-87.77378169391687, 27.16435892825033], [-87.77378169391687, 27.119402985074643], [-87.72882575074118, 27.119402985074643], [-87.72882575074118, 27.074447041898953], [-87.68386980756549, 27.074447041898953], [-87.68386980756549, 27.029491098723266], [-87.63891386438979, 27.029491098723266], [-87.63891386438979, 26.98453515554758], [-87.5939579212141, 26.98453515554758], [-87.5939579212141, 26.93957921237189], [-87.45909009168702, 26.849667326020516], [-87.45909009168702, 26.804711382844825], [-87.41413414851132, 26.804711382844825], [-87.41413414851132, 26.714799496493452], [-87.36917820533563, 26.714799496493452], [-87.36917820533563, 26.66984355331776], [-87.32422226215994, 26.66984355331776], [-87.32422226215994, 26.624887610142075], [-87.27926631898424, 26.624887610142075], [-87.27926631898424, 26.579931666966388], [-87.23431037580855, 26.579931666966388], [-87.23431037580855, 26.5349757237907], [-87.18935443263285, 26.5349757237907], [-87.18935443263285, 26.49001978061501], [-87.14439848945716, 26.49001978061501], [-87.14439848945716, 26.445063837439324], [-87.00953065993008, 26.355151951087947], [-87.00953065993008, 26.265240064736574], [-86.96457471675438, 26.265240064736574], [-86.96457471675438, 26.220284121560884], [-86.91961877357869, 26.220284121560884], [-86.91961877357869, 26.175328178385197], [-86.874662830403, 26.175328178385197], [-86.874662830403, 26.13037223520951], [-86.8297068872273, 26.13037223520951], [-86.8297068872273, 26.08541629203382], [-86.69483905770022, 25.995504405682446], [-86.69483905770022, 25.90559251933107], [-86.64988311452453, 25.90559251933107], [-86.64988311452453, 25.860636576155382], [-86.60492717134883, 25.860636576155382], [-86.60492717134883, 25.815680632979692], [-86.55997122817314, 25.815680632979692], [-86.55997122817314, 25.770724689804005], [-86.42510339864606, 25.680812803452632], [-86.42510339864606, 25.590900917101255], [-86.38014745547036, 25.590900917101255], [-86.38014745547036, 25.545944973925568], [-86.33519151229467, 25.545944973925568], [-86.33519151229467, 25.500989030749878], [-86.29023556911898, 25.500989030749878], [-86.29023556911898, 25.45603308757419], [-86.24527962594328, 25.45603308757419], [-86.24527962594328, 25.411077144398504], [-86.1104117964162, 25.321165258047127], [-86.1104117964162, 25.23125337169575], [-86.06545585324051, 25.23125337169575], [-86.06545585324051, 25.186297428520064], [-86.02049991006481, 25.186297428520064], [-86.02049991006481, 25.141341485344377], [-85.88563208053773, 25.051429598993], [-85.88563208053773, 24.961517712641626], [-85.75076425101065, 24.87160582629025], [-85.75076425101065, 24.781693939938872], [-85.70580830783496, 24.781693939938872], [-85.70580830783496, 24.736737996763186], [-85.61589642148357, 24.6917820535875], [-85.61589642148357, 24.60187016723612], [-85.48102859195649, 24.511958280884745], [-85.48102859195649, 24.42204639453337], [-85.4360726487808, 24.42204639453337], [-85.3911167056051, 24.24222262183062], [-85.30120481925371, 24.19726667865493], [-85.30120481925371, 24.107354792303557], [-85.25624887607802, 24.107354792303557], [-85.25624887607802, 24.01744290595218], [-85.21129293290232, 24.01744290595218], [-85.21129293290232, 23.972486962776493], [-85.25624887607802, 23.972486962776493], [-85.25624887607802, 23.882575076425116], [-85.30120481925371, 23.882575076425116], [-85.30120481925371, 23.79266319007374], [-85.3461607624294, 23.79266319007374], [-85.3911167056051, 23.702751303722366], [-85.61589642148357, 23.702751303722366], [-85.61589642148357, 23.747707246898052], [-85.88563208053773, 23.747707246898052], [-85.88563208053773, 23.79266319007374], [-86.06545585324051, 23.79266319007374], [-86.06545585324051, 23.83761913324943], [-86.1553677395919, 23.83761913324943], [-86.20032368276759, 23.927531019600803], [-86.38014745547036, 23.972486962776493], [-86.42510339864606, 24.062398849127867], [-86.60492717134883, 24.107354792303557], [-86.64988311452453, 24.19726667865493], [-86.73979500087592, 24.19726667865493], [-86.73979500087592, 24.24222262183062], [-86.8297068872273, 24.24222262183062], [-86.874662830403, 24.332134508181994], [-86.96457471675438, 24.332134508181994], [-87.00953065993008, 24.42204639453337], [-87.09944254628147, 24.42204639453337], [-87.09944254628147, 24.467002337709058], [-87.14439848945716, 24.467002337709058], [-87.23431037580855, 24.60187016723612], [-87.32422226215994, 24.60187016723612], [-87.41413414851132, 24.736737996763186], [-87.50404603486271, 24.736737996763186], [-87.5939579212141, 24.87160582629025], [-87.68386980756549, 24.87160582629025], [-87.68386980756549, 24.916561769465936], [-87.72882575074118, 24.916561769465936], [-87.81873763709257, 25.051429598993], [-87.90864952344396, 25.051429598993], [-87.99856140979534, 25.186297428520064], [-88.08847329614673, 25.186297428520064], [-88.17838518249812, 25.321165258047127], [-88.2682970688495, 25.321165258047127], [-88.3582089552009, 25.45603308757419], [-88.44812084155228, 25.45603308757419], [-88.53803272790367, 25.590900917101255], [-88.62794461425506, 25.590900917101255], [-88.71785650060644, 25.72576874662832], [-88.80776838695783, 25.72576874662832], [-88.89768027330922, 25.860636576155382], [-88.98759215966061, 25.860636576155382], [-88.98759215966061, 25.90559251933107], [-89.0325481028363, 25.90559251933107], [-89.12245998918769, 26.040460348858133], [-89.21237187553908, 26.040460348858133], [-89.30228376189046, 26.175328178385197], [-89.39219564824185, 26.175328178385197], [-89.48210753459324, 26.31019600791226], [-89.57201942094463, 26.31019600791226], [-89.57201942094463, 26.355151951087947], [-89.61697536412032, 26.355151951087947], [-89.70688725047171, 26.49001978061501], [-89.7967991368231, 26.49001978061501], [-89.7967991368231, 26.5349757237907], [-89.84175507999879, 26.5349757237907], [-89.93166696635018, 26.66984355331776], [-90.02157885270157, 26.66984355331776], [-90.11149073905295, 26.804711382844825], [-90.20140262540434, 26.804711382844825], [-90.20140262540434, 26.849667326020516], [-90.24635856858004, 26.849667326020516], [-90.33627045493142, 26.98453515554758], [-90.42618234128281, 26.98453515554758], [-90.42618234128281, 27.029491098723266], [-90.4711382844585, 27.029491098723266], [-90.4711382844585, 27.074447041898953], [-90.5160942276342, 27.074447041898953], [-90.60600611398559, 27.209314871426017], [-90.69591800033697, 27.209314871426017], [-90.69591800033697, 27.254270814601703], [-90.74087394351267, 27.254270814601703], [-90.74087394351267, 27.299226757777394], [-90.78582988668836, 27.299226757777394], [-90.78582988668836, 27.34418270095308], [-90.83078582986406, 27.34418270095308], [-90.83078582986406, 27.389138644128767], [-90.87574177303975, 27.389138644128767], [-90.87574177303975, 27.434094587304457], [-90.92069771621544, 27.434094587304457], [-90.92069771621544, 27.479050530480144], [-90.96565365939114, 27.479050530480144], [-90.96565365939114, 27.52400647365583], [-91.01060960256683, 27.52400647365583], [-91.01060960256683, 27.56896241683152], [-91.05556554574252, 27.56896241683152], [-91.05556554574252, 27.613918360007208], [-91.10052148891822, 27.613918360007208], [-91.10052148891822, 27.658874303182895], [-91.14547743209391, 27.658874303182895], [-91.14547743209391, 27.703830246358585], [-91.1904333752696, 27.703830246358585], [-91.1904333752696, 27.748786189534272], [-91.2353893184453, 27.748786189534272], [-91.2353893184453, 27.79374213270996], [-91.280345261621, 27.79374213270996], [-91.280345261621, 27.83869807588565], [-91.32530120479669, 27.83869807588565], [-91.32530120479669, 27.883654019061336], [-91.37025714797238, 27.883654019061336], [-91.37025714797238, 27.928609962237022], [-91.50512497749946, 28.0185218485884], [-91.50512497749946, 28.108433734939773], [-91.59503686385085, 28.153389678115463], [-91.59503686385085, 28.243301564466837], [-91.63999280702654, 28.243301564466837], [-91.63999280702654, 28.288257507642527], [-91.72990469337793, 28.333213450818214], [-91.72990469337793, 28.42312533716959], [-91.81981657972932, 28.468081280345277], [-91.81981657972932, 28.557993166696654], [-91.86477252290501, 28.557993166696654], [-91.86477252290501, 28.647905053048028], [-91.90972846608071, 28.647905053048028], [-91.90972846608071, 28.78277288257509], [-91.9546844092564, 28.78277288257509], [-91.9546844092564, 28.87268476892647], [-91.9996403524321, 28.87268476892647], [-91.9996403524321, 28.962596655277842], [-92.04459629560779, 28.962596655277842]], [[-91.59503686385085, 28.87268476892647], [-91.55008092067516, 28.87268476892647], [-91.50512497749946, 28.513037223520964], [-91.46016903432377, 28.513037223520964], [-91.46016903432377, 28.468081280345277], [-91.41521309114808, 28.468081280345277], [-91.41521309114808, 28.3781693939939], [-91.280345261621, 28.288257507642527], [-91.280345261621, 28.19834562129115], [-91.2353893184453, 28.19834562129115], [-91.2353893184453, 28.153389678115463], [-91.1904333752696, 28.153389678115463], [-91.1904333752696, 28.063477791764086], [-91.05556554574252, 27.973565905412713], [-91.05556554574252, 27.883654019061336], [-91.01060960256683, 27.883654019061336], [-91.01060960256683, 27.83869807588565], [-90.92069771621544, 27.83869807588565], [-90.92069771621544, 27.79374213270996], [-90.87574177303975, 27.79374213270996], [-90.87574177303975, 27.748786189534272], [-90.83078582986406, 27.748786189534272], [-90.83078582986406, 27.703830246358585], [-90.69591800033697, 27.613918360007208], [-90.69591800033697, 27.52400647365583], [-90.65096205716128, 27.52400647365583], [-90.60600611398559, 27.434094587304457], [-90.5160942276342, 27.434094587304457], [-90.5160942276342, 27.389138644128767], [-90.4711382844585, 27.389138644128767], [-90.4711382844585, 27.34418270095308], [-90.42618234128281, 27.34418270095308], [-90.33627045493142, 27.209314871426017], [-90.24635856858004, 27.209314871426017], [-90.24635856858004, 27.16435892825033], [-90.20140262540434, 27.16435892825033], [-90.20140262540434, 27.119402985074643], [-90.15644668222865, 27.119402985074643], [-90.15644668222865, 27.074447041898953], [-90.11149073905295, 27.074447041898953], [-90.02157885270157, 26.93957921237189], [-89.93166696635018, 26.93957921237189], [-89.93166696635018, 26.894623269196202], [-89.88671102317448, 26.894623269196202], [-89.84175507999879, 26.804711382844825], [-89.7518431936474, 26.804711382844825], [-89.7518431936474, 26.75975543966914], [-89.70688725047171, 26.75975543966914], [-89.61697536412032, 26.624887610142075], [-89.52706347776893, 26.624887610142075], [-89.52706347776893, 26.579931666966388], [-89.48210753459324, 26.579931666966388], [-89.48210753459324, 26.5349757237907], [-89.43715159141755, 26.5349757237907], [-89.34723970506616, 26.400107894263638], [-89.25732781871477, 26.400107894263638], [-89.25732781871477, 26.355151951087947], [-89.21237187553908, 26.355151951087947], [-89.16741593236338, 26.265240064736574], [-89.077504046012, 26.265240064736574], [-89.077504046012, 26.220284121560884], [-89.0325481028363, 26.220284121560884], [-88.94263621648491, 26.08541629203382], [-88.85272433013353, 26.08541629203382], [-88.85272433013353, 26.040460348858133], [-88.80776838695783, 26.040460348858133], [-88.80776838695783, 25.995504405682446], [-88.76281244378214, 25.995504405682446], [-88.67290055743075, 25.860636576155382], [-88.58298867107936, 25.860636576155382], [-88.49307678472798, 25.72576874662832], [-88.40316489837659, 25.72576874662832], [-88.3582089552009, 25.63585686027694], [-88.2682970688495, 25.63585686027694], [-88.2682970688495, 25.590900917101255], [-88.22334112567381, 25.590900917101255], [-88.22334112567381, 25.545944973925568], [-88.17838518249812, 25.545944973925568], [-88.08847329614673, 25.411077144398504], [-87.99856140979534, 25.411077144398504], [-87.99856140979534, 25.366121201222814], [-87.95360546661965, 25.366121201222814], [-87.95360546661965, 25.321165258047127], [-87.86369358026826, 25.321165258047127], [-87.77378169391687, 25.186297428520064], [-87.68386980756549, 25.186297428520064], [-87.68386980756549, 25.141341485344377], [-87.63891386438979, 25.141341485344377], [-87.63891386438979, 25.09638554216869], [-87.5939579212141, 25.09638554216869], [-87.50404603486271, 24.961517712641626], [-87.41413414851132, 24.961517712641626], [-87.32422226215994, 24.826649883114563], [-87.23431037580855, 24.826649883114563], [-87.14439848945716, 24.6917820535875], [-87.05448660310577, 24.6917820535875], [-87.05448660310577, 24.64682611041181], [-87.00953065993008, 24.64682611041181], [-86.91961877357869, 24.511958280884745], [-86.8297068872273, 24.511958280884745], [-86.78475094405161, 24.42204639453337], [-86.60492717134883, 24.37709045135768], [-86.60492717134883, 24.332134508181994], [-86.55997122817314, 24.332134508181994], [-86.55997122817314, 24.287178565006307], [-86.47005934182175, 24.287178565006307], [-86.47005934182175, 24.24222262183062], [-86.33519151229467, 24.24222262183062], [-86.33519151229467, 24.19726667865493], [-86.1553677395919, 24.152310735479244], [-86.1553677395919, 24.107354792303557], [-86.1104117964162, 24.107354792303557], [-86.02049991006481, 23.972486962776493], [-85.52598453513218, 23.972486962776493], [-85.52598453513218, 24.01744290595218], [-85.48102859195649, 24.01744290595218], [-85.48102859195649, 24.062398849127867], [-85.57094047830788, 24.062398849127867], [-85.57094047830788, 24.107354792303557], [-85.70580830783496, 24.19726667865493], [-85.70580830783496, 24.42204639453337], [-85.75076425101065, 24.42204639453337], [-85.75076425101065, 24.556914224060435], [-85.79572019418634, 24.556914224060435], [-85.79572019418634, 24.64682611041181], [-85.84067613736204, 24.64682611041181], [-85.84067613736204, 24.6917820535875], [-85.88563208053773, 24.6917820535875], [-85.88563208053773, 24.736737996763186], [-85.93058802371343, 24.736737996763186], [-85.93058802371343, 24.781693939938872], [-86.06545585324051, 24.87160582629025], [-86.06545585324051, 24.961517712641626], [-86.1553677395919, 25.006473655817313], [-86.1553677395919, 25.09638554216869], [-86.20032368276759, 25.09638554216869], [-86.20032368276759, 25.141341485344377], [-86.24527962594328, 25.141341485344377], [-86.24527962594328, 25.186297428520064], [-86.29023556911898, 25.186297428520064], [-86.29023556911898, 25.23125337169575], [-86.33519151229467, 25.23125337169575], [-86.33519151229467, 25.27620931487144], [-86.38014745547036, 25.27620931487144], [-86.38014745547036, 25.321165258047127], [-86.51501528499745, 25.411077144398504], [-86.51501528499745, 25.500989030749878], [-86.55997122817314, 25.500989030749878], [-86.55997122817314, 25.545944973925568], [-86.60492717134883, 25.545944973925568], [-86.60492717134883, 25.590900917101255], [-86.64988311452453, 25.590900917101255], [-86.64988311452453, 25.63585686027694], [-86.78475094405161, 25.72576874662832], [-86.78475094405161, 25.815680632979692], [-86.8297068872273, 25.815680632979692], [-86.8297068872273, 25.860636576155382], [-86.874662830403, 25.860636576155382], [-86.874662830403, 25.90559251933107], [-86.91961877357869, 25.90559251933107], [-86.91961877357869, 25.950548462506756], [-86.96457471675438, 25.950548462506756], [-86.96457471675438, 25.995504405682446], [-87.00953065993008, 25.995504405682446], [-87.00953065993008, 26.040460348858133], [-87.05448660310577, 26.040460348858133], [-87.05448660310577, 26.08541629203382], [-87.18935443263285, 26.175328178385197], [-87.18935443263285, 26.265240064736574], [-87.23431037580855, 26.265240064736574], [-87.23431037580855, 26.31019600791226], [-87.27926631898424, 26.31019600791226], [-87.27926631898424, 26.355151951087947], [-87.32422226215994, 26.355151951087947], [-87.32422226215994, 26.400107894263638], [-87.36917820533563, 26.400107894263638], [-87.36917820533563, 26.445063837439324], [-87.41413414851132, 26.445063837439324], [-87.41413414851132, 26.49001978061501], [-87.45909009168702, 26.49001978061501], [-87.45909009168702, 26.5349757237907], [-87.50404603486271, 26.5349757237907], [-87.50404603486271, 26.579931666966388], [-87.5490019780384, 26.579931666966388], [-87.5490019780384, 26.624887610142075], [-87.5939579212141, 26.624887610142075], [-87.5939579212141, 26.66984355331776], [-87.63891386438979, 26.66984355331776], [-87.63891386438979, 26.714799496493452], [-87.68386980756549, 26.714799496493452], [-87.68386980756549, 26.75975543966914], [-87.72882575074118, 26.75975543966914], [-87.72882575074118, 26.804711382844825], [-87.86369358026826, 26.894623269196202], [-87.86369358026826, 26.98453515554758], [-87.90864952344396, 26.98453515554758], [-87.90864952344396, 27.029491098723266], [-87.95360546661965, 27.029491098723266], [-87.95360546661965, 27.074447041898953], [-87.99856140979534, 27.074447041898953], [-87.99856140979534, 27.119402985074643], [-88.04351735297104, 27.119402985074643], [-88.04351735297104, 27.16435892825033], [-88.08847329614673, 27.16435892825033], [-88.08847329614673, 27.209314871426017], [-88.13342923932242, 27.209314871426017], [-88.13342923932242, 27.254270814601703], [-88.17838518249812, 27.254270814601703], [-88.17838518249812, 27.299226757777394], [-88.22334112567381, 27.299226757777394], [-88.22334112567381, 27.34418270095308], [-88.2682970688495, 27.34418270095308], [-88.2682970688495, 27.389138644128767], [-88.3132530120252, 27.389138644128767], [-88.3132530120252, 27.434094587304457], [-88.44812084155228, 27.52400647365583], [-88.44812084155228, 27.56896241683152], [-88.53803272790367, 27.56896241683152], [-88.53803272790367, 27.613918360007208], [-88.58298867107936, 27.613918360007208], [-88.58298867107936, 27.658874303182895], [-88.62794461425506, 27.658874303182895], [-88.62794461425506, 27.703830246358585], [-88.67290055743075, 27.703830246358585], [-88.67290055743075, 27.748786189534272], [-88.71785650060644, 27.748786189534272], [-88.71785650060644, 27.79374213270996], [-88.76281244378214, 27.79374213270996], [-88.76281244378214, 27.83869807588565], [-88.80776838695783, 27.83869807588565], [-88.80776838695783, 27.883654019061336], [-88.85272433013353, 27.883654019061336], [-88.85272433013353, 27.928609962237022], [-88.89768027330922, 27.928609962237022], [-88.89768027330922, 27.973565905412713], [-88.94263621648491, 27.973565905412713], [-88.94263621648491, 28.0185218485884], [-88.98759215966061, 28.0185218485884], [-88.98759215966061, 28.063477791764086], [-89.0325481028363, 28.063477791764086], [-89.0325481028363, 28.108433734939773], [-89.077504046012, 28.108433734939773], [-89.077504046012, 28.153389678115463], [-89.12245998918769, 28.153389678115463], [-89.12245998918769, 28.19834562129115], [-89.16741593236338, 28.19834562129115], [-89.16741593236338, 28.243301564466837], [-89.21237187553908, 28.243301564466837], [-89.21237187553908, 28.288257507642527], [-89.25732781871477, 28.288257507642527], [-89.25732781871477, 28.333213450818214], [-89.30228376189046, 28.333213450818214], [-89.30228376189046, 28.3781693939939], [-89.34723970506616, 28.3781693939939], [-89.34723970506616, 28.42312533716959], [-89.39219564824185, 28.42312533716959], [-89.39219564824185, 28.468081280345277], [-89.52706347776893, 28.557993166696654], [-89.52706347776893, 28.60294910987234], [-89.61697536412032, 28.60294910987234], [-89.61697536412032, 28.647905053048028], [-89.66193130729602, 28.647905053048028], [-89.66193130729602, 28.692860996223715], [-89.70688725047171, 28.692860996223715], [-89.70688725047171, 28.737816939399405], [-89.7518431936474, 28.737816939399405], [-89.7518431936474, 28.78277288257509], [-89.7967991368231, 28.78277288257509], [-89.7967991368231, 28.82772882575078], [-89.84175507999879, 28.82772882575078], [-89.84175507999879, 28.87268476892647], [-89.97662290952587, 28.962596655277842], [-89.97662290952587, 29.007552598453533], [-90.06653479587726, 29.007552598453533], [-90.06653479587726, 29.05250854162922], [-90.15644668222865, 29.05250854162922], [-90.15644668222865, 29.097464484804906], [-90.29131451175573, 29.097464484804906], [-90.29131451175573, 29.142420427980596], [-90.38122639810712, 29.142420427980596], [-90.38122639810712, 29.187376371156283], [-90.5160942276342, 29.187376371156283], [-90.5160942276342, 29.23233231433197], [-91.1904333752696, 29.23233231433197], [-91.1904333752696, 29.27728825750766], [-91.41521309114808, 29.27728825750766], [-91.41521309114808, 29.322244200683347], [-91.50512497749946, 29.322244200683347], [-91.50512497749946, 29.23233231433197], [-91.55008092067516, 29.23233231433197], [-91.55008092067516, 29.142420427980596], [-91.59503686385085, 29.142420427980596], [-91.59503686385085, 28.87268476892647]]]]}}, {"type": "Feature", "properties": {"shapefile": "2021082712_wsp64knt120hr_5km", "PERCENTAGE": "50-60%"}, "geometry": {"type": "MultiPolygon", "coordinates": [[[[-91.59503686385085, 28.87268476892647], [-91.59503686385085, 29.142420427980596], [-91.55008092067516, 29.142420427980596], [-91.50512497749946, 29.322244200683347], [-91.41521309114808, 29.322244200683347], [-91.41521309114808, 29.27728825750766], [-91.1904333752696, 29.27728825750766], [-91.1904333752696, 29.23233231433197], [-90.5160942276342, 29.23233231433197], [-90.5160942276342, 29.187376371156283], [-90.38122639810712, 29.187376371156283], [-90.38122639810712, 29.142420427980596], [-90.29131451175573, 29.142420427980596], [-90.29131451175573, 29.097464484804906], [-90.15644668222865, 29.097464484804906], [-90.15644668222865, 29.05250854162922], [-89.97662290952587, 29.007552598453533], [-89.97662290952587, 28.962596655277842], [-89.93166696635018, 28.962596655277842], [-89.93166696635018, 28.917640712102155], [-89.88671102317448, 28.917640712102155], [-89.88671102317448, 28.87268476892647], [-89.84175507999879, 28.87268476892647], [-89.84175507999879, 28.82772882575078], [-89.7967991368231, 28.82772882575078], [-89.7967991368231, 28.78277288257509], [-89.7518431936474, 28.78277288257509], [-89.7518431936474, 28.737816939399405], [-89.70688725047171, 28.737816939399405], [-89.61697536412032, 28.60294910987234], [-89.52706347776893, 28.60294910987234], [-89.52706347776893, 28.557993166696654], [-89.48210753459324, 28.557993166696654], [-89.48210753459324, 28.513037223520964], [-89.43715159141755, 28.513037223520964], [-89.43715159141755, 28.468081280345277], [-89.39219564824185, 28.468081280345277], [-89.39219564824185, 28.42312533716959], [-89.34723970506616, 28.42312533716959], [-89.34723970506616, 28.3781693939939], [-89.30228376189046, 28.3781693939939], [-89.30228376189046, 28.333213450818214], [-89.25732781871477, 28.333213450818214], [-89.25732781871477, 28.288257507642527], [-89.21237187553908, 28.288257507642527], [-89.21237187553908, 28.243301564466837], [-89.16741593236338, 28.243301564466837], [-89.16741593236338, 28.19834562129115], [-89.12245998918769, 28.19834562129115], [-89.12245998918769, 28.153389678115463], [-89.077504046012, 28.153389678115463], [-89.077504046012, 28.108433734939773], [-89.0325481028363, 28.108433734939773], [-89.0325481028363, 28.063477791764086], [-88.98759215966061, 28.063477791764086], [-88.98759215966061, 28.0185218485884], [-88.94263621648491, 28.0185218485884], [-88.94263621648491, 27.973565905412713], [-88.89768027330922, 27.973565905412713], [-88.89768027330922, 27.928609962237022], [-88.85272433013353, 27.928609962237022], [-88.85272433013353, 27.883654019061336], [-88.80776838695783, 27.883654019061336], [-88.80776838695783, 27.83869807588565], [-88.76281244378214, 27.83869807588565], [-88.76281244378214, 27.79374213270996], [-88.71785650060644, 27.79374213270996], [-88.71785650060644, 27.748786189534272], [-88.67290055743075, 27.748786189534272], [-88.67290055743075, 27.703830246358585], [-88.62794461425506, 27.703830246358585], [-88.53803272790367, 27.56896241683152], [-88.44812084155228, 27.56896241683152], [-88.44812084155228, 27.52400647365583], [-88.40316489837659, 27.52400647365583], [-88.40316489837659, 27.479050530480144], [-88.3582089552009, 27.479050530480144], [-88.3582089552009, 27.434094587304457], [-88.3132530120252, 27.434094587304457], [-88.3132530120252, 27.389138644128767], [-88.2682970688495, 27.389138644128767], [-88.2682970688495, 27.34418270095308], [-88.22334112567381, 27.34418270095308], [-88.22334112567381, 27.299226757777394], [-88.17838518249812, 27.299226757777394], [-88.17838518249812, 27.254270814601703], [-88.13342923932242, 27.254270814601703], [-88.13342923932242, 27.209314871426017], [-88.08847329614673, 27.209314871426017], [-88.08847329614673, 27.16435892825033], [-88.04351735297104, 27.16435892825033], [-88.04351735297104, 27.119402985074643], [-87.99856140979534, 27.119402985074643], [-87.99856140979534, 27.074447041898953], [-87.86369358026826, 26.98453515554758], [-87.86369358026826, 26.894623269196202], [-87.81873763709257, 26.894623269196202], [-87.81873763709257, 26.849667326020516], [-87.77378169391687, 26.849667326020516], [-87.77378169391687, 26.804711382844825], [-87.72882575074118, 26.804711382844825], [-87.72882575074118, 26.75975543966914], [-87.68386980756549, 26.75975543966914], [-87.68386980756549, 26.714799496493452], [-87.63891386438979, 26.714799496493452], [-87.63891386438979, 26.66984355331776], [-87.5939579212141, 26.66984355331776], [-87.5939579212141, 26.624887610142075], [-87.5490019780384, 26.624887610142075], [-87.5490019780384, 26.579931666966388], [-87.50404603486271, 26.579931666966388], [-87.50404603486271, 26.5349757237907], [-87.45909009168702, 26.5349757237907], [-87.45909009168702, 26.49001978061501], [-87.41413414851132, 26.49001978061501], [-87.41413414851132, 26.445063837439324], [-87.36917820533563, 26.445063837439324], [-87.36917820533563, 26.400107894263638], [-87.32422226215994, 26.400107894263638], [-87.32422226215994, 26.355151951087947], [-87.18935443263285, 26.265240064736574], [-87.18935443263285, 26.175328178385197], [-87.14439848945716, 26.175328178385197], [-87.14439848945716, 26.13037223520951], [-87.09944254628147, 26.13037223520951], [-87.09944254628147, 26.08541629203382], [-87.05448660310577, 26.08541629203382], [-87.05448660310577, 26.040460348858133], [-87.00953065993008, 26.040460348858133], [-87.00953065993008, 25.995504405682446], [-86.96457471675438, 25.995504405682446], [-86.96457471675438, 25.950548462506756], [-86.91961877357869, 25.950548462506756], [-86.91961877357869, 25.90559251933107], [-86.78475094405161, 25.815680632979692], [-86.78475094405161, 25.72576874662832], [-86.73979500087592, 25.72576874662832], [-86.73979500087592, 25.680812803452632], [-86.69483905770022, 25.680812803452632], [-86.69483905770022, 25.63585686027694], [-86.64988311452453, 25.63585686027694], [-86.64988311452453, 25.590900917101255], [-86.51501528499745, 25.500989030749878], [-86.51501528499745, 25.411077144398504], [-86.47005934182175, 25.411077144398504], [-86.47005934182175, 25.366121201222814], [-86.42510339864606, 25.366121201222814], [-86.42510339864606, 25.321165258047127], [-86.38014745547036, 25.321165258047127], [-86.38014745547036, 25.27620931487144], [-86.33519151229467, 25.27620931487144], [-86.33519151229467, 25.23125337169575], [-86.29023556911898, 25.23125337169575], [-86.29023556911898, 25.186297428520064], [-86.1553677395919, 25.09638554216869], [-86.1553677395919, 25.006473655817313], [-86.06545585324051, 24.961517712641626], [-86.06545585324051, 24.87160582629025], [-86.02049991006481, 24.87160582629025], [-86.02049991006481, 24.826649883114563], [-85.97554396688912, 24.826649883114563], [-85.97554396688912, 24.781693939938872], [-85.93058802371343, 24.781693939938872], [-85.93058802371343, 24.736737996763186], [-85.79572019418634, 24.64682611041181], [-85.79572019418634, 24.556914224060435], [-85.75076425101065, 24.556914224060435], [-85.75076425101065, 24.42204639453337], [-85.70580830783496, 24.42204639453337], [-85.70580830783496, 24.19726667865493], [-85.66085236465926, 24.19726667865493], [-85.57094047830788, 24.062398849127867], [-85.48102859195649, 24.062398849127867], [-85.48102859195649, 24.01744290595218], [-85.52598453513218, 24.01744290595218], [-85.52598453513218, 23.972486962776493], [-86.02049991006481, 23.972486962776493], [-86.02049991006481, 24.01744290595218], [-86.06545585324051, 24.01744290595218], [-86.1553677395919, 24.152310735479244], [-86.33519151229467, 24.19726667865493], [-86.33519151229467, 24.24222262183062], [-86.47005934182175, 24.24222262183062], [-86.47005934182175, 24.287178565006307], [-86.55997122817314, 24.287178565006307], [-86.60492717134883, 24.37709045135768], [-86.69483905770022, 24.37709045135768], [-86.69483905770022, 24.42204639453337], [-86.78475094405161, 24.42204639453337], [-86.8297068872273, 24.511958280884745], [-86.91961877357869, 24.511958280884745], [-86.91961877357869, 24.556914224060435], [-86.96457471675438, 24.556914224060435], [-87.05448660310577, 24.6917820535875], [-87.14439848945716, 24.6917820535875], [-87.23431037580855, 24.826649883114563], [-87.32422226215994, 24.826649883114563], [-87.41413414851132, 24.961517712641626], [-87.50404603486271, 24.961517712641626], [-87.50404603486271, 25.006473655817313], [-87.5490019780384, 25.006473655817313], [-87.5490019780384, 25.051429598993], [-87.5939579212141, 25.051429598993], [-87.68386980756549, 25.186297428520064], [-87.77378169391687, 25.186297428520064], [-87.86369358026826, 25.321165258047127], [-87.95360546661965, 25.321165258047127], [-87.99856140979534, 25.411077144398504], [-88.08847329614673, 25.411077144398504], [-88.08847329614673, 25.45603308757419], [-88.13342923932242, 25.45603308757419], [-88.13342923932242, 25.500989030749878], [-88.17838518249812, 25.500989030749878], [-88.2682970688495, 25.63585686027694], [-88.3582089552009, 25.63585686027694], [-88.3582089552009, 25.680812803452632], [-88.40316489837659, 25.680812803452632], [-88.40316489837659, 25.72576874662832], [-88.49307678472798, 25.72576874662832], [-88.58298867107936, 25.860636576155382], [-88.67290055743075, 25.860636576155382], [-88.67290055743075, 25.90559251933107], [-88.71785650060644, 25.90559251933107], [-88.71785650060644, 25.950548462506756], [-88.76281244378214, 25.950548462506756], [-88.85272433013353, 26.08541629203382], [-88.94263621648491, 26.08541629203382], [-88.94263621648491, 26.13037223520951], [-88.98759215966061, 26.13037223520951], [-89.077504046012, 26.265240064736574], [-89.16741593236338, 26.265240064736574], [-89.25732781871477, 26.400107894263638], [-89.34723970506616, 26.400107894263638], [-89.34723970506616, 26.445063837439324], [-89.39219564824185, 26.445063837439324], [-89.39219564824185, 26.49001978061501], [-89.43715159141755, 26.49001978061501], [-89.52706347776893, 26.624887610142075], [-89.61697536412032, 26.624887610142075], [-89.61697536412032, 26.66984355331776], [-89.66193130729602, 26.66984355331776], [-89.7518431936474, 26.804711382844825], [-89.84175507999879, 26.804711382844825], [-89.93166696635018, 26.93957921237189], [-90.02157885270157, 26.93957921237189], [-90.02157885270157, 26.98453515554758], [-90.06653479587726, 26.98453515554758], [-90.06653479587726, 27.029491098723266], [-90.11149073905295, 27.029491098723266], [-90.11149073905295, 27.074447041898953], [-90.15644668222865, 27.074447041898953], [-90.24635856858004, 27.209314871426017], [-90.33627045493142, 27.209314871426017], [-90.33627045493142, 27.254270814601703], [-90.38122639810712, 27.254270814601703], [-90.38122639810712, 27.299226757777394], [-90.42618234128281, 27.299226757777394], [-90.5160942276342, 27.434094587304457], [-90.60600611398559, 27.434094587304457], [-90.60600611398559, 27.479050530480144], [-90.69591800033697, 27.52400647365583], [-90.69591800033697, 27.613918360007208], [-90.74087394351267, 27.613918360007208], [-90.74087394351267, 27.658874303182895], [-90.78582988668836, 27.658874303182895], [-90.78582988668836, 27.703830246358585], [-90.83078582986406, 27.703830246358585], [-90.92069771621544, 27.83869807588565], [-91.01060960256683, 27.83869807588565], [-91.01060960256683, 27.883654019061336], [-91.05556554574252, 27.883654019061336], [-91.05556554574252, 27.973565905412713], [-91.1904333752696, 28.063477791764086], [-91.1904333752696, 28.153389678115463], [-91.280345261621, 28.19834562129115], [-91.280345261621, 28.288257507642527], [-91.32530120479669, 28.288257507642527], [-91.32530120479669, 28.333213450818214], [-91.41521309114808, 28.3781693939939], [-91.41521309114808, 28.468081280345277], [-91.50512497749946, 28.513037223520964], [-91.50512497749946, 28.692860996223715], [-91.55008092067516, 28.692860996223715], [-91.55008092067516, 28.87268476892647], [-91.59503686385085, 28.87268476892647]], [[-91.05556554574252, 28.468081280345277], [-91.01060960256683, 28.468081280345277], [-91.01060960256683, 28.3781693939939], [-90.87574177303975, 28.288257507642527], [-90.87574177303975, 28.19834562129115], [-90.83078582986406, 28.19834562129115], [-90.78582988668836, 28.0185218485884], [-90.74087394351267, 28.0185218485884], [-90.74087394351267, 27.973565905412713], [-90.69591800033697, 27.973565905412713], [-90.69591800033697, 27.928609962237022], [-90.65096205716128, 27.928609962237022], [-90.65096205716128, 27.883654019061336], [-90.60600611398559, 27.883654019061336], [-90.60600611398559, 27.83869807588565], [-90.56105017080989, 27.83869807588565], [-90.56105017080989, 27.79374213270996], [-90.5160942276342, 27.79374213270996], [-90.5160942276342, 27.748786189534272], [-90.38122639810712, 27.658874303182895], [-90.38122639810712, 27.56896241683152], [-90.33627045493142, 27.56896241683152], [-90.33627045493142, 27.52400647365583], [-90.29131451175573, 27.52400647365583], [-90.20140262540434, 27.389138644128767], [-90.11149073905295, 27.389138644128767], [-90.11149073905295, 27.34418270095308], [-90.06653479587726, 27.34418270095308], [-89.97662290952587, 27.209314871426017], [-89.88671102317448, 27.209314871426017], [-89.88671102317448, 27.16435892825033], [-89.84175507999879, 27.16435892825033], [-89.84175507999879, 27.119402985074643], [-89.7967991368231, 27.119402985074643], [-89.70688725047171, 26.98453515554758], [-89.61697536412032, 26.98453515554758], [-89.61697536412032, 26.93957921237189], [-89.57201942094463, 26.93957921237189], [-89.48210753459324, 26.804711382844825], [-89.39219564824185, 26.804711382844825], [-89.39219564824185, 26.75975543966914], [-89.34723970506616, 26.75975543966914], [-89.34723970506616, 26.714799496493452], [-89.30228376189046, 26.714799496493452], [-89.30228376189046, 26.66984355331776], [-89.25732781871477, 26.66984355331776], [-89.25732781871477, 26.624887610142075], [-89.21237187553908, 26.624887610142075], [-89.21237187553908, 26.579931666966388], [-89.16741593236338, 26.579931666966388], [-89.077504046012, 26.445063837439324], [-88.98759215966061, 26.445063837439324], [-88.94263621648491, 26.355151951087947], [-88.85272433013353, 26.355151951087947], [-88.80776838695783, 26.265240064736574], [-88.71785650060644, 26.265240064736574], [-88.71785650060644, 26.220284121560884], [-88.67290055743075, 26.220284121560884], [-88.67290055743075, 26.13037223520951], [-88.62794461425506, 26.13037223520951], [-88.62794461425506, 26.08541629203382], [-88.58298867107936, 26.08541629203382], [-88.49307678472798, 25.950548462506756], [-88.40316489837659, 25.950548462506756], [-88.40316489837659, 25.90559251933107], [-88.22334112567381, 25.860636576155382], [-88.22334112567381, 25.815680632979692], [-88.17838518249812, 25.815680632979692], [-88.17838518249812, 25.770724689804005], [-88.13342923932242, 25.770724689804005], [-88.13342923932242, 25.72576874662832], [-88.08847329614673, 25.72576874662832], [-88.08847329614673, 25.680812803452632], [-88.04351735297104, 25.680812803452632], [-88.04351735297104, 25.63585686027694], [-87.90864952344396, 25.545944973925568], [-87.90864952344396, 25.500989030749878], [-87.81873763709257, 25.500989030749878], [-87.81873763709257, 25.45603308757419], [-87.63891386438979, 25.411077144398504], [-87.63891386438979, 25.366121201222814], [-87.5939579212141, 25.366121201222814], [-87.50404603486271, 25.23125337169575], [-87.41413414851132, 25.23125337169575], [-87.36917820533563, 25.141341485344377], [-87.27926631898424, 25.141341485344377], [-87.27926631898424, 25.051429598993], [-87.23431037580855, 25.051429598993], [-87.23431037580855, 25.006473655817313], [-87.14439848945716, 25.006473655817313], [-87.05448660310577, 24.87160582629025], [-86.73979500087592, 24.781693939938872], [-86.73979500087592, 24.736737996763186], [-86.69483905770022, 24.736737996763186], [-86.69483905770022, 24.6917820535875], [-86.55997122817314, 24.60187016723612], [-86.55997122817314, 24.511958280884745], [-86.51501528499745, 24.511958280884745], [-86.51501528499745, 24.467002337709058], [-85.97554396688912, 24.467002337709058], [-85.97554396688912, 24.556914224060435], [-86.1553677395919, 24.556914224060435], [-86.1553677395919, 24.60187016723612], [-86.24527962594328, 24.60187016723612], [-86.24527962594328, 24.64682611041181], [-86.29023556911898, 24.64682611041181], [-86.29023556911898, 24.736737996763186], [-86.33519151229467, 24.736737996763186], [-86.33519151229467, 25.006473655817313], [-86.42510339864606, 25.051429598993], [-86.42510339864606, 25.141341485344377], [-86.47005934182175, 25.141341485344377], [-86.47005934182175, 25.186297428520064], [-86.60492717134883, 25.186297428520064], [-86.60492717134883, 25.23125337169575], [-86.73979500087592, 25.321165258047127], [-86.73979500087592, 25.411077144398504], [-86.78475094405161, 25.411077144398504], [-86.8297068872273, 25.590900917101255], [-86.874662830403, 25.590900917101255], [-86.96457471675438, 25.72576874662832], [-87.05448660310577, 25.72576874662832], [-87.05448660310577, 25.770724689804005], [-87.09944254628147, 25.770724689804005], [-87.09944254628147, 25.815680632979692], [-87.23431037580855, 25.90559251933107], [-87.23431037580855, 25.995504405682446], [-87.32422226215994, 26.040460348858133], [-87.32422226215994, 26.13037223520951], [-87.36917820533563, 26.13037223520951], [-87.36917820533563, 26.175328178385197], [-87.41413414851132, 26.175328178385197], [-87.50404603486271, 26.31019600791226], [-87.5939579212141, 26.31019600791226], [-87.5939579212141, 26.355151951087947], [-87.68386980756549, 26.400107894263638], [-87.68386980756549, 26.49001978061501], [-87.72882575074118, 26.49001978061501], [-87.72882575074118, 26.5349757237907], [-87.77378169391687, 26.5349757237907], [-87.77378169391687, 26.579931666966388], [-87.81873763709257, 26.579931666966388], [-87.81873763709257, 26.624887610142075], [-87.86369358026826, 26.624887610142075], [-87.86369358026826, 26.66984355331776], [-87.90864952344396, 26.66984355331776], [-87.90864952344396, 26.714799496493452], [-88.04351735297104, 26.804711382844825], [-88.04351735297104, 26.849667326020516], [-88.13342923932242, 26.849667326020516], [-88.13342923932242, 26.93957921237189], [-88.17838518249812, 26.93957921237189], [-88.17838518249812, 26.98453515554758], [-88.22334112567381, 26.98453515554758], [-88.22334112567381, 27.029491098723266], [-88.2682970688495, 27.029491098723266], [-88.2682970688495, 27.074447041898953], [-88.3132530120252, 27.074447041898953], [-88.3132530120252, 27.119402985074643], [-88.3582089552009, 27.119402985074643], [-88.3582089552009, 27.16435892825033], [-88.49307678472798, 27.254270814601703], [-88.49307678472798, 27.299226757777394], [-88.58298867107936, 27.299226757777394], [-88.58298867107936, 27.34418270095308], [-88.62794461425506, 27.34418270095308], [-88.62794461425506, 27.389138644128767], [-88.67290055743075, 27.389138644128767], [-88.67290055743075, 27.434094587304457], [-88.71785650060644, 27.434094587304457], [-88.71785650060644, 27.479050530480144], [-88.76281244378214, 27.479050530480144], [-88.76281244378214, 27.52400647365583], [-88.80776838695783, 27.52400647365583], [-88.80776838695783, 27.56896241683152], [-88.85272433013353, 27.56896241683152], [-88.85272433013353, 27.613918360007208], [-88.89768027330922, 27.613918360007208], [-88.89768027330922, 27.658874303182895], [-88.94263621648491, 27.658874303182895], [-89.0325481028363, 27.79374213270996], [-89.12245998918769, 27.79374213270996], [-89.12245998918769, 27.83869807588565], [-89.16741593236338, 27.83869807588565], [-89.16741593236338, 27.883654019061336], [-89.21237187553908, 27.883654019061336], [-89.21237187553908, 27.928609962237022], [-89.25732781871477, 27.928609962237022], [-89.25732781871477, 27.973565905412713], [-89.30228376189046, 27.973565905412713], [-89.30228376189046, 28.0185218485884], [-89.34723970506616, 28.0185218485884], [-89.34723970506616, 28.063477791764086], [-89.39219564824185, 28.063477791764086], [-89.39219564824185, 28.108433734939773], [-89.43715159141755, 28.108433734939773], [-89.52706347776893, 28.243301564466837], [-89.61697536412032, 28.243301564466837], [-89.66193130729602, 28.333213450818214], [-89.7518431936474, 28.333213450818214], [-89.7518431936474, 28.3781693939939], [-89.7967991368231, 28.3781693939939], [-89.7967991368231, 28.42312533716959], [-89.84175507999879, 28.42312533716959], [-89.84175507999879, 28.468081280345277], [-89.88671102317448, 28.468081280345277], [-89.97662290952587, 28.60294910987234], [-90.06653479587726, 28.60294910987234], [-90.06653479587726, 28.647905053048028], [-90.15644668222865, 28.647905053048028], [-90.20140262540434, 28.737816939399405], [-90.29131451175573, 28.737816939399405], [-90.29131451175573, 28.78277288257509], [-90.33627045493142, 28.78277288257509], [-90.42618234128281, 28.917640712102155], [-90.96565365939114, 28.917640712102155], [-90.96565365939114, 28.87268476892647], [-91.01060960256683, 28.87268476892647], [-91.01060960256683, 28.692860996223715], [-91.05556554574252, 28.692860996223715], [-91.05556554574252, 28.468081280345277]]]]}}, {"type": "Feature", "properties": {"shapefile": "2021082712_wsp64knt120hr_5km", "PERCENTAGE": "60-70%"}, "geometry": {"type": "MultiPolygon", "coordinates": [[[[-91.05556554574252, 28.468081280345277], [-91.05556554574252, 28.692860996223715], [-91.01060960256683, 28.692860996223715], [-91.01060960256683, 28.87268476892647], [-90.96565365939114, 28.87268476892647], [-90.96565365939114, 28.917640712102155], [-90.42618234128281, 28.917640712102155], [-90.42618234128281, 28.87268476892647], [-90.38122639810712, 28.87268476892647], [-90.29131451175573, 28.737816939399405], [-90.20140262540434, 28.737816939399405], [-90.15644668222865, 28.647905053048028], [-89.97662290952587, 28.60294910987234], [-89.97662290952587, 28.557993166696654], [-89.93166696635018, 28.557993166696654], [-89.93166696635018, 28.513037223520964], [-89.88671102317448, 28.513037223520964], [-89.88671102317448, 28.468081280345277], [-89.84175507999879, 28.468081280345277], [-89.7518431936474, 28.333213450818214], [-89.66193130729602, 28.333213450818214], [-89.61697536412032, 28.243301564466837], [-89.52706347776893, 28.243301564466837], [-89.52706347776893, 28.19834562129115], [-89.48210753459324, 28.19834562129115], [-89.48210753459324, 28.153389678115463], [-89.43715159141755, 28.153389678115463], [-89.43715159141755, 28.108433734939773], [-89.39219564824185, 28.108433734939773], [-89.39219564824185, 28.063477791764086], [-89.34723970506616, 28.063477791764086], [-89.34723970506616, 28.0185218485884], [-89.30228376189046, 28.0185218485884], [-89.30228376189046, 27.973565905412713], [-89.25732781871477, 27.973565905412713], [-89.25732781871477, 27.928609962237022], [-89.12245998918769, 27.83869807588565], [-89.12245998918769, 27.79374213270996], [-89.0325481028363, 27.79374213270996], [-89.0325481028363, 27.748786189534272], [-88.98759215966061, 27.748786189534272], [-88.98759215966061, 27.703830246358585], [-88.94263621648491, 27.703830246358585], [-88.94263621648491, 27.658874303182895], [-88.89768027330922, 27.658874303182895], [-88.89768027330922, 27.613918360007208], [-88.85272433013353, 27.613918360007208], [-88.85272433013353, 27.56896241683152], [-88.80776838695783, 27.56896241683152], [-88.80776838695783, 27.52400647365583], [-88.76281244378214, 27.52400647365583], [-88.76281244378214, 27.479050530480144], [-88.71785650060644, 27.479050530480144], [-88.71785650060644, 27.434094587304457], [-88.67290055743075, 27.434094587304457], [-88.58298867107936, 27.299226757777394], [-88.49307678472798, 27.299226757777394], [-88.49307678472798, 27.254270814601703], [-88.44812084155228, 27.254270814601703], [-88.44812084155228, 27.209314871426017], [-88.40316489837659, 27.209314871426017], [-88.40316489837659, 27.16435892825033], [-88.3582089552009, 27.16435892825033], [-88.3582089552009, 27.119402985074643], [-88.3132530120252, 27.119402985074643], [-88.3132530120252, 27.074447041898953], [-88.2682970688495, 27.074447041898953], [-88.2682970688495, 27.029491098723266], [-88.13342923932242, 26.93957921237189], [-88.13342923932242, 26.849667326020516], [-88.04351735297104, 26.849667326020516], [-88.04351735297104, 26.804711382844825], [-87.99856140979534, 26.804711382844825], [-87.99856140979534, 26.75975543966914], [-87.95360546661965, 26.75975543966914], [-87.95360546661965, 26.714799496493452], [-87.90864952344396, 26.714799496493452], [-87.90864952344396, 26.66984355331776], [-87.86369358026826, 26.66984355331776], [-87.86369358026826, 26.624887610142075], [-87.81873763709257, 26.624887610142075], [-87.81873763709257, 26.579931666966388], [-87.68386980756549, 26.49001978061501], [-87.68386980756549, 26.400107894263638], [-87.63891386438979, 26.400107894263638], [-87.5939579212141, 26.31019600791226], [-87.50404603486271, 26.31019600791226], [-87.50404603486271, 26.265240064736574], [-87.45909009168702, 26.265240064736574], [-87.45909009168702, 26.220284121560884], [-87.32422226215994, 26.13037223520951], [-87.32422226215994, 26.040460348858133], [-87.23431037580855, 25.995504405682446], [-87.23431037580855, 25.90559251933107], [-87.18935443263285, 25.90559251933107], [-87.18935443263285, 25.860636576155382], [-87.14439848945716, 25.860636576155382], [-87.05448660310577, 25.72576874662832], [-86.96457471675438, 25.72576874662832], [-86.96457471675438, 25.680812803452632], [-86.8297068872273, 25.590900917101255], [-86.8297068872273, 25.500989030749878], [-86.78475094405161, 25.500989030749878], [-86.73979500087592, 25.321165258047127], [-86.69483905770022, 25.321165258047127], [-86.60492717134883, 25.186297428520064], [-86.47005934182175, 25.186297428520064], [-86.47005934182175, 25.141341485344377], [-86.42510339864606, 25.141341485344377], [-86.42510339864606, 25.051429598993], [-86.33519151229467, 25.006473655817313], [-86.33519151229467, 24.736737996763186], [-86.29023556911898, 24.736737996763186], [-86.29023556911898, 24.64682611041181], [-86.24527962594328, 24.64682611041181], [-86.24527962594328, 24.60187016723612], [-86.1553677395919, 24.60187016723612], [-86.1553677395919, 24.556914224060435], [-85.97554396688912, 24.556914224060435], [-85.97554396688912, 24.467002337709058], [-86.51501528499745, 24.467002337709058], [-86.51501528499745, 24.511958280884745], [-86.55997122817314, 24.511958280884745], [-86.55997122817314, 24.60187016723612], [-86.60492717134883, 24.60187016723612], [-86.60492717134883, 24.64682611041181], [-86.64988311452453, 24.64682611041181], [-86.73979500087592, 24.781693939938872], [-87.05448660310577, 24.87160582629025], [-87.14439848945716, 25.006473655817313], [-87.23431037580855, 25.006473655817313], [-87.23431037580855, 25.051429598993], [-87.27926631898424, 25.051429598993], [-87.27926631898424, 25.141341485344377], [-87.36917820533563, 25.141341485344377], [-87.41413414851132, 25.23125337169575], [-87.50404603486271, 25.23125337169575], [-87.50404603486271, 25.27620931487144], [-87.5490019780384, 25.27620931487144], [-87.63891386438979, 25.411077144398504], [-87.72882575074118, 25.411077144398504], [-87.72882575074118, 25.45603308757419], [-87.90864952344396, 25.500989030749878], [-87.90864952344396, 25.545944973925568], [-87.95360546661965, 25.545944973925568], [-87.95360546661965, 25.590900917101255], [-87.99856140979534, 25.590900917101255], [-87.99856140979534, 25.63585686027694], [-88.04351735297104, 25.63585686027694], [-88.04351735297104, 25.680812803452632], [-88.08847329614673, 25.680812803452632], [-88.08847329614673, 25.72576874662832], [-88.22334112567381, 25.815680632979692], [-88.22334112567381, 25.860636576155382], [-88.3132530120252, 25.860636576155382], [-88.3132530120252, 25.90559251933107], [-88.49307678472798, 25.950548462506756], [-88.49307678472798, 25.995504405682446], [-88.53803272790367, 25.995504405682446], [-88.53803272790367, 26.040460348858133], [-88.67290055743075, 26.13037223520951], [-88.67290055743075, 26.220284121560884], [-88.71785650060644, 26.220284121560884], [-88.71785650060644, 26.265240064736574], [-88.80776838695783, 26.265240064736574], [-88.80776838695783, 26.31019600791226], [-88.85272433013353, 26.31019600791226], [-88.85272433013353, 26.355151951087947], [-88.94263621648491, 26.355151951087947], [-88.98759215966061, 26.445063837439324], [-89.077504046012, 26.445063837439324], [-89.077504046012, 26.49001978061501], [-89.12245998918769, 26.49001978061501], [-89.12245998918769, 26.5349757237907], [-89.16741593236338, 26.5349757237907], [-89.16741593236338, 26.579931666966388], [-89.21237187553908, 26.579931666966388], [-89.21237187553908, 26.624887610142075], [-89.25732781871477, 26.624887610142075], [-89.25732781871477, 26.66984355331776], [-89.30228376189046, 26.66984355331776], [-89.39219564824185, 26.804711382844825], [-89.48210753459324, 26.804711382844825], [-89.48210753459324, 26.849667326020516], [-89.52706347776893, 26.849667326020516], [-89.61697536412032, 26.98453515554758], [-89.70688725047171, 26.98453515554758], [-89.70688725047171, 27.029491098723266], [-89.7518431936474, 27.029491098723266], [-89.7518431936474, 27.074447041898953], [-89.7967991368231, 27.074447041898953], [-89.88671102317448, 27.209314871426017], [-89.97662290952587, 27.209314871426017], [-89.97662290952587, 27.254270814601703], [-90.02157885270157, 27.254270814601703], [-90.11149073905295, 27.389138644128767], [-90.20140262540434, 27.389138644128767], [-90.20140262540434, 27.434094587304457], [-90.24635856858004, 27.434094587304457], [-90.24635856858004, 27.479050530480144], [-90.38122639810712, 27.56896241683152], [-90.38122639810712, 27.658874303182895], [-90.42618234128281, 27.658874303182895], [-90.42618234128281, 27.703830246358585], [-90.4711382844585, 27.703830246358585], [-90.4711382844585, 27.748786189534272], [-90.5160942276342, 27.748786189534272], [-90.5160942276342, 27.79374213270996], [-90.56105017080989, 27.79374213270996], [-90.56105017080989, 27.83869807588565], [-90.60600611398559, 27.83869807588565], [-90.60600611398559, 27.883654019061336], [-90.65096205716128, 27.883654019061336], [-90.65096205716128, 27.928609962237022], [-90.78582988668836, 28.0185218485884], [-90.78582988668836, 28.108433734939773], [-90.83078582986406, 28.108433734939773], [-90.83078582986406, 28.19834562129115], [-90.87574177303975, 28.19834562129115], [-90.87574177303975, 28.288257507642527], [-90.92069771621544, 28.288257507642527], [-90.92069771621544, 28.333213450818214], [-91.01060960256683, 28.3781693939939], [-91.01060960256683, 28.468081280345277], [-91.05556554574252, 28.468081280345277]], [[-88.62794461425506, 26.49001978061501], [-88.53803272790367, 26.49001978061501], [-88.49307678472798, 26.400107894263638], [-88.22334112567381, 26.400107894263638], [-88.13342923932242, 26.5349757237907], [-88.3132530120252, 26.579931666966388], [-88.3132530120252, 26.624887610142075], [-88.44812084155228, 26.714799496493452], [-88.44812084155228, 26.804711382844825], [-88.58298867107936, 26.804711382844825], [-88.58298867107936, 26.75975543966914], [-88.62794461425506, 26.75975543966914], [-88.62794461425506, 26.49001978061501]], [[-89.88671102317448, 27.52400647365583], [-89.57201942094463, 27.434094587304457], [-89.48210753459324, 27.299226757777394], [-89.43715159141755, 27.299226757777394], [-89.43715159141755, 27.34418270095308], [-89.30228376189046, 27.34418270095308], [-89.30228376189046, 27.389138644128767], [-89.25732781871477, 27.389138644128767], [-89.25732781871477, 27.52400647365583], [-89.30228376189046, 27.52400647365583], [-89.34723970506616, 27.613918360007208], [-89.43715159141755, 27.613918360007208], [-89.48210753459324, 27.703830246358585], [-89.57201942094463, 27.703830246358585], [-89.57201942094463, 27.658874303182895], [-89.7967991368231, 27.658874303182895], [-89.88671102317448, 27.52400647365583]], [[-88.04351735297104, 25.995504405682446], [-87.99856140979534, 25.995504405682446], [-87.99856140979534, 25.950548462506756], [-87.95360546661965, 25.950548462506756], [-87.95360546661965, 25.995504405682446], [-87.72882575074118, 25.995504405682446], [-87.72882575074118, 26.040460348858133], [-87.90864952344396, 26.08541629203382], [-87.90864952344396, 26.175328178385197], [-87.95360546661965, 26.175328178385197], [-87.95360546661965, 26.31019600791226], [-88.04351735297104, 26.265240064736574], [-88.04351735297104, 25.995504405682446]], [[-89.21237187553908, 27.029491098723266], [-89.16741593236338, 27.029491098723266], [-89.12245998918769, 26.93957921237189], [-89.0325481028363, 26.93957921237189], [-88.98759215966061, 26.849667326020516], [-88.71785650060644, 26.849667326020516], [-88.71785650060644, 26.894623269196202], [-88.67290055743075, 26.894623269196202], [-88.67290055743075, 27.029491098723266], [-88.71785650060644, 27.029491098723266], [-88.71785650060644, 27.074447041898953], [-88.80776838695783, 27.074447041898953], [-88.80776838695783, 27.119402985074643], [-88.85272433013353, 27.119402985074643], [-88.94263621648491, 27.254270814601703], [-89.12245998918769, 27.254270814601703], [-89.12245998918769, 27.209314871426017], [-89.16741593236338, 27.209314871426017], [-89.16741593236338, 27.074447041898953], [-89.21237187553908, 27.074447041898953], [-89.21237187553908, 27.029491098723266]]]]}}, {"type": "Feature", "properties": {"shapefile": "2021082712_wsp64knt120hr_5km", "PERCENTAGE": "70-80%"}, "geometry": {"type": "MultiPolygon", "coordinates": [[[[-88.04351735297104, 25.995504405682446], [-88.04351735297104, 26.265240064736574], [-87.95360546661965, 26.31019600791226], [-87.95360546661965, 26.175328178385197], [-87.90864952344396, 26.175328178385197], [-87.90864952344396, 26.08541629203382], [-87.81873763709257, 26.08541629203382], [-87.81873763709257, 26.040460348858133], [-87.72882575074118, 26.040460348858133], [-87.72882575074118, 25.995504405682446], [-87.95360546661965, 25.995504405682446], [-87.95360546661965, 25.950548462506756], [-88.04351735297104, 25.995504405682446]]], [[[-88.62794461425506, 26.49001978061501], [-88.62794461425506, 26.75975543966914], [-88.58298867107936, 26.75975543966914], [-88.58298867107936, 26.804711382844825], [-88.44812084155228, 26.804711382844825], [-88.44812084155228, 26.714799496493452], [-88.40316489837659, 26.714799496493452], [-88.3132530120252, 26.579931666966388], [-88.13342923932242, 26.5349757237907], [-88.22334112567381, 26.400107894263638], [-88.49307678472798, 26.400107894263638], [-88.53803272790367, 26.49001978061501], [-88.62794461425506, 26.49001978061501]]], [[[-89.21237187553908, 27.029491098723266], [-89.21237187553908, 27.074447041898953], [-89.16741593236338, 27.074447041898953], [-89.16741593236338, 27.209314871426017], [-89.12245998918769, 27.209314871426017], [-89.12245998918769, 27.254270814601703], [-88.94263621648491, 27.254270814601703], [-88.94263621648491, 27.209314871426017], [-88.80776838695783, 27.119402985074643], [-88.80776838695783, 27.074447041898953], [-88.71785650060644, 27.074447041898953], [-88.71785650060644, 27.029491098723266], [-88.67290055743075, 27.029491098723266], [-88.67290055743075, 26.894623269196202], [-88.71785650060644, 26.894623269196202], [-88.71785650060644, 26.849667326020516], [-88.98759215966061, 26.849667326020516], [-89.0325481028363, 26.93957921237189], [-89.12245998918769, 26.93957921237189], [-89.12245998918769, 26.98453515554758], [-89.21237187553908, 27.029491098723266]]], [[[-89.88671102317448, 27.52400647365583], [-89.7967991368231, 27.658874303182895], [-89.57201942094463, 27.658874303182895], [-89.57201942094463, 27.703830246358585], [-89.48210753459324, 27.703830246358585], [-89.43715159141755, 27.613918360007208], [-89.34723970506616, 27.613918360007208], [-89.34723970506616, 27.56896241683152], [-89.25732781871477, 27.52400647365583], [-89.25732781871477, 27.389138644128767], [-89.30228376189046, 27.389138644128767], [-89.30228376189046, 27.34418270095308], [-89.43715159141755, 27.34418270095308], [-89.43715159141755, 27.299226757777394], [-89.48210753459324, 27.299226757777394], [-89.57201942094463, 27.434094587304457], [-89.88671102317448, 27.52400647365583]]]]}}]}