{"type": "FeatureCollection", "features": [{"type": "Feature", "properties": {"shapefile": "2021082718_wsp50knt120hr_5km", "PERCENTAGE": "<5%"}, "geometry": {"type": "MultiPolygon", "coordinates": [[[[-95.86585146554177, 29.90667146196729], [-95.86585146554177, 30.26631900737279], [-95.82089552236607, 30.26631900737279], [-95.82089552236607, 30.49109872325123], [-95.77593957919038, 30.49109872325123], [-95.77593957919038, 30.67092249595398], [-95.73098363601468, 30.67092249595398], [-95.73098363601468, 30.850746268656735], [-95.68602769283899, 30.850746268656735], [-95.68602769283899, 31.030570041359486], [-95.6410717496633, 31.030570041359486], [-95.6410717496633, 31.255349757237923], [-95.5961158064876, 31.255349757237923], [-95.5961158064876, 31.435173529940677], [-95.55115986331191, 31.435173529940677], [-95.55115986331191, 31.570041359467737], [-95.50620392013622, 31.570041359467737], [-95.50620392013622, 31.7049091889948], [-95.46124797696052, 31.7049091889948], [-95.46124797696052, 31.794821075346178], [-95.37133609060913, 31.839777018521865], [-95.32638014743344, 32.01960079122462], [-95.23646826108205, 32.064556734400306], [-95.23646826108205, 32.154468620751686], [-95.10160043155497, 32.24438050710306], [-95.10160043155497, 32.33429239345443], [-95.05664448837928, 32.33429239345443], [-95.05664448837928, 32.37924833663012], [-95.01168854520358, 32.37924833663012], [-95.01168854520358, 32.42420427980581], [-94.96673260202789, 32.42420427980581], [-94.96673260202789, 32.4691602229815], [-94.9217766588522, 32.4691602229815], [-94.9217766588522, 32.51411616615718], [-94.8768207156765, 32.51411616615718], [-94.8768207156765, 32.559072109332874], [-94.83186477250081, 32.559072109332874], [-94.83186477250081, 32.60402805250856], [-94.78690882932511, 32.60402805250856], [-94.78690882932511, 32.64898399568425], [-94.65204099979803, 32.73889588203562], [-94.65204099979803, 32.828807768386994], [-94.60708505662234, 32.828807768386994], [-94.60708505662234, 32.87376371156269], [-94.56212911344664, 32.87376371156269], [-94.56212911344664, 32.918719654738375], [-94.51717317027095, 32.918719654738375], [-94.51717317027095, 32.96367559791406], [-94.47221722709526, 32.96367559791406], [-94.38230534074387, 33.09854342744113], [-94.29239345439248, 33.09854342744113], [-94.29239345439248, 33.143499370616816], [-94.24743751121679, 33.143499370616816], [-94.2024815680411, 33.23341125696819], [-94.1125696816897, 33.23341125696819], [-94.06761373851401, 33.32332314331956], [-93.97770185216262, 33.32332314331956], [-93.97770185216262, 33.36827908649525], [-93.79787807945985, 33.41323502967094], [-93.75292213628416, 33.50314691602232], [-93.66301024993277, 33.50314691602232], [-93.66301024993277, 33.548102859198], [-93.57309836358138, 33.548102859198], [-93.57309836358138, 33.59305880237369], [-93.3932745908786, 33.63801474554938], [-93.3932745908786, 33.68297068872507], [-93.30336270452722, 33.68297068872507], [-93.30336270452722, 33.72792663190076], [-93.21345081817583, 33.72792663190076], [-93.21345081817583, 33.772882575076444], [-93.07858298864875, 33.772882575076444], [-93.07858298864875, 33.81783851825213], [-92.80884732959458, 33.86279446142782], [-92.80884732959458, 33.907750404603505], [-92.40424384101334, 33.9527063477792], [-92.40424384101334, 33.997662290954885], [-92.13450818195918, 33.997662290954885], [-92.13450818195918, 34.04261823413057], [-91.86477252290501, 34.04261823413057], [-91.86477252290501, 34.08757417730626], [-91.63999280702654, 34.08757417730626], [-91.63999280702654, 34.132530120481945], [-90.11149073905295, 34.132530120481945], [-90.11149073905295, 34.08757417730626], [-89.66193130729602, 34.08757417730626], [-89.66193130729602, 34.04261823413057], [-88.3582089552009, 34.04261823413057], [-88.3582089552009, 33.997662290954885], [-88.17838518249812, 33.997662290954885], [-88.17838518249812, 33.9527063477792], [-88.08847329614673, 33.9527063477792], [-88.08847329614673, 33.907750404603505], [-88.04351735297104, 33.907750404603505], [-88.04351735297104, 33.81783851825213], [-87.99856140979534, 33.81783851825213], [-87.99856140979534, 33.32332314331956], [-88.04351735297104, 33.32332314331956], [-88.04351735297104, 33.23341125696819], [-87.99856140979534, 33.23341125696819], [-87.99856140979534, 33.00863154108975], [-87.95360546661965, 33.00863154108975], [-87.95360546661965, 32.87376371156269], [-87.90864952344396, 32.87376371156269], [-87.86369358026826, 32.693939938859934], [-87.77378169391687, 32.64898399568425], [-87.77378169391687, 32.559072109332874], [-87.72882575074118, 32.559072109332874], [-87.72882575074118, 32.4691602229815], [-87.68386980756549, 32.4691602229815], [-87.68386980756549, 32.37924833663012], [-87.63891386438979, 32.37924833663012], [-87.63891386438979, 32.24438050710306], [-87.5939579212141, 32.24438050710306], [-87.5939579212141, 32.154468620751686], [-87.5490019780384, 32.154468620751686], [-87.5490019780384, 32.01960079122462], [-87.50404603486271, 32.01960079122462], [-87.50404603486271, 31.92968890487324], [-87.45909009168702, 31.92968890487324], [-87.45909009168702, 31.839777018521865], [-87.41413414851132, 31.839777018521865], [-87.41413414851132, 31.74986513217049], [-87.36917820533563, 31.74986513217049], [-87.36917820533563, 31.659953245819114], [-87.32422226215994, 31.659953245819114], [-87.32422226215994, 31.570041359467737], [-87.27926631898424, 31.570041359467737], [-87.27926631898424, 31.480129473116364], [-87.23431037580855, 31.480129473116364], [-87.23431037580855, 31.3452616435893], [-87.18935443263285, 31.3452616435893], [-87.18935443263285, 31.255349757237923], [-87.14439848945716, 31.255349757237923], [-87.14439848945716, 31.16543787088655], [-87.09944254628147, 31.16543787088655], [-87.09944254628147, 31.030570041359486], [-87.05448660310577, 31.030570041359486], [-87.05448660310577, 30.94065815500811], [-87.00953065993008, 30.94065815500811], [-87.00953065993008, 30.805790325481045], [-86.96457471675438, 30.805790325481045], [-86.96457471675438, 30.71587843912967], [-86.91961877357869, 30.71587843912967], [-86.91961877357869, 30.625966552778294], [-86.874662830403, 30.625966552778294], [-86.8297068872273, 30.446142780075544], [-86.78475094405161, 30.446142780075544], [-86.78475094405161, 30.401186836899853], [-86.73979500087592, 30.401186836899853], [-86.73979500087592, 30.31127495054848], [-86.60492717134883, 30.221363064197103], [-86.60492717134883, 30.131451177845726], [-86.51501528499745, 30.08649523467004], [-86.51501528499745, 29.996583348318666], [-86.42510339864606, 29.951627405142975], [-86.42510339864606, 29.861715518791602], [-86.33519151229467, 29.81675957561591], [-86.33519151229467, 29.726847689264538], [-86.24527962594328, 29.681891746088848], [-86.24527962594328, 29.591979859737474], [-86.1553677395919, 29.547023916561784], [-86.1553677395919, 29.45711203021041], [-86.1104117964162, 29.45711203021041], [-86.1104117964162, 29.412156087034724], [-85.97554396688912, 29.322244200683347], [-85.97554396688912, 29.23233231433197], [-85.93058802371343, 29.23233231433197], [-85.93058802371343, 29.187376371156283], [-85.79572019418634, 29.097464484804906], [-85.79572019418634, 29.007552598453533], [-85.75076425101065, 29.007552598453533], [-85.75076425101065, 28.962596655277842], [-85.70580830783496, 28.962596655277842], [-85.70580830783496, 28.87268476892647], [-85.61589642148357, 28.82772882575078], [-85.57094047830788, 28.647905053048028], [-85.48102859195649, 28.60294910987234], [-85.48102859195649, 28.513037223520964], [-85.3911167056051, 28.468081280345277], [-85.3911167056051, 28.3781693939939], [-85.30120481925371, 28.333213450818214], [-85.30120481925371, 28.243301564466837], [-85.16633698972663, 28.153389678115463], [-85.16633698972663, 28.063477791764086], [-85.07642510337524, 28.0185218485884], [-85.07642510337524, 27.928609962237022], [-84.94155727384816, 27.83869807588565], [-84.94155727384816, 27.748786189534272], [-84.89660133067247, 27.748786189534272], [-84.89660133067247, 27.703830246358585], [-84.85164538749677, 27.703830246358585], [-84.85164538749677, 27.658874303182895], [-84.80668944432108, 27.658874303182895], [-84.80668944432108, 27.613918360007208], [-84.76173350114539, 27.613918360007208], [-84.76173350114539, 27.56896241683152], [-84.71677755796969, 27.56896241683152], [-84.71677755796969, 27.52400647365583], [-84.671821614794, 27.52400647365583], [-84.671821614794, 27.479050530480144], [-84.53695378526692, 27.389138644128767], [-84.53695378526692, 27.299226757777394], [-84.49199784209122, 27.299226757777394], [-84.49199784209122, 27.254270814601703], [-84.44704189891553, 27.254270814601703], [-84.44704189891553, 27.209314871426017], [-84.31217406938845, 27.119402985074643], [-84.31217406938845, 27.029491098723266], [-84.26721812621275, 27.029491098723266], [-84.26721812621275, 26.98453515554758], [-84.22226218303706, 26.98453515554758], [-84.22226218303706, 26.93957921237189], [-84.17730623986137, 26.93957921237189], [-84.17730623986137, 26.894623269196202], [-84.13235029668567, 26.894623269196202], [-84.13235029668567, 26.849667326020516], [-84.08739435350998, 26.849667326020516], [-84.08739435350998, 26.804711382844825], [-84.04243841033428, 26.804711382844825], [-84.04243841033428, 26.75975543966914], [-83.9075705808072, 26.66984355331776], [-83.9075705808072, 26.579931666966388], [-83.86261463763151, 26.579931666966388], [-83.86261463763151, 26.5349757237907], [-83.81765869445582, 26.5349757237907], [-83.81765869445582, 26.49001978061501], [-83.68279086492873, 26.400107894263638], [-83.68279086492873, 26.31019600791226], [-83.63783492175304, 26.31019600791226], [-83.63783492175304, 26.265240064736574], [-83.50296709222596, 26.175328178385197], [-83.50296709222596, 26.08541629203382], [-83.45801114905026, 26.08541629203382], [-83.45801114905026, 26.040460348858133], [-83.32314331952318, 25.950548462506756], [-83.32314331952318, 25.860636576155382], [-83.27818737634749, 25.860636576155382], [-83.27818737634749, 25.815680632979692], [-83.2332314331718, 25.815680632979692], [-83.2332314331718, 25.770724689804005], [-83.1882754899961, 25.770724689804005], [-83.1882754899961, 25.72576874662832], [-83.14331954682041, 25.72576874662832], [-83.14331954682041, 25.680812803452632], [-83.00845171729333, 25.590900917101255], [-83.00845171729333, 25.500989030749878], [-82.87358388776624, 25.411077144398504], [-82.87358388776624, 25.321165258047127], [-82.73871605823916, 25.23125337169575], [-82.69376011506347, 25.051429598993], [-82.60384822871208, 25.006473655817313], [-82.60384822871208, 24.916561769465936], [-82.55889228553639, 24.916561769465936], [-82.55889228553639, 24.826649883114563], [-82.5139363423607, 24.826649883114563], [-82.5139363423607, 24.6917820535875], [-82.468980399185, 24.6917820535875], [-82.468980399185, 24.60187016723612], [-82.4240244560093, 24.60187016723612], [-82.4240244560093, 24.467002337709058], [-82.37906851283361, 24.467002337709058], [-82.37906851283361, 24.287178565006307], [-82.33411256965792, 24.287178565006307], [-82.33411256965792, 24.107354792303557], [-82.28915662648222, 24.107354792303557], [-82.24420068330653, 23.83761913324943], [-82.19924474013084, 23.83761913324943], [-82.19924474013084, 23.747707246898052], [-82.15428879695514, 23.747707246898052], [-82.15428879695514, 23.65779536054668], [-82.10933285377945, 23.65779536054668], [-82.10933285377945, 23.567883474195302], [-82.06437691060376, 23.567883474195302], [-82.06437691060376, 23.477971587843925], [-81.97446502425237, 23.433015644668238], [-81.97446502425237, 23.34310375831686], [-81.88455313790098, 23.298147815141174], [-81.88455313790098, 23.208235928789797], [-81.79464125154959, 23.16327998561411], [-81.79464125154959, 23.073368099262733], [-81.7047293651982, 23.028412156087047], [-81.7047293651982, 22.93850026973567], [-81.65977342202251, 22.93850026973567], [-81.65977342202251, 22.893544326559983], [-81.61481747884682, 22.893544326559983], [-81.61481747884682, 22.80363244020861], [-81.52490559249543, 22.75867649703292], [-81.52490559249543, 22.668764610681546], [-81.47994964931974, 22.668764610681546], [-81.47994964931974, 22.57885272433017], [-81.43499370614404, 22.57885272433017], [-81.43499370614404, 22.443984894803105], [-81.39003776296835, 22.443984894803105], [-81.39003776296835, 22.30911706527604], [-81.34508181979265, 22.30911706527604], [-81.34508181979265, 22.084337349397604], [-81.30012587661696, 22.084337349397604], [-81.30012587661696, 21.634777917640722], [-81.34508181979265, 21.634777917640722], [-81.34508181979265, 21.45495414493797], [-81.39003776296835, 21.45495414493797], [-81.39003776296835, 21.320086315410908], [-81.43499370614404, 21.320086315410908], [-81.43499370614404, 21.230174429059534], [-81.47994964931974, 21.230174429059534], [-81.47994964931974, 21.140262542708157], [-81.52490559249543, 21.140262542708157], [-81.52490559249543, 21.05035065635678], [-81.56986153567112, 21.05035065635678], [-81.56986153567112, 21.005394713181094], [-81.61481747884682, 21.005394713181094], [-81.61481747884682, 20.960438770005407], [-81.65977342202251, 20.960438770005407], [-81.65977342202251, 20.915482826829717], [-81.7047293651982, 20.915482826829717], [-81.7047293651982, 20.87052688365403], [-81.83959719472529, 20.780614997302656], [-81.83959719472529, 20.735659054126966], [-82.01942096742806, 20.69070311095128], [-82.01942096742806, 20.645747167775593], [-82.10933285377945, 20.645747167775593], [-82.10933285377945, 20.600791224599902], [-82.19924474013084, 20.600791224599902], [-82.19924474013084, 20.555835281424216], [-82.4240244560093, 20.555835281424216], [-82.4240244560093, 20.51087933824853], [-82.78367200141486, 20.51087933824853], [-82.78367200141486, 20.555835281424216], [-83.14331954682041, 20.600791224599902], [-83.14331954682041, 20.645747167775593], [-83.2332314331718, 20.645747167775593], [-83.2332314331718, 20.69070311095128], [-83.32314331952318, 20.69070311095128], [-83.32314331952318, 20.735659054126966], [-83.45801114905026, 20.735659054126966], [-83.45801114905026, 20.780614997302656], [-83.54792303540165, 20.780614997302656], [-83.59287897857735, 20.87052688365403], [-83.77270275128012, 20.915482826829717], [-83.81765869445582, 21.005394713181094], [-83.99748246715859, 21.05035065635678], [-84.04243841033428, 21.140262542708157], [-84.13235029668567, 21.140262542708157], [-84.13235029668567, 21.185218485883844], [-84.17730623986137, 21.185218485883844], [-84.17730623986137, 21.230174429059534], [-84.26721812621275, 21.230174429059534], [-84.31217406938845, 21.320086315410908], [-84.40208595573984, 21.320086315410908], [-84.40208595573984, 21.365042258586598], [-84.49199784209122, 21.365042258586598], [-84.49199784209122, 21.409998201762285], [-84.58190972844261, 21.409998201762285], [-84.58190972844261, 21.45495414493797], [-84.671821614794, 21.45495414493797], [-84.671821614794, 21.49991008811366], [-84.80668944432108, 21.49991008811366], [-84.80668944432108, 21.54486603128935], [-84.98651321702386, 21.589821974465035], [-84.98651321702386, 21.634777917640722], [-85.07642510337524, 21.634777917640722], [-85.07642510337524, 21.679733860816413], [-85.25624887607802, 21.7246898039921], [-85.25624887607802, 21.769645747167786], [-85.3461607624294, 21.769645747167786], [-85.3461607624294, 21.814601690343476], [-85.4360726487808, 21.814601690343476], [-85.4360726487808, 21.859557633519163], [-85.61589642148357, 21.90451357669485], [-85.61589642148357, 21.94946951987054], [-85.70580830783496, 21.94946951987054], [-85.70580830783496, 21.994425463046227], [-85.79572019418634, 21.994425463046227], [-85.79572019418634, 22.039381406221914], [-85.93058802371343, 22.039381406221914], [-85.93058802371343, 22.084337349397604], [-86.02049991006481, 22.084337349397604], [-86.02049991006481, 22.12929329257329], [-86.1553677395919, 22.12929329257329], [-86.1553677395919, 22.174249235748977], [-86.24527962594328, 22.174249235748977], [-86.24527962594328, 22.219205178924668], [-86.38014745547036, 22.219205178924668], [-86.38014745547036, 22.264161122100354], [-86.64988311452453, 22.30911706527604], [-86.64988311452453, 22.354073008451728], [-86.73979500087592, 22.354073008451728], [-86.73979500087592, 22.399028951627418], [-86.8297068872273, 22.399028951627418], [-86.8297068872273, 22.443984894803105], [-86.96457471675438, 22.443984894803105], [-86.96457471675438, 22.48894083797879], [-87.05448660310577, 22.48894083797879], [-87.05448660310577, 22.533896781154482], [-87.32422226215994, 22.57885272433017], [-87.32422226215994, 22.623808667505855], [-87.41413414851132, 22.623808667505855], [-87.41413414851132, 22.668764610681546], [-87.5490019780384, 22.668764610681546], [-87.5490019780384, 22.713720553857232], [-87.63891386438979, 22.713720553857232], [-87.63891386438979, 22.75867649703292], [-87.77378169391687, 22.75867649703292], [-87.77378169391687, 22.80363244020861], [-87.86369358026826, 22.80363244020861], [-87.86369358026826, 22.848588383384296], [-87.95360546661965, 22.848588383384296], [-87.95360546661965, 22.893544326559983], [-88.08847329614673, 22.893544326559983], [-88.08847329614673, 22.93850026973567], [-88.22334112567381, 22.93850026973567], [-88.22334112567381, 22.98345621291136], [-88.3582089552009, 22.98345621291136], [-88.3582089552009, 23.028412156087047], [-88.62794461425506, 23.073368099262733], [-88.62794461425506, 23.118324042438424], [-88.71785650060644, 23.118324042438424], [-88.71785650060644, 23.16327998561411], [-88.89768027330922, 23.208235928789797], [-88.89768027330922, 23.253191871965488], [-88.98759215966061, 23.253191871965488], [-88.98759215966061, 23.298147815141174], [-89.16741593236338, 23.34310375831686], [-89.16741593236338, 23.38805970149255], [-89.25732781871477, 23.38805970149255], [-89.25732781871477, 23.433015644668238], [-89.43715159141755, 23.477971587843925], [-89.43715159141755, 23.522927531019615], [-89.52706347776893, 23.522927531019615], [-89.52706347776893, 23.567883474195302], [-89.61697536412032, 23.567883474195302], [-89.61697536412032, 23.61283941737099], [-89.7518431936474, 23.61283941737099], [-89.7967991368231, 23.702751303722366], [-89.88671102317448, 23.702751303722366], [-89.88671102317448, 23.747707246898052], [-90.06653479587726, 23.79266319007374], [-90.06653479587726, 23.83761913324943], [-90.11149073905295, 23.83761913324943], [-90.11149073905295, 23.882575076425116], [-90.20140262540434, 23.882575076425116], [-90.24635856858004, 23.972486962776493], [-90.42618234128281, 24.01744290595218], [-90.42618234128281, 24.062398849127867], [-90.4711382844585, 24.062398849127867], [-90.4711382844585, 24.107354792303557], [-90.56105017080989, 24.107354792303557], [-90.60600611398559, 24.19726667865493], [-90.78582988668836, 24.24222262183062], [-90.87574177303975, 24.37709045135768], [-90.96565365939114, 24.37709045135768], [-90.96565365939114, 24.42204639453337], [-91.01060960256683, 24.42204639453337], [-91.01060960256683, 24.467002337709058], [-91.10052148891822, 24.467002337709058], [-91.14547743209391, 24.556914224060435], [-91.32530120479669, 24.60187016723612], [-91.37025714797238, 24.6917820535875], [-91.46016903432377, 24.6917820535875], [-91.46016903432377, 24.736737996763186], [-91.50512497749946, 24.736737996763186], [-91.50512497749946, 24.781693939938872], [-91.59503686385085, 24.781693939938872], [-91.63999280702654, 24.87160582629025], [-91.72990469337793, 24.87160582629025], [-91.81981657972932, 25.006473655817313], [-91.90972846608071, 25.006473655817313], [-91.90972846608071, 25.051429598993], [-91.9546844092564, 25.051429598993], [-91.9546844092564, 25.09638554216869], [-92.04459629560779, 25.09638554216869], [-92.08955223878348, 25.186297428520064], [-92.26937601148626, 25.23125337169575], [-92.31433195466195, 25.321165258047127], [-92.40424384101334, 25.321165258047127], [-92.44919978418903, 25.411077144398504], [-92.53911167054042, 25.411077144398504], [-92.53911167054042, 25.45603308757419], [-92.58406761371612, 25.45603308757419], [-92.6739795000675, 25.590900917101255], [-92.76389138641889, 25.590900917101255], [-92.76389138641889, 25.63585686027694], [-92.80884732959458, 25.63585686027694], [-92.80884732959458, 25.680812803452632], [-92.85380327277028, 25.680812803452632], [-92.94371515912167, 25.815680632979692], [-93.03362704547305, 25.815680632979692], [-93.12353893182444, 25.950548462506756], [-93.21345081817583, 25.950548462506756], [-93.21345081817583, 25.995504405682446], [-93.25840676135152, 25.995504405682446], [-93.25840676135152, 26.040460348858133], [-93.34831864770291, 26.040460348858133], [-93.4382305340543, 26.175328178385197], [-93.52814242040569, 26.175328178385197], [-93.52814242040569, 26.220284121560884], [-93.57309836358138, 26.220284121560884], [-93.57309836358138, 26.265240064736574], [-93.61805430675707, 26.265240064736574], [-93.61805430675707, 26.31019600791226], [-93.66301024993277, 26.31019600791226], [-93.66301024993277, 26.355151951087947], [-93.70796619310846, 26.355151951087947], [-93.70796619310846, 26.400107894263638], [-93.75292213628416, 26.400107894263638], [-93.75292213628416, 26.445063837439324], [-93.79787807945985, 26.445063837439324], [-93.79787807945985, 26.49001978061501], [-93.84283402263554, 26.49001978061501], [-93.84283402263554, 26.5349757237907], [-93.88778996581124, 26.5349757237907], [-93.88778996581124, 26.579931666966388], [-94.02265779533832, 26.66984355331776], [-94.02265779533832, 26.714799496493452], [-94.1125696816897, 26.714799496493452], [-94.1125696816897, 26.75975543966914], [-94.1575256248654, 26.75975543966914], [-94.1575256248654, 26.804711382844825], [-94.2024815680411, 26.804711382844825], [-94.2024815680411, 26.849667326020516], [-94.24743751121679, 26.849667326020516], [-94.24743751121679, 26.894623269196202], [-94.29239345439248, 26.894623269196202], [-94.38230534074387, 27.029491098723266], [-94.47221722709526, 27.029491098723266], [-94.47221722709526, 27.074447041898953], [-94.51717317027095, 27.074447041898953], [-94.51717317027095, 27.119402985074643], [-94.56212911344664, 27.119402985074643], [-94.56212911344664, 27.16435892825033], [-94.60708505662234, 27.16435892825033], [-94.60708505662234, 27.209314871426017], [-94.65204099979803, 27.209314871426017], [-94.65204099979803, 27.254270814601703], [-94.69699694297373, 27.254270814601703], [-94.69699694297373, 27.299226757777394], [-94.74195288614942, 27.299226757777394], [-94.74195288614942, 27.34418270095308], [-94.78690882932511, 27.34418270095308], [-94.78690882932511, 27.389138644128767], [-94.83186477250081, 27.389138644128767], [-94.83186477250081, 27.434094587304457], [-94.8768207156765, 27.434094587304457], [-94.8768207156765, 27.479050530480144], [-94.9217766588522, 27.479050530480144], [-94.9217766588522, 27.52400647365583], [-94.96673260202789, 27.52400647365583], [-94.96673260202789, 27.56896241683152], [-95.10160043155497, 27.658874303182895], [-95.10160043155497, 27.748786189534272], [-95.14655637473066, 27.748786189534272], [-95.14655637473066, 27.79374213270996], [-95.28142420425775, 27.883654019061336], [-95.28142420425775, 27.973565905412713], [-95.37133609060913, 28.0185218485884], [-95.37133609060913, 28.108433734939773], [-95.46124797696052, 28.153389678115463], [-95.46124797696052, 28.243301564466837], [-95.55115986331191, 28.288257507642527], [-95.55115986331191, 28.3781693939939], [-95.5961158064876, 28.3781693939939], [-95.5961158064876, 28.468081280345277], [-95.6410717496633, 28.468081280345277], [-95.6410717496633, 28.60294910987234], [-95.68602769283899, 28.60294910987234], [-95.68602769283899, 28.82772882575078], [-95.73098363601468, 28.82772882575078], [-95.73098363601468, 29.142420427980596], [-95.77593957919038, 29.142420427980596], [-95.82089552236607, 29.90667146196729], [-95.86585146554177, 29.90667146196729]], [[-94.56212911344664, 29.951627405142975], [-94.51717317027095, 29.951627405142975], [-94.51717317027095, 29.097464484804906], [-94.47221722709526, 29.097464484804906], [-94.47221722709526, 28.87268476892647], [-94.42726128391956, 28.87268476892647], [-94.42726128391956, 28.737816939399405], [-94.38230534074387, 28.737816939399405], [-94.38230534074387, 28.647905053048028], [-94.33734939756818, 28.647905053048028], [-94.33734939756818, 28.557993166696654], [-94.29239345439248, 28.557993166696654], [-94.29239345439248, 28.468081280345277], [-94.24743751121679, 28.468081280345277], [-94.24743751121679, 28.3781693939939], [-94.1575256248654, 28.333213450818214], [-94.1575256248654, 28.243301564466837], [-94.06761373851401, 28.19834562129115], [-94.06761373851401, 28.108433734939773], [-93.97770185216262, 28.063477791764086], [-93.97770185216262, 27.973565905412713], [-93.93274590898693, 27.973565905412713], [-93.93274590898693, 27.928609962237022], [-93.79787807945985, 27.83869807588565], [-93.79787807945985, 27.748786189534272], [-93.75292213628416, 27.748786189534272], [-93.75292213628416, 27.703830246358585], [-93.70796619310846, 27.703830246358585], [-93.70796619310846, 27.658874303182895], [-93.66301024993277, 27.658874303182895], [-93.66301024993277, 27.613918360007208], [-93.52814242040569, 27.52400647365583], [-93.52814242040569, 27.434094587304457], [-93.48318647722999, 27.434094587304457], [-93.48318647722999, 27.389138644128767], [-93.4382305340543, 27.389138644128767], [-93.4382305340543, 27.34418270095308], [-93.3932745908786, 27.34418270095308], [-93.3932745908786, 27.299226757777394], [-93.34831864770291, 27.299226757777394], [-93.34831864770291, 27.254270814601703], [-93.30336270452722, 27.254270814601703], [-93.30336270452722, 27.209314871426017], [-93.25840676135152, 27.209314871426017], [-93.25840676135152, 27.16435892825033], [-93.21345081817583, 27.16435892825033], [-93.21345081817583, 27.119402985074643], [-93.16849487500014, 27.119402985074643], [-93.16849487500014, 27.074447041898953], [-93.12353893182444, 27.074447041898953], [-93.12353893182444, 27.029491098723266], [-93.07858298864875, 27.029491098723266], [-93.07858298864875, 26.98453515554758], [-93.03362704547305, 26.98453515554758], [-93.03362704547305, 26.93957921237189], [-92.89875921594597, 26.849667326020516], [-92.89875921594597, 26.804711382844825], [-92.80884732959458, 26.804711382844825], [-92.80884732959458, 26.75975543966914], [-92.76389138641889, 26.75975543966914], [-92.7189354432432, 26.66984355331776], [-92.62902355689181, 26.66984355331776], [-92.53911167054042, 26.5349757237907], [-92.44919978418903, 26.5349757237907], [-92.44919978418903, 26.49001978061501], [-92.40424384101334, 26.49001978061501], [-92.40424384101334, 26.445063837439324], [-92.31433195466195, 26.445063837439324], [-92.26937601148626, 26.355151951087947], [-92.08955223878348, 26.31019600791226], [-92.04459629560779, 26.220284121560884], [-91.9546844092564, 26.220284121560884], [-91.9546844092564, 26.175328178385197], [-91.90972846608071, 26.175328178385197], [-91.90972846608071, 26.13037223520951], [-91.81981657972932, 26.13037223520951], [-91.77486063655363, 26.040460348858133], [-91.59503686385085, 25.995504405682446], [-91.55008092067516, 25.90559251933107], [-91.37025714797238, 25.860636576155382], [-91.37025714797238, 25.815680632979692], [-91.280345261621, 25.815680632979692], [-91.280345261621, 25.770724689804005], [-91.14547743209391, 25.770724689804005], [-91.14547743209391, 25.72576874662832], [-90.96565365939114, 25.680812803452632], [-90.96565365939114, 25.63585686027694], [-90.78582988668836, 25.590900917101255], [-90.74087394351267, 25.500989030749878], [-90.56105017080989, 25.45603308757419], [-90.56105017080989, 25.411077144398504], [-90.4711382844585, 25.411077144398504], [-90.4711382844585, 25.366121201222814], [-90.38122639810712, 25.366121201222814], [-90.38122639810712, 25.321165258047127], [-90.20140262540434, 25.27620931487144], [-90.20140262540434, 25.23125337169575], [-90.11149073905295, 25.23125337169575], [-90.11149073905295, 25.186297428520064], [-90.02157885270157, 25.186297428520064], [-90.02157885270157, 25.141341485344377], [-89.84175507999879, 25.09638554216869], [-89.84175507999879, 25.051429598993], [-89.7518431936474, 25.051429598993], [-89.7518431936474, 25.006473655817313], [-89.57201942094463, 24.961517712641626], [-89.57201942094463, 24.916561769465936], [-89.43715159141755, 24.916561769465936], [-89.43715159141755, 24.87160582629025], [-89.25732781871477, 24.826649883114563], [-89.25732781871477, 24.781693939938872], [-89.077504046012, 24.736737996763186], [-89.0325481028363, 24.64682611041181], [-88.85272433013353, 24.60187016723612], [-88.80776838695783, 24.511958280884745], [-88.71785650060644, 24.511958280884745], [-88.71785650060644, 24.467002337709058], [-88.53803272790367, 24.42204639453337], [-88.49307678472798, 24.332134508181994], [-88.40316489837659, 24.332134508181994], [-88.40316489837659, 24.287178565006307], [-88.3582089552009, 24.287178565006307], [-88.3582089552009, 24.24222262183062], [-88.2682970688495, 24.24222262183062], [-88.22334112567381, 24.152310735479244], [-88.13342923932242, 24.152310735479244], [-88.08847329614673, 24.062398849127867], [-87.99856140979534, 24.062398849127867], [-87.99856140979534, 24.01744290595218], [-87.90864952344396, 24.01744290595218], [-87.86369358026826, 23.927531019600803], [-87.68386980756549, 23.882575076425116], [-87.63891386438979, 23.79266319007374], [-87.5490019780384, 23.79266319007374], [-87.5490019780384, 23.747707246898052], [-87.50404603486271, 23.747707246898052], [-87.50404603486271, 23.702751303722366], [-87.41413414851132, 23.702751303722366], [-87.36917820533563, 23.61283941737099], [-87.18935443263285, 23.567883474195302], [-87.14439848945716, 23.477971587843925], [-87.05448660310577, 23.477971587843925], [-87.05448660310577, 23.433015644668238], [-87.00953065993008, 23.433015644668238], [-87.00953065993008, 23.38805970149255], [-86.91961877357869, 23.38805970149255], [-86.874662830403, 23.298147815141174], [-86.78475094405161, 23.298147815141174], [-86.73979500087592, 23.208235928789797], [-86.55997122817314, 23.16327998561411], [-86.51501528499745, 23.073368099262733], [-86.33519151229467, 23.028412156087047], [-86.29023556911898, 22.93850026973567], [-86.20032368276759, 22.93850026973567], [-86.20032368276759, 22.893544326559983], [-86.1553677395919, 22.893544326559983], [-86.1553677395919, 22.848588383384296], [-86.06545585324051, 22.848588383384296], [-86.02049991006481, 22.75867649703292], [-85.84067613736204, 22.713720553857232], [-85.79572019418634, 22.623808667505855], [-85.61589642148357, 22.57885272433017], [-85.57094047830788, 22.48894083797879], [-85.3911167056051, 22.443984894803105], [-85.3461607624294, 22.354073008451728], [-85.25624887607802, 22.354073008451728], [-85.25624887607802, 22.30911706527604], [-85.16633698972663, 22.30911706527604], [-85.16633698972663, 22.264161122100354], [-85.07642510337524, 22.264161122100354], [-85.07642510337524, 22.219205178924668], [-84.89660133067247, 22.174249235748977], [-84.85164538749677, 22.084337349397604], [-84.76173350114539, 22.084337349397604], [-84.76173350114539, 22.039381406221914], [-84.671821614794, 22.039381406221914], [-84.671821614794, 21.994425463046227], [-84.49199784209122, 21.94946951987054], [-84.44704189891553, 21.859557633519163], [-84.35713001256414, 21.859557633519163], [-84.31217406938845, 21.769645747167786], [-84.22226218303706, 21.769645747167786], [-84.17730623986137, 21.679733860816413], [-84.08739435350998, 21.679733860816413], [-84.08739435350998, 21.634777917640722], [-84.04243841033428, 21.634777917640722], [-83.9525265239829, 21.49991008811366], [-83.86261463763151, 21.49991008811366], [-83.86261463763151, 21.45495414493797], [-83.81765869445582, 21.45495414493797], [-83.81765869445582, 21.409998201762285], [-83.77270275128012, 21.409998201762285], [-83.68279086492873, 21.27513037223522], [-83.59287897857735, 21.27513037223522], [-83.59287897857735, 21.230174429059534], [-83.54792303540165, 21.230174429059534], [-83.54792303540165, 21.185218485883844], [-83.45801114905026, 21.185218485883844], [-83.41305520587457, 21.09530659953247], [-83.32314331952318, 21.09530659953247], [-83.32314331952318, 21.05035065635678], [-83.2332314331718, 21.05035065635678], [-83.2332314331718, 21.005394713181094], [-83.05340766046902, 20.960438770005407], [-83.05340766046902, 20.915482826829717], [-82.96349577411763, 20.915482826829717], [-82.96349577411763, 20.87052688365403], [-82.78367200141486, 20.87052688365403], [-82.78367200141486, 20.825570940478343], [-82.37906851283361, 20.825570940478343], [-82.37906851283361, 20.87052688365403], [-82.24420068330653, 20.87052688365403], [-82.24420068330653, 20.915482826829717], [-82.06437691060376, 20.960438770005407], [-82.01942096742806, 21.05035065635678], [-81.92950908107667, 21.05035065635678], [-81.92950908107667, 21.09530659953247], [-81.83959719472529, 21.140262542708157], [-81.83959719472529, 21.230174429059534], [-81.7496853083739, 21.27513037223522], [-81.7496853083739, 21.365042258586598], [-81.7047293651982, 21.365042258586598], [-81.7047293651982, 21.45495414493797], [-81.65977342202251, 21.45495414493797], [-81.65977342202251, 21.589821974465035], [-81.61481747884682, 21.589821974465035], [-81.61481747884682, 22.084337349397604], [-81.65977342202251, 22.084337349397604], [-81.65977342202251, 22.264161122100354], [-81.7047293651982, 22.264161122100354], [-81.7047293651982, 22.399028951627418], [-81.7496853083739, 22.399028951627418], [-81.7496853083739, 22.48894083797879], [-81.79464125154959, 22.48894083797879], [-81.79464125154959, 22.57885272433017], [-81.83959719472529, 22.57885272433017], [-81.83959719472529, 22.668764610681546], [-81.88455313790098, 22.668764610681546], [-81.88455313790098, 22.713720553857232], [-81.97446502425237, 22.75867649703292], [-81.97446502425237, 22.848588383384296], [-82.01942096742806, 22.848588383384296], [-82.01942096742806, 22.893544326559983], [-82.06437691060376, 22.893544326559983], [-82.06437691060376, 22.93850026973567], [-82.10933285377945, 22.93850026973567], [-82.10933285377945, 22.98345621291136], [-82.24420068330653, 23.073368099262733], [-82.24420068330653, 23.16327998561411], [-82.28915662648222, 23.16327998561411], [-82.28915662648222, 23.208235928789797], [-82.33411256965792, 23.208235928789797], [-82.33411256965792, 23.253191871965488], [-82.37906851283361, 23.253191871965488], [-82.37906851283361, 23.298147815141174], [-82.4240244560093, 23.298147815141174], [-82.4240244560093, 23.34310375831686], [-82.468980399185, 23.34310375831686], [-82.468980399185, 23.38805970149255], [-82.5139363423607, 23.38805970149255], [-82.5139363423607, 23.433015644668238], [-82.55889228553639, 23.433015644668238], [-82.55889228553639, 23.477971587843925], [-82.60384822871208, 23.477971587843925], [-82.60384822871208, 23.522927531019615], [-82.64880417188778, 23.522927531019615], [-82.64880417188778, 23.567883474195302], [-82.69376011506347, 23.567883474195302], [-82.69376011506347, 23.61283941737099], [-82.73871605823916, 23.61283941737099], [-82.73871605823916, 23.65779536054668], [-82.78367200141486, 23.65779536054668], [-82.78367200141486, 23.702751303722366], [-82.82862794459055, 23.702751303722366], [-82.82862794459055, 23.747707246898052], [-82.87358388776624, 23.747707246898052], [-82.87358388776624, 23.79266319007374], [-83.00845171729333, 23.882575076425116], [-83.00845171729333, 23.972486962776493], [-83.05340766046902, 23.972486962776493], [-83.05340766046902, 24.01744290595218], [-83.1882754899961, 24.107354792303557], [-83.1882754899961, 24.19726667865493], [-83.32314331952318, 24.287178565006307], [-83.32314331952318, 24.37709045135768], [-83.45801114905026, 24.467002337709058], [-83.45801114905026, 24.556914224060435], [-83.59287897857735, 24.64682611041181], [-83.59287897857735, 24.736737996763186], [-83.72774680810443, 24.826649883114563], [-83.72774680810443, 24.916561769465936], [-83.77270275128012, 24.916561769465936], [-83.77270275128012, 24.961517712641626], [-83.81765869445582, 24.961517712641626], [-83.81765869445582, 25.006473655817313], [-83.9525265239829, 25.09638554216869], [-83.9525265239829, 25.186297428520064], [-84.08739435350998, 25.27620931487144], [-84.08739435350998, 25.366121201222814], [-84.13235029668567, 25.366121201222814], [-84.13235029668567, 25.411077144398504], [-84.17730623986137, 25.411077144398504], [-84.17730623986137, 25.45603308757419], [-84.22226218303706, 25.45603308757419], [-84.22226218303706, 25.500989030749878], [-84.35713001256414, 25.590900917101255], [-84.35713001256414, 25.680812803452632], [-84.40208595573984, 25.680812803452632], [-84.40208595573984, 25.72576874662832], [-84.53695378526692, 25.815680632979692], [-84.53695378526692, 25.90559251933107], [-84.58190972844261, 25.90559251933107], [-84.58190972844261, 25.950548462506756], [-84.6268656716183, 25.950548462506756], [-84.6268656716183, 25.995504405682446], [-84.671821614794, 25.995504405682446], [-84.671821614794, 26.040460348858133], [-84.80668944432108, 26.13037223520951], [-84.80668944432108, 26.220284121560884], [-84.85164538749677, 26.220284121560884], [-84.85164538749677, 26.265240064736574], [-84.98651321702386, 26.355151951087947], [-84.98651321702386, 26.445063837439324], [-85.03146916019955, 26.445063837439324], [-85.03146916019955, 26.49001978061501], [-85.07642510337524, 26.49001978061501], [-85.07642510337524, 26.5349757237907], [-85.21129293290232, 26.624887610142075], [-85.21129293290232, 26.714799496493452], [-85.25624887607802, 26.714799496493452], [-85.25624887607802, 26.75975543966914], [-85.3911167056051, 26.849667326020516], [-85.3911167056051, 26.93957921237189], [-85.4360726487808, 26.93957921237189], [-85.4360726487808, 26.98453515554758], [-85.48102859195649, 26.98453515554758], [-85.48102859195649, 27.029491098723266], [-85.61589642148357, 27.119402985074643], [-85.61589642148357, 27.209314871426017], [-85.66085236465926, 27.209314871426017], [-85.66085236465926, 27.254270814601703], [-85.79572019418634, 27.34418270095308], [-85.79572019418634, 27.434094587304457], [-85.84067613736204, 27.434094587304457], [-85.84067613736204, 27.479050530480144], [-85.97554396688912, 27.56896241683152], [-85.97554396688912, 27.658874303182895], [-86.1104117964162, 27.748786189534272], [-86.1104117964162, 27.83869807588565], [-86.20032368276759, 27.883654019061336], [-86.20032368276759, 27.973565905412713], [-86.29023556911898, 28.0185218485884], [-86.29023556911898, 28.108433734939773], [-86.38014745547036, 28.153389678115463], [-86.38014745547036, 28.243301564466837], [-86.51501528499745, 28.333213450818214], [-86.51501528499745, 28.42312533716959], [-86.64988311452453, 28.513037223520964], [-86.64988311452453, 28.60294910987234], [-86.78475094405161, 28.692860996223715], [-86.78475094405161, 28.78277288257509], [-86.874662830403, 28.82772882575078], [-86.874662830403, 28.917640712102155], [-86.96457471675438, 28.962596655277842], [-86.96457471675438, 29.05250854162922], [-87.05448660310577, 29.097464484804906], [-87.05448660310577, 29.187376371156283], [-87.18935443263285, 29.27728825750766], [-87.18935443263285, 29.367200143859034], [-87.23431037580855, 29.367200143859034], [-87.23431037580855, 29.412156087034724], [-87.27926631898424, 29.412156087034724], [-87.27926631898424, 29.502067973386097], [-87.36917820533563, 29.547023916561784], [-87.41413414851132, 29.726847689264538], [-87.50404603486271, 29.771803632440225], [-87.5490019780384, 29.951627405142975], [-87.5939579212141, 29.951627405142975], [-87.5939579212141, 29.996583348318666], [-87.63891386438979, 29.996583348318666], [-87.63891386438979, 30.08649523467004], [-87.72882575074118, 30.131451177845726], [-87.72882575074118, 30.221363064197103], [-87.77378169391687, 30.221363064197103], [-87.77378169391687, 30.31127495054848], [-87.86369358026826, 30.356230893724167], [-87.90864952344396, 30.536054666426917], [-87.99856140979534, 30.581010609602608], [-87.99856140979534, 30.67092249595398], [-88.04351735297104, 30.67092249595398], [-88.04351735297104, 30.71587843912967], [-88.08847329614673, 30.71587843912967], [-88.08847329614673, 30.805790325481045], [-88.17838518249812, 30.850746268656735], [-88.17838518249812, 30.94065815500811], [-88.22334112567381, 30.94065815500811], [-88.2682970688495, 31.12048192771086], [-88.3582089552009, 31.16543787088655], [-88.3582089552009, 31.255349757237923], [-88.40316489837659, 31.255349757237923], [-88.44812084155228, 31.435173529940677], [-88.53803272790367, 31.480129473116364], [-88.58298867107936, 31.659953245819114], [-88.67290055743075, 31.7049091889948], [-88.67290055743075, 31.794821075346178], [-88.76281244378214, 31.839777018521865], [-88.76281244378214, 31.92968890487324], [-88.85272433013353, 31.97464484804893], [-88.85272433013353, 32.064556734400306], [-88.94263621648491, 32.10951267757599], [-88.98759215966061, 32.289336450278746], [-89.077504046012, 32.33429239345443], [-89.077504046012, 32.42420427980581], [-89.12245998918769, 32.42420427980581], [-89.12245998918769, 32.4691602229815], [-89.16741593236338, 32.4691602229815], [-89.16741593236338, 32.51411616615718], [-89.21237187553908, 32.51411616615718], [-89.21237187553908, 32.559072109332874], [-89.25732781871477, 32.559072109332874], [-89.25732781871477, 32.60402805250856], [-89.30228376189046, 32.60402805250856], [-89.39219564824185, 32.73889588203562], [-89.48210753459324, 32.73889588203562], [-89.52706347776893, 32.828807768386994], [-89.61697536412032, 32.828807768386994], [-89.61697536412032, 32.87376371156269], [-89.70688725047171, 32.87376371156269], [-89.70688725047171, 32.918719654738375], [-89.7967991368231, 32.918719654738375], [-89.7967991368231, 32.96367559791406], [-89.93166696635018, 32.96367559791406], [-89.93166696635018, 33.00863154108975], [-90.11149073905295, 33.00863154108975], [-90.11149073905295, 33.053587484265435], [-90.29131451175573, 33.053587484265435], [-90.29131451175573, 33.09854342744113], [-90.4711382844585, 33.09854342744113], [-90.4711382844585, 33.143499370616816], [-90.65096205716128, 33.143499370616816], [-90.65096205716128, 33.1884553137925], [-90.87574177303975, 33.1884553137925], [-90.87574177303975, 33.23341125696819], [-91.77486063655363, 33.23341125696819], [-91.77486063655363, 33.1884553137925], [-92.08955223878348, 33.1884553137925], [-92.08955223878348, 33.143499370616816], [-92.35928789783765, 33.09854342744113], [-92.35928789783765, 33.053587484265435], [-92.44919978418903, 33.053587484265435], [-92.44919978418903, 33.00863154108975], [-92.53911167054042, 33.00863154108975], [-92.53911167054042, 32.96367559791406], [-92.6739795000675, 32.96367559791406], [-92.6739795000675, 32.918719654738375], [-92.76389138641889, 32.918719654738375], [-92.80884732959458, 32.828807768386994], [-92.98867110229736, 32.783851825211315], [-92.98867110229736, 32.73889588203562], [-93.07858298864875, 32.73889588203562], [-93.16849487500014, 32.60402805250856], [-93.25840676135152, 32.60402805250856], [-93.25840676135152, 32.559072109332874], [-93.30336270452722, 32.559072109332874], [-93.30336270452722, 32.51411616615718], [-93.34831864770291, 32.51411616615718], [-93.3932745908786, 32.42420427980581], [-93.4382305340543, 32.42420427980581], [-93.4382305340543, 32.37924833663012], [-93.48318647722999, 32.37924833663012], [-93.48318647722999, 32.33429239345443], [-93.52814242040569, 32.33429239345443], [-93.52814242040569, 32.289336450278746], [-93.57309836358138, 32.289336450278746], [-93.57309836358138, 32.24438050710306], [-93.61805430675707, 32.24438050710306], [-93.61805430675707, 32.199424563927366], [-93.66301024993277, 32.199424563927366], [-93.66301024993277, 32.154468620751686], [-93.79787807945985, 32.064556734400306], [-93.79787807945985, 31.97464484804893], [-93.84283402263554, 31.97464484804893], [-93.84283402263554, 31.92968890487324], [-93.93274590898693, 31.884732961697555], [-93.93274590898693, 31.794821075346178], [-94.02265779533832, 31.74986513217049], [-94.02265779533832, 31.659953245819114], [-94.06761373851401, 31.659953245819114], [-94.06761373851401, 31.570041359467737], [-94.1125696816897, 31.570041359467737], [-94.1125696816897, 31.480129473116364], [-94.1575256248654, 31.480129473116364], [-94.1575256248654, 31.390217586764987], [-94.2024815680411, 31.390217586764987], [-94.2024815680411, 31.300305700413613], [-94.24743751121679, 31.300305700413613], [-94.24743751121679, 31.210393814062236], [-94.29239345439248, 31.210393814062236], [-94.29239345439248, 31.12048192771086], [-94.33734939756818, 31.12048192771086], [-94.33734939756818, 31.030570041359486], [-94.38230534074387, 31.030570041359486], [-94.38230534074387, 30.94065815500811], [-94.42726128391956, 30.94065815500811], [-94.42726128391956, 30.805790325481045], [-94.47221722709526, 30.805790325481045], [-94.47221722709526, 30.625966552778294], [-94.51717317027095, 30.625966552778294], [-94.51717317027095, 30.356230893724167], [-94.56212911344664, 30.356230893724167], [-94.56212911344664, 29.951627405142975]]]]}}, {"type": "Feature", "properties": {"shapefile": "2021082718_wsp50knt120hr_5km", "PERCENTAGE": "5-10%"}, "geometry": {"type": "MultiPolygon", "coordinates": [[[[-94.56212911344664, 29.951627405142975], [-94.56212911344664, 30.356230893724167], [-94.51717317027095, 30.356230893724167], [-94.51717317027095, 30.625966552778294], [-94.47221722709526, 30.625966552778294], [-94.47221722709526, 30.805790325481045], [-94.42726128391956, 30.805790325481045], [-94.42726128391956, 30.94065815500811], [-94.38230534074387, 30.94065815500811], [-94.38230534074387, 31.030570041359486], [-94.33734939756818, 31.030570041359486], [-94.33734939756818, 31.12048192771086], [-94.29239345439248, 31.12048192771086], [-94.29239345439248, 31.210393814062236], [-94.24743751121679, 31.210393814062236], [-94.24743751121679, 31.300305700413613], [-94.2024815680411, 31.300305700413613], [-94.2024815680411, 31.390217586764987], [-94.1575256248654, 31.390217586764987], [-94.1575256248654, 31.480129473116364], [-94.1125696816897, 31.480129473116364], [-94.1125696816897, 31.570041359467737], [-94.06761373851401, 31.570041359467737], [-94.06761373851401, 31.659953245819114], [-94.02265779533832, 31.659953245819114], [-94.02265779533832, 31.74986513217049], [-93.97770185216262, 31.74986513217049], [-93.97770185216262, 31.794821075346178], [-93.93274590898693, 31.794821075346178], [-93.93274590898693, 31.884732961697555], [-93.79787807945985, 31.97464484804893], [-93.79787807945985, 32.064556734400306], [-93.75292213628416, 32.064556734400306], [-93.75292213628416, 32.10951267757599], [-93.70796619310846, 32.10951267757599], [-93.70796619310846, 32.154468620751686], [-93.61805430675707, 32.199424563927366], [-93.61805430675707, 32.24438050710306], [-93.57309836358138, 32.24438050710306], [-93.57309836358138, 32.289336450278746], [-93.52814242040569, 32.289336450278746], [-93.52814242040569, 32.33429239345443], [-93.48318647722999, 32.33429239345443], [-93.48318647722999, 32.37924833663012], [-93.4382305340543, 32.37924833663012], [-93.4382305340543, 32.42420427980581], [-93.3932745908786, 32.42420427980581], [-93.3932745908786, 32.4691602229815], [-93.34831864770291, 32.4691602229815], [-93.25840676135152, 32.60402805250856], [-93.16849487500014, 32.60402805250856], [-93.16849487500014, 32.64898399568425], [-93.12353893182444, 32.64898399568425], [-93.07858298864875, 32.73889588203562], [-92.98867110229736, 32.73889588203562], [-92.98867110229736, 32.783851825211315], [-92.80884732959458, 32.828807768386994], [-92.76389138641889, 32.918719654738375], [-92.6739795000675, 32.918719654738375], [-92.6739795000675, 32.96367559791406], [-92.53911167054042, 32.96367559791406], [-92.53911167054042, 33.00863154108975], [-92.35928789783765, 33.053587484265435], [-92.35928789783765, 33.09854342744113], [-92.22442006831056, 33.09854342744113], [-92.22442006831056, 33.143499370616816], [-92.08955223878348, 33.143499370616816], [-92.08955223878348, 33.1884553137925], [-91.77486063655363, 33.1884553137925], [-91.77486063655363, 33.23341125696819], [-90.87574177303975, 33.23341125696819], [-90.87574177303975, 33.1884553137925], [-90.65096205716128, 33.1884553137925], [-90.65096205716128, 33.143499370616816], [-90.4711382844585, 33.143499370616816], [-90.4711382844585, 33.09854342744113], [-90.29131451175573, 33.09854342744113], [-90.29131451175573, 33.053587484265435], [-90.11149073905295, 33.053587484265435], [-90.11149073905295, 33.00863154108975], [-89.93166696635018, 33.00863154108975], [-89.93166696635018, 32.96367559791406], [-89.7967991368231, 32.96367559791406], [-89.7967991368231, 32.918719654738375], [-89.70688725047171, 32.918719654738375], [-89.70688725047171, 32.87376371156269], [-89.52706347776893, 32.828807768386994], [-89.48210753459324, 32.73889588203562], [-89.39219564824185, 32.73889588203562], [-89.39219564824185, 32.693939938859934], [-89.34723970506616, 32.693939938859934], [-89.34723970506616, 32.64898399568425], [-89.30228376189046, 32.64898399568425], [-89.30228376189046, 32.60402805250856], [-89.25732781871477, 32.60402805250856], [-89.25732781871477, 32.559072109332874], [-89.21237187553908, 32.559072109332874], [-89.21237187553908, 32.51411616615718], [-89.077504046012, 32.42420427980581], [-89.077504046012, 32.33429239345443], [-88.98759215966061, 32.289336450278746], [-88.94263621648491, 32.10951267757599], [-88.85272433013353, 32.064556734400306], [-88.85272433013353, 31.97464484804893], [-88.76281244378214, 31.92968890487324], [-88.76281244378214, 31.839777018521865], [-88.71785650060644, 31.839777018521865], [-88.71785650060644, 31.794821075346178], [-88.67290055743075, 31.794821075346178], [-88.67290055743075, 31.7049091889948], [-88.58298867107936, 31.659953245819114], [-88.58298867107936, 31.570041359467737], [-88.53803272790367, 31.570041359467737], [-88.53803272790367, 31.480129473116364], [-88.44812084155228, 31.435173529940677], [-88.44812084155228, 31.3452616435893], [-88.40316489837659, 31.3452616435893], [-88.3582089552009, 31.16543787088655], [-88.2682970688495, 31.12048192771086], [-88.2682970688495, 31.030570041359486], [-88.22334112567381, 31.030570041359486], [-88.17838518249812, 30.850746268656735], [-88.08847329614673, 30.805790325481045], [-88.08847329614673, 30.71587843912967], [-88.04351735297104, 30.71587843912967], [-88.04351735297104, 30.67092249595398], [-87.99856140979534, 30.67092249595398], [-87.99856140979534, 30.581010609602608], [-87.90864952344396, 30.536054666426917], [-87.90864952344396, 30.446142780075544], [-87.86369358026826, 30.446142780075544], [-87.86369358026826, 30.356230893724167], [-87.77378169391687, 30.31127495054848], [-87.72882575074118, 30.131451177845726], [-87.63891386438979, 30.08649523467004], [-87.63891386438979, 29.996583348318666], [-87.5490019780384, 29.951627405142975], [-87.50404603486271, 29.771803632440225], [-87.41413414851132, 29.726847689264538], [-87.36917820533563, 29.547023916561784], [-87.27926631898424, 29.502067973386097], [-87.27926631898424, 29.412156087034724], [-87.18935443263285, 29.367200143859034], [-87.18935443263285, 29.27728825750766], [-87.05448660310577, 29.187376371156283], [-87.05448660310577, 29.097464484804906], [-86.96457471675438, 29.05250854162922], [-86.96457471675438, 28.962596655277842], [-86.874662830403, 28.917640712102155], [-86.874662830403, 28.82772882575078], [-86.78475094405161, 28.78277288257509], [-86.78475094405161, 28.692860996223715], [-86.64988311452453, 28.60294910987234], [-86.64988311452453, 28.513037223520964], [-86.51501528499745, 28.42312533716959], [-86.51501528499745, 28.333213450818214], [-86.38014745547036, 28.243301564466837], [-86.38014745547036, 28.153389678115463], [-86.29023556911898, 28.108433734939773], [-86.29023556911898, 28.0185218485884], [-86.24527962594328, 28.0185218485884], [-86.24527962594328, 27.973565905412713], [-86.20032368276759, 27.973565905412713], [-86.20032368276759, 27.883654019061336], [-86.1104117964162, 27.83869807588565], [-86.1104117964162, 27.748786189534272], [-86.06545585324051, 27.748786189534272], [-86.06545585324051, 27.703830246358585], [-85.97554396688912, 27.658874303182895], [-85.97554396688912, 27.56896241683152], [-85.93058802371343, 27.56896241683152], [-85.93058802371343, 27.52400647365583], [-85.79572019418634, 27.434094587304457], [-85.79572019418634, 27.34418270095308], [-85.75076425101065, 27.34418270095308], [-85.75076425101065, 27.299226757777394], [-85.61589642148357, 27.209314871426017], [-85.61589642148357, 27.119402985074643], [-85.57094047830788, 27.119402985074643], [-85.57094047830788, 27.074447041898953], [-85.52598453513218, 27.074447041898953], [-85.52598453513218, 27.029491098723266], [-85.3911167056051, 26.93957921237189], [-85.3911167056051, 26.849667326020516], [-85.3461607624294, 26.849667326020516], [-85.3461607624294, 26.804711382844825], [-85.21129293290232, 26.714799496493452], [-85.21129293290232, 26.624887610142075], [-85.16633698972663, 26.624887610142075], [-85.16633698972663, 26.579931666966388], [-85.12138104655094, 26.579931666966388], [-85.12138104655094, 26.5349757237907], [-84.98651321702386, 26.445063837439324], [-84.98651321702386, 26.355151951087947], [-84.94155727384816, 26.355151951087947], [-84.94155727384816, 26.31019600791226], [-84.80668944432108, 26.220284121560884], [-84.80668944432108, 26.13037223520951], [-84.76173350114539, 26.13037223520951], [-84.76173350114539, 26.08541629203382], [-84.71677755796969, 26.08541629203382], [-84.71677755796969, 26.040460348858133], [-84.671821614794, 26.040460348858133], [-84.671821614794, 25.995504405682446], [-84.53695378526692, 25.90559251933107], [-84.53695378526692, 25.815680632979692], [-84.49199784209122, 25.815680632979692], [-84.49199784209122, 25.770724689804005], [-84.35713001256414, 25.680812803452632], [-84.35713001256414, 25.590900917101255], [-84.31217406938845, 25.590900917101255], [-84.31217406938845, 25.545944973925568], [-84.26721812621275, 25.545944973925568], [-84.26721812621275, 25.500989030749878], [-84.22226218303706, 25.500989030749878], [-84.22226218303706, 25.45603308757419], [-84.08739435350998, 25.366121201222814], [-84.08739435350998, 25.27620931487144], [-84.04243841033428, 25.27620931487144], [-84.04243841033428, 25.23125337169575], [-83.9525265239829, 25.186297428520064], [-83.9525265239829, 25.09638554216869], [-83.9075705808072, 25.09638554216869], [-83.9075705808072, 25.051429598993], [-83.86261463763151, 25.051429598993], [-83.86261463763151, 25.006473655817313], [-83.72774680810443, 24.916561769465936], [-83.72774680810443, 24.826649883114563], [-83.59287897857735, 24.736737996763186], [-83.59287897857735, 24.64682611041181], [-83.45801114905026, 24.556914224060435], [-83.45801114905026, 24.467002337709058], [-83.32314331952318, 24.37709045135768], [-83.32314331952318, 24.287178565006307], [-83.1882754899961, 24.19726667865493], [-83.1882754899961, 24.107354792303557], [-83.14331954682041, 24.107354792303557], [-83.14331954682041, 24.062398849127867], [-83.00845171729333, 23.972486962776493], [-83.00845171729333, 23.882575076425116], [-82.96349577411763, 23.882575076425116], [-82.96349577411763, 23.83761913324943], [-82.91853983094194, 23.83761913324943], [-82.91853983094194, 23.79266319007374], [-82.87358388776624, 23.79266319007374], [-82.87358388776624, 23.747707246898052], [-82.82862794459055, 23.747707246898052], [-82.82862794459055, 23.702751303722366], [-82.78367200141486, 23.702751303722366], [-82.78367200141486, 23.65779536054668], [-82.73871605823916, 23.65779536054668], [-82.73871605823916, 23.61283941737099], [-82.69376011506347, 23.61283941737099], [-82.69376011506347, 23.567883474195302], [-82.64880417188778, 23.567883474195302], [-82.64880417188778, 23.522927531019615], [-82.60384822871208, 23.522927531019615], [-82.60384822871208, 23.477971587843925], [-82.55889228553639, 23.477971587843925], [-82.55889228553639, 23.433015644668238], [-82.5139363423607, 23.433015644668238], [-82.5139363423607, 23.38805970149255], [-82.468980399185, 23.38805970149255], [-82.468980399185, 23.34310375831686], [-82.4240244560093, 23.34310375831686], [-82.4240244560093, 23.298147815141174], [-82.37906851283361, 23.298147815141174], [-82.37906851283361, 23.253191871965488], [-82.24420068330653, 23.16327998561411], [-82.24420068330653, 23.073368099262733], [-82.19924474013084, 23.073368099262733], [-82.19924474013084, 23.028412156087047], [-82.15428879695514, 23.028412156087047], [-82.15428879695514, 22.98345621291136], [-82.10933285377945, 22.98345621291136], [-82.10933285377945, 22.93850026973567], [-81.97446502425237, 22.848588383384296], [-81.97446502425237, 22.75867649703292], [-81.83959719472529, 22.668764610681546], [-81.83959719472529, 22.57885272433017], [-81.79464125154959, 22.57885272433017], [-81.79464125154959, 22.48894083797879], [-81.7496853083739, 22.48894083797879], [-81.7496853083739, 22.399028951627418], [-81.7047293651982, 22.399028951627418], [-81.7047293651982, 22.264161122100354], [-81.65977342202251, 22.264161122100354], [-81.65977342202251, 22.084337349397604], [-81.61481747884682, 22.084337349397604], [-81.61481747884682, 21.589821974465035], [-81.65977342202251, 21.589821974465035], [-81.65977342202251, 21.45495414493797], [-81.7047293651982, 21.45495414493797], [-81.7496853083739, 21.27513037223522], [-81.83959719472529, 21.230174429059534], [-81.83959719472529, 21.140262542708157], [-81.88455313790098, 21.140262542708157], [-81.92950908107667, 21.05035065635678], [-82.01942096742806, 21.05035065635678], [-82.06437691060376, 20.960438770005407], [-82.15428879695514, 20.960438770005407], [-82.15428879695514, 20.915482826829717], [-82.24420068330653, 20.915482826829717], [-82.24420068330653, 20.87052688365403], [-82.37906851283361, 20.87052688365403], [-82.37906851283361, 20.825570940478343], [-82.78367200141486, 20.825570940478343], [-82.78367200141486, 20.87052688365403], [-82.96349577411763, 20.87052688365403], [-82.96349577411763, 20.915482826829717], [-83.05340766046902, 20.915482826829717], [-83.05340766046902, 20.960438770005407], [-83.14331954682041, 20.960438770005407], [-83.14331954682041, 21.005394713181094], [-83.2332314331718, 21.005394713181094], [-83.2332314331718, 21.05035065635678], [-83.41305520587457, 21.09530659953247], [-83.41305520587457, 21.140262542708157], [-83.45801114905026, 21.140262542708157], [-83.45801114905026, 21.185218485883844], [-83.54792303540165, 21.185218485883844], [-83.59287897857735, 21.27513037223522], [-83.68279086492873, 21.27513037223522], [-83.68279086492873, 21.320086315410908], [-83.72774680810443, 21.320086315410908], [-83.72774680810443, 21.365042258586598], [-83.77270275128012, 21.365042258586598], [-83.86261463763151, 21.49991008811366], [-83.9525265239829, 21.49991008811366], [-83.9525265239829, 21.54486603128935], [-83.99748246715859, 21.54486603128935], [-84.08739435350998, 21.679733860816413], [-84.17730623986137, 21.679733860816413], [-84.17730623986137, 21.7246898039921], [-84.22226218303706, 21.7246898039921], [-84.22226218303706, 21.769645747167786], [-84.31217406938845, 21.769645747167786], [-84.35713001256414, 21.859557633519163], [-84.44704189891553, 21.859557633519163], [-84.49199784209122, 21.94946951987054], [-84.58190972844261, 21.94946951987054], [-84.58190972844261, 21.994425463046227], [-84.671821614794, 21.994425463046227], [-84.671821614794, 22.039381406221914], [-84.85164538749677, 22.084337349397604], [-84.89660133067247, 22.174249235748977], [-84.98651321702386, 22.174249235748977], [-84.98651321702386, 22.219205178924668], [-85.07642510337524, 22.219205178924668], [-85.07642510337524, 22.264161122100354], [-85.16633698972663, 22.264161122100354], [-85.16633698972663, 22.30911706527604], [-85.3461607624294, 22.354073008451728], [-85.3911167056051, 22.443984894803105], [-85.57094047830788, 22.48894083797879], [-85.61589642148357, 22.57885272433017], [-85.70580830783496, 22.57885272433017], [-85.70580830783496, 22.623808667505855], [-85.79572019418634, 22.623808667505855], [-85.84067613736204, 22.713720553857232], [-86.02049991006481, 22.75867649703292], [-86.06545585324051, 22.848588383384296], [-86.1553677395919, 22.848588383384296], [-86.1553677395919, 22.893544326559983], [-86.20032368276759, 22.893544326559983], [-86.20032368276759, 22.93850026973567], [-86.29023556911898, 22.93850026973567], [-86.33519151229467, 23.028412156087047], [-86.51501528499745, 23.073368099262733], [-86.55997122817314, 23.16327998561411], [-86.73979500087592, 23.208235928789797], [-86.78475094405161, 23.298147815141174], [-86.874662830403, 23.298147815141174], [-86.91961877357869, 23.38805970149255], [-87.00953065993008, 23.38805970149255], [-87.00953065993008, 23.433015644668238], [-87.05448660310577, 23.433015644668238], [-87.05448660310577, 23.477971587843925], [-87.14439848945716, 23.477971587843925], [-87.18935443263285, 23.567883474195302], [-87.36917820533563, 23.61283941737099], [-87.41413414851132, 23.702751303722366], [-87.50404603486271, 23.702751303722366], [-87.50404603486271, 23.747707246898052], [-87.5490019780384, 23.747707246898052], [-87.5490019780384, 23.79266319007374], [-87.63891386438979, 23.79266319007374], [-87.68386980756549, 23.882575076425116], [-87.77378169391687, 23.882575076425116], [-87.77378169391687, 23.927531019600803], [-87.86369358026826, 23.927531019600803], [-87.90864952344396, 24.01744290595218], [-88.08847329614673, 24.062398849127867], [-88.13342923932242, 24.152310735479244], [-88.22334112567381, 24.152310735479244], [-88.2682970688495, 24.24222262183062], [-88.3582089552009, 24.24222262183062], [-88.3582089552009, 24.287178565006307], [-88.40316489837659, 24.287178565006307], [-88.40316489837659, 24.332134508181994], [-88.49307678472798, 24.332134508181994], [-88.53803272790367, 24.42204639453337], [-88.62794461425506, 24.42204639453337], [-88.62794461425506, 24.467002337709058], [-88.80776838695783, 24.511958280884745], [-88.85272433013353, 24.60187016723612], [-89.0325481028363, 24.64682611041181], [-89.077504046012, 24.736737996763186], [-89.25732781871477, 24.781693939938872], [-89.25732781871477, 24.826649883114563], [-89.34723970506616, 24.826649883114563], [-89.34723970506616, 24.87160582629025], [-89.43715159141755, 24.87160582629025], [-89.43715159141755, 24.916561769465936], [-89.57201942094463, 24.916561769465936], [-89.57201942094463, 24.961517712641626], [-89.66193130729602, 24.961517712641626], [-89.66193130729602, 25.006473655817313], [-89.84175507999879, 25.051429598993], [-89.84175507999879, 25.09638554216869], [-89.93166696635018, 25.09638554216869], [-89.93166696635018, 25.141341485344377], [-90.02157885270157, 25.141341485344377], [-90.02157885270157, 25.186297428520064], [-90.20140262540434, 25.23125337169575], [-90.20140262540434, 25.27620931487144], [-90.29131451175573, 25.27620931487144], [-90.29131451175573, 25.321165258047127], [-90.4711382844585, 25.366121201222814], [-90.4711382844585, 25.411077144398504], [-90.56105017080989, 25.411077144398504], [-90.56105017080989, 25.45603308757419], [-90.74087394351267, 25.500989030749878], [-90.78582988668836, 25.590900917101255], [-90.96565365939114, 25.63585686027694], [-90.96565365939114, 25.680812803452632], [-91.05556554574252, 25.680812803452632], [-91.05556554574252, 25.72576874662832], [-91.14547743209391, 25.72576874662832], [-91.14547743209391, 25.770724689804005], [-91.280345261621, 25.770724689804005], [-91.280345261621, 25.815680632979692], [-91.37025714797238, 25.815680632979692], [-91.37025714797238, 25.860636576155382], [-91.55008092067516, 25.90559251933107], [-91.59503686385085, 25.995504405682446], [-91.77486063655363, 26.040460348858133], [-91.81981657972932, 26.13037223520951], [-91.90972846608071, 26.13037223520951], [-91.90972846608071, 26.175328178385197], [-91.9546844092564, 26.175328178385197], [-91.9546844092564, 26.220284121560884], [-92.04459629560779, 26.220284121560884], [-92.08955223878348, 26.31019600791226], [-92.26937601148626, 26.355151951087947], [-92.31433195466195, 26.445063837439324], [-92.40424384101334, 26.445063837439324], [-92.44919978418903, 26.5349757237907], [-92.53911167054042, 26.5349757237907], [-92.62902355689181, 26.66984355331776], [-92.7189354432432, 26.66984355331776], [-92.80884732959458, 26.804711382844825], [-92.89875921594597, 26.804711382844825], [-92.89875921594597, 26.849667326020516], [-92.94371515912167, 26.849667326020516], [-92.94371515912167, 26.894623269196202], [-92.98867110229736, 26.894623269196202], [-92.98867110229736, 26.93957921237189], [-93.03362704547305, 26.93957921237189], [-93.03362704547305, 26.98453515554758], [-93.07858298864875, 26.98453515554758], [-93.07858298864875, 27.029491098723266], [-93.12353893182444, 27.029491098723266], [-93.12353893182444, 27.074447041898953], [-93.16849487500014, 27.074447041898953], [-93.16849487500014, 27.119402985074643], [-93.21345081817583, 27.119402985074643], [-93.21345081817583, 27.16435892825033], [-93.25840676135152, 27.16435892825033], [-93.25840676135152, 27.209314871426017], [-93.30336270452722, 27.209314871426017], [-93.30336270452722, 27.254270814601703], [-93.34831864770291, 27.254270814601703], [-93.34831864770291, 27.299226757777394], [-93.3932745908786, 27.299226757777394], [-93.3932745908786, 27.34418270095308], [-93.52814242040569, 27.434094587304457], [-93.52814242040569, 27.52400647365583], [-93.57309836358138, 27.52400647365583], [-93.57309836358138, 27.56896241683152], [-93.61805430675707, 27.56896241683152], [-93.61805430675707, 27.613918360007208], [-93.66301024993277, 27.613918360007208], [-93.66301024993277, 27.658874303182895], [-93.79787807945985, 27.748786189534272], [-93.79787807945985, 27.83869807588565], [-93.84283402263554, 27.83869807588565], [-93.84283402263554, 27.883654019061336], [-93.97770185216262, 27.973565905412713], [-93.97770185216262, 28.063477791764086], [-94.06761373851401, 28.108433734939773], [-94.06761373851401, 28.19834562129115], [-94.1125696816897, 28.19834562129115], [-94.1125696816897, 28.243301564466837], [-94.1575256248654, 28.243301564466837], [-94.1575256248654, 28.333213450818214], [-94.24743751121679, 28.3781693939939], [-94.24743751121679, 28.468081280345277], [-94.29239345439248, 28.468081280345277], [-94.29239345439248, 28.557993166696654], [-94.33734939756818, 28.557993166696654], [-94.33734939756818, 28.647905053048028], [-94.38230534074387, 28.647905053048028], [-94.38230534074387, 28.737816939399405], [-94.42726128391956, 28.737816939399405], [-94.42726128391956, 28.87268476892647], [-94.47221722709526, 28.87268476892647], [-94.47221722709526, 29.097464484804906], [-94.51717317027095, 29.097464484804906], [-94.51717317027095, 29.951627405142975], [-94.56212911344664, 29.951627405142975]], [[-94.02265779533832, 29.502067973386097], [-93.97770185216262, 29.502067973386097], [-93.97770185216262, 29.367200143859034], [-93.93274590898693, 29.367200143859034], [-93.93274590898693, 29.187376371156283], [-93.88778996581124, 29.187376371156283], [-93.88778996581124, 29.007552598453533], [-93.84283402263554, 29.007552598453533], [-93.79787807945985, 28.737816939399405], [-93.75292213628416, 28.737816939399405], [-93.75292213628416, 28.647905053048028], [-93.70796619310846, 28.647905053048028], [-93.70796619310846, 28.557993166696654], [-93.66301024993277, 28.557993166696654], [-93.66301024993277, 28.468081280345277], [-93.61805430675707, 28.468081280345277], [-93.61805430675707, 28.3781693939939], [-93.48318647722999, 28.288257507642527], [-93.48318647722999, 28.19834562129115], [-93.3932745908786, 28.153389678115463], [-93.3932745908786, 28.063477791764086], [-93.30336270452722, 28.0185218485884], [-93.30336270452722, 27.928609962237022], [-93.21345081817583, 27.883654019061336], [-93.21345081817583, 27.79374213270996], [-93.16849487500014, 27.79374213270996], [-93.16849487500014, 27.748786189534272], [-93.12353893182444, 27.748786189534272], [-93.12353893182444, 27.703830246358585], [-93.07858298864875, 27.703830246358585], [-93.07858298864875, 27.658874303182895], [-93.03362704547305, 27.658874303182895], [-93.03362704547305, 27.613918360007208], [-92.98867110229736, 27.613918360007208], [-92.98867110229736, 27.56896241683152], [-92.94371515912167, 27.56896241683152], [-92.94371515912167, 27.52400647365583], [-92.89875921594597, 27.52400647365583], [-92.89875921594597, 27.479050530480144], [-92.76389138641889, 27.389138644128767], [-92.76389138641889, 27.299226757777394], [-92.7189354432432, 27.299226757777394], [-92.7189354432432, 27.254270814601703], [-92.62902355689181, 27.254270814601703], [-92.53911167054042, 27.119402985074643], [-92.44919978418903, 27.119402985074643], [-92.40424384101334, 27.029491098723266], [-92.31433195466195, 27.029491098723266], [-92.31433195466195, 26.98453515554758], [-92.26937601148626, 26.98453515554758], [-92.26937601148626, 26.93957921237189], [-92.17946412513487, 26.93957921237189], [-92.13450818195918, 26.849667326020516], [-91.9546844092564, 26.804711382844825], [-91.86477252290501, 26.66984355331776], [-91.77486063655363, 26.66984355331776], [-91.77486063655363, 26.624887610142075], [-91.68494875020224, 26.624887610142075], [-91.68494875020224, 26.579931666966388], [-91.59503686385085, 26.579931666966388], [-91.59503686385085, 26.5349757237907], [-91.46016903432377, 26.5349757237907], [-91.46016903432377, 26.49001978061501], [-91.41521309114808, 26.49001978061501], [-91.41521309114808, 26.445063837439324], [-91.37025714797238, 26.445063837439324], [-91.37025714797238, 26.400107894263638], [-91.32530120479669, 26.400107894263638], [-91.2353893184453, 26.265240064736574], [-91.14547743209391, 26.265240064736574], [-91.14547743209391, 26.220284121560884], [-91.01060960256683, 26.220284121560884], [-91.01060960256683, 26.175328178385197], [-90.96565365939114, 26.175328178385197], [-90.96565365939114, 26.13037223520951], [-90.87574177303975, 26.13037223520951], [-90.87574177303975, 26.08541629203382], [-90.56105017080989, 25.995504405682446], [-90.56105017080989, 25.950548462506756], [-90.5160942276342, 25.950548462506756], [-90.5160942276342, 25.90559251933107], [-90.42618234128281, 25.90559251933107], [-90.33627045493142, 25.770724689804005], [-90.24635856858004, 25.770724689804005], [-90.24635856858004, 25.72576874662832], [-90.06653479587726, 25.680812803452632], [-90.06653479587726, 25.63585686027694], [-89.93166696635018, 25.63585686027694], [-89.93166696635018, 25.590900917101255], [-89.7518431936474, 25.545944973925568], [-89.66193130729602, 25.411077144398504], [-89.57201942094463, 25.411077144398504], [-89.52706347776893, 25.321165258047127], [-89.43715159141755, 25.321165258047127], [-89.34723970506616, 25.186297428520064], [-89.25732781871477, 25.186297428520064], [-89.25732781871477, 25.141341485344377], [-89.16741593236338, 25.141341485344377], [-89.16741593236338, 25.09638554216869], [-88.98759215966061, 25.051429598993], [-88.98759215966061, 25.006473655817313], [-88.94263621648491, 25.006473655817313], [-88.89768027330922, 24.916561769465936], [-88.80776838695783, 24.916561769465936], [-88.71785650060644, 24.781693939938872], [-88.62794461425506, 24.781693939938872], [-88.62794461425506, 24.736737996763186], [-88.53803272790367, 24.736737996763186], [-88.49307678472798, 24.64682611041181], [-88.3132530120252, 24.60187016723612], [-88.3132530120252, 24.556914224060435], [-88.2682970688495, 24.556914224060435], [-88.17838518249812, 24.42204639453337], [-88.08847329614673, 24.42204639453337], [-88.04351735297104, 24.332134508181994], [-87.95360546661965, 24.332134508181994], [-87.95360546661965, 24.287178565006307], [-87.90864952344396, 24.287178565006307], [-87.90864952344396, 24.24222262183062], [-87.81873763709257, 24.24222262183062], [-87.77378169391687, 24.152310735479244], [-87.5939579212141, 24.107354792303557], [-87.5490019780384, 24.01744290595218], [-87.45909009168702, 24.01744290595218], [-87.41413414851132, 23.927531019600803], [-87.32422226215994, 23.927531019600803], [-87.27926631898424, 23.83761913324943], [-87.18935443263285, 23.83761913324943], [-87.18935443263285, 23.79266319007374], [-87.14439848945716, 23.79266319007374], [-87.14439848945716, 23.747707246898052], [-87.05448660310577, 23.747707246898052], [-87.00953065993008, 23.65779536054668], [-86.8297068872273, 23.61283941737099], [-86.73979500087592, 23.477971587843925], [-86.64988311452453, 23.477971587843925], [-86.64988311452453, 23.433015644668238], [-86.60492717134883, 23.433015644668238], [-86.60492717134883, 23.38805970149255], [-86.51501528499745, 23.38805970149255], [-86.47005934182175, 23.298147815141174], [-86.29023556911898, 23.253191871965488], [-86.24527962594328, 23.16327998561411], [-86.1553677395919, 23.16327998561411], [-86.1104117964162, 23.073368099262733], [-86.02049991006481, 23.073368099262733], [-85.97554396688912, 22.98345621291136], [-85.88563208053773, 22.98345621291136], [-85.84067613736204, 22.893544326559983], [-85.75076425101065, 22.893544326559983], [-85.75076425101065, 22.848588383384296], [-85.70580830783496, 22.848588383384296], [-85.70580830783496, 22.80363244020861], [-85.61589642148357, 22.80363244020861], [-85.57094047830788, 22.713720553857232], [-85.48102859195649, 22.713720553857232], [-85.48102859195649, 22.668764610681546], [-85.30120481925371, 22.623808667505855], [-85.30120481925371, 22.57885272433017], [-85.25624887607802, 22.57885272433017], [-85.25624887607802, 22.533896781154482], [-85.16633698972663, 22.533896781154482], [-85.12138104655094, 22.443984894803105], [-85.03146916019955, 22.443984894803105], [-85.03146916019955, 22.399028951627418], [-84.94155727384816, 22.399028951627418], [-84.94155727384816, 22.354073008451728], [-84.85164538749677, 22.354073008451728], [-84.85164538749677, 22.30911706527604], [-84.76173350114539, 22.30911706527604], [-84.76173350114539, 22.264161122100354], [-84.58190972844261, 22.219205178924668], [-84.53695378526692, 22.12929329257329], [-84.35713001256414, 22.084337349397604], [-84.31217406938845, 21.994425463046227], [-84.22226218303706, 21.994425463046227], [-84.17730623986137, 21.90451357669485], [-84.08739435350998, 21.90451357669485], [-84.08739435350998, 21.859557633519163], [-84.04243841033428, 21.859557633519163], [-83.99748246715859, 21.769645747167786], [-83.9075705808072, 21.769645747167786], [-83.9075705808072, 21.7246898039921], [-83.86261463763151, 21.7246898039921], [-83.86261463763151, 21.679733860816413], [-83.81765869445582, 21.679733860816413], [-83.81765869445582, 21.634777917640722], [-83.77270275128012, 21.634777917640722], [-83.68279086492873, 21.49991008811366], [-83.59287897857735, 21.49991008811366], [-83.59287897857735, 21.45495414493797], [-83.45801114905026, 21.365042258586598], [-83.45801114905026, 21.320086315410908], [-83.36809926269888, 21.320086315410908], [-83.32314331952318, 21.230174429059534], [-83.14331954682041, 21.185218485883844], [-83.09836360364471, 21.09530659953247], [-83.00845171729333, 21.09530659953247], [-83.00845171729333, 21.05035065635678], [-82.87358388776624, 21.05035065635678], [-82.87358388776624, 21.005394713181094], [-82.73871605823916, 21.005394713181094], [-82.73871605823916, 20.960438770005407], [-82.37906851283361, 20.960438770005407], [-82.37906851283361, 21.005394713181094], [-82.28915662648222, 21.005394713181094], [-82.28915662648222, 21.05035065635678], [-82.10933285377945, 21.09530659953247], [-82.10933285377945, 21.140262542708157], [-82.06437691060376, 21.140262542708157], [-82.06437691060376, 21.185218485883844], [-82.01942096742806, 21.185218485883844], [-82.01942096742806, 21.230174429059534], [-81.88455313790098, 21.320086315410908], [-81.88455313790098, 21.409998201762285], [-81.83959719472529, 21.409998201762285], [-81.83959719472529, 21.49991008811366], [-81.79464125154959, 21.49991008811366], [-81.7496853083739, 21.94946951987054], [-81.79464125154959, 21.94946951987054], [-81.79464125154959, 22.174249235748977], [-81.83959719472529, 22.174249235748977], [-81.83959719472529, 22.30911706527604], [-81.88455313790098, 22.30911706527604], [-81.88455313790098, 22.399028951627418], [-81.92950908107667, 22.399028951627418], [-81.97446502425237, 22.57885272433017], [-82.01942096742806, 22.57885272433017], [-82.01942096742806, 22.623808667505855], [-82.10933285377945, 22.668764610681546], [-82.10933285377945, 22.75867649703292], [-82.15428879695514, 22.75867649703292], [-82.15428879695514, 22.80363244020861], [-82.19924474013084, 22.80363244020861], [-82.19924474013084, 22.848588383384296], [-82.24420068330653, 22.848588383384296], [-82.24420068330653, 22.893544326559983], [-82.28915662648222, 22.893544326559983], [-82.28915662648222, 22.93850026973567], [-82.33411256965792, 22.93850026973567], [-82.33411256965792, 22.98345621291136], [-82.37906851283361, 22.98345621291136], [-82.37906851283361, 23.028412156087047], [-82.4240244560093, 23.028412156087047], [-82.4240244560093, 23.073368099262733], [-82.468980399185, 23.073368099262733], [-82.468980399185, 23.118324042438424], [-82.5139363423607, 23.118324042438424], [-82.5139363423607, 23.16327998561411], [-82.55889228553639, 23.16327998561411], [-82.55889228553639, 23.208235928789797], [-82.60384822871208, 23.208235928789797], [-82.60384822871208, 23.253191871965488], [-82.64880417188778, 23.253191871965488], [-82.64880417188778, 23.298147815141174], [-82.69376011506347, 23.298147815141174], [-82.69376011506347, 23.34310375831686], [-82.73871605823916, 23.34310375831686], [-82.73871605823916, 23.38805970149255], [-82.78367200141486, 23.38805970149255], [-82.78367200141486, 23.433015644668238], [-82.82862794459055, 23.433015644668238], [-82.82862794459055, 23.477971587843925], [-82.87358388776624, 23.477971587843925], [-82.87358388776624, 23.522927531019615], [-82.91853983094194, 23.522927531019615], [-82.91853983094194, 23.567883474195302], [-82.96349577411763, 23.567883474195302], [-82.96349577411763, 23.61283941737099], [-83.00845171729333, 23.61283941737099], [-83.00845171729333, 23.65779536054668], [-83.05340766046902, 23.65779536054668], [-83.05340766046902, 23.702751303722366], [-83.1882754899961, 23.79266319007374], [-83.1882754899961, 23.882575076425116], [-83.2332314331718, 23.882575076425116], [-83.2332314331718, 23.927531019600803], [-83.32314331952318, 23.972486962776493], [-83.32314331952318, 24.062398849127867], [-83.36809926269888, 24.062398849127867], [-83.36809926269888, 24.107354792303557], [-83.50296709222596, 24.19726667865493], [-83.50296709222596, 24.287178565006307], [-83.54792303540165, 24.287178565006307], [-83.54792303540165, 24.332134508181994], [-83.68279086492873, 24.42204639453337], [-83.68279086492873, 24.511958280884745], [-83.81765869445582, 24.60187016723612], [-83.81765869445582, 24.6917820535875], [-83.86261463763151, 24.6917820535875], [-83.86261463763151, 24.736737996763186], [-83.9075705808072, 24.736737996763186], [-83.9075705808072, 24.781693939938872], [-83.9525265239829, 24.781693939938872], [-83.9525265239829, 24.826649883114563], [-83.99748246715859, 24.826649883114563], [-83.99748246715859, 24.87160582629025], [-84.13235029668567, 24.961517712641626], [-84.13235029668567, 25.051429598993], [-84.17730623986137, 25.051429598993], [-84.17730623986137, 25.09638554216869], [-84.31217406938845, 25.186297428520064], [-84.31217406938845, 25.27620931487144], [-84.35713001256414, 25.27620931487144], [-84.35713001256414, 25.321165258047127], [-84.40208595573984, 25.321165258047127], [-84.40208595573984, 25.366121201222814], [-84.44704189891553, 25.366121201222814], [-84.44704189891553, 25.411077144398504], [-84.49199784209122, 25.411077144398504], [-84.49199784209122, 25.45603308757419], [-84.53695378526692, 25.45603308757419], [-84.53695378526692, 25.500989030749878], [-84.671821614794, 25.590900917101255], [-84.671821614794, 25.680812803452632], [-84.71677755796969, 25.680812803452632], [-84.71677755796969, 25.72576874662832], [-84.76173350114539, 25.72576874662832], [-84.76173350114539, 25.770724689804005], [-84.80668944432108, 25.770724689804005], [-84.80668944432108, 25.815680632979692], [-84.85164538749677, 25.815680632979692], [-84.85164538749677, 25.860636576155382], [-84.89660133067247, 25.860636576155382], [-84.89660133067247, 25.90559251933107], [-84.94155727384816, 25.90559251933107], [-84.94155727384816, 25.950548462506756], [-85.07642510337524, 26.040460348858133], [-85.07642510337524, 26.13037223520951], [-85.21129293290232, 26.220284121560884], [-85.21129293290232, 26.31019600791226], [-85.25624887607802, 26.31019600791226], [-85.3461607624294, 26.445063837439324], [-85.4360726487808, 26.445063837439324], [-85.4360726487808, 26.5349757237907], [-85.48102859195649, 26.5349757237907], [-85.48102859195649, 26.579931666966388], [-85.52598453513218, 26.579931666966388], [-85.52598453513218, 26.624887610142075], [-85.57094047830788, 26.624887610142075], [-85.57094047830788, 26.66984355331776], [-85.70580830783496, 26.75975543966914], [-85.70580830783496, 26.849667326020516], [-85.75076425101065, 26.849667326020516], [-85.75076425101065, 26.894623269196202], [-85.84067613736204, 26.894623269196202], [-85.84067613736204, 26.93957921237189], [-85.88563208053773, 26.93957921237189], [-85.88563208053773, 26.98453515554758], [-86.02049991006481, 27.074447041898953], [-86.02049991006481, 27.16435892825033], [-86.06545585324051, 27.16435892825033], [-86.06545585324051, 27.209314871426017], [-86.1104117964162, 27.209314871426017], [-86.1104117964162, 27.254270814601703], [-86.1553677395919, 27.254270814601703], [-86.1553677395919, 27.299226757777394], [-86.20032368276759, 27.299226757777394], [-86.20032368276759, 27.34418270095308], [-86.24527962594328, 27.34418270095308], [-86.24527962594328, 27.389138644128767], [-86.29023556911898, 27.389138644128767], [-86.29023556911898, 27.434094587304457], [-86.33519151229467, 27.434094587304457], [-86.33519151229467, 27.479050530480144], [-86.38014745547036, 27.479050530480144], [-86.38014745547036, 27.52400647365583], [-86.42510339864606, 27.52400647365583], [-86.42510339864606, 27.56896241683152], [-86.55997122817314, 27.658874303182895], [-86.55997122817314, 27.79374213270996], [-86.64988311452453, 27.83869807588565], [-86.64988311452453, 27.928609962237022], [-86.69483905770022, 27.928609962237022], [-86.69483905770022, 27.973565905412713], [-86.73979500087592, 27.973565905412713], [-86.73979500087592, 28.0185218485884], [-86.78475094405161, 28.0185218485884], [-86.78475094405161, 28.063477791764086], [-86.8297068872273, 28.063477791764086], [-86.8297068872273, 28.108433734939773], [-86.874662830403, 28.108433734939773], [-86.874662830403, 28.153389678115463], [-87.00953065993008, 28.243301564466837], [-87.05448660310577, 28.42312533716959], [-87.18935443263285, 28.513037223520964], [-87.18935443263285, 28.60294910987234], [-87.27926631898424, 28.647905053048028], [-87.27926631898424, 28.737816939399405], [-87.32422226215994, 28.737816939399405], [-87.32422226215994, 28.78277288257509], [-87.36917820533563, 28.78277288257509], [-87.36917820533563, 28.82772882575078], [-87.41413414851132, 28.82772882575078], [-87.41413414851132, 28.87268476892647], [-87.5490019780384, 28.962596655277842], [-87.5490019780384, 29.05250854162922], [-87.5939579212141, 29.05250854162922], [-87.63891386438979, 29.23233231433197], [-87.68386980756549, 29.23233231433197], [-87.68386980756549, 29.27728825750766], [-87.77378169391687, 29.322244200683347], [-87.77378169391687, 29.412156087034724], [-87.81873763709257, 29.412156087034724], [-87.81873763709257, 29.45711203021041], [-87.86369358026826, 29.45711203021041], [-87.86369358026826, 29.502067973386097], [-87.99856140979534, 29.591979859737474], [-88.04351735297104, 29.771803632440225], [-88.08847329614673, 29.771803632440225], [-88.08847329614673, 29.81675957561591], [-88.13342923932242, 29.81675957561591], [-88.13342923932242, 29.90667146196729], [-88.2682970688495, 29.996583348318666], [-88.2682970688495, 30.08649523467004], [-88.3132530120252, 30.08649523467004], [-88.3132530120252, 30.131451177845726], [-88.3582089552009, 30.131451177845726], [-88.3582089552009, 30.176407121021416], [-88.40316489837659, 30.176407121021416], [-88.40316489837659, 30.221363064197103], [-88.44812084155228, 30.221363064197103], [-88.44812084155228, 30.26631900737279], [-88.49307678472798, 30.26631900737279], [-88.49307678472798, 30.31127495054848], [-88.53803272790367, 30.31127495054848], [-88.53803272790367, 30.356230893724167], [-88.58298867107936, 30.356230893724167], [-88.58298867107936, 30.401186836899853], [-88.71785650060644, 30.49109872325123], [-88.71785650060644, 30.581010609602608], [-88.76281244378214, 30.581010609602608], [-88.76281244378214, 30.67092249595398], [-88.80776838695783, 30.67092249595398], [-88.80776838695783, 30.760834382305358], [-88.85272433013353, 30.760834382305358], [-88.89768027330922, 30.94065815500811], [-88.94263621648491, 30.94065815500811], [-88.94263621648491, 30.985614098183795], [-88.98759215966061, 30.985614098183795], [-88.98759215966061, 31.075525984535172], [-89.0325481028363, 31.075525984535172], [-89.0325481028363, 31.210393814062236], [-89.077504046012, 31.210393814062236], [-89.077504046012, 31.300305700413613], [-89.12245998918769, 31.300305700413613], [-89.16741593236338, 31.480129473116364], [-89.25732781871477, 31.52508541629205], [-89.25732781871477, 31.614997302643427], [-89.39219564824185, 31.7049091889948], [-89.39219564824185, 31.794821075346178], [-89.48210753459324, 31.839777018521865], [-89.48210753459324, 31.92968890487324], [-89.61697536412032, 32.01960079122462], [-89.61697536412032, 32.10951267757599], [-89.66193130729602, 32.10951267757599], [-89.66193130729602, 32.154468620751686], [-89.70688725047171, 32.154468620751686], [-89.7967991368231, 32.289336450278746], [-89.88671102317448, 32.289336450278746], [-89.93166696635018, 32.37924833663012], [-90.11149073905295, 32.42420427980581], [-90.11149073905295, 32.4691602229815], [-90.24635856858004, 32.4691602229815], [-90.24635856858004, 32.51411616615718], [-90.42618234128281, 32.51411616615718], [-90.42618234128281, 32.559072109332874], [-90.5160942276342, 32.559072109332874], [-90.5160942276342, 32.60402805250856], [-90.60600611398559, 32.60402805250856], [-90.60600611398559, 32.64898399568425], [-90.74087394351267, 32.64898399568425], [-90.74087394351267, 32.693939938859934], [-90.87574177303975, 32.693939938859934], [-90.87574177303975, 32.73889588203562], [-91.32530120479669, 32.73889588203562], [-91.32530120479669, 32.693939938859934], [-91.9996403524321, 32.64898399568425], [-91.9996403524321, 32.60402805250856], [-92.08955223878348, 32.60402805250856], [-92.08955223878348, 32.559072109332874], [-92.17946412513487, 32.559072109332874], [-92.17946412513487, 32.51411616615718], [-92.26937601148626, 32.51411616615718], [-92.26937601148626, 32.4691602229815], [-92.40424384101334, 32.4691602229815], [-92.40424384101334, 32.42420427980581], [-92.49415572736473, 32.42420427980581], [-92.49415572736473, 32.37924833663012], [-92.62902355689181, 32.37924833663012], [-92.62902355689181, 32.33429239345443], [-92.7189354432432, 32.33429239345443], [-92.7189354432432, 32.289336450278746], [-92.76389138641889, 32.289336450278746], [-92.76389138641889, 32.24438050710306], [-92.85380327277028, 32.24438050710306], [-92.85380327277028, 32.199424563927366], [-92.94371515912167, 32.154468620751686], [-92.94371515912167, 32.10951267757599], [-92.98867110229736, 32.10951267757599], [-93.07858298864875, 31.97464484804893], [-93.16849487500014, 31.97464484804893], [-93.21345081817583, 31.884732961697555], [-93.30336270452722, 31.884732961697555], [-93.30336270452722, 31.839777018521865], [-93.3932745908786, 31.794821075346178], [-93.3932745908786, 31.7049091889948], [-93.52814242040569, 31.614997302643427], [-93.52814242040569, 31.52508541629205], [-93.61805430675707, 31.480129473116364], [-93.66301024993277, 31.300305700413613], [-93.75292213628416, 31.255349757237923], [-93.75292213628416, 31.16543787088655], [-93.79787807945985, 31.16543787088655], [-93.79787807945985, 31.075525984535172], [-93.84283402263554, 31.075525984535172], [-93.84283402263554, 30.94065815500811], [-93.88778996581124, 30.94065815500811], [-93.88778996581124, 30.805790325481045], [-93.93274590898693, 30.805790325481045], [-93.93274590898693, 30.625966552778294], [-93.97770185216262, 30.625966552778294], [-93.97770185216262, 30.26631900737279], [-94.02265779533832, 30.26631900737279], [-94.02265779533832, 29.502067973386097]]]]}}, {"type": "Feature", "properties": {"shapefile": "2021082718_wsp50knt120hr_5km", "PERCENTAGE": "10-20%"}, "geometry": {"type": "MultiPolygon", "coordinates": [[[[-94.02265779533832, 29.502067973386097], [-94.02265779533832, 30.26631900737279], [-93.97770185216262, 30.26631900737279], [-93.97770185216262, 30.625966552778294], [-93.93274590898693, 30.625966552778294], [-93.93274590898693, 30.805790325481045], [-93.88778996581124, 30.805790325481045], [-93.84283402263554, 31.075525984535172], [-93.79787807945985, 31.075525984535172], [-93.75292213628416, 31.255349757237923], [-93.66301024993277, 31.300305700413613], [-93.61805430675707, 31.480129473116364], [-93.52814242040569, 31.52508541629205], [-93.52814242040569, 31.614997302643427], [-93.3932745908786, 31.7049091889948], [-93.3932745908786, 31.794821075346178], [-93.34831864770291, 31.794821075346178], [-93.30336270452722, 31.884732961697555], [-93.21345081817583, 31.884732961697555], [-93.16849487500014, 31.97464484804893], [-93.07858298864875, 31.97464484804893], [-93.07858298864875, 32.01960079122462], [-93.03362704547305, 32.01960079122462], [-93.03362704547305, 32.064556734400306], [-92.98867110229736, 32.064556734400306], [-92.98867110229736, 32.10951267757599], [-92.94371515912167, 32.10951267757599], [-92.85380327277028, 32.24438050710306], [-92.76389138641889, 32.24438050710306], [-92.7189354432432, 32.33429239345443], [-92.62902355689181, 32.33429239345443], [-92.62902355689181, 32.37924833663012], [-92.49415572736473, 32.37924833663012], [-92.49415572736473, 32.42420427980581], [-92.40424384101334, 32.42420427980581], [-92.40424384101334, 32.4691602229815], [-92.26937601148626, 32.4691602229815], [-92.26937601148626, 32.51411616615718], [-92.17946412513487, 32.51411616615718], [-92.17946412513487, 32.559072109332874], [-91.9996403524321, 32.60402805250856], [-91.9996403524321, 32.64898399568425], [-91.32530120479669, 32.693939938859934], [-91.32530120479669, 32.73889588203562], [-90.87574177303975, 32.73889588203562], [-90.87574177303975, 32.693939938859934], [-90.60600611398559, 32.64898399568425], [-90.60600611398559, 32.60402805250856], [-90.42618234128281, 32.559072109332874], [-90.42618234128281, 32.51411616615718], [-90.24635856858004, 32.51411616615718], [-90.24635856858004, 32.4691602229815], [-90.11149073905295, 32.4691602229815], [-90.11149073905295, 32.42420427980581], [-89.93166696635018, 32.37924833663012], [-89.88671102317448, 32.289336450278746], [-89.7967991368231, 32.289336450278746], [-89.7967991368231, 32.24438050710306], [-89.7518431936474, 32.24438050710306], [-89.7518431936474, 32.199424563927366], [-89.61697536412032, 32.10951267757599], [-89.61697536412032, 32.01960079122462], [-89.48210753459324, 31.92968890487324], [-89.48210753459324, 31.839777018521865], [-89.39219564824185, 31.794821075346178], [-89.39219564824185, 31.7049091889948], [-89.25732781871477, 31.614997302643427], [-89.25732781871477, 31.52508541629205], [-89.16741593236338, 31.480129473116364], [-89.16741593236338, 31.390217586764987], [-89.12245998918769, 31.390217586764987], [-89.12245998918769, 31.300305700413613], [-89.077504046012, 31.300305700413613], [-89.077504046012, 31.210393814062236], [-89.0325481028363, 31.210393814062236], [-89.0325481028363, 31.075525984535172], [-88.98759215966061, 31.075525984535172], [-88.98759215966061, 30.985614098183795], [-88.89768027330922, 30.94065815500811], [-88.89768027330922, 30.850746268656735], [-88.85272433013353, 30.850746268656735], [-88.85272433013353, 30.760834382305358], [-88.80776838695783, 30.760834382305358], [-88.80776838695783, 30.67092249595398], [-88.76281244378214, 30.67092249595398], [-88.71785650060644, 30.49109872325123], [-88.67290055743075, 30.49109872325123], [-88.67290055743075, 30.446142780075544], [-88.62794461425506, 30.446142780075544], [-88.62794461425506, 30.401186836899853], [-88.58298867107936, 30.401186836899853], [-88.58298867107936, 30.356230893724167], [-88.53803272790367, 30.356230893724167], [-88.53803272790367, 30.31127495054848], [-88.49307678472798, 30.31127495054848], [-88.49307678472798, 30.26631900737279], [-88.44812084155228, 30.26631900737279], [-88.44812084155228, 30.221363064197103], [-88.40316489837659, 30.221363064197103], [-88.40316489837659, 30.176407121021416], [-88.2682970688495, 30.08649523467004], [-88.2682970688495, 29.996583348318666], [-88.22334112567381, 29.996583348318666], [-88.22334112567381, 29.951627405142975], [-88.13342923932242, 29.90667146196729], [-88.13342923932242, 29.81675957561591], [-88.04351735297104, 29.771803632440225], [-87.99856140979534, 29.591979859737474], [-87.95360546661965, 29.591979859737474], [-87.95360546661965, 29.547023916561784], [-87.90864952344396, 29.547023916561784], [-87.90864952344396, 29.502067973386097], [-87.77378169391687, 29.412156087034724], [-87.77378169391687, 29.322244200683347], [-87.63891386438979, 29.23233231433197], [-87.63891386438979, 29.142420427980596], [-87.5939579212141, 29.142420427980596], [-87.5939579212141, 29.05250854162922], [-87.5490019780384, 29.05250854162922], [-87.5490019780384, 28.962596655277842], [-87.50404603486271, 28.962596655277842], [-87.50404603486271, 28.917640712102155], [-87.45909009168702, 28.917640712102155], [-87.45909009168702, 28.87268476892647], [-87.41413414851132, 28.87268476892647], [-87.41413414851132, 28.82772882575078], [-87.27926631898424, 28.737816939399405], [-87.27926631898424, 28.647905053048028], [-87.18935443263285, 28.60294910987234], [-87.18935443263285, 28.513037223520964], [-87.05448660310577, 28.42312533716959], [-87.00953065993008, 28.243301564466837], [-86.96457471675438, 28.243301564466837], [-86.96457471675438, 28.19834562129115], [-86.91961877357869, 28.19834562129115], [-86.91961877357869, 28.153389678115463], [-86.874662830403, 28.153389678115463], [-86.874662830403, 28.108433734939773], [-86.8297068872273, 28.108433734939773], [-86.8297068872273, 28.063477791764086], [-86.78475094405161, 28.063477791764086], [-86.78475094405161, 28.0185218485884], [-86.64988311452453, 27.928609962237022], [-86.64988311452453, 27.83869807588565], [-86.55997122817314, 27.79374213270996], [-86.55997122817314, 27.658874303182895], [-86.51501528499745, 27.658874303182895], [-86.51501528499745, 27.613918360007208], [-86.47005934182175, 27.613918360007208], [-86.47005934182175, 27.56896241683152], [-86.42510339864606, 27.56896241683152], [-86.42510339864606, 27.52400647365583], [-86.38014745547036, 27.52400647365583], [-86.38014745547036, 27.479050530480144], [-86.33519151229467, 27.479050530480144], [-86.33519151229467, 27.434094587304457], [-86.29023556911898, 27.434094587304457], [-86.29023556911898, 27.389138644128767], [-86.24527962594328, 27.389138644128767], [-86.24527962594328, 27.34418270095308], [-86.20032368276759, 27.34418270095308], [-86.20032368276759, 27.299226757777394], [-86.1553677395919, 27.299226757777394], [-86.1553677395919, 27.254270814601703], [-86.02049991006481, 27.16435892825033], [-86.02049991006481, 27.074447041898953], [-85.97554396688912, 27.074447041898953], [-85.97554396688912, 27.029491098723266], [-85.93058802371343, 27.029491098723266], [-85.84067613736204, 26.894623269196202], [-85.75076425101065, 26.894623269196202], [-85.75076425101065, 26.849667326020516], [-85.70580830783496, 26.849667326020516], [-85.70580830783496, 26.75975543966914], [-85.66085236465926, 26.75975543966914], [-85.66085236465926, 26.714799496493452], [-85.61589642148357, 26.714799496493452], [-85.61589642148357, 26.66984355331776], [-85.57094047830788, 26.66984355331776], [-85.57094047830788, 26.624887610142075], [-85.4360726487808, 26.5349757237907], [-85.4360726487808, 26.445063837439324], [-85.3461607624294, 26.445063837439324], [-85.3461607624294, 26.400107894263638], [-85.21129293290232, 26.31019600791226], [-85.21129293290232, 26.220284121560884], [-85.07642510337524, 26.13037223520951], [-85.07642510337524, 26.040460348858133], [-85.03146916019955, 26.040460348858133], [-85.03146916019955, 25.995504405682446], [-84.98651321702386, 25.995504405682446], [-84.98651321702386, 25.950548462506756], [-84.94155727384816, 25.950548462506756], [-84.94155727384816, 25.90559251933107], [-84.89660133067247, 25.90559251933107], [-84.89660133067247, 25.860636576155382], [-84.85164538749677, 25.860636576155382], [-84.85164538749677, 25.815680632979692], [-84.80668944432108, 25.815680632979692], [-84.80668944432108, 25.770724689804005], [-84.671821614794, 25.680812803452632], [-84.671821614794, 25.590900917101255], [-84.6268656716183, 25.590900917101255], [-84.6268656716183, 25.545944973925568], [-84.58190972844261, 25.545944973925568], [-84.58190972844261, 25.500989030749878], [-84.53695378526692, 25.500989030749878], [-84.53695378526692, 25.45603308757419], [-84.49199784209122, 25.45603308757419], [-84.49199784209122, 25.411077144398504], [-84.44704189891553, 25.411077144398504], [-84.44704189891553, 25.366121201222814], [-84.31217406938845, 25.27620931487144], [-84.31217406938845, 25.186297428520064], [-84.26721812621275, 25.186297428520064], [-84.26721812621275, 25.141341485344377], [-84.13235029668567, 25.051429598993], [-84.13235029668567, 24.961517712641626], [-84.08739435350998, 24.961517712641626], [-84.08739435350998, 24.916561769465936], [-84.04243841033428, 24.916561769465936], [-84.04243841033428, 24.87160582629025], [-83.99748246715859, 24.87160582629025], [-83.99748246715859, 24.826649883114563], [-83.9525265239829, 24.826649883114563], [-83.9525265239829, 24.781693939938872], [-83.81765869445582, 24.6917820535875], [-83.81765869445582, 24.60187016723612], [-83.77270275128012, 24.60187016723612], [-83.77270275128012, 24.556914224060435], [-83.68279086492873, 24.511958280884745], [-83.68279086492873, 24.42204639453337], [-83.63783492175304, 24.42204639453337], [-83.63783492175304, 24.37709045135768], [-83.50296709222596, 24.287178565006307], [-83.50296709222596, 24.19726667865493], [-83.45801114905026, 24.19726667865493], [-83.45801114905026, 24.152310735479244], [-83.32314331952318, 24.062398849127867], [-83.32314331952318, 23.972486962776493], [-83.1882754899961, 23.882575076425116], [-83.1882754899961, 23.79266319007374], [-83.14331954682041, 23.79266319007374], [-83.14331954682041, 23.747707246898052], [-83.09836360364471, 23.747707246898052], [-83.09836360364471, 23.702751303722366], [-83.05340766046902, 23.702751303722366], [-83.05340766046902, 23.65779536054668], [-83.00845171729333, 23.65779536054668], [-83.00845171729333, 23.61283941737099], [-82.96349577411763, 23.61283941737099], [-82.96349577411763, 23.567883474195302], [-82.91853983094194, 23.567883474195302], [-82.91853983094194, 23.522927531019615], [-82.87358388776624, 23.522927531019615], [-82.87358388776624, 23.477971587843925], [-82.82862794459055, 23.477971587843925], [-82.82862794459055, 23.433015644668238], [-82.78367200141486, 23.433015644668238], [-82.78367200141486, 23.38805970149255], [-82.73871605823916, 23.38805970149255], [-82.73871605823916, 23.34310375831686], [-82.69376011506347, 23.34310375831686], [-82.69376011506347, 23.298147815141174], [-82.64880417188778, 23.298147815141174], [-82.64880417188778, 23.253191871965488], [-82.60384822871208, 23.253191871965488], [-82.60384822871208, 23.208235928789797], [-82.55889228553639, 23.208235928789797], [-82.55889228553639, 23.16327998561411], [-82.5139363423607, 23.16327998561411], [-82.5139363423607, 23.118324042438424], [-82.468980399185, 23.118324042438424], [-82.468980399185, 23.073368099262733], [-82.4240244560093, 23.073368099262733], [-82.4240244560093, 23.028412156087047], [-82.37906851283361, 23.028412156087047], [-82.37906851283361, 22.98345621291136], [-82.33411256965792, 22.98345621291136], [-82.33411256965792, 22.93850026973567], [-82.28915662648222, 22.93850026973567], [-82.28915662648222, 22.893544326559983], [-82.24420068330653, 22.893544326559983], [-82.24420068330653, 22.848588383384296], [-82.10933285377945, 22.75867649703292], [-82.10933285377945, 22.668764610681546], [-81.97446502425237, 22.57885272433017], [-81.97446502425237, 22.48894083797879], [-81.92950908107667, 22.48894083797879], [-81.92950908107667, 22.399028951627418], [-81.88455313790098, 22.399028951627418], [-81.88455313790098, 22.30911706527604], [-81.83959719472529, 22.30911706527604], [-81.83959719472529, 22.174249235748977], [-81.79464125154959, 22.174249235748977], [-81.79464125154959, 21.94946951987054], [-81.7496853083739, 21.94946951987054], [-81.79464125154959, 21.49991008811366], [-81.83959719472529, 21.49991008811366], [-81.88455313790098, 21.320086315410908], [-81.92950908107667, 21.320086315410908], [-81.92950908107667, 21.27513037223522], [-81.97446502425237, 21.27513037223522], [-81.97446502425237, 21.230174429059534], [-82.01942096742806, 21.230174429059534], [-82.10933285377945, 21.09530659953247], [-82.19924474013084, 21.09530659953247], [-82.19924474013084, 21.05035065635678], [-82.28915662648222, 21.05035065635678], [-82.28915662648222, 21.005394713181094], [-82.37906851283361, 21.005394713181094], [-82.37906851283361, 20.960438770005407], [-82.73871605823916, 20.960438770005407], [-82.73871605823916, 21.005394713181094], [-82.87358388776624, 21.005394713181094], [-82.87358388776624, 21.05035065635678], [-83.00845171729333, 21.05035065635678], [-83.00845171729333, 21.09530659953247], [-83.09836360364471, 21.09530659953247], [-83.14331954682041, 21.185218485883844], [-83.2332314331718, 21.185218485883844], [-83.2332314331718, 21.230174429059534], [-83.32314331952318, 21.230174429059534], [-83.36809926269888, 21.320086315410908], [-83.45801114905026, 21.320086315410908], [-83.45801114905026, 21.365042258586598], [-83.50296709222596, 21.365042258586598], [-83.59287897857735, 21.49991008811366], [-83.68279086492873, 21.49991008811366], [-83.68279086492873, 21.54486603128935], [-83.72774680810443, 21.54486603128935], [-83.72774680810443, 21.589821974465035], [-83.77270275128012, 21.589821974465035], [-83.77270275128012, 21.634777917640722], [-83.81765869445582, 21.634777917640722], [-83.9075705808072, 21.769645747167786], [-83.99748246715859, 21.769645747167786], [-84.08739435350998, 21.90451357669485], [-84.17730623986137, 21.90451357669485], [-84.17730623986137, 21.94946951987054], [-84.22226218303706, 21.94946951987054], [-84.22226218303706, 21.994425463046227], [-84.31217406938845, 21.994425463046227], [-84.35713001256414, 22.084337349397604], [-84.53695378526692, 22.12929329257329], [-84.58190972844261, 22.219205178924668], [-84.671821614794, 22.219205178924668], [-84.671821614794, 22.264161122100354], [-84.76173350114539, 22.264161122100354], [-84.76173350114539, 22.30911706527604], [-84.94155727384816, 22.354073008451728], [-84.94155727384816, 22.399028951627418], [-85.12138104655094, 22.443984894803105], [-85.12138104655094, 22.48894083797879], [-85.16633698972663, 22.48894083797879], [-85.16633698972663, 22.533896781154482], [-85.25624887607802, 22.533896781154482], [-85.30120481925371, 22.623808667505855], [-85.3911167056051, 22.623808667505855], [-85.3911167056051, 22.668764610681546], [-85.57094047830788, 22.713720553857232], [-85.61589642148357, 22.80363244020861], [-85.70580830783496, 22.80363244020861], [-85.75076425101065, 22.893544326559983], [-85.84067613736204, 22.893544326559983], [-85.88563208053773, 22.98345621291136], [-85.97554396688912, 22.98345621291136], [-85.97554396688912, 23.028412156087047], [-86.02049991006481, 23.028412156087047], [-86.02049991006481, 23.073368099262733], [-86.1104117964162, 23.073368099262733], [-86.1553677395919, 23.16327998561411], [-86.24527962594328, 23.16327998561411], [-86.29023556911898, 23.253191871965488], [-86.38014745547036, 23.253191871965488], [-86.38014745547036, 23.298147815141174], [-86.47005934182175, 23.298147815141174], [-86.51501528499745, 23.38805970149255], [-86.60492717134883, 23.38805970149255], [-86.64988311452453, 23.477971587843925], [-86.73979500087592, 23.477971587843925], [-86.8297068872273, 23.61283941737099], [-87.00953065993008, 23.65779536054668], [-87.05448660310577, 23.747707246898052], [-87.14439848945716, 23.747707246898052], [-87.18935443263285, 23.83761913324943], [-87.27926631898424, 23.83761913324943], [-87.27926631898424, 23.882575076425116], [-87.32422226215994, 23.882575076425116], [-87.32422226215994, 23.927531019600803], [-87.41413414851132, 23.927531019600803], [-87.45909009168702, 24.01744290595218], [-87.5490019780384, 24.01744290595218], [-87.5939579212141, 24.107354792303557], [-87.77378169391687, 24.152310735479244], [-87.81873763709257, 24.24222262183062], [-87.90864952344396, 24.24222262183062], [-87.90864952344396, 24.287178565006307], [-87.95360546661965, 24.287178565006307], [-87.95360546661965, 24.332134508181994], [-88.04351735297104, 24.332134508181994], [-88.08847329614673, 24.42204639453337], [-88.17838518249812, 24.42204639453337], [-88.17838518249812, 24.467002337709058], [-88.22334112567381, 24.467002337709058], [-88.3132530120252, 24.60187016723612], [-88.40316489837659, 24.60187016723612], [-88.40316489837659, 24.64682611041181], [-88.49307678472798, 24.64682611041181], [-88.53803272790367, 24.736737996763186], [-88.71785650060644, 24.781693939938872], [-88.71785650060644, 24.826649883114563], [-88.76281244378214, 24.826649883114563], [-88.80776838695783, 24.916561769465936], [-88.89768027330922, 24.916561769465936], [-88.98759215966061, 25.051429598993], [-89.077504046012, 25.051429598993], [-89.077504046012, 25.09638554216869], [-89.16741593236338, 25.09638554216869], [-89.16741593236338, 25.141341485344377], [-89.34723970506616, 25.186297428520064], [-89.43715159141755, 25.321165258047127], [-89.52706347776893, 25.321165258047127], [-89.57201942094463, 25.411077144398504], [-89.66193130729602, 25.411077144398504], [-89.7518431936474, 25.545944973925568], [-89.84175507999879, 25.545944973925568], [-89.84175507999879, 25.590900917101255], [-89.93166696635018, 25.590900917101255], [-89.93166696635018, 25.63585686027694], [-90.06653479587726, 25.63585686027694], [-90.06653479587726, 25.680812803452632], [-90.15644668222865, 25.680812803452632], [-90.15644668222865, 25.72576874662832], [-90.33627045493142, 25.770724689804005], [-90.42618234128281, 25.90559251933107], [-90.5160942276342, 25.90559251933107], [-90.5160942276342, 25.950548462506756], [-90.56105017080989, 25.950548462506756], [-90.56105017080989, 25.995504405682446], [-90.65096205716128, 25.995504405682446], [-90.65096205716128, 26.040460348858133], [-90.78582988668836, 26.040460348858133], [-90.78582988668836, 26.08541629203382], [-90.96565365939114, 26.13037223520951], [-91.01060960256683, 26.220284121560884], [-91.14547743209391, 26.220284121560884], [-91.14547743209391, 26.265240064736574], [-91.2353893184453, 26.265240064736574], [-91.2353893184453, 26.31019600791226], [-91.280345261621, 26.31019600791226], [-91.280345261621, 26.355151951087947], [-91.32530120479669, 26.355151951087947], [-91.32530120479669, 26.400107894263638], [-91.37025714797238, 26.400107894263638], [-91.46016903432377, 26.5349757237907], [-91.59503686385085, 26.5349757237907], [-91.59503686385085, 26.579931666966388], [-91.68494875020224, 26.579931666966388], [-91.68494875020224, 26.624887610142075], [-91.86477252290501, 26.66984355331776], [-91.9546844092564, 26.804711382844825], [-92.13450818195918, 26.849667326020516], [-92.13450818195918, 26.894623269196202], [-92.17946412513487, 26.894623269196202], [-92.17946412513487, 26.93957921237189], [-92.26937601148626, 26.93957921237189], [-92.31433195466195, 27.029491098723266], [-92.40424384101334, 27.029491098723266], [-92.44919978418903, 27.119402985074643], [-92.53911167054042, 27.119402985074643], [-92.53911167054042, 27.16435892825033], [-92.58406761371612, 27.16435892825033], [-92.62902355689181, 27.254270814601703], [-92.7189354432432, 27.254270814601703], [-92.7189354432432, 27.299226757777394], [-92.76389138641889, 27.299226757777394], [-92.76389138641889, 27.389138644128767], [-92.80884732959458, 27.389138644128767], [-92.80884732959458, 27.434094587304457], [-92.85380327277028, 27.434094587304457], [-92.85380327277028, 27.479050530480144], [-92.89875921594597, 27.479050530480144], [-92.89875921594597, 27.52400647365583], [-92.94371515912167, 27.52400647365583], [-92.94371515912167, 27.56896241683152], [-92.98867110229736, 27.56896241683152], [-92.98867110229736, 27.613918360007208], [-93.03362704547305, 27.613918360007208], [-93.03362704547305, 27.658874303182895], [-93.07858298864875, 27.658874303182895], [-93.07858298864875, 27.703830246358585], [-93.21345081817583, 27.79374213270996], [-93.21345081817583, 27.883654019061336], [-93.30336270452722, 27.928609962237022], [-93.30336270452722, 28.0185218485884], [-93.3932745908786, 28.063477791764086], [-93.3932745908786, 28.153389678115463], [-93.48318647722999, 28.19834562129115], [-93.48318647722999, 28.288257507642527], [-93.61805430675707, 28.3781693939939], [-93.61805430675707, 28.468081280345277], [-93.66301024993277, 28.468081280345277], [-93.66301024993277, 28.557993166696654], [-93.70796619310846, 28.557993166696654], [-93.70796619310846, 28.647905053048028], [-93.75292213628416, 28.647905053048028], [-93.75292213628416, 28.737816939399405], [-93.79787807945985, 28.737816939399405], [-93.79787807945985, 28.87268476892647], [-93.84283402263554, 28.87268476892647], [-93.84283402263554, 29.007552598453533], [-93.88778996581124, 29.007552598453533], [-93.88778996581124, 29.187376371156283], [-93.93274590898693, 29.187376371156283], [-93.93274590898693, 29.367200143859034], [-93.97770185216262, 29.367200143859034], [-93.97770185216262, 29.502067973386097], [-94.02265779533832, 29.502067973386097]], [[-93.48318647722999, 29.502067973386097], [-93.4382305340543, 29.502067973386097], [-93.3932745908786, 29.007552598453533], [-93.34831864770291, 29.007552598453533], [-93.34831864770291, 28.917640712102155], [-93.30336270452722, 28.917640712102155], [-93.30336270452722, 28.82772882575078], [-93.25840676135152, 28.82772882575078], [-93.25840676135152, 28.737816939399405], [-93.21345081817583, 28.737816939399405], [-93.21345081817583, 28.647905053048028], [-93.16849487500014, 28.647905053048028], [-93.12353893182444, 28.468081280345277], [-92.98867110229736, 28.3781693939939], [-92.98867110229736, 28.288257507642527], [-92.85380327277028, 28.19834562129115], [-92.85380327277028, 28.108433734939773], [-92.80884732959458, 28.108433734939773], [-92.80884732959458, 28.063477791764086], [-92.76389138641889, 28.063477791764086], [-92.76389138641889, 28.0185218485884], [-92.7189354432432, 28.0185218485884], [-92.7189354432432, 27.973565905412713], [-92.6739795000675, 27.973565905412713], [-92.6739795000675, 27.928609962237022], [-92.62902355689181, 27.928609962237022], [-92.62902355689181, 27.883654019061336], [-92.58406761371612, 27.883654019061336], [-92.58406761371612, 27.83869807588565], [-92.53911167054042, 27.83869807588565], [-92.53911167054042, 27.79374213270996], [-92.49415572736473, 27.79374213270996], [-92.49415572736473, 27.748786189534272], [-92.44919978418903, 27.748786189534272], [-92.44919978418903, 27.703830246358585], [-92.40424384101334, 27.703830246358585], [-92.40424384101334, 27.658874303182895], [-92.35928789783765, 27.658874303182895], [-92.35928789783765, 27.613918360007208], [-92.31433195466195, 27.613918360007208], [-92.31433195466195, 27.56896241683152], [-92.26937601148626, 27.56896241683152], [-92.26937601148626, 27.52400647365583], [-92.22442006831056, 27.52400647365583], [-92.22442006831056, 27.479050530480144], [-92.17946412513487, 27.479050530480144], [-92.08955223878348, 27.34418270095308], [-91.9996403524321, 27.34418270095308], [-91.90972846608071, 27.209314871426017], [-91.81981657972932, 27.209314871426017], [-91.72990469337793, 27.074447041898953], [-91.63999280702654, 27.074447041898953], [-91.55008092067516, 26.93957921237189], [-91.46016903432377, 26.93957921237189], [-91.37025714797238, 26.804711382844825], [-91.280345261621, 26.804711382844825], [-91.280345261621, 26.75975543966914], [-91.2353893184453, 26.75975543966914], [-91.2353893184453, 26.714799496493452], [-91.14547743209391, 26.714799496493452], [-91.10052148891822, 26.624887610142075], [-91.01060960256683, 26.624887610142075], [-91.01060960256683, 26.579931666966388], [-90.96565365939114, 26.579931666966388], [-90.92069771621544, 26.49001978061501], [-90.83078582986406, 26.49001978061501], [-90.74087394351267, 26.355151951087947], [-90.65096205716128, 26.355151951087947], [-90.60600611398559, 26.265240064736574], [-90.42618234128281, 26.220284121560884], [-90.42618234128281, 26.175328178385197], [-90.38122639810712, 26.175328178385197], [-90.38122639810712, 26.13037223520951], [-90.29131451175573, 26.13037223520951], [-90.24635856858004, 26.040460348858133], [-90.15644668222865, 26.040460348858133], [-90.11149073905295, 25.950548462506756], [-90.02157885270157, 25.950548462506756], [-90.02157885270157, 25.90559251933107], [-89.97662290952587, 25.90559251933107], [-89.97662290952587, 25.860636576155382], [-89.88671102317448, 25.860636576155382], [-89.84175507999879, 25.770724689804005], [-89.7518431936474, 25.770724689804005], [-89.7518431936474, 25.72576874662832], [-89.70688725047171, 25.72576874662832], [-89.70688725047171, 25.680812803452632], [-89.61697536412032, 25.680812803452632], [-89.57201942094463, 25.590900917101255], [-89.48210753459324, 25.590900917101255], [-89.43715159141755, 25.500989030749878], [-89.34723970506616, 25.500989030749878], [-89.30228376189046, 25.411077144398504], [-89.21237187553908, 25.411077144398504], [-89.16741593236338, 25.321165258047127], [-88.98759215966061, 25.27620931487144], [-88.98759215966061, 25.23125337169575], [-88.94263621648491, 25.23125337169575], [-88.94263621648491, 25.186297428520064], [-88.85272433013353, 25.186297428520064], [-88.76281244378214, 25.051429598993], [-88.67290055743075, 25.051429598993], [-88.67290055743075, 25.006473655817313], [-88.62794461425506, 25.006473655817313], [-88.62794461425506, 24.961517712641626], [-88.53803272790367, 24.961517712641626], [-88.49307678472798, 24.87160582629025], [-88.40316489837659, 24.87160582629025], [-88.3582089552009, 24.781693939938872], [-88.2682970688495, 24.781693939938872], [-88.2682970688495, 24.736737996763186], [-88.22334112567381, 24.736737996763186], [-88.22334112567381, 24.6917820535875], [-88.13342923932242, 24.6917820535875], [-88.08847329614673, 24.60187016723612], [-87.99856140979534, 24.60187016723612], [-87.90864952344396, 24.467002337709058], [-87.81873763709257, 24.467002337709058], [-87.77378169391687, 24.37709045135768], [-87.68386980756549, 24.37709045135768], [-87.68386980756549, 24.332134508181994], [-87.63891386438979, 24.332134508181994], [-87.63891386438979, 24.287178565006307], [-87.5490019780384, 24.287178565006307], [-87.50404603486271, 24.19726667865493], [-87.41413414851132, 24.19726667865493], [-87.41413414851132, 24.152310735479244], [-87.36917820533563, 24.152310735479244], [-87.36917820533563, 24.107354792303557], [-87.27926631898424, 24.107354792303557], [-87.23431037580855, 24.01744290595218], [-87.14439848945716, 24.01744290595218], [-87.09944254628147, 23.927531019600803], [-87.00953065993008, 23.927531019600803], [-86.96457471675438, 23.83761913324943], [-86.78475094405161, 23.79266319007374], [-86.69483905770022, 23.65779536054668], [-86.60492717134883, 23.65779536054668], [-86.55997122817314, 23.567883474195302], [-86.47005934182175, 23.567883474195302], [-86.42510339864606, 23.477971587843925], [-86.33519151229467, 23.477971587843925], [-86.33519151229467, 23.433015644668238], [-86.29023556911898, 23.433015644668238], [-86.29023556911898, 23.38805970149255], [-86.20032368276759, 23.38805970149255], [-86.1553677395919, 23.298147815141174], [-86.06545585324051, 23.298147815141174], [-86.02049991006481, 23.208235928789797], [-85.93058802371343, 23.208235928789797], [-85.93058802371343, 23.16327998561411], [-85.88563208053773, 23.16327998561411], [-85.88563208053773, 23.118324042438424], [-85.79572019418634, 23.118324042438424], [-85.75076425101065, 23.028412156087047], [-85.66085236465926, 23.028412156087047], [-85.61589642148357, 22.93850026973567], [-85.4360726487808, 22.893544326559983], [-85.4360726487808, 22.848588383384296], [-85.3911167056051, 22.848588383384296], [-85.3911167056051, 22.80363244020861], [-85.30120481925371, 22.80363244020861], [-85.25624887607802, 22.713720553857232], [-85.16633698972663, 22.713720553857232], [-85.16633698972663, 22.668764610681546], [-85.07642510337524, 22.668764610681546], [-85.03146916019955, 22.57885272433017], [-84.85164538749677, 22.533896781154482], [-84.80668944432108, 22.443984894803105], [-84.71677755796969, 22.443984894803105], [-84.71677755796969, 22.399028951627418], [-84.6268656716183, 22.399028951627418], [-84.6268656716183, 22.354073008451728], [-84.53695378526692, 22.354073008451728], [-84.53695378526692, 22.30911706527604], [-84.44704189891553, 22.30911706527604], [-84.44704189891553, 22.264161122100354], [-84.26721812621275, 22.219205178924668], [-84.22226218303706, 22.12929329257329], [-84.13235029668567, 22.12929329257329], [-84.04243841033428, 21.994425463046227], [-83.9525265239829, 21.994425463046227], [-83.9525265239829, 21.94946951987054], [-83.9075705808072, 21.94946951987054], [-83.81765869445582, 21.814601690343476], [-83.72774680810443, 21.814601690343476], [-83.72774680810443, 21.769645747167786], [-83.68279086492873, 21.769645747167786], [-83.68279086492873, 21.7246898039921], [-83.63783492175304, 21.7246898039921], [-83.63783492175304, 21.679733860816413], [-83.59287897857735, 21.679733860816413], [-83.50296709222596, 21.54486603128935], [-83.41305520587457, 21.54486603128935], [-83.41305520587457, 21.49991008811366], [-83.36809926269888, 21.49991008811366], [-83.27818737634749, 21.365042258586598], [-83.1882754899961, 21.365042258586598], [-83.1882754899961, 21.320086315410908], [-83.14331954682041, 21.320086315410908], [-83.14331954682041, 21.27513037223522], [-83.05340766046902, 21.27513037223522], [-83.00845171729333, 21.185218485883844], [-82.91853983094194, 21.185218485883844], [-82.91853983094194, 21.140262542708157], [-82.78367200141486, 21.140262542708157], [-82.78367200141486, 21.09530659953247], [-82.60384822871208, 21.09530659953247], [-82.60384822871208, 21.05035065635678], [-82.468980399185, 21.05035065635678], [-82.468980399185, 21.09530659953247], [-82.28915662648222, 21.09530659953247], [-82.24420068330653, 21.185218485883844], [-82.15428879695514, 21.185218485883844], [-82.15428879695514, 21.230174429059534], [-82.01942096742806, 21.320086315410908], [-82.01942096742806, 21.409998201762285], [-81.97446502425237, 21.409998201762285], [-81.97446502425237, 21.49991008811366], [-81.92950908107667, 21.49991008811366], [-81.92950908107667, 21.634777917640722], [-81.88455313790098, 21.634777917640722], [-81.88455313790098, 22.039381406221914], [-81.92950908107667, 22.039381406221914], [-81.92950908107667, 22.219205178924668], [-81.97446502425237, 22.219205178924668], [-82.01942096742806, 22.399028951627418], [-82.10933285377945, 22.443984894803105], [-82.10933285377945, 22.533896781154482], [-82.15428879695514, 22.533896781154482], [-82.15428879695514, 22.57885272433017], [-82.28915662648222, 22.668764610681546], [-82.28915662648222, 22.75867649703292], [-82.33411256965792, 22.75867649703292], [-82.33411256965792, 22.80363244020861], [-82.37906851283361, 22.80363244020861], [-82.37906851283361, 22.848588383384296], [-82.4240244560093, 22.848588383384296], [-82.4240244560093, 22.893544326559983], [-82.468980399185, 22.893544326559983], [-82.55889228553639, 23.028412156087047], [-82.64880417188778, 23.028412156087047], [-82.64880417188778, 23.073368099262733], [-82.69376011506347, 23.073368099262733], [-82.69376011506347, 23.118324042438424], [-82.73871605823916, 23.118324042438424], [-82.73871605823916, 23.16327998561411], [-82.78367200141486, 23.16327998561411], [-82.78367200141486, 23.208235928789797], [-82.82862794459055, 23.208235928789797], [-82.82862794459055, 23.253191871965488], [-82.87358388776624, 23.253191871965488], [-82.87358388776624, 23.298147815141174], [-82.91853983094194, 23.298147815141174], [-82.91853983094194, 23.34310375831686], [-82.96349577411763, 23.34310375831686], [-82.96349577411763, 23.38805970149255], [-83.00845171729333, 23.38805970149255], [-83.00845171729333, 23.433015644668238], [-83.05340766046902, 23.433015644668238], [-83.05340766046902, 23.477971587843925], [-83.09836360364471, 23.477971587843925], [-83.09836360364471, 23.522927531019615], [-83.14331954682041, 23.522927531019615], [-83.14331954682041, 23.567883474195302], [-83.27818737634749, 23.65779536054668], [-83.27818737634749, 23.747707246898052], [-83.32314331952318, 23.747707246898052], [-83.32314331952318, 23.79266319007374], [-83.45801114905026, 23.882575076425116], [-83.45801114905026, 23.972486962776493], [-83.50296709222596, 23.972486962776493], [-83.50296709222596, 24.01744290595218], [-83.63783492175304, 24.107354792303557], [-83.63783492175304, 24.19726667865493], [-83.68279086492873, 24.19726667865493], [-83.68279086492873, 24.24222262183062], [-83.81765869445582, 24.332134508181994], [-83.81765869445582, 24.42204639453337], [-83.86261463763151, 24.42204639453337], [-83.86261463763151, 24.467002337709058], [-83.9075705808072, 24.467002337709058], [-83.9075705808072, 24.511958280884745], [-84.04243841033428, 24.60187016723612], [-84.04243841033428, 24.6917820535875], [-84.08739435350998, 24.6917820535875], [-84.08739435350998, 24.736737996763186], [-84.13235029668567, 24.736737996763186], [-84.13235029668567, 24.781693939938872], [-84.17730623986137, 24.781693939938872], [-84.17730623986137, 24.826649883114563], [-84.22226218303706, 24.826649883114563], [-84.22226218303706, 24.87160582629025], [-84.35713001256414, 24.961517712641626], [-84.35713001256414, 25.051429598993], [-84.40208595573984, 25.051429598993], [-84.40208595573984, 25.09638554216869], [-84.44704189891553, 25.09638554216869], [-84.44704189891553, 25.141341485344377], [-84.49199784209122, 25.141341485344377], [-84.49199784209122, 25.186297428520064], [-84.53695378526692, 25.186297428520064], [-84.53695378526692, 25.23125337169575], [-84.58190972844261, 25.23125337169575], [-84.58190972844261, 25.27620931487144], [-84.6268656716183, 25.27620931487144], [-84.6268656716183, 25.321165258047127], [-84.76173350114539, 25.411077144398504], [-84.76173350114539, 25.500989030749878], [-84.80668944432108, 25.500989030749878], [-84.80668944432108, 25.545944973925568], [-84.85164538749677, 25.545944973925568], [-84.85164538749677, 25.590900917101255], [-84.89660133067247, 25.590900917101255], [-84.89660133067247, 25.63585686027694], [-84.94155727384816, 25.63585686027694], [-84.94155727384816, 25.680812803452632], [-84.98651321702386, 25.680812803452632], [-84.98651321702386, 25.72576874662832], [-85.03146916019955, 25.72576874662832], [-85.03146916019955, 25.770724689804005], [-85.16633698972663, 25.860636576155382], [-85.16633698972663, 25.950548462506756], [-85.21129293290232, 25.950548462506756], [-85.21129293290232, 25.995504405682446], [-85.25624887607802, 25.995504405682446], [-85.25624887607802, 26.040460348858133], [-85.30120481925371, 26.040460348858133], [-85.30120481925371, 26.08541629203382], [-85.3461607624294, 26.08541629203382], [-85.3461607624294, 26.13037223520951], [-85.3911167056051, 26.13037223520951], [-85.3911167056051, 26.175328178385197], [-85.4360726487808, 26.175328178385197], [-85.4360726487808, 26.220284121560884], [-85.48102859195649, 26.220284121560884], [-85.48102859195649, 26.265240064736574], [-85.61589642148357, 26.355151951087947], [-85.61589642148357, 26.445063837439324], [-85.66085236465926, 26.445063837439324], [-85.66085236465926, 26.49001978061501], [-85.70580830783496, 26.49001978061501], [-85.70580830783496, 26.5349757237907], [-85.75076425101065, 26.5349757237907], [-85.75076425101065, 26.579931666966388], [-85.79572019418634, 26.579931666966388], [-85.79572019418634, 26.624887610142075], [-85.84067613736204, 26.624887610142075], [-85.84067613736204, 26.66984355331776], [-85.88563208053773, 26.66984355331776], [-85.88563208053773, 26.714799496493452], [-85.93058802371343, 26.714799496493452], [-85.93058802371343, 26.75975543966914], [-85.97554396688912, 26.75975543966914], [-85.97554396688912, 26.804711382844825], [-86.02049991006481, 26.804711382844825], [-86.02049991006481, 26.849667326020516], [-86.06545585324051, 26.849667326020516], [-86.06545585324051, 26.894623269196202], [-86.1104117964162, 26.894623269196202], [-86.1104117964162, 26.93957921237189], [-86.1553677395919, 26.93957921237189], [-86.1553677395919, 26.98453515554758], [-86.20032368276759, 26.98453515554758], [-86.20032368276759, 27.029491098723266], [-86.24527962594328, 27.029491098723266], [-86.24527962594328, 27.074447041898953], [-86.38014745547036, 27.16435892825033], [-86.38014745547036, 27.254270814601703], [-86.42510339864606, 27.254270814601703], [-86.42510339864606, 27.299226757777394], [-86.47005934182175, 27.299226757777394], [-86.47005934182175, 27.34418270095308], [-86.51501528499745, 27.34418270095308], [-86.51501528499745, 27.389138644128767], [-86.55997122817314, 27.389138644128767], [-86.55997122817314, 27.434094587304457], [-86.60492717134883, 27.434094587304457], [-86.60492717134883, 27.479050530480144], [-86.64988311452453, 27.479050530480144], [-86.64988311452453, 27.52400647365583], [-86.69483905770022, 27.52400647365583], [-86.69483905770022, 27.56896241683152], [-86.73979500087592, 27.56896241683152], [-86.73979500087592, 27.613918360007208], [-86.874662830403, 27.703830246358585], [-86.874662830403, 27.79374213270996], [-86.91961877357869, 27.79374213270996], [-86.91961877357869, 27.83869807588565], [-86.96457471675438, 27.83869807588565], [-86.96457471675438, 27.883654019061336], [-87.00953065993008, 27.883654019061336], [-87.00953065993008, 27.928609962237022], [-87.05448660310577, 27.928609962237022], [-87.05448660310577, 27.973565905412713], [-87.09944254628147, 27.973565905412713], [-87.09944254628147, 28.0185218485884], [-87.14439848945716, 28.0185218485884], [-87.14439848945716, 28.063477791764086], [-87.27926631898424, 28.153389678115463], [-87.27926631898424, 28.243301564466837], [-87.32422226215994, 28.243301564466837], [-87.32422226215994, 28.288257507642527], [-87.36917820533563, 28.288257507642527], [-87.36917820533563, 28.333213450818214], [-87.41413414851132, 28.333213450818214], [-87.41413414851132, 28.3781693939939], [-87.45909009168702, 28.3781693939939], [-87.45909009168702, 28.42312533716959], [-87.50404603486271, 28.42312533716959], [-87.50404603486271, 28.468081280345277], [-87.5490019780384, 28.468081280345277], [-87.5490019780384, 28.513037223520964], [-87.68386980756549, 28.60294910987234], [-87.68386980756549, 28.692860996223715], [-87.72882575074118, 28.692860996223715], [-87.72882575074118, 28.737816939399405], [-87.77378169391687, 28.737816939399405], [-87.77378169391687, 28.78277288257509], [-87.81873763709257, 28.78277288257509], [-87.81873763709257, 28.82772882575078], [-87.95360546661965, 28.917640712102155], [-87.95360546661965, 29.007552598453533], [-87.99856140979534, 29.007552598453533], [-87.99856140979534, 29.05250854162922], [-88.04351735297104, 29.05250854162922], [-88.04351735297104, 29.097464484804906], [-88.17838518249812, 29.187376371156283], [-88.17838518249812, 29.27728825750766], [-88.22334112567381, 29.27728825750766], [-88.22334112567381, 29.322244200683347], [-88.2682970688495, 29.322244200683347], [-88.2682970688495, 29.367200143859034], [-88.3132530120252, 29.367200143859034], [-88.3132530120252, 29.412156087034724], [-88.3582089552009, 29.412156087034724], [-88.3582089552009, 29.45711203021041], [-88.40316489837659, 29.45711203021041], [-88.40316489837659, 29.502067973386097], [-88.44812084155228, 29.502067973386097], [-88.44812084155228, 29.547023916561784], [-88.58298867107936, 29.63693580291316], [-88.58298867107936, 29.726847689264538], [-88.62794461425506, 29.726847689264538], [-88.62794461425506, 29.771803632440225], [-88.67290055743075, 29.771803632440225], [-88.67290055743075, 29.81675957561591], [-88.71785650060644, 29.81675957561591], [-88.71785650060644, 29.861715518791602], [-88.76281244378214, 29.861715518791602], [-88.76281244378214, 29.90667146196729], [-88.80776838695783, 29.90667146196729], [-88.80776838695783, 29.951627405142975], [-88.85272433013353, 29.951627405142975], [-88.85272433013353, 29.996583348318666], [-88.89768027330922, 29.996583348318666], [-88.89768027330922, 30.041539291494352], [-89.0325481028363, 30.131451177845726], [-89.0325481028363, 30.221363064197103], [-89.077504046012, 30.221363064197103], [-89.077504046012, 30.26631900737279], [-89.12245998918769, 30.26631900737279], [-89.12245998918769, 30.31127495054848], [-89.16741593236338, 30.31127495054848], [-89.16741593236338, 30.356230893724167], [-89.30228376189046, 30.446142780075544], [-89.30228376189046, 30.536054666426917], [-89.39219564824185, 30.581010609602608], [-89.39219564824185, 30.67092249595398], [-89.48210753459324, 30.71587843912967], [-89.48210753459324, 30.805790325481045], [-89.57201942094463, 30.850746268656735], [-89.57201942094463, 30.94065815500811], [-89.66193130729602, 30.985614098183795], [-89.66193130729602, 31.075525984535172], [-89.70688725047171, 31.075525984535172], [-89.70688725047171, 31.12048192771086], [-89.7518431936474, 31.12048192771086], [-89.7518431936474, 31.210393814062236], [-89.84175507999879, 31.255349757237923], [-89.84175507999879, 31.3452616435893], [-89.88671102317448, 31.3452616435893], [-89.88671102317448, 31.390217586764987], [-89.93166696635018, 31.390217586764987], [-89.93166696635018, 31.435173529940677], [-89.97662290952587, 31.435173529940677], [-89.97662290952587, 31.480129473116364], [-90.02157885270157, 31.480129473116364], [-90.02157885270157, 31.52508541629205], [-90.06653479587726, 31.52508541629205], [-90.06653479587726, 31.570041359467737], [-90.11149073905295, 31.570041359467737], [-90.11149073905295, 31.614997302643427], [-90.15644668222865, 31.614997302643427], [-90.15644668222865, 31.659953245819114], [-90.20140262540434, 31.659953245819114], [-90.20140262540434, 31.7049091889948], [-90.24635856858004, 31.7049091889948], [-90.24635856858004, 31.74986513217049], [-90.38122639810712, 31.839777018521865], [-90.38122639810712, 31.884732961697555], [-90.56105017080989, 31.92968890487324], [-90.56105017080989, 31.97464484804893], [-90.65096205716128, 31.97464484804893], [-90.65096205716128, 32.01960079122462], [-90.92069771621544, 32.064556734400306], [-90.92069771621544, 32.10951267757599], [-91.280345261621, 32.10951267757599], [-91.280345261621, 32.154468620751686], [-91.50512497749946, 32.154468620751686], [-91.50512497749946, 32.10951267757599], [-91.72990469337793, 32.10951267757599], [-91.72990469337793, 32.064556734400306], [-91.90972846608071, 32.064556734400306], [-91.90972846608071, 32.01960079122462], [-92.04459629560779, 32.01960079122462], [-92.04459629560779, 31.97464484804893], [-92.13450818195918, 31.97464484804893], [-92.13450818195918, 31.92968890487324], [-92.26937601148626, 31.92968890487324], [-92.26937601148626, 31.884732961697555], [-92.44919978418903, 31.839777018521865], [-92.49415572736473, 31.74986513217049], [-92.58406761371612, 31.74986513217049], [-92.62902355689181, 31.659953245819114], [-92.7189354432432, 31.659953245819114], [-92.80884732959458, 31.52508541629205], [-92.89875921594597, 31.52508541629205], [-92.89875921594597, 31.480129473116364], [-92.94371515912167, 31.480129473116364], [-92.94371515912167, 31.435173529940677], [-93.07858298864875, 31.3452616435893], [-93.07858298864875, 31.255349757237923], [-93.16849487500014, 31.210393814062236], [-93.16849487500014, 31.12048192771086], [-93.21345081817583, 31.12048192771086], [-93.21345081817583, 31.030570041359486], [-93.25840676135152, 31.030570041359486], [-93.25840676135152, 30.94065815500811], [-93.30336270452722, 30.94065815500811], [-93.30336270452722, 30.850746268656735], [-93.34831864770291, 30.850746268656735], [-93.34831864770291, 30.760834382305358], [-93.3932745908786, 30.760834382305358], [-93.3932745908786, 30.67092249595398], [-93.4382305340543, 30.67092249595398], [-93.4382305340543, 30.581010609602608], [-93.48318647722999, 30.581010609602608], [-93.48318647722999, 29.502067973386097]]]]}}, {"type": "Feature", "properties": {"shapefile": "2021082718_wsp50knt120hr_5km", "PERCENTAGE": "20-30%"}, "geometry": {"type": "MultiPolygon", "coordinates": [[[[-93.48318647722999, 29.502067973386097], [-93.48318647722999, 30.581010609602608], [-93.4382305340543, 30.581010609602608], [-93.4382305340543, 30.67092249595398], [-93.3932745908786, 30.67092249595398], [-93.3932745908786, 30.760834382305358], [-93.34831864770291, 30.760834382305358], [-93.34831864770291, 30.850746268656735], [-93.30336270452722, 30.850746268656735], [-93.30336270452722, 30.94065815500811], [-93.25840676135152, 30.94065815500811], [-93.25840676135152, 31.030570041359486], [-93.21345081817583, 31.030570041359486], [-93.16849487500014, 31.210393814062236], [-93.07858298864875, 31.255349757237923], [-93.07858298864875, 31.3452616435893], [-93.03362704547305, 31.3452616435893], [-93.03362704547305, 31.390217586764987], [-92.98867110229736, 31.390217586764987], [-92.89875921594597, 31.52508541629205], [-92.80884732959458, 31.52508541629205], [-92.7189354432432, 31.659953245819114], [-92.62902355689181, 31.659953245819114], [-92.58406761371612, 31.74986513217049], [-92.49415572736473, 31.74986513217049], [-92.44919978418903, 31.839777018521865], [-92.35928789783765, 31.839777018521865], [-92.35928789783765, 31.884732961697555], [-92.26937601148626, 31.884732961697555], [-92.26937601148626, 31.92968890487324], [-92.13450818195918, 31.92968890487324], [-92.13450818195918, 31.97464484804893], [-92.04459629560779, 31.97464484804893], [-92.04459629560779, 32.01960079122462], [-91.90972846608071, 32.01960079122462], [-91.90972846608071, 32.064556734400306], [-91.72990469337793, 32.064556734400306], [-91.72990469337793, 32.10951267757599], [-91.50512497749946, 32.10951267757599], [-91.50512497749946, 32.154468620751686], [-91.280345261621, 32.154468620751686], [-91.280345261621, 32.10951267757599], [-90.92069771621544, 32.10951267757599], [-90.92069771621544, 32.064556734400306], [-90.65096205716128, 32.01960079122462], [-90.65096205716128, 31.97464484804893], [-90.56105017080989, 31.97464484804893], [-90.56105017080989, 31.92968890487324], [-90.38122639810712, 31.884732961697555], [-90.38122639810712, 31.839777018521865], [-90.33627045493142, 31.839777018521865], [-90.33627045493142, 31.794821075346178], [-90.29131451175573, 31.794821075346178], [-90.29131451175573, 31.74986513217049], [-90.24635856858004, 31.74986513217049], [-90.24635856858004, 31.7049091889948], [-90.20140262540434, 31.7049091889948], [-90.20140262540434, 31.659953245819114], [-90.15644668222865, 31.659953245819114], [-90.15644668222865, 31.614997302643427], [-90.11149073905295, 31.614997302643427], [-90.11149073905295, 31.570041359467737], [-90.06653479587726, 31.570041359467737], [-90.06653479587726, 31.52508541629205], [-90.02157885270157, 31.52508541629205], [-90.02157885270157, 31.480129473116364], [-89.97662290952587, 31.480129473116364], [-89.97662290952587, 31.435173529940677], [-89.84175507999879, 31.3452616435893], [-89.84175507999879, 31.255349757237923], [-89.7518431936474, 31.210393814062236], [-89.7518431936474, 31.12048192771086], [-89.66193130729602, 31.075525984535172], [-89.66193130729602, 30.985614098183795], [-89.57201942094463, 30.94065815500811], [-89.57201942094463, 30.850746268656735], [-89.48210753459324, 30.805790325481045], [-89.48210753459324, 30.71587843912967], [-89.39219564824185, 30.67092249595398], [-89.39219564824185, 30.581010609602608], [-89.30228376189046, 30.536054666426917], [-89.30228376189046, 30.446142780075544], [-89.25732781871477, 30.446142780075544], [-89.25732781871477, 30.401186836899853], [-89.21237187553908, 30.401186836899853], [-89.21237187553908, 30.356230893724167], [-89.16741593236338, 30.356230893724167], [-89.16741593236338, 30.31127495054848], [-89.0325481028363, 30.221363064197103], [-89.0325481028363, 30.131451177845726], [-88.98759215966061, 30.131451177845726], [-88.98759215966061, 30.08649523467004], [-88.94263621648491, 30.08649523467004], [-88.94263621648491, 30.041539291494352], [-88.89768027330922, 30.041539291494352], [-88.89768027330922, 29.996583348318666], [-88.85272433013353, 29.996583348318666], [-88.85272433013353, 29.951627405142975], [-88.80776838695783, 29.951627405142975], [-88.80776838695783, 29.90667146196729], [-88.76281244378214, 29.90667146196729], [-88.76281244378214, 29.861715518791602], [-88.71785650060644, 29.861715518791602], [-88.71785650060644, 29.81675957561591], [-88.58298867107936, 29.726847689264538], [-88.58298867107936, 29.63693580291316], [-88.53803272790367, 29.63693580291316], [-88.53803272790367, 29.591979859737474], [-88.49307678472798, 29.591979859737474], [-88.49307678472798, 29.547023916561784], [-88.44812084155228, 29.547023916561784], [-88.44812084155228, 29.502067973386097], [-88.40316489837659, 29.502067973386097], [-88.40316489837659, 29.45711203021041], [-88.3582089552009, 29.45711203021041], [-88.3582089552009, 29.412156087034724], [-88.3132530120252, 29.412156087034724], [-88.3132530120252, 29.367200143859034], [-88.17838518249812, 29.27728825750766], [-88.17838518249812, 29.187376371156283], [-88.13342923932242, 29.187376371156283], [-88.13342923932242, 29.142420427980596], [-88.08847329614673, 29.142420427980596], [-88.08847329614673, 29.097464484804906], [-87.95360546661965, 29.007552598453533], [-87.95360546661965, 28.917640712102155], [-87.90864952344396, 28.917640712102155], [-87.90864952344396, 28.87268476892647], [-87.86369358026826, 28.87268476892647], [-87.86369358026826, 28.82772882575078], [-87.81873763709257, 28.82772882575078], [-87.81873763709257, 28.78277288257509], [-87.68386980756549, 28.692860996223715], [-87.68386980756549, 28.60294910987234], [-87.63891386438979, 28.60294910987234], [-87.63891386438979, 28.557993166696654], [-87.5939579212141, 28.557993166696654], [-87.5939579212141, 28.513037223520964], [-87.5490019780384, 28.513037223520964], [-87.5490019780384, 28.468081280345277], [-87.50404603486271, 28.468081280345277], [-87.50404603486271, 28.42312533716959], [-87.45909009168702, 28.42312533716959], [-87.45909009168702, 28.3781693939939], [-87.41413414851132, 28.3781693939939], [-87.41413414851132, 28.333213450818214], [-87.27926631898424, 28.243301564466837], [-87.27926631898424, 28.153389678115463], [-87.23431037580855, 28.153389678115463], [-87.23431037580855, 28.108433734939773], [-87.18935443263285, 28.108433734939773], [-87.18935443263285, 28.063477791764086], [-87.14439848945716, 28.063477791764086], [-87.14439848945716, 28.0185218485884], [-87.09944254628147, 28.0185218485884], [-87.09944254628147, 27.973565905412713], [-87.05448660310577, 27.973565905412713], [-87.05448660310577, 27.928609962237022], [-87.00953065993008, 27.928609962237022], [-87.00953065993008, 27.883654019061336], [-86.874662830403, 27.79374213270996], [-86.874662830403, 27.703830246358585], [-86.8297068872273, 27.703830246358585], [-86.8297068872273, 27.658874303182895], [-86.78475094405161, 27.658874303182895], [-86.78475094405161, 27.613918360007208], [-86.73979500087592, 27.613918360007208], [-86.73979500087592, 27.56896241683152], [-86.69483905770022, 27.56896241683152], [-86.69483905770022, 27.52400647365583], [-86.64988311452453, 27.52400647365583], [-86.64988311452453, 27.479050530480144], [-86.60492717134883, 27.479050530480144], [-86.60492717134883, 27.434094587304457], [-86.55997122817314, 27.434094587304457], [-86.55997122817314, 27.389138644128767], [-86.51501528499745, 27.389138644128767], [-86.51501528499745, 27.34418270095308], [-86.38014745547036, 27.254270814601703], [-86.38014745547036, 27.16435892825033], [-86.33519151229467, 27.16435892825033], [-86.33519151229467, 27.119402985074643], [-86.29023556911898, 27.119402985074643], [-86.29023556911898, 27.074447041898953], [-86.24527962594328, 27.074447041898953], [-86.24527962594328, 27.029491098723266], [-86.20032368276759, 27.029491098723266], [-86.20032368276759, 26.98453515554758], [-86.1553677395919, 26.98453515554758], [-86.1553677395919, 26.93957921237189], [-86.1104117964162, 26.93957921237189], [-86.1104117964162, 26.894623269196202], [-86.06545585324051, 26.894623269196202], [-86.06545585324051, 26.849667326020516], [-86.02049991006481, 26.849667326020516], [-86.02049991006481, 26.804711382844825], [-85.97554396688912, 26.804711382844825], [-85.97554396688912, 26.75975543966914], [-85.93058802371343, 26.75975543966914], [-85.93058802371343, 26.714799496493452], [-85.88563208053773, 26.714799496493452], [-85.88563208053773, 26.66984355331776], [-85.84067613736204, 26.66984355331776], [-85.84067613736204, 26.624887610142075], [-85.79572019418634, 26.624887610142075], [-85.79572019418634, 26.579931666966388], [-85.75076425101065, 26.579931666966388], [-85.75076425101065, 26.5349757237907], [-85.61589642148357, 26.445063837439324], [-85.61589642148357, 26.355151951087947], [-85.57094047830788, 26.355151951087947], [-85.57094047830788, 26.31019600791226], [-85.52598453513218, 26.31019600791226], [-85.52598453513218, 26.265240064736574], [-85.48102859195649, 26.265240064736574], [-85.48102859195649, 26.220284121560884], [-85.4360726487808, 26.220284121560884], [-85.4360726487808, 26.175328178385197], [-85.3911167056051, 26.175328178385197], [-85.3911167056051, 26.13037223520951], [-85.3461607624294, 26.13037223520951], [-85.3461607624294, 26.08541629203382], [-85.30120481925371, 26.08541629203382], [-85.30120481925371, 26.040460348858133], [-85.16633698972663, 25.950548462506756], [-85.16633698972663, 25.860636576155382], [-85.12138104655094, 25.860636576155382], [-85.12138104655094, 25.815680632979692], [-85.07642510337524, 25.815680632979692], [-85.07642510337524, 25.770724689804005], [-85.03146916019955, 25.770724689804005], [-85.03146916019955, 25.72576874662832], [-84.98651321702386, 25.72576874662832], [-84.98651321702386, 25.680812803452632], [-84.94155727384816, 25.680812803452632], [-84.94155727384816, 25.63585686027694], [-84.89660133067247, 25.63585686027694], [-84.89660133067247, 25.590900917101255], [-84.76173350114539, 25.500989030749878], [-84.76173350114539, 25.411077144398504], [-84.71677755796969, 25.411077144398504], [-84.71677755796969, 25.366121201222814], [-84.671821614794, 25.366121201222814], [-84.671821614794, 25.321165258047127], [-84.6268656716183, 25.321165258047127], [-84.6268656716183, 25.27620931487144], [-84.58190972844261, 25.27620931487144], [-84.58190972844261, 25.23125337169575], [-84.53695378526692, 25.23125337169575], [-84.53695378526692, 25.186297428520064], [-84.49199784209122, 25.186297428520064], [-84.49199784209122, 25.141341485344377], [-84.35713001256414, 25.051429598993], [-84.35713001256414, 24.961517712641626], [-84.31217406938845, 24.961517712641626], [-84.31217406938845, 24.916561769465936], [-84.26721812621275, 24.916561769465936], [-84.26721812621275, 24.87160582629025], [-84.22226218303706, 24.87160582629025], [-84.22226218303706, 24.826649883114563], [-84.17730623986137, 24.826649883114563], [-84.17730623986137, 24.781693939938872], [-84.04243841033428, 24.6917820535875], [-84.04243841033428, 24.60187016723612], [-83.99748246715859, 24.60187016723612], [-83.99748246715859, 24.556914224060435], [-83.9525265239829, 24.556914224060435], [-83.9525265239829, 24.511958280884745], [-83.81765869445582, 24.42204639453337], [-83.81765869445582, 24.332134508181994], [-83.77270275128012, 24.332134508181994], [-83.77270275128012, 24.287178565006307], [-83.63783492175304, 24.19726667865493], [-83.63783492175304, 24.107354792303557], [-83.59287897857735, 24.107354792303557], [-83.59287897857735, 24.062398849127867], [-83.45801114905026, 23.972486962776493], [-83.45801114905026, 23.882575076425116], [-83.41305520587457, 23.882575076425116], [-83.41305520587457, 23.83761913324943], [-83.27818737634749, 23.747707246898052], [-83.27818737634749, 23.65779536054668], [-83.2332314331718, 23.65779536054668], [-83.2332314331718, 23.61283941737099], [-83.1882754899961, 23.61283941737099], [-83.1882754899961, 23.567883474195302], [-83.14331954682041, 23.567883474195302], [-83.14331954682041, 23.522927531019615], [-83.09836360364471, 23.522927531019615], [-83.09836360364471, 23.477971587843925], [-83.05340766046902, 23.477971587843925], [-83.05340766046902, 23.433015644668238], [-83.00845171729333, 23.433015644668238], [-83.00845171729333, 23.38805970149255], [-82.96349577411763, 23.38805970149255], [-82.96349577411763, 23.34310375831686], [-82.91853983094194, 23.34310375831686], [-82.91853983094194, 23.298147815141174], [-82.87358388776624, 23.298147815141174], [-82.87358388776624, 23.253191871965488], [-82.82862794459055, 23.253191871965488], [-82.82862794459055, 23.208235928789797], [-82.78367200141486, 23.208235928789797], [-82.78367200141486, 23.16327998561411], [-82.73871605823916, 23.16327998561411], [-82.64880417188778, 23.028412156087047], [-82.55889228553639, 23.028412156087047], [-82.55889228553639, 22.98345621291136], [-82.5139363423607, 22.98345621291136], [-82.5139363423607, 22.93850026973567], [-82.468980399185, 22.93850026973567], [-82.468980399185, 22.893544326559983], [-82.4240244560093, 22.893544326559983], [-82.4240244560093, 22.848588383384296], [-82.28915662648222, 22.75867649703292], [-82.28915662648222, 22.668764610681546], [-82.24420068330653, 22.668764610681546], [-82.24420068330653, 22.623808667505855], [-82.10933285377945, 22.533896781154482], [-82.10933285377945, 22.443984894803105], [-82.01942096742806, 22.399028951627418], [-82.01942096742806, 22.30911706527604], [-81.97446502425237, 22.30911706527604], [-81.97446502425237, 22.219205178924668], [-81.92950908107667, 22.219205178924668], [-81.92950908107667, 22.039381406221914], [-81.88455313790098, 22.039381406221914], [-81.88455313790098, 21.634777917640722], [-81.92950908107667, 21.634777917640722], [-81.92950908107667, 21.49991008811366], [-81.97446502425237, 21.49991008811366], [-82.01942096742806, 21.320086315410908], [-82.06437691060376, 21.320086315410908], [-82.15428879695514, 21.185218485883844], [-82.24420068330653, 21.185218485883844], [-82.28915662648222, 21.09530659953247], [-82.468980399185, 21.09530659953247], [-82.468980399185, 21.05035065635678], [-82.60384822871208, 21.05035065635678], [-82.60384822871208, 21.09530659953247], [-82.78367200141486, 21.09530659953247], [-82.78367200141486, 21.140262542708157], [-82.91853983094194, 21.140262542708157], [-82.91853983094194, 21.185218485883844], [-83.00845171729333, 21.185218485883844], [-83.05340766046902, 21.27513037223522], [-83.14331954682041, 21.27513037223522], [-83.1882754899961, 21.365042258586598], [-83.27818737634749, 21.365042258586598], [-83.27818737634749, 21.409998201762285], [-83.41305520587457, 21.49991008811366], [-83.41305520587457, 21.54486603128935], [-83.50296709222596, 21.54486603128935], [-83.50296709222596, 21.589821974465035], [-83.54792303540165, 21.589821974465035], [-83.54792303540165, 21.634777917640722], [-83.59287897857735, 21.634777917640722], [-83.59287897857735, 21.679733860816413], [-83.63783492175304, 21.679733860816413], [-83.72774680810443, 21.814601690343476], [-83.81765869445582, 21.814601690343476], [-83.81765869445582, 21.859557633519163], [-83.86261463763151, 21.859557633519163], [-83.9525265239829, 21.994425463046227], [-84.04243841033428, 21.994425463046227], [-84.13235029668567, 22.12929329257329], [-84.22226218303706, 22.12929329257329], [-84.26721812621275, 22.219205178924668], [-84.35713001256414, 22.219205178924668], [-84.35713001256414, 22.264161122100354], [-84.44704189891553, 22.264161122100354], [-84.44704189891553, 22.30911706527604], [-84.6268656716183, 22.354073008451728], [-84.6268656716183, 22.399028951627418], [-84.80668944432108, 22.443984894803105], [-84.85164538749677, 22.533896781154482], [-84.94155727384816, 22.533896781154482], [-84.94155727384816, 22.57885272433017], [-85.03146916019955, 22.57885272433017], [-85.07642510337524, 22.668764610681546], [-85.25624887607802, 22.713720553857232], [-85.25624887607802, 22.75867649703292], [-85.30120481925371, 22.75867649703292], [-85.30120481925371, 22.80363244020861], [-85.3911167056051, 22.80363244020861], [-85.4360726487808, 22.893544326559983], [-85.61589642148357, 22.93850026973567], [-85.66085236465926, 23.028412156087047], [-85.75076425101065, 23.028412156087047], [-85.79572019418634, 23.118324042438424], [-85.88563208053773, 23.118324042438424], [-85.88563208053773, 23.16327998561411], [-85.93058802371343, 23.16327998561411], [-85.93058802371343, 23.208235928789797], [-86.02049991006481, 23.208235928789797], [-86.06545585324051, 23.298147815141174], [-86.1553677395919, 23.298147815141174], [-86.20032368276759, 23.38805970149255], [-86.29023556911898, 23.38805970149255], [-86.29023556911898, 23.433015644668238], [-86.33519151229467, 23.433015644668238], [-86.33519151229467, 23.477971587843925], [-86.42510339864606, 23.477971587843925], [-86.47005934182175, 23.567883474195302], [-86.55997122817314, 23.567883474195302], [-86.60492717134883, 23.65779536054668], [-86.69483905770022, 23.65779536054668], [-86.78475094405161, 23.79266319007374], [-86.96457471675438, 23.83761913324943], [-86.96457471675438, 23.882575076425116], [-87.00953065993008, 23.882575076425116], [-87.00953065993008, 23.927531019600803], [-87.09944254628147, 23.927531019600803], [-87.14439848945716, 24.01744290595218], [-87.23431037580855, 24.01744290595218], [-87.27926631898424, 24.107354792303557], [-87.36917820533563, 24.107354792303557], [-87.36917820533563, 24.152310735479244], [-87.41413414851132, 24.152310735479244], [-87.41413414851132, 24.19726667865493], [-87.50404603486271, 24.19726667865493], [-87.5490019780384, 24.287178565006307], [-87.63891386438979, 24.287178565006307], [-87.63891386438979, 24.332134508181994], [-87.68386980756549, 24.332134508181994], [-87.68386980756549, 24.37709045135768], [-87.77378169391687, 24.37709045135768], [-87.81873763709257, 24.467002337709058], [-87.90864952344396, 24.467002337709058], [-87.99856140979534, 24.60187016723612], [-88.08847329614673, 24.60187016723612], [-88.13342923932242, 24.6917820535875], [-88.22334112567381, 24.6917820535875], [-88.22334112567381, 24.736737996763186], [-88.2682970688495, 24.736737996763186], [-88.2682970688495, 24.781693939938872], [-88.3582089552009, 24.781693939938872], [-88.40316489837659, 24.87160582629025], [-88.49307678472798, 24.87160582629025], [-88.53803272790367, 24.961517712641626], [-88.62794461425506, 24.961517712641626], [-88.67290055743075, 25.051429598993], [-88.76281244378214, 25.051429598993], [-88.76281244378214, 25.09638554216869], [-88.80776838695783, 25.09638554216869], [-88.85272433013353, 25.186297428520064], [-88.94263621648491, 25.186297428520064], [-88.98759215966061, 25.27620931487144], [-89.16741593236338, 25.321165258047127], [-89.21237187553908, 25.411077144398504], [-89.30228376189046, 25.411077144398504], [-89.34723970506616, 25.500989030749878], [-89.43715159141755, 25.500989030749878], [-89.48210753459324, 25.590900917101255], [-89.57201942094463, 25.590900917101255], [-89.61697536412032, 25.680812803452632], [-89.70688725047171, 25.680812803452632], [-89.70688725047171, 25.72576874662832], [-89.7518431936474, 25.72576874662832], [-89.7518431936474, 25.770724689804005], [-89.84175507999879, 25.770724689804005], [-89.88671102317448, 25.860636576155382], [-89.97662290952587, 25.860636576155382], [-89.97662290952587, 25.90559251933107], [-90.02157885270157, 25.90559251933107], [-90.02157885270157, 25.950548462506756], [-90.11149073905295, 25.950548462506756], [-90.15644668222865, 26.040460348858133], [-90.24635856858004, 26.040460348858133], [-90.29131451175573, 26.13037223520951], [-90.38122639810712, 26.13037223520951], [-90.42618234128281, 26.220284121560884], [-90.5160942276342, 26.220284121560884], [-90.5160942276342, 26.265240064736574], [-90.60600611398559, 26.265240064736574], [-90.65096205716128, 26.355151951087947], [-90.74087394351267, 26.355151951087947], [-90.74087394351267, 26.400107894263638], [-90.78582988668836, 26.400107894263638], [-90.83078582986406, 26.49001978061501], [-90.92069771621544, 26.49001978061501], [-91.01060960256683, 26.624887610142075], [-91.10052148891822, 26.624887610142075], [-91.14547743209391, 26.714799496493452], [-91.2353893184453, 26.714799496493452], [-91.280345261621, 26.804711382844825], [-91.37025714797238, 26.804711382844825], [-91.46016903432377, 26.93957921237189], [-91.55008092067516, 26.93957921237189], [-91.63999280702654, 27.074447041898953], [-91.72990469337793, 27.074447041898953], [-91.81981657972932, 27.209314871426017], [-91.90972846608071, 27.209314871426017], [-91.9996403524321, 27.34418270095308], [-92.08955223878348, 27.34418270095308], [-92.08955223878348, 27.389138644128767], [-92.13450818195918, 27.389138644128767], [-92.13450818195918, 27.434094587304457], [-92.17946412513487, 27.434094587304457], [-92.17946412513487, 27.479050530480144], [-92.22442006831056, 27.479050530480144], [-92.22442006831056, 27.52400647365583], [-92.26937601148626, 27.52400647365583], [-92.26937601148626, 27.56896241683152], [-92.31433195466195, 27.56896241683152], [-92.31433195466195, 27.613918360007208], [-92.35928789783765, 27.613918360007208], [-92.35928789783765, 27.658874303182895], [-92.40424384101334, 27.658874303182895], [-92.40424384101334, 27.703830246358585], [-92.44919978418903, 27.703830246358585], [-92.44919978418903, 27.748786189534272], [-92.49415572736473, 27.748786189534272], [-92.49415572736473, 27.79374213270996], [-92.53911167054042, 27.79374213270996], [-92.53911167054042, 27.83869807588565], [-92.58406761371612, 27.83869807588565], [-92.58406761371612, 27.883654019061336], [-92.62902355689181, 27.883654019061336], [-92.62902355689181, 27.928609962237022], [-92.6739795000675, 27.928609962237022], [-92.6739795000675, 27.973565905412713], [-92.7189354432432, 27.973565905412713], [-92.7189354432432, 28.0185218485884], [-92.85380327277028, 28.108433734939773], [-92.85380327277028, 28.19834562129115], [-92.89875921594597, 28.19834562129115], [-92.89875921594597, 28.243301564466837], [-92.98867110229736, 28.288257507642527], [-92.98867110229736, 28.3781693939939], [-93.12353893182444, 28.468081280345277], [-93.12353893182444, 28.557993166696654], [-93.16849487500014, 28.557993166696654], [-93.16849487500014, 28.647905053048028], [-93.21345081817583, 28.647905053048028], [-93.21345081817583, 28.737816939399405], [-93.25840676135152, 28.737816939399405], [-93.25840676135152, 28.82772882575078], [-93.30336270452722, 28.82772882575078], [-93.30336270452722, 28.917640712102155], [-93.34831864770291, 28.917640712102155], [-93.34831864770291, 29.007552598453533], [-93.3932745908786, 29.007552598453533], [-93.4382305340543, 29.502067973386097], [-93.48318647722999, 29.502067973386097]], [[-93.16849487500014, 29.45711203021041], [-93.12353893182444, 29.45711203021041], [-93.12353893182444, 29.322244200683347], [-93.07858298864875, 29.322244200683347], [-93.03362704547305, 29.05250854162922], [-92.98867110229736, 29.05250854162922], [-92.98867110229736, 28.962596655277842], [-92.94371515912167, 28.962596655277842], [-92.94371515912167, 28.87268476892647], [-92.89875921594597, 28.87268476892647], [-92.89875921594597, 28.737816939399405], [-92.80884732959458, 28.692860996223715], [-92.80884732959458, 28.60294910987234], [-92.76389138641889, 28.60294910987234], [-92.7189354432432, 28.42312533716959], [-92.58406761371612, 28.333213450818214], [-92.58406761371612, 28.243301564466837], [-92.53911167054042, 28.243301564466837], [-92.53911167054042, 28.19834562129115], [-92.40424384101334, 28.108433734939773], [-92.40424384101334, 28.0185218485884], [-92.35928789783765, 28.0185218485884], [-92.35928789783765, 27.973565905412713], [-92.31433195466195, 27.973565905412713], [-92.31433195466195, 27.928609962237022], [-92.26937601148626, 27.928609962237022], [-92.26937601148626, 27.883654019061336], [-92.22442006831056, 27.883654019061336], [-92.22442006831056, 27.83869807588565], [-92.17946412513487, 27.83869807588565], [-92.17946412513487, 27.79374213270996], [-92.13450818195918, 27.79374213270996], [-92.13450818195918, 27.748786189534272], [-92.08955223878348, 27.748786189534272], [-92.08955223878348, 27.703830246358585], [-92.04459629560779, 27.703830246358585], [-91.9546844092564, 27.56896241683152], [-91.86477252290501, 27.56896241683152], [-91.86477252290501, 27.52400647365583], [-91.81981657972932, 27.52400647365583], [-91.81981657972932, 27.479050530480144], [-91.77486063655363, 27.479050530480144], [-91.68494875020224, 27.34418270095308], [-91.59503686385085, 27.34418270095308], [-91.59503686385085, 27.299226757777394], [-91.55008092067516, 27.299226757777394], [-91.46016903432377, 27.16435892825033], [-91.37025714797238, 27.16435892825033], [-91.280345261621, 27.029491098723266], [-91.1904333752696, 27.029491098723266], [-91.10052148891822, 26.894623269196202], [-91.01060960256683, 26.894623269196202], [-91.01060960256683, 26.849667326020516], [-90.96565365939114, 26.849667326020516], [-90.92069771621544, 26.75975543966914], [-90.83078582986406, 26.75975543966914], [-90.74087394351267, 26.624887610142075], [-90.65096205716128, 26.624887610142075], [-90.65096205716128, 26.579931666966388], [-90.60600611398559, 26.579931666966388], [-90.60600611398559, 26.5349757237907], [-90.5160942276342, 26.5349757237907], [-90.4711382844585, 26.445063837439324], [-90.38122639810712, 26.445063837439324], [-90.33627045493142, 26.355151951087947], [-90.24635856858004, 26.355151951087947], [-90.15644668222865, 26.220284121560884], [-90.06653479587726, 26.220284121560884], [-90.06653479587726, 26.175328178385197], [-90.02157885270157, 26.175328178385197], [-90.02157885270157, 26.13037223520951], [-89.93166696635018, 26.13037223520951], [-89.88671102317448, 26.040460348858133], [-89.7967991368231, 26.040460348858133], [-89.7518431936474, 25.950548462506756], [-89.66193130729602, 25.950548462506756], [-89.66193130729602, 25.90559251933107], [-89.61697536412032, 25.90559251933107], [-89.61697536412032, 25.860636576155382], [-89.52706347776893, 25.860636576155382], [-89.48210753459324, 25.770724689804005], [-89.39219564824185, 25.770724689804005], [-89.39219564824185, 25.72576874662832], [-89.34723970506616, 25.72576874662832], [-89.34723970506616, 25.680812803452632], [-89.25732781871477, 25.680812803452632], [-89.21237187553908, 25.590900917101255], [-89.12245998918769, 25.590900917101255], [-89.077504046012, 25.500989030749878], [-88.98759215966061, 25.500989030749878], [-88.89768027330922, 25.366121201222814], [-88.80776838695783, 25.366121201222814], [-88.76281244378214, 25.27620931487144], [-88.67290055743075, 25.27620931487144], [-88.62794461425506, 25.186297428520064], [-88.53803272790367, 25.186297428520064], [-88.49307678472798, 25.09638554216869], [-88.40316489837659, 25.09638554216869], [-88.3132530120252, 24.961517712641626], [-88.22334112567381, 24.961517712641626], [-88.17838518249812, 24.87160582629025], [-88.08847329614673, 24.87160582629025], [-88.04351735297104, 24.781693939938872], [-87.95360546661965, 24.781693939938872], [-87.86369358026826, 24.64682611041181], [-87.77378169391687, 24.64682611041181], [-87.77378169391687, 24.60187016723612], [-87.72882575074118, 24.60187016723612], [-87.72882575074118, 24.556914224060435], [-87.63891386438979, 24.556914224060435], [-87.5939579212141, 24.467002337709058], [-87.50404603486271, 24.467002337709058], [-87.45909009168702, 24.37709045135768], [-87.36917820533563, 24.37709045135768], [-87.36917820533563, 24.332134508181994], [-87.32422226215994, 24.332134508181994], [-87.32422226215994, 24.287178565006307], [-87.23431037580855, 24.287178565006307], [-87.18935443263285, 24.19726667865493], [-87.09944254628147, 24.19726667865493], [-87.09944254628147, 24.152310735479244], [-87.05448660310577, 24.152310735479244], [-87.05448660310577, 24.107354792303557], [-86.96457471675438, 24.107354792303557], [-86.91961877357869, 24.01744290595218], [-86.8297068872273, 24.01744290595218], [-86.78475094405161, 23.927531019600803], [-86.69483905770022, 23.927531019600803], [-86.60492717134883, 23.79266319007374], [-86.51501528499745, 23.79266319007374], [-86.51501528499745, 23.747707246898052], [-86.47005934182175, 23.747707246898052], [-86.47005934182175, 23.702751303722366], [-86.38014745547036, 23.702751303722366], [-86.33519151229467, 23.61283941737099], [-86.24527962594328, 23.61283941737099], [-86.24527962594328, 23.567883474195302], [-86.20032368276759, 23.567883474195302], [-86.20032368276759, 23.522927531019615], [-86.1104117964162, 23.522927531019615], [-86.06545585324051, 23.433015644668238], [-85.97554396688912, 23.433015644668238], [-85.93058802371343, 23.34310375831686], [-85.84067613736204, 23.34310375831686], [-85.84067613736204, 23.298147815141174], [-85.79572019418634, 23.298147815141174], [-85.79572019418634, 23.253191871965488], [-85.70580830783496, 23.253191871965488], [-85.66085236465926, 23.16327998561411], [-85.57094047830788, 23.16327998561411], [-85.52598453513218, 23.073368099262733], [-85.4360726487808, 23.073368099262733], [-85.3911167056051, 22.98345621291136], [-85.30120481925371, 22.98345621291136], [-85.25624887607802, 22.893544326559983], [-85.16633698972663, 22.893544326559983], [-85.12138104655094, 22.80363244020861], [-85.03146916019955, 22.80363244020861], [-84.98651321702386, 22.713720553857232], [-84.80668944432108, 22.668764610681546], [-84.76173350114539, 22.57885272433017], [-84.58190972844261, 22.533896781154482], [-84.58190972844261, 22.48894083797879], [-84.49199784209122, 22.48894083797879], [-84.49199784209122, 22.443984894803105], [-84.40208595573984, 22.443984894803105], [-84.40208595573984, 22.399028951627418], [-84.22226218303706, 22.354073008451728], [-84.17730623986137, 22.264161122100354], [-84.08739435350998, 22.264161122100354], [-84.04243841033428, 22.174249235748977], [-83.9525265239829, 22.174249235748977], [-83.9525265239829, 22.12929329257329], [-83.9075705808072, 22.12929329257329], [-83.81765869445582, 21.994425463046227], [-83.72774680810443, 21.994425463046227], [-83.72774680810443, 21.94946951987054], [-83.68279086492873, 21.94946951987054], [-83.68279086492873, 21.90451357669485], [-83.63783492175304, 21.90451357669485], [-83.63783492175304, 21.859557633519163], [-83.59287897857735, 21.859557633519163], [-83.59287897857735, 21.814601690343476], [-83.54792303540165, 21.814601690343476], [-83.54792303540165, 21.769645747167786], [-83.41305520587457, 21.679733860816413], [-83.41305520587457, 21.634777917640722], [-83.32314331952318, 21.634777917640722], [-83.32314331952318, 21.589821974465035], [-83.27818737634749, 21.589821974465035], [-83.1882754899961, 21.45495414493797], [-83.09836360364471, 21.45495414493797], [-83.00845171729333, 21.320086315410908], [-82.82862794459055, 21.27513037223522], [-82.82862794459055, 21.230174429059534], [-82.73871605823916, 21.230174429059534], [-82.73871605823916, 21.185218485883844], [-82.60384822871208, 21.185218485883844], [-82.60384822871208, 21.140262542708157], [-82.4240244560093, 21.140262542708157], [-82.4240244560093, 21.185218485883844], [-82.24420068330653, 21.230174429059534], [-82.24420068330653, 21.27513037223522], [-82.19924474013084, 21.27513037223522], [-82.19924474013084, 21.320086315410908], [-82.06437691060376, 21.409998201762285], [-82.06437691060376, 21.49991008811366], [-82.01942096742806, 21.49991008811366], [-82.01942096742806, 21.679733860816413], [-81.97446502425237, 21.679733860816413], [-81.97446502425237, 21.94946951987054], [-82.01942096742806, 21.94946951987054], [-82.01942096742806, 22.12929329257329], [-82.06437691060376, 22.12929329257329], [-82.06437691060376, 22.219205178924668], [-82.10933285377945, 22.219205178924668], [-82.15428879695514, 22.399028951627418], [-82.28915662648222, 22.48894083797879], [-82.28915662648222, 22.57885272433017], [-82.33411256965792, 22.57885272433017], [-82.33411256965792, 22.623808667505855], [-82.37906851283361, 22.623808667505855], [-82.37906851283361, 22.668764610681546], [-82.4240244560093, 22.668764610681546], [-82.4240244560093, 22.713720553857232], [-82.468980399185, 22.713720553857232], [-82.468980399185, 22.75867649703292], [-82.5139363423607, 22.75867649703292], [-82.5139363423607, 22.80363244020861], [-82.55889228553639, 22.80363244020861], [-82.64880417188778, 22.93850026973567], [-82.73871605823916, 22.93850026973567], [-82.73871605823916, 22.98345621291136], [-82.78367200141486, 22.98345621291136], [-82.78367200141486, 23.028412156087047], [-82.82862794459055, 23.028412156087047], [-82.91853983094194, 23.16327998561411], [-83.00845171729333, 23.16327998561411], [-83.00845171729333, 23.208235928789797], [-83.05340766046902, 23.208235928789797], [-83.05340766046902, 23.253191871965488], [-83.09836360364471, 23.253191871965488], [-83.09836360364471, 23.298147815141174], [-83.14331954682041, 23.298147815141174], [-83.14331954682041, 23.34310375831686], [-83.1882754899961, 23.34310375831686], [-83.1882754899961, 23.38805970149255], [-83.32314331952318, 23.477971587843925], [-83.32314331952318, 23.567883474195302], [-83.36809926269888, 23.567883474195302], [-83.36809926269888, 23.61283941737099], [-83.50296709222596, 23.702751303722366], [-83.50296709222596, 23.79266319007374], [-83.63783492175304, 23.882575076425116], [-83.63783492175304, 23.972486962776493], [-83.68279086492873, 23.972486962776493], [-83.68279086492873, 24.01744290595218], [-83.72774680810443, 24.01744290595218], [-83.72774680810443, 24.062398849127867], [-83.86261463763151, 24.152310735479244], [-83.86261463763151, 24.24222262183062], [-83.9075705808072, 24.24222262183062], [-83.9075705808072, 24.287178565006307], [-83.9525265239829, 24.287178565006307], [-83.9525265239829, 24.332134508181994], [-84.08739435350998, 24.42204639453337], [-84.08739435350998, 24.511958280884745], [-84.13235029668567, 24.511958280884745], [-84.13235029668567, 24.556914224060435], [-84.17730623986137, 24.556914224060435], [-84.17730623986137, 24.60187016723612], [-84.22226218303706, 24.60187016723612], [-84.22226218303706, 24.64682611041181], [-84.26721812621275, 24.64682611041181], [-84.26721812621275, 24.6917820535875], [-84.31217406938845, 24.6917820535875], [-84.31217406938845, 24.736737996763186], [-84.44704189891553, 24.826649883114563], [-84.44704189891553, 24.916561769465936], [-84.49199784209122, 24.916561769465936], [-84.49199784209122, 24.961517712641626], [-84.53695378526692, 24.961517712641626], [-84.53695378526692, 25.006473655817313], [-84.58190972844261, 25.006473655817313], [-84.58190972844261, 25.051429598993], [-84.6268656716183, 25.051429598993], [-84.6268656716183, 25.09638554216869], [-84.671821614794, 25.09638554216869], [-84.671821614794, 25.141341485344377], [-84.71677755796969, 25.141341485344377], [-84.71677755796969, 25.186297428520064], [-84.76173350114539, 25.186297428520064], [-84.76173350114539, 25.23125337169575], [-84.80668944432108, 25.23125337169575], [-84.80668944432108, 25.27620931487144], [-84.94155727384816, 25.366121201222814], [-84.94155727384816, 25.45603308757419], [-84.98651321702386, 25.45603308757419], [-84.98651321702386, 25.500989030749878], [-85.03146916019955, 25.500989030749878], [-85.03146916019955, 25.545944973925568], [-85.07642510337524, 25.545944973925568], [-85.07642510337524, 25.590900917101255], [-85.12138104655094, 25.590900917101255], [-85.12138104655094, 25.63585686027694], [-85.16633698972663, 25.63585686027694], [-85.16633698972663, 25.680812803452632], [-85.21129293290232, 25.680812803452632], [-85.21129293290232, 25.72576874662832], [-85.25624887607802, 25.72576874662832], [-85.25624887607802, 25.770724689804005], [-85.30120481925371, 25.770724689804005], [-85.30120481925371, 25.815680632979692], [-85.3461607624294, 25.815680632979692], [-85.3461607624294, 25.860636576155382], [-85.3911167056051, 25.860636576155382], [-85.3911167056051, 25.90559251933107], [-85.52598453513218, 25.995504405682446], [-85.52598453513218, 26.08541629203382], [-85.57094047830788, 26.08541629203382], [-85.57094047830788, 26.13037223520951], [-85.61589642148357, 26.13037223520951], [-85.61589642148357, 26.175328178385197], [-85.66085236465926, 26.175328178385197], [-85.66085236465926, 26.220284121560884], [-85.70580830783496, 26.220284121560884], [-85.70580830783496, 26.265240064736574], [-85.75076425101065, 26.265240064736574], [-85.75076425101065, 26.31019600791226], [-85.79572019418634, 26.31019600791226], [-85.79572019418634, 26.355151951087947], [-85.84067613736204, 26.355151951087947], [-85.84067613736204, 26.400107894263638], [-85.88563208053773, 26.400107894263638], [-85.88563208053773, 26.445063837439324], [-85.93058802371343, 26.445063837439324], [-85.93058802371343, 26.49001978061501], [-85.97554396688912, 26.49001978061501], [-85.97554396688912, 26.5349757237907], [-86.02049991006481, 26.5349757237907], [-86.02049991006481, 26.579931666966388], [-86.06545585324051, 26.579931666966388], [-86.06545585324051, 26.624887610142075], [-86.1104117964162, 26.624887610142075], [-86.1104117964162, 26.66984355331776], [-86.1553677395919, 26.66984355331776], [-86.1553677395919, 26.714799496493452], [-86.20032368276759, 26.714799496493452], [-86.20032368276759, 26.75975543966914], [-86.24527962594328, 26.75975543966914], [-86.24527962594328, 26.804711382844825], [-86.29023556911898, 26.804711382844825], [-86.29023556911898, 26.849667326020516], [-86.33519151229467, 26.849667326020516], [-86.33519151229467, 26.894623269196202], [-86.38014745547036, 26.894623269196202], [-86.38014745547036, 26.93957921237189], [-86.42510339864606, 26.93957921237189], [-86.42510339864606, 26.98453515554758], [-86.47005934182175, 26.98453515554758], [-86.47005934182175, 27.029491098723266], [-86.51501528499745, 27.029491098723266], [-86.51501528499745, 27.074447041898953], [-86.55997122817314, 27.074447041898953], [-86.55997122817314, 27.119402985074643], [-86.69483905770022, 27.209314871426017], [-86.69483905770022, 27.299226757777394], [-86.73979500087592, 27.299226757777394], [-86.73979500087592, 27.34418270095308], [-86.78475094405161, 27.34418270095308], [-86.78475094405161, 27.389138644128767], [-86.8297068872273, 27.389138644128767], [-86.8297068872273, 27.434094587304457], [-86.874662830403, 27.434094587304457], [-86.874662830403, 27.479050530480144], [-86.91961877357869, 27.479050530480144], [-86.91961877357869, 27.52400647365583], [-86.96457471675438, 27.52400647365583], [-86.96457471675438, 27.56896241683152], [-87.00953065993008, 27.56896241683152], [-87.00953065993008, 27.613918360007208], [-87.05448660310577, 27.613918360007208], [-87.05448660310577, 27.658874303182895], [-87.09944254628147, 27.658874303182895], [-87.09944254628147, 27.703830246358585], [-87.14439848945716, 27.703830246358585], [-87.14439848945716, 27.748786189534272], [-87.18935443263285, 27.748786189534272], [-87.18935443263285, 27.79374213270996], [-87.23431037580855, 27.79374213270996], [-87.23431037580855, 27.83869807588565], [-87.36917820533563, 27.928609962237022], [-87.36917820533563, 28.0185218485884], [-87.41413414851132, 28.0185218485884], [-87.41413414851132, 28.063477791764086], [-87.45909009168702, 28.063477791764086], [-87.45909009168702, 28.108433734939773], [-87.50404603486271, 28.108433734939773], [-87.50404603486271, 28.153389678115463], [-87.5490019780384, 28.153389678115463], [-87.5490019780384, 28.19834562129115], [-87.5939579212141, 28.19834562129115], [-87.5939579212141, 28.243301564466837], [-87.63891386438979, 28.243301564466837], [-87.63891386438979, 28.288257507642527], [-87.68386980756549, 28.288257507642527], [-87.68386980756549, 28.333213450818214], [-87.72882575074118, 28.333213450818214], [-87.72882575074118, 28.3781693939939], [-87.86369358026826, 28.468081280345277], [-87.86369358026826, 28.557993166696654], [-87.90864952344396, 28.557993166696654], [-87.90864952344396, 28.60294910987234], [-87.95360546661965, 28.60294910987234], [-87.95360546661965, 28.647905053048028], [-87.99856140979534, 28.647905053048028], [-87.99856140979534, 28.692860996223715], [-88.04351735297104, 28.692860996223715], [-88.04351735297104, 28.737816939399405], [-88.08847329614673, 28.737816939399405], [-88.08847329614673, 28.78277288257509], [-88.22334112567381, 28.87268476892647], [-88.22334112567381, 28.962596655277842], [-88.2682970688495, 28.962596655277842], [-88.2682970688495, 29.007552598453533], [-88.3132530120252, 29.007552598453533], [-88.3132530120252, 29.05250854162922], [-88.3582089552009, 29.05250854162922], [-88.3582089552009, 29.097464484804906], [-88.40316489837659, 29.097464484804906], [-88.40316489837659, 29.142420427980596], [-88.44812084155228, 29.142420427980596], [-88.44812084155228, 29.187376371156283], [-88.58298867107936, 29.27728825750766], [-88.58298867107936, 29.367200143859034], [-88.62794461425506, 29.367200143859034], [-88.62794461425506, 29.412156087034724], [-88.67290055743075, 29.412156087034724], [-88.67290055743075, 29.45711203021041], [-88.71785650060644, 29.45711203021041], [-88.71785650060644, 29.502067973386097], [-88.76281244378214, 29.502067973386097], [-88.76281244378214, 29.547023916561784], [-88.80776838695783, 29.547023916561784], [-88.80776838695783, 29.591979859737474], [-88.85272433013353, 29.591979859737474], [-88.85272433013353, 29.63693580291316], [-88.89768027330922, 29.63693580291316], [-88.89768027330922, 29.681891746088848], [-88.94263621648491, 29.681891746088848], [-88.94263621648491, 29.726847689264538], [-88.98759215966061, 29.726847689264538], [-88.98759215966061, 29.771803632440225], [-89.0325481028363, 29.771803632440225], [-89.0325481028363, 29.81675957561591], [-89.077504046012, 29.81675957561591], [-89.077504046012, 29.861715518791602], [-89.12245998918769, 29.861715518791602], [-89.12245998918769, 29.90667146196729], [-89.16741593236338, 29.90667146196729], [-89.16741593236338, 29.951627405142975], [-89.21237187553908, 29.951627405142975], [-89.21237187553908, 29.996583348318666], [-89.25732781871477, 29.996583348318666], [-89.25732781871477, 30.041539291494352], [-89.30228376189046, 30.041539291494352], [-89.30228376189046, 30.08649523467004], [-89.34723970506616, 30.08649523467004], [-89.34723970506616, 30.131451177845726], [-89.39219564824185, 30.131451177845726], [-89.39219564824185, 30.176407121021416], [-89.43715159141755, 30.176407121021416], [-89.43715159141755, 30.221363064197103], [-89.48210753459324, 30.221363064197103], [-89.48210753459324, 30.26631900737279], [-89.61697536412032, 30.356230893724167], [-89.61697536412032, 30.446142780075544], [-89.66193130729602, 30.446142780075544], [-89.66193130729602, 30.49109872325123], [-89.7518431936474, 30.536054666426917], [-89.7518431936474, 30.625966552778294], [-89.7967991368231, 30.625966552778294], [-89.7967991368231, 30.67092249595398], [-89.84175507999879, 30.67092249595398], [-89.84175507999879, 30.71587843912967], [-89.97662290952587, 30.805790325481045], [-89.97662290952587, 30.895702211832422], [-90.02157885270157, 30.895702211832422], [-90.06653479587726, 30.985614098183795], [-90.15644668222865, 30.985614098183795], [-90.15644668222865, 31.075525984535172], [-90.20140262540434, 31.075525984535172], [-90.20140262540434, 31.12048192771086], [-90.24635856858004, 31.12048192771086], [-90.24635856858004, 31.16543787088655], [-90.29131451175573, 31.16543787088655], [-90.38122639810712, 31.300305700413613], [-90.4711382844585, 31.300305700413613], [-90.56105017080989, 31.435173529940677], [-90.74087394351267, 31.480129473116364], [-90.78582988668836, 31.570041359467737], [-90.87574177303975, 31.570041359467737], [-90.87574177303975, 31.614997302643427], [-90.96565365939114, 31.614997302643427], [-90.96565365939114, 31.659953245819114], [-91.2353893184453, 31.659953245819114], [-91.2353893184453, 31.7049091889948], [-91.59503686385085, 31.7049091889948], [-91.59503686385085, 31.659953245819114], [-91.77486063655363, 31.659953245819114], [-91.77486063655363, 31.614997302643427], [-91.90972846608071, 31.614997302643427], [-91.90972846608071, 31.570041359467737], [-92.04459629560779, 31.570041359467737], [-92.04459629560779, 31.52508541629205], [-92.13450818195918, 31.52508541629205], [-92.13450818195918, 31.480129473116364], [-92.31433195466195, 31.435173529940677], [-92.31433195466195, 31.390217586764987], [-92.49415572736473, 31.3452616435893], [-92.49415572736473, 31.300305700413613], [-92.53911167054042, 31.300305700413613], [-92.53911167054042, 31.255349757237923], [-92.58406761371612, 31.255349757237923], [-92.58406761371612, 31.210393814062236], [-92.62902355689181, 31.210393814062236], [-92.62902355689181, 31.16543787088655], [-92.6739795000675, 31.16543787088655], [-92.6739795000675, 31.12048192771086], [-92.7189354432432, 31.12048192771086], [-92.7189354432432, 31.075525984535172], [-92.85380327277028, 30.985614098183795], [-92.85380327277028, 30.895702211832422], [-92.89875921594597, 30.895702211832422], [-92.89875921594597, 30.805790325481045], [-92.94371515912167, 30.805790325481045], [-92.94371515912167, 30.71587843912967], [-92.98867110229736, 30.71587843912967], [-92.98867110229736, 30.625966552778294], [-93.03362704547305, 30.625966552778294], [-93.03362704547305, 30.49109872325123], [-93.07858298864875, 30.49109872325123], [-93.07858298864875, 30.221363064197103], [-93.12353893182444, 30.221363064197103], [-93.12353893182444, 29.771803632440225], [-93.16849487500014, 29.771803632440225], [-93.16849487500014, 29.45711203021041]]]]}}, {"type": "Feature", "properties": {"shapefile": "2021082718_wsp50knt120hr_5km", "PERCENTAGE": "30-40%"}, "geometry": {"type": "MultiPolygon", "coordinates": [[[[-93.16849487500014, 29.45711203021041], [-93.16849487500014, 29.771803632440225], [-93.12353893182444, 29.771803632440225], [-93.12353893182444, 30.221363064197103], [-93.07858298864875, 30.221363064197103], [-93.07858298864875, 30.49109872325123], [-93.03362704547305, 30.49109872325123], [-93.03362704547305, 30.625966552778294], [-92.98867110229736, 30.625966552778294], [-92.98867110229736, 30.71587843912967], [-92.94371515912167, 30.71587843912967], [-92.94371515912167, 30.805790325481045], [-92.89875921594597, 30.805790325481045], [-92.85380327277028, 30.985614098183795], [-92.80884732959458, 30.985614098183795], [-92.80884732959458, 31.030570041359486], [-92.76389138641889, 31.030570041359486], [-92.76389138641889, 31.075525984535172], [-92.7189354432432, 31.075525984535172], [-92.7189354432432, 31.12048192771086], [-92.6739795000675, 31.12048192771086], [-92.6739795000675, 31.16543787088655], [-92.62902355689181, 31.16543787088655], [-92.62902355689181, 31.210393814062236], [-92.58406761371612, 31.210393814062236], [-92.49415572736473, 31.3452616435893], [-92.40424384101334, 31.3452616435893], [-92.40424384101334, 31.390217586764987], [-92.31433195466195, 31.390217586764987], [-92.31433195466195, 31.435173529940677], [-92.22442006831056, 31.435173529940677], [-92.22442006831056, 31.480129473116364], [-92.13450818195918, 31.480129473116364], [-92.13450818195918, 31.52508541629205], [-92.04459629560779, 31.52508541629205], [-92.04459629560779, 31.570041359467737], [-91.90972846608071, 31.570041359467737], [-91.90972846608071, 31.614997302643427], [-91.77486063655363, 31.614997302643427], [-91.77486063655363, 31.659953245819114], [-91.59503686385085, 31.659953245819114], [-91.59503686385085, 31.7049091889948], [-91.2353893184453, 31.7049091889948], [-91.2353893184453, 31.659953245819114], [-90.96565365939114, 31.659953245819114], [-90.96565365939114, 31.614997302643427], [-90.78582988668836, 31.570041359467737], [-90.74087394351267, 31.480129473116364], [-90.56105017080989, 31.435173529940677], [-90.4711382844585, 31.300305700413613], [-90.38122639810712, 31.300305700413613], [-90.38122639810712, 31.255349757237923], [-90.33627045493142, 31.255349757237923], [-90.33627045493142, 31.210393814062236], [-90.29131451175573, 31.210393814062236], [-90.29131451175573, 31.16543787088655], [-90.15644668222865, 31.075525984535172], [-90.15644668222865, 30.985614098183795], [-90.06653479587726, 30.985614098183795], [-90.06653479587726, 30.94065815500811], [-89.97662290952587, 30.895702211832422], [-89.97662290952587, 30.805790325481045], [-89.93166696635018, 30.805790325481045], [-89.93166696635018, 30.760834382305358], [-89.88671102317448, 30.760834382305358], [-89.88671102317448, 30.71587843912967], [-89.7518431936474, 30.625966552778294], [-89.7518431936474, 30.536054666426917], [-89.61697536412032, 30.446142780075544], [-89.61697536412032, 30.356230893724167], [-89.57201942094463, 30.356230893724167], [-89.57201942094463, 30.31127495054848], [-89.52706347776893, 30.31127495054848], [-89.52706347776893, 30.26631900737279], [-89.48210753459324, 30.26631900737279], [-89.48210753459324, 30.221363064197103], [-89.43715159141755, 30.221363064197103], [-89.43715159141755, 30.176407121021416], [-89.39219564824185, 30.176407121021416], [-89.39219564824185, 30.131451177845726], [-89.34723970506616, 30.131451177845726], [-89.34723970506616, 30.08649523467004], [-89.30228376189046, 30.08649523467004], [-89.30228376189046, 30.041539291494352], [-89.25732781871477, 30.041539291494352], [-89.25732781871477, 29.996583348318666], [-89.21237187553908, 29.996583348318666], [-89.21237187553908, 29.951627405142975], [-89.16741593236338, 29.951627405142975], [-89.16741593236338, 29.90667146196729], [-89.12245998918769, 29.90667146196729], [-89.12245998918769, 29.861715518791602], [-89.077504046012, 29.861715518791602], [-89.077504046012, 29.81675957561591], [-89.0325481028363, 29.81675957561591], [-89.0325481028363, 29.771803632440225], [-88.98759215966061, 29.771803632440225], [-88.98759215966061, 29.726847689264538], [-88.94263621648491, 29.726847689264538], [-88.94263621648491, 29.681891746088848], [-88.89768027330922, 29.681891746088848], [-88.89768027330922, 29.63693580291316], [-88.85272433013353, 29.63693580291316], [-88.85272433013353, 29.591979859737474], [-88.80776838695783, 29.591979859737474], [-88.80776838695783, 29.547023916561784], [-88.76281244378214, 29.547023916561784], [-88.76281244378214, 29.502067973386097], [-88.71785650060644, 29.502067973386097], [-88.71785650060644, 29.45711203021041], [-88.58298867107936, 29.367200143859034], [-88.58298867107936, 29.27728825750766], [-88.53803272790367, 29.27728825750766], [-88.53803272790367, 29.23233231433197], [-88.49307678472798, 29.23233231433197], [-88.49307678472798, 29.187376371156283], [-88.44812084155228, 29.187376371156283], [-88.44812084155228, 29.142420427980596], [-88.40316489837659, 29.142420427980596], [-88.40316489837659, 29.097464484804906], [-88.3582089552009, 29.097464484804906], [-88.3582089552009, 29.05250854162922], [-88.22334112567381, 28.962596655277842], [-88.22334112567381, 28.87268476892647], [-88.17838518249812, 28.87268476892647], [-88.17838518249812, 28.82772882575078], [-88.13342923932242, 28.82772882575078], [-88.13342923932242, 28.78277288257509], [-88.08847329614673, 28.78277288257509], [-88.08847329614673, 28.737816939399405], [-88.04351735297104, 28.737816939399405], [-88.04351735297104, 28.692860996223715], [-87.99856140979534, 28.692860996223715], [-87.99856140979534, 28.647905053048028], [-87.86369358026826, 28.557993166696654], [-87.86369358026826, 28.468081280345277], [-87.81873763709257, 28.468081280345277], [-87.81873763709257, 28.42312533716959], [-87.77378169391687, 28.42312533716959], [-87.77378169391687, 28.3781693939939], [-87.72882575074118, 28.3781693939939], [-87.72882575074118, 28.333213450818214], [-87.68386980756549, 28.333213450818214], [-87.68386980756549, 28.288257507642527], [-87.63891386438979, 28.288257507642527], [-87.63891386438979, 28.243301564466837], [-87.5939579212141, 28.243301564466837], [-87.5939579212141, 28.19834562129115], [-87.5490019780384, 28.19834562129115], [-87.5490019780384, 28.153389678115463], [-87.50404603486271, 28.153389678115463], [-87.50404603486271, 28.108433734939773], [-87.36917820533563, 28.0185218485884], [-87.36917820533563, 27.928609962237022], [-87.32422226215994, 27.928609962237022], [-87.32422226215994, 27.883654019061336], [-87.27926631898424, 27.883654019061336], [-87.27926631898424, 27.83869807588565], [-87.23431037580855, 27.83869807588565], [-87.23431037580855, 27.79374213270996], [-87.18935443263285, 27.79374213270996], [-87.18935443263285, 27.748786189534272], [-87.14439848945716, 27.748786189534272], [-87.14439848945716, 27.703830246358585], [-87.09944254628147, 27.703830246358585], [-87.09944254628147, 27.658874303182895], [-87.05448660310577, 27.658874303182895], [-87.05448660310577, 27.613918360007208], [-87.00953065993008, 27.613918360007208], [-87.00953065993008, 27.56896241683152], [-86.96457471675438, 27.56896241683152], [-86.96457471675438, 27.52400647365583], [-86.91961877357869, 27.52400647365583], [-86.91961877357869, 27.479050530480144], [-86.874662830403, 27.479050530480144], [-86.874662830403, 27.434094587304457], [-86.8297068872273, 27.434094587304457], [-86.8297068872273, 27.389138644128767], [-86.69483905770022, 27.299226757777394], [-86.69483905770022, 27.209314871426017], [-86.64988311452453, 27.209314871426017], [-86.64988311452453, 27.16435892825033], [-86.60492717134883, 27.16435892825033], [-86.60492717134883, 27.119402985074643], [-86.55997122817314, 27.119402985074643], [-86.55997122817314, 27.074447041898953], [-86.51501528499745, 27.074447041898953], [-86.51501528499745, 27.029491098723266], [-86.47005934182175, 27.029491098723266], [-86.47005934182175, 26.98453515554758], [-86.42510339864606, 26.98453515554758], [-86.42510339864606, 26.93957921237189], [-86.38014745547036, 26.93957921237189], [-86.38014745547036, 26.894623269196202], [-86.33519151229467, 26.894623269196202], [-86.33519151229467, 26.849667326020516], [-86.29023556911898, 26.849667326020516], [-86.29023556911898, 26.804711382844825], [-86.24527962594328, 26.804711382844825], [-86.24527962594328, 26.75975543966914], [-86.20032368276759, 26.75975543966914], [-86.20032368276759, 26.714799496493452], [-86.1553677395919, 26.714799496493452], [-86.1553677395919, 26.66984355331776], [-86.1104117964162, 26.66984355331776], [-86.1104117964162, 26.624887610142075], [-86.06545585324051, 26.624887610142075], [-86.06545585324051, 26.579931666966388], [-86.02049991006481, 26.579931666966388], [-86.02049991006481, 26.5349757237907], [-85.97554396688912, 26.5349757237907], [-85.97554396688912, 26.49001978061501], [-85.93058802371343, 26.49001978061501], [-85.93058802371343, 26.445063837439324], [-85.88563208053773, 26.445063837439324], [-85.88563208053773, 26.400107894263638], [-85.84067613736204, 26.400107894263638], [-85.84067613736204, 26.355151951087947], [-85.79572019418634, 26.355151951087947], [-85.79572019418634, 26.31019600791226], [-85.75076425101065, 26.31019600791226], [-85.75076425101065, 26.265240064736574], [-85.70580830783496, 26.265240064736574], [-85.70580830783496, 26.220284121560884], [-85.66085236465926, 26.220284121560884], [-85.66085236465926, 26.175328178385197], [-85.52598453513218, 26.08541629203382], [-85.52598453513218, 25.995504405682446], [-85.48102859195649, 25.995504405682446], [-85.48102859195649, 25.950548462506756], [-85.4360726487808, 25.950548462506756], [-85.4360726487808, 25.90559251933107], [-85.3911167056051, 25.90559251933107], [-85.3911167056051, 25.860636576155382], [-85.3461607624294, 25.860636576155382], [-85.3461607624294, 25.815680632979692], [-85.30120481925371, 25.815680632979692], [-85.30120481925371, 25.770724689804005], [-85.25624887607802, 25.770724689804005], [-85.25624887607802, 25.72576874662832], [-85.21129293290232, 25.72576874662832], [-85.21129293290232, 25.680812803452632], [-85.16633698972663, 25.680812803452632], [-85.16633698972663, 25.63585686027694], [-85.12138104655094, 25.63585686027694], [-85.12138104655094, 25.590900917101255], [-85.07642510337524, 25.590900917101255], [-85.07642510337524, 25.545944973925568], [-84.94155727384816, 25.45603308757419], [-84.94155727384816, 25.366121201222814], [-84.89660133067247, 25.366121201222814], [-84.89660133067247, 25.321165258047127], [-84.85164538749677, 25.321165258047127], [-84.85164538749677, 25.27620931487144], [-84.80668944432108, 25.27620931487144], [-84.80668944432108, 25.23125337169575], [-84.76173350114539, 25.23125337169575], [-84.76173350114539, 25.186297428520064], [-84.71677755796969, 25.186297428520064], [-84.71677755796969, 25.141341485344377], [-84.671821614794, 25.141341485344377], [-84.671821614794, 25.09638554216869], [-84.6268656716183, 25.09638554216869], [-84.6268656716183, 25.051429598993], [-84.58190972844261, 25.051429598993], [-84.58190972844261, 25.006473655817313], [-84.44704189891553, 24.916561769465936], [-84.44704189891553, 24.826649883114563], [-84.40208595573984, 24.826649883114563], [-84.40208595573984, 24.781693939938872], [-84.35713001256414, 24.781693939938872], [-84.35713001256414, 24.736737996763186], [-84.31217406938845, 24.736737996763186], [-84.31217406938845, 24.6917820535875], [-84.26721812621275, 24.6917820535875], [-84.26721812621275, 24.64682611041181], [-84.22226218303706, 24.64682611041181], [-84.22226218303706, 24.60187016723612], [-84.08739435350998, 24.511958280884745], [-84.08739435350998, 24.42204639453337], [-84.04243841033428, 24.42204639453337], [-84.04243841033428, 24.37709045135768], [-83.99748246715859, 24.37709045135768], [-83.99748246715859, 24.332134508181994], [-83.86261463763151, 24.24222262183062], [-83.86261463763151, 24.152310735479244], [-83.81765869445582, 24.152310735479244], [-83.81765869445582, 24.107354792303557], [-83.77270275128012, 24.107354792303557], [-83.77270275128012, 24.062398849127867], [-83.63783492175304, 23.972486962776493], [-83.63783492175304, 23.882575076425116], [-83.59287897857735, 23.882575076425116], [-83.59287897857735, 23.83761913324943], [-83.50296709222596, 23.79266319007374], [-83.50296709222596, 23.702751303722366], [-83.45801114905026, 23.702751303722366], [-83.45801114905026, 23.65779536054668], [-83.32314331952318, 23.567883474195302], [-83.32314331952318, 23.477971587843925], [-83.27818737634749, 23.477971587843925], [-83.27818737634749, 23.433015644668238], [-83.2332314331718, 23.433015644668238], [-83.2332314331718, 23.38805970149255], [-83.1882754899961, 23.38805970149255], [-83.1882754899961, 23.34310375831686], [-83.14331954682041, 23.34310375831686], [-83.14331954682041, 23.298147815141174], [-83.09836360364471, 23.298147815141174], [-83.00845171729333, 23.16327998561411], [-82.91853983094194, 23.16327998561411], [-82.91853983094194, 23.118324042438424], [-82.87358388776624, 23.118324042438424], [-82.87358388776624, 23.073368099262733], [-82.82862794459055, 23.073368099262733], [-82.73871605823916, 22.93850026973567], [-82.64880417188778, 22.93850026973567], [-82.64880417188778, 22.893544326559983], [-82.60384822871208, 22.893544326559983], [-82.60384822871208, 22.848588383384296], [-82.55889228553639, 22.848588383384296], [-82.55889228553639, 22.80363244020861], [-82.5139363423607, 22.80363244020861], [-82.5139363423607, 22.75867649703292], [-82.468980399185, 22.75867649703292], [-82.468980399185, 22.713720553857232], [-82.4240244560093, 22.713720553857232], [-82.4240244560093, 22.668764610681546], [-82.28915662648222, 22.57885272433017], [-82.28915662648222, 22.48894083797879], [-82.15428879695514, 22.399028951627418], [-82.15428879695514, 22.30911706527604], [-82.10933285377945, 22.30911706527604], [-82.10933285377945, 22.219205178924668], [-82.06437691060376, 22.219205178924668], [-82.06437691060376, 22.12929329257329], [-82.01942096742806, 22.12929329257329], [-82.01942096742806, 21.94946951987054], [-81.97446502425237, 21.94946951987054], [-81.97446502425237, 21.679733860816413], [-82.01942096742806, 21.679733860816413], [-82.01942096742806, 21.49991008811366], [-82.06437691060376, 21.49991008811366], [-82.06437691060376, 21.409998201762285], [-82.10933285377945, 21.409998201762285], [-82.10933285377945, 21.365042258586598], [-82.15428879695514, 21.365042258586598], [-82.24420068330653, 21.230174429059534], [-82.33411256965792, 21.230174429059534], [-82.33411256965792, 21.185218485883844], [-82.4240244560093, 21.185218485883844], [-82.4240244560093, 21.140262542708157], [-82.60384822871208, 21.140262542708157], [-82.60384822871208, 21.185218485883844], [-82.73871605823916, 21.185218485883844], [-82.73871605823916, 21.230174429059534], [-82.82862794459055, 21.230174429059534], [-82.82862794459055, 21.27513037223522], [-83.00845171729333, 21.320086315410908], [-83.00845171729333, 21.365042258586598], [-83.05340766046902, 21.365042258586598], [-83.09836360364471, 21.45495414493797], [-83.1882754899961, 21.45495414493797], [-83.1882754899961, 21.49991008811366], [-83.2332314331718, 21.49991008811366], [-83.32314331952318, 21.634777917640722], [-83.41305520587457, 21.634777917640722], [-83.41305520587457, 21.679733860816413], [-83.45801114905026, 21.679733860816413], [-83.45801114905026, 21.7246898039921], [-83.50296709222596, 21.7246898039921], [-83.50296709222596, 21.769645747167786], [-83.54792303540165, 21.769645747167786], [-83.54792303540165, 21.814601690343476], [-83.59287897857735, 21.814601690343476], [-83.59287897857735, 21.859557633519163], [-83.63783492175304, 21.859557633519163], [-83.72774680810443, 21.994425463046227], [-83.81765869445582, 21.994425463046227], [-83.81765869445582, 22.039381406221914], [-83.86261463763151, 22.039381406221914], [-83.9525265239829, 22.174249235748977], [-84.04243841033428, 22.174249235748977], [-84.08739435350998, 22.264161122100354], [-84.17730623986137, 22.264161122100354], [-84.17730623986137, 22.30911706527604], [-84.22226218303706, 22.30911706527604], [-84.22226218303706, 22.354073008451728], [-84.31217406938845, 22.354073008451728], [-84.31217406938845, 22.399028951627418], [-84.40208595573984, 22.399028951627418], [-84.40208595573984, 22.443984894803105], [-84.58190972844261, 22.48894083797879], [-84.58190972844261, 22.533896781154482], [-84.76173350114539, 22.57885272433017], [-84.80668944432108, 22.668764610681546], [-84.98651321702386, 22.713720553857232], [-85.03146916019955, 22.80363244020861], [-85.12138104655094, 22.80363244020861], [-85.12138104655094, 22.848588383384296], [-85.16633698972663, 22.848588383384296], [-85.16633698972663, 22.893544326559983], [-85.25624887607802, 22.893544326559983], [-85.30120481925371, 22.98345621291136], [-85.3911167056051, 22.98345621291136], [-85.3911167056051, 23.028412156087047], [-85.4360726487808, 23.028412156087047], [-85.4360726487808, 23.073368099262733], [-85.52598453513218, 23.073368099262733], [-85.57094047830788, 23.16327998561411], [-85.66085236465926, 23.16327998561411], [-85.70580830783496, 23.253191871965488], [-85.79572019418634, 23.253191871965488], [-85.79572019418634, 23.298147815141174], [-85.84067613736204, 23.298147815141174], [-85.84067613736204, 23.34310375831686], [-85.93058802371343, 23.34310375831686], [-85.97554396688912, 23.433015644668238], [-86.06545585324051, 23.433015644668238], [-86.1104117964162, 23.522927531019615], [-86.20032368276759, 23.522927531019615], [-86.24527962594328, 23.61283941737099], [-86.33519151229467, 23.61283941737099], [-86.38014745547036, 23.702751303722366], [-86.47005934182175, 23.702751303722366], [-86.51501528499745, 23.79266319007374], [-86.60492717134883, 23.79266319007374], [-86.69483905770022, 23.927531019600803], [-86.78475094405161, 23.927531019600803], [-86.8297068872273, 24.01744290595218], [-86.91961877357869, 24.01744290595218], [-86.96457471675438, 24.107354792303557], [-87.05448660310577, 24.107354792303557], [-87.05448660310577, 24.152310735479244], [-87.09944254628147, 24.152310735479244], [-87.09944254628147, 24.19726667865493], [-87.18935443263285, 24.19726667865493], [-87.23431037580855, 24.287178565006307], [-87.32422226215994, 24.287178565006307], [-87.32422226215994, 24.332134508181994], [-87.36917820533563, 24.332134508181994], [-87.36917820533563, 24.37709045135768], [-87.45909009168702, 24.37709045135768], [-87.50404603486271, 24.467002337709058], [-87.5939579212141, 24.467002337709058], [-87.63891386438979, 24.556914224060435], [-87.72882575074118, 24.556914224060435], [-87.77378169391687, 24.64682611041181], [-87.86369358026826, 24.64682611041181], [-87.95360546661965, 24.781693939938872], [-88.04351735297104, 24.781693939938872], [-88.08847329614673, 24.87160582629025], [-88.17838518249812, 24.87160582629025], [-88.22334112567381, 24.961517712641626], [-88.3132530120252, 24.961517712641626], [-88.40316489837659, 25.09638554216869], [-88.49307678472798, 25.09638554216869], [-88.53803272790367, 25.186297428520064], [-88.62794461425506, 25.186297428520064], [-88.67290055743075, 25.27620931487144], [-88.76281244378214, 25.27620931487144], [-88.80776838695783, 25.366121201222814], [-88.89768027330922, 25.366121201222814], [-88.98759215966061, 25.500989030749878], [-89.077504046012, 25.500989030749878], [-89.12245998918769, 25.590900917101255], [-89.21237187553908, 25.590900917101255], [-89.25732781871477, 25.680812803452632], [-89.34723970506616, 25.680812803452632], [-89.34723970506616, 25.72576874662832], [-89.39219564824185, 25.72576874662832], [-89.39219564824185, 25.770724689804005], [-89.48210753459324, 25.770724689804005], [-89.52706347776893, 25.860636576155382], [-89.61697536412032, 25.860636576155382], [-89.61697536412032, 25.90559251933107], [-89.66193130729602, 25.90559251933107], [-89.66193130729602, 25.950548462506756], [-89.7518431936474, 25.950548462506756], [-89.7967991368231, 26.040460348858133], [-89.88671102317448, 26.040460348858133], [-89.93166696635018, 26.13037223520951], [-90.02157885270157, 26.13037223520951], [-90.06653479587726, 26.220284121560884], [-90.15644668222865, 26.220284121560884], [-90.24635856858004, 26.355151951087947], [-90.33627045493142, 26.355151951087947], [-90.38122639810712, 26.445063837439324], [-90.4711382844585, 26.445063837439324], [-90.5160942276342, 26.5349757237907], [-90.60600611398559, 26.5349757237907], [-90.65096205716128, 26.624887610142075], [-90.74087394351267, 26.624887610142075], [-90.83078582986406, 26.75975543966914], [-90.92069771621544, 26.75975543966914], [-91.01060960256683, 26.894623269196202], [-91.10052148891822, 26.894623269196202], [-91.1904333752696, 27.029491098723266], [-91.280345261621, 27.029491098723266], [-91.37025714797238, 27.16435892825033], [-91.46016903432377, 27.16435892825033], [-91.46016903432377, 27.209314871426017], [-91.50512497749946, 27.209314871426017], [-91.59503686385085, 27.34418270095308], [-91.68494875020224, 27.34418270095308], [-91.68494875020224, 27.389138644128767], [-91.72990469337793, 27.389138644128767], [-91.72990469337793, 27.434094587304457], [-91.77486063655363, 27.434094587304457], [-91.86477252290501, 27.56896241683152], [-91.9546844092564, 27.56896241683152], [-91.9546844092564, 27.613918360007208], [-91.9996403524321, 27.613918360007208], [-91.9996403524321, 27.658874303182895], [-92.04459629560779, 27.658874303182895], [-92.04459629560779, 27.703830246358585], [-92.08955223878348, 27.703830246358585], [-92.08955223878348, 27.748786189534272], [-92.13450818195918, 27.748786189534272], [-92.13450818195918, 27.79374213270996], [-92.17946412513487, 27.79374213270996], [-92.17946412513487, 27.83869807588565], [-92.22442006831056, 27.83869807588565], [-92.22442006831056, 27.883654019061336], [-92.26937601148626, 27.883654019061336], [-92.26937601148626, 27.928609962237022], [-92.40424384101334, 28.0185218485884], [-92.40424384101334, 28.108433734939773], [-92.44919978418903, 28.108433734939773], [-92.44919978418903, 28.153389678115463], [-92.58406761371612, 28.243301564466837], [-92.58406761371612, 28.333213450818214], [-92.7189354432432, 28.42312533716959], [-92.7189354432432, 28.513037223520964], [-92.76389138641889, 28.513037223520964], [-92.80884732959458, 28.692860996223715], [-92.89875921594597, 28.737816939399405], [-92.89875921594597, 28.87268476892647], [-92.94371515912167, 28.87268476892647], [-92.94371515912167, 28.962596655277842], [-92.98867110229736, 28.962596655277842], [-92.98867110229736, 29.05250854162922], [-93.03362704547305, 29.05250854162922], [-93.03362704547305, 29.187376371156283], [-93.07858298864875, 29.187376371156283], [-93.07858298864875, 29.322244200683347], [-93.12353893182444, 29.322244200683347], [-93.12353893182444, 29.45711203021041], [-93.16849487500014, 29.45711203021041]], [[-92.85380327277028, 29.412156087034724], [-92.80884732959458, 29.412156087034724], [-92.80884732959458, 29.23233231433197], [-92.76389138641889, 29.23233231433197], [-92.76389138641889, 29.097464484804906], [-92.7189354432432, 29.097464484804906], [-92.7189354432432, 28.962596655277842], [-92.6739795000675, 28.962596655277842], [-92.6739795000675, 28.87268476892647], [-92.58406761371612, 28.82772882575078], [-92.53911167054042, 28.647905053048028], [-92.44919978418903, 28.60294910987234], [-92.44919978418903, 28.513037223520964], [-92.35928789783765, 28.468081280345277], [-92.35928789783765, 28.3781693939939], [-92.22442006831056, 28.288257507642527], [-92.22442006831056, 28.19834562129115], [-92.17946412513487, 28.19834562129115], [-92.17946412513487, 28.153389678115463], [-92.13450818195918, 28.153389678115463], [-92.13450818195918, 28.108433734939773], [-92.08955223878348, 28.108433734939773], [-92.08955223878348, 28.063477791764086], [-92.04459629560779, 28.063477791764086], [-92.04459629560779, 28.0185218485884], [-91.9996403524321, 28.0185218485884], [-91.9996403524321, 27.973565905412713], [-91.9546844092564, 27.973565905412713], [-91.9546844092564, 27.928609962237022], [-91.90972846608071, 27.928609962237022], [-91.90972846608071, 27.883654019061336], [-91.86477252290501, 27.883654019061336], [-91.86477252290501, 27.83869807588565], [-91.81981657972932, 27.83869807588565], [-91.81981657972932, 27.79374213270996], [-91.77486063655363, 27.79374213270996], [-91.77486063655363, 27.748786189534272], [-91.72990469337793, 27.748786189534272], [-91.72990469337793, 27.703830246358585], [-91.68494875020224, 27.703830246358585], [-91.59503686385085, 27.56896241683152], [-91.50512497749946, 27.56896241683152], [-91.50512497749946, 27.52400647365583], [-91.46016903432377, 27.52400647365583], [-91.46016903432377, 27.479050530480144], [-91.41521309114808, 27.479050530480144], [-91.32530120479669, 27.34418270095308], [-91.2353893184453, 27.34418270095308], [-91.2353893184453, 27.299226757777394], [-91.1904333752696, 27.299226757777394], [-91.10052148891822, 27.16435892825033], [-91.01060960256683, 27.16435892825033], [-90.92069771621544, 27.029491098723266], [-90.83078582986406, 27.029491098723266], [-90.83078582986406, 26.98453515554758], [-90.78582988668836, 26.98453515554758], [-90.69591800033697, 26.849667326020516], [-90.60600611398559, 26.849667326020516], [-90.60600611398559, 26.804711382844825], [-90.56105017080989, 26.804711382844825], [-90.56105017080989, 26.75975543966914], [-90.4711382844585, 26.75975543966914], [-90.38122639810712, 26.624887610142075], [-90.29131451175573, 26.624887610142075], [-90.20140262540434, 26.49001978061501], [-90.11149073905295, 26.49001978061501], [-90.11149073905295, 26.445063837439324], [-90.06653479587726, 26.445063837439324], [-90.06653479587726, 26.400107894263638], [-89.97662290952587, 26.400107894263638], [-89.93166696635018, 26.31019600791226], [-89.84175507999879, 26.31019600791226], [-89.7518431936474, 26.175328178385197], [-89.66193130729602, 26.175328178385197], [-89.61697536412032, 26.08541629203382], [-89.52706347776893, 26.08541629203382], [-89.52706347776893, 26.040460348858133], [-89.48210753459324, 26.040460348858133], [-89.48210753459324, 25.995504405682446], [-89.39219564824185, 25.995504405682446], [-89.34723970506616, 25.90559251933107], [-89.25732781871477, 25.90559251933107], [-89.16741593236338, 25.770724689804005], [-89.077504046012, 25.770724689804005], [-89.0325481028363, 25.680812803452632], [-88.94263621648491, 25.680812803452632], [-88.85272433013353, 25.545944973925568], [-88.76281244378214, 25.545944973925568], [-88.71785650060644, 25.45603308757419], [-88.62794461425506, 25.45603308757419], [-88.58298867107936, 25.366121201222814], [-88.49307678472798, 25.366121201222814], [-88.40316489837659, 25.23125337169575], [-88.3132530120252, 25.23125337169575], [-88.2682970688495, 25.141341485344377], [-88.17838518249812, 25.141341485344377], [-88.08847329614673, 25.006473655817313], [-87.99856140979534, 25.006473655817313], [-87.95360546661965, 24.916561769465936], [-87.86369358026826, 24.916561769465936], [-87.77378169391687, 24.781693939938872], [-87.68386980756549, 24.781693939938872], [-87.68386980756549, 24.736737996763186], [-87.63891386438979, 24.736737996763186], [-87.63891386438979, 24.6917820535875], [-87.5490019780384, 24.6917820535875], [-87.50404603486271, 24.60187016723612], [-87.41413414851132, 24.60187016723612], [-87.36917820533563, 24.511958280884745], [-87.27926631898424, 24.511958280884745], [-87.18935443263285, 24.37709045135768], [-87.09944254628147, 24.37709045135768], [-87.05448660310577, 24.287178565006307], [-86.96457471675438, 24.287178565006307], [-86.91961877357869, 24.19726667865493], [-86.8297068872273, 24.19726667865493], [-86.78475094405161, 24.107354792303557], [-86.69483905770022, 24.107354792303557], [-86.60492717134883, 23.972486962776493], [-86.51501528499745, 23.972486962776493], [-86.47005934182175, 23.882575076425116], [-86.38014745547036, 23.882575076425116], [-86.33519151229467, 23.79266319007374], [-86.24527962594328, 23.79266319007374], [-86.1553677395919, 23.65779536054668], [-86.06545585324051, 23.65779536054668], [-86.02049991006481, 23.567883474195302], [-85.93058802371343, 23.567883474195302], [-85.88563208053773, 23.477971587843925], [-85.79572019418634, 23.477971587843925], [-85.79572019418634, 23.433015644668238], [-85.75076425101065, 23.433015644668238], [-85.75076425101065, 23.38805970149255], [-85.66085236465926, 23.38805970149255], [-85.61589642148357, 23.298147815141174], [-85.52598453513218, 23.298147815141174], [-85.4360726487808, 23.16327998561411], [-85.3461607624294, 23.16327998561411], [-85.3461607624294, 23.118324042438424], [-85.30120481925371, 23.118324042438424], [-85.30120481925371, 23.073368099262733], [-85.21129293290232, 23.073368099262733], [-85.16633698972663, 22.98345621291136], [-84.98651321702386, 22.93850026973567], [-84.94155727384816, 22.848588383384296], [-84.85164538749677, 22.848588383384296], [-84.85164538749677, 22.80363244020861], [-84.80668944432108, 22.80363244020861], [-84.80668944432108, 22.75867649703292], [-84.71677755796969, 22.75867649703292], [-84.671821614794, 22.668764610681546], [-84.58190972844261, 22.668764610681546], [-84.58190972844261, 22.623808667505855], [-84.49199784209122, 22.623808667505855], [-84.49199784209122, 22.57885272433017], [-84.31217406938845, 22.533896781154482], [-84.31217406938845, 22.48894083797879], [-84.22226218303706, 22.48894083797879], [-84.22226218303706, 22.443984894803105], [-84.04243841033428, 22.399028951627418], [-83.9525265239829, 22.264161122100354], [-83.86261463763151, 22.264161122100354], [-83.86261463763151, 22.219205178924668], [-83.81765869445582, 22.219205178924668], [-83.81765869445582, 22.174249235748977], [-83.77270275128012, 22.174249235748977], [-83.77270275128012, 22.12929329257329], [-83.72774680810443, 22.12929329257329], [-83.63783492175304, 21.994425463046227], [-83.54792303540165, 21.994425463046227], [-83.54792303540165, 21.94946951987054], [-83.50296709222596, 21.94946951987054], [-83.50296709222596, 21.90451357669485], [-83.45801114905026, 21.90451357669485], [-83.45801114905026, 21.859557633519163], [-83.41305520587457, 21.859557633519163], [-83.41305520587457, 21.814601690343476], [-83.36809926269888, 21.814601690343476], [-83.36809926269888, 21.769645747167786], [-83.32314331952318, 21.769645747167786], [-83.32314331952318, 21.7246898039921], [-83.27818737634749, 21.7246898039921], [-83.1882754899961, 21.589821974465035], [-83.09836360364471, 21.589821974465035], [-83.09836360364471, 21.54486603128935], [-83.05340766046902, 21.54486603128935], [-82.96349577411763, 21.409998201762285], [-82.87358388776624, 21.409998201762285], [-82.82862794459055, 21.320086315410908], [-82.73871605823916, 21.320086315410908], [-82.73871605823916, 21.27513037223522], [-82.64880417188778, 21.27513037223522], [-82.64880417188778, 21.230174429059534], [-82.37906851283361, 21.230174429059534], [-82.37906851283361, 21.27513037223522], [-82.28915662648222, 21.27513037223522], [-82.28915662648222, 21.320086315410908], [-82.19924474013084, 21.365042258586598], [-82.19924474013084, 21.45495414493797], [-82.15428879695514, 21.45495414493797], [-82.15428879695514, 21.54486603128935], [-82.10933285377945, 21.54486603128935], [-82.10933285377945, 21.679733860816413], [-82.06437691060376, 21.679733860816413], [-82.06437691060376, 21.90451357669485], [-82.10933285377945, 21.90451357669485], [-82.10933285377945, 22.084337349397604], [-82.15428879695514, 22.084337349397604], [-82.15428879695514, 22.219205178924668], [-82.24420068330653, 22.264161122100354], [-82.24420068330653, 22.354073008451728], [-82.28915662648222, 22.354073008451728], [-82.28915662648222, 22.399028951627418], [-82.33411256965792, 22.399028951627418], [-82.33411256965792, 22.443984894803105], [-82.37906851283361, 22.443984894803105], [-82.37906851283361, 22.48894083797879], [-82.4240244560093, 22.48894083797879], [-82.4240244560093, 22.533896781154482], [-82.468980399185, 22.533896781154482], [-82.468980399185, 22.57885272433017], [-82.5139363423607, 22.57885272433017], [-82.5139363423607, 22.623808667505855], [-82.55889228553639, 22.623808667505855], [-82.55889228553639, 22.668764610681546], [-82.60384822871208, 22.668764610681546], [-82.60384822871208, 22.713720553857232], [-82.64880417188778, 22.713720553857232], [-82.64880417188778, 22.75867649703292], [-82.69376011506347, 22.75867649703292], [-82.69376011506347, 22.80363244020861], [-82.73871605823916, 22.80363244020861], [-82.82862794459055, 22.93850026973567], [-82.91853983094194, 22.93850026973567], [-83.00845171729333, 23.073368099262733], [-83.09836360364471, 23.073368099262733], [-83.09836360364471, 23.118324042438424], [-83.14331954682041, 23.118324042438424], [-83.14331954682041, 23.16327998561411], [-83.1882754899961, 23.16327998561411], [-83.1882754899961, 23.208235928789797], [-83.2332314331718, 23.208235928789797], [-83.2332314331718, 23.253191871965488], [-83.27818737634749, 23.253191871965488], [-83.27818737634749, 23.298147815141174], [-83.32314331952318, 23.298147815141174], [-83.32314331952318, 23.34310375831686], [-83.45801114905026, 23.433015644668238], [-83.45801114905026, 23.522927531019615], [-83.50296709222596, 23.522927531019615], [-83.50296709222596, 23.567883474195302], [-83.59287897857735, 23.61283941737099], [-83.59287897857735, 23.702751303722366], [-83.63783492175304, 23.702751303722366], [-83.63783492175304, 23.747707246898052], [-83.77270275128012, 23.83761913324943], [-83.77270275128012, 23.927531019600803], [-83.81765869445582, 23.927531019600803], [-83.81765869445582, 23.972486962776493], [-83.86261463763151, 23.972486962776493], [-83.86261463763151, 24.01744290595218], [-83.99748246715859, 24.107354792303557], [-83.99748246715859, 24.19726667865493], [-84.04243841033428, 24.19726667865493], [-84.04243841033428, 24.24222262183062], [-84.08739435350998, 24.24222262183062], [-84.08739435350998, 24.287178565006307], [-84.13235029668567, 24.287178565006307], [-84.13235029668567, 24.332134508181994], [-84.17730623986137, 24.332134508181994], [-84.17730623986137, 24.37709045135768], [-84.31217406938845, 24.467002337709058], [-84.31217406938845, 24.556914224060435], [-84.35713001256414, 24.556914224060435], [-84.35713001256414, 24.60187016723612], [-84.40208595573984, 24.60187016723612], [-84.40208595573984, 24.64682611041181], [-84.44704189891553, 24.64682611041181], [-84.44704189891553, 24.6917820535875], [-84.49199784209122, 24.6917820535875], [-84.49199784209122, 24.736737996763186], [-84.53695378526692, 24.736737996763186], [-84.53695378526692, 24.781693939938872], [-84.58190972844261, 24.781693939938872], [-84.58190972844261, 24.826649883114563], [-84.6268656716183, 24.826649883114563], [-84.6268656716183, 24.87160582629025], [-84.671821614794, 24.87160582629025], [-84.671821614794, 24.916561769465936], [-84.71677755796969, 24.916561769465936], [-84.71677755796969, 24.961517712641626], [-84.76173350114539, 24.961517712641626], [-84.76173350114539, 25.006473655817313], [-84.80668944432108, 25.006473655817313], [-84.80668944432108, 25.051429598993], [-84.94155727384816, 25.141341485344377], [-84.94155727384816, 25.23125337169575], [-84.98651321702386, 25.23125337169575], [-84.98651321702386, 25.27620931487144], [-85.03146916019955, 25.27620931487144], [-85.03146916019955, 25.321165258047127], [-85.07642510337524, 25.321165258047127], [-85.07642510337524, 25.366121201222814], [-85.12138104655094, 25.366121201222814], [-85.12138104655094, 25.411077144398504], [-85.16633698972663, 25.411077144398504], [-85.16633698972663, 25.45603308757419], [-85.21129293290232, 25.45603308757419], [-85.21129293290232, 25.500989030749878], [-85.25624887607802, 25.500989030749878], [-85.25624887607802, 25.545944973925568], [-85.30120481925371, 25.545944973925568], [-85.30120481925371, 25.590900917101255], [-85.3461607624294, 25.590900917101255], [-85.3461607624294, 25.63585686027694], [-85.3911167056051, 25.63585686027694], [-85.3911167056051, 25.680812803452632], [-85.4360726487808, 25.680812803452632], [-85.4360726487808, 25.72576874662832], [-85.48102859195649, 25.72576874662832], [-85.48102859195649, 25.770724689804005], [-85.52598453513218, 25.770724689804005], [-85.52598453513218, 25.815680632979692], [-85.57094047830788, 25.815680632979692], [-85.57094047830788, 25.860636576155382], [-85.61589642148357, 25.860636576155382], [-85.61589642148357, 25.90559251933107], [-85.66085236465926, 25.90559251933107], [-85.66085236465926, 25.950548462506756], [-85.70580830783496, 25.950548462506756], [-85.70580830783496, 25.995504405682446], [-85.75076425101065, 25.995504405682446], [-85.75076425101065, 26.040460348858133], [-85.79572019418634, 26.040460348858133], [-85.79572019418634, 26.08541629203382], [-85.84067613736204, 26.08541629203382], [-85.84067613736204, 26.13037223520951], [-85.97554396688912, 26.220284121560884], [-85.97554396688912, 26.31019600791226], [-86.02049991006481, 26.31019600791226], [-86.02049991006481, 26.355151951087947], [-86.06545585324051, 26.355151951087947], [-86.06545585324051, 26.400107894263638], [-86.1104117964162, 26.400107894263638], [-86.1104117964162, 26.445063837439324], [-86.1553677395919, 26.445063837439324], [-86.1553677395919, 26.49001978061501], [-86.20032368276759, 26.49001978061501], [-86.20032368276759, 26.5349757237907], [-86.24527962594328, 26.5349757237907], [-86.24527962594328, 26.579931666966388], [-86.29023556911898, 26.579931666966388], [-86.29023556911898, 26.624887610142075], [-86.33519151229467, 26.624887610142075], [-86.33519151229467, 26.66984355331776], [-86.38014745547036, 26.66984355331776], [-86.38014745547036, 26.714799496493452], [-86.42510339864606, 26.714799496493452], [-86.42510339864606, 26.75975543966914], [-86.47005934182175, 26.75975543966914], [-86.47005934182175, 26.804711382844825], [-86.51501528499745, 26.804711382844825], [-86.51501528499745, 26.849667326020516], [-86.55997122817314, 26.849667326020516], [-86.55997122817314, 26.894623269196202], [-86.60492717134883, 26.894623269196202], [-86.60492717134883, 26.93957921237189], [-86.64988311452453, 26.93957921237189], [-86.64988311452453, 26.98453515554758], [-86.69483905770022, 26.98453515554758], [-86.69483905770022, 27.029491098723266], [-86.73979500087592, 27.029491098723266], [-86.73979500087592, 27.074447041898953], [-86.78475094405161, 27.074447041898953], [-86.78475094405161, 27.119402985074643], [-86.8297068872273, 27.119402985074643], [-86.8297068872273, 27.16435892825033], [-86.96457471675438, 27.254270814601703], [-86.96457471675438, 27.299226757777394], [-87.00953065993008, 27.299226757777394], [-87.00953065993008, 27.34418270095308], [-87.05448660310577, 27.34418270095308], [-87.05448660310577, 27.389138644128767], [-87.09944254628147, 27.389138644128767], [-87.09944254628147, 27.434094587304457], [-87.14439848945716, 27.434094587304457], [-87.14439848945716, 27.479050530480144], [-87.18935443263285, 27.479050530480144], [-87.18935443263285, 27.52400647365583], [-87.23431037580855, 27.52400647365583], [-87.23431037580855, 27.56896241683152], [-87.27926631898424, 27.56896241683152], [-87.27926631898424, 27.613918360007208], [-87.32422226215994, 27.613918360007208], [-87.32422226215994, 27.658874303182895], [-87.36917820533563, 27.658874303182895], [-87.36917820533563, 27.703830246358585], [-87.50404603486271, 27.79374213270996], [-87.50404603486271, 27.83869807588565], [-87.5490019780384, 27.83869807588565], [-87.5490019780384, 27.883654019061336], [-87.5939579212141, 27.883654019061336], [-87.5939579212141, 27.928609962237022], [-87.63891386438979, 27.928609962237022], [-87.63891386438979, 27.973565905412713], [-87.68386980756549, 27.973565905412713], [-87.68386980756549, 28.0185218485884], [-87.81873763709257, 28.108433734939773], [-87.81873763709257, 28.19834562129115], [-87.86369358026826, 28.19834562129115], [-87.86369358026826, 28.243301564466837], [-87.90864952344396, 28.243301564466837], [-87.90864952344396, 28.288257507642527], [-87.95360546661965, 28.288257507642527], [-87.95360546661965, 28.333213450818214], [-87.99856140979534, 28.333213450818214], [-87.99856140979534, 28.3781693939939], [-88.04351735297104, 28.3781693939939], [-88.04351735297104, 28.42312533716959], [-88.08847329614673, 28.42312533716959], [-88.08847329614673, 28.468081280345277], [-88.13342923932242, 28.468081280345277], [-88.13342923932242, 28.513037223520964], [-88.17838518249812, 28.513037223520964], [-88.17838518249812, 28.557993166696654], [-88.22334112567381, 28.557993166696654], [-88.22334112567381, 28.60294910987234], [-88.3582089552009, 28.692860996223715], [-88.3582089552009, 28.78277288257509], [-88.40316489837659, 28.78277288257509], [-88.40316489837659, 28.82772882575078], [-88.44812084155228, 28.82772882575078], [-88.44812084155228, 28.87268476892647], [-88.49307678472798, 28.87268476892647], [-88.49307678472798, 28.917640712102155], [-88.53803272790367, 28.917640712102155], [-88.53803272790367, 28.962596655277842], [-88.58298867107936, 28.962596655277842], [-88.58298867107936, 29.007552598453533], [-88.62794461425506, 29.007552598453533], [-88.62794461425506, 29.05250854162922], [-88.67290055743075, 29.05250854162922], [-88.67290055743075, 29.097464484804906], [-88.71785650060644, 29.097464484804906], [-88.71785650060644, 29.142420427980596], [-88.85272433013353, 29.23233231433197], [-88.85272433013353, 29.322244200683347], [-88.89768027330922, 29.322244200683347], [-88.89768027330922, 29.367200143859034], [-88.94263621648491, 29.367200143859034], [-88.94263621648491, 29.412156087034724], [-88.98759215966061, 29.412156087034724], [-88.98759215966061, 29.45711203021041], [-89.0325481028363, 29.45711203021041], [-89.0325481028363, 29.502067973386097], [-89.077504046012, 29.502067973386097], [-89.077504046012, 29.547023916561784], [-89.12245998918769, 29.547023916561784], [-89.12245998918769, 29.591979859737474], [-89.16741593236338, 29.591979859737474], [-89.16741593236338, 29.63693580291316], [-89.21237187553908, 29.63693580291316], [-89.21237187553908, 29.681891746088848], [-89.25732781871477, 29.681891746088848], [-89.34723970506616, 29.81675957561591], [-89.43715159141755, 29.81675957561591], [-89.43715159141755, 29.861715518791602], [-89.48210753459324, 29.861715518791602], [-89.48210753459324, 29.90667146196729], [-89.52706347776893, 29.90667146196729], [-89.52706347776893, 29.951627405142975], [-89.57201942094463, 29.951627405142975], [-89.57201942094463, 29.996583348318666], [-89.61697536412032, 29.996583348318666], [-89.61697536412032, 30.041539291494352], [-89.66193130729602, 30.041539291494352], [-89.66193130729602, 30.08649523467004], [-89.70688725047171, 30.08649523467004], [-89.70688725047171, 30.131451177845726], [-89.7518431936474, 30.131451177845726], [-89.7518431936474, 30.176407121021416], [-89.7967991368231, 30.176407121021416], [-89.7967991368231, 30.221363064197103], [-89.93166696635018, 30.31127495054848], [-89.93166696635018, 30.401186836899853], [-89.97662290952587, 30.401186836899853], [-89.97662290952587, 30.446142780075544], [-90.02157885270157, 30.446142780075544], [-90.02157885270157, 30.49109872325123], [-90.06653479587726, 30.49109872325123], [-90.06653479587726, 30.536054666426917], [-90.11149073905295, 30.536054666426917], [-90.11149073905295, 30.581010609602608], [-90.15644668222865, 30.581010609602608], [-90.15644668222865, 30.625966552778294], [-90.20140262540434, 30.625966552778294], [-90.20140262540434, 30.67092249595398], [-90.24635856858004, 30.67092249595398], [-90.24635856858004, 30.71587843912967], [-90.29131451175573, 30.71587843912967], [-90.29131451175573, 30.760834382305358], [-90.33627045493142, 30.760834382305358], [-90.33627045493142, 30.805790325481045], [-90.38122639810712, 30.805790325481045], [-90.4711382844585, 30.94065815500811], [-90.56105017080989, 30.94065815500811], [-90.56105017080989, 30.985614098183795], [-90.60600611398559, 30.985614098183795], [-90.69591800033697, 31.12048192771086], [-90.78582988668836, 31.12048192771086], [-90.78582988668836, 31.16543787088655], [-90.83078582986406, 31.16543787088655], [-90.83078582986406, 31.210393814062236], [-90.92069771621544, 31.210393814062236], [-90.96565365939114, 31.300305700413613], [-91.2353893184453, 31.300305700413613], [-91.2353893184453, 31.3452616435893], [-91.68494875020224, 31.3452616435893], [-91.68494875020224, 31.300305700413613], [-91.90972846608071, 31.300305700413613], [-91.90972846608071, 31.255349757237923], [-92.04459629560779, 31.255349757237923], [-92.08955223878348, 31.16543787088655], [-92.26937601148626, 31.12048192771086], [-92.26937601148626, 31.075525984535172], [-92.31433195466195, 31.075525984535172], [-92.31433195466195, 31.030570041359486], [-92.35928789783765, 31.030570041359486], [-92.35928789783765, 30.985614098183795], [-92.49415572736473, 30.895702211832422], [-92.49415572736473, 30.805790325481045], [-92.58406761371612, 30.760834382305358], [-92.62902355689181, 30.581010609602608], [-92.7189354432432, 30.536054666426917], [-92.76389138641889, 30.131451177845726], [-92.80884732959458, 30.131451177845726], [-92.80884732959458, 29.861715518791602], [-92.85380327277028, 29.861715518791602], [-92.85380327277028, 29.412156087034724]]]]}}, {"type": "Feature", "properties": {"shapefile": "2021082718_wsp50knt120hr_5km", "PERCENTAGE": "40-50%"}, "geometry": {"type": "MultiPolygon", "coordinates": [[[[-92.85380327277028, 29.412156087034724], [-92.85380327277028, 29.861715518791602], [-92.80884732959458, 29.861715518791602], [-92.80884732959458, 30.131451177845726], [-92.76389138641889, 30.131451177845726], [-92.7189354432432, 30.536054666426917], [-92.62902355689181, 30.581010609602608], [-92.58406761371612, 30.760834382305358], [-92.49415572736473, 30.805790325481045], [-92.49415572736473, 30.895702211832422], [-92.44919978418903, 30.895702211832422], [-92.44919978418903, 30.94065815500811], [-92.40424384101334, 30.94065815500811], [-92.40424384101334, 30.985614098183795], [-92.35928789783765, 30.985614098183795], [-92.26937601148626, 31.12048192771086], [-92.08955223878348, 31.16543787088655], [-92.04459629560779, 31.255349757237923], [-91.90972846608071, 31.255349757237923], [-91.90972846608071, 31.300305700413613], [-91.68494875020224, 31.300305700413613], [-91.68494875020224, 31.3452616435893], [-91.2353893184453, 31.3452616435893], [-91.2353893184453, 31.300305700413613], [-90.96565365939114, 31.300305700413613], [-90.92069771621544, 31.210393814062236], [-90.83078582986406, 31.210393814062236], [-90.78582988668836, 31.12048192771086], [-90.69591800033697, 31.12048192771086], [-90.69591800033697, 31.075525984535172], [-90.65096205716128, 31.075525984535172], [-90.56105017080989, 30.94065815500811], [-90.4711382844585, 30.94065815500811], [-90.4711382844585, 30.895702211832422], [-90.42618234128281, 30.895702211832422], [-90.42618234128281, 30.850746268656735], [-90.38122639810712, 30.850746268656735], [-90.38122639810712, 30.805790325481045], [-90.33627045493142, 30.805790325481045], [-90.33627045493142, 30.760834382305358], [-90.29131451175573, 30.760834382305358], [-90.29131451175573, 30.71587843912967], [-90.24635856858004, 30.71587843912967], [-90.24635856858004, 30.67092249595398], [-90.20140262540434, 30.67092249595398], [-90.20140262540434, 30.625966552778294], [-90.15644668222865, 30.625966552778294], [-90.15644668222865, 30.581010609602608], [-90.11149073905295, 30.581010609602608], [-90.11149073905295, 30.536054666426917], [-90.06653479587726, 30.536054666426917], [-90.06653479587726, 30.49109872325123], [-89.93166696635018, 30.401186836899853], [-89.93166696635018, 30.31127495054848], [-89.88671102317448, 30.31127495054848], [-89.88671102317448, 30.26631900737279], [-89.84175507999879, 30.26631900737279], [-89.84175507999879, 30.221363064197103], [-89.7967991368231, 30.221363064197103], [-89.7967991368231, 30.176407121021416], [-89.7518431936474, 30.176407121021416], [-89.7518431936474, 30.131451177845726], [-89.70688725047171, 30.131451177845726], [-89.70688725047171, 30.08649523467004], [-89.66193130729602, 30.08649523467004], [-89.66193130729602, 30.041539291494352], [-89.61697536412032, 30.041539291494352], [-89.61697536412032, 29.996583348318666], [-89.57201942094463, 29.996583348318666], [-89.57201942094463, 29.951627405142975], [-89.43715159141755, 29.861715518791602], [-89.43715159141755, 29.81675957561591], [-89.34723970506616, 29.81675957561591], [-89.34723970506616, 29.771803632440225], [-89.30228376189046, 29.771803632440225], [-89.30228376189046, 29.726847689264538], [-89.25732781871477, 29.726847689264538], [-89.25732781871477, 29.681891746088848], [-89.21237187553908, 29.681891746088848], [-89.21237187553908, 29.63693580291316], [-89.16741593236338, 29.63693580291316], [-89.16741593236338, 29.591979859737474], [-89.12245998918769, 29.591979859737474], [-89.12245998918769, 29.547023916561784], [-89.077504046012, 29.547023916561784], [-89.077504046012, 29.502067973386097], [-89.0325481028363, 29.502067973386097], [-89.0325481028363, 29.45711203021041], [-88.98759215966061, 29.45711203021041], [-88.98759215966061, 29.412156087034724], [-88.85272433013353, 29.322244200683347], [-88.85272433013353, 29.23233231433197], [-88.80776838695783, 29.23233231433197], [-88.80776838695783, 29.187376371156283], [-88.76281244378214, 29.187376371156283], [-88.76281244378214, 29.142420427980596], [-88.71785650060644, 29.142420427980596], [-88.71785650060644, 29.097464484804906], [-88.67290055743075, 29.097464484804906], [-88.67290055743075, 29.05250854162922], [-88.62794461425506, 29.05250854162922], [-88.62794461425506, 29.007552598453533], [-88.58298867107936, 29.007552598453533], [-88.58298867107936, 28.962596655277842], [-88.53803272790367, 28.962596655277842], [-88.53803272790367, 28.917640712102155], [-88.49307678472798, 28.917640712102155], [-88.49307678472798, 28.87268476892647], [-88.3582089552009, 28.78277288257509], [-88.3582089552009, 28.692860996223715], [-88.3132530120252, 28.692860996223715], [-88.3132530120252, 28.647905053048028], [-88.2682970688495, 28.647905053048028], [-88.2682970688495, 28.60294910987234], [-88.22334112567381, 28.60294910987234], [-88.22334112567381, 28.557993166696654], [-88.17838518249812, 28.557993166696654], [-88.17838518249812, 28.513037223520964], [-88.13342923932242, 28.513037223520964], [-88.13342923932242, 28.468081280345277], [-88.08847329614673, 28.468081280345277], [-88.08847329614673, 28.42312533716959], [-88.04351735297104, 28.42312533716959], [-88.04351735297104, 28.3781693939939], [-87.99856140979534, 28.3781693939939], [-87.99856140979534, 28.333213450818214], [-87.95360546661965, 28.333213450818214], [-87.95360546661965, 28.288257507642527], [-87.81873763709257, 28.19834562129115], [-87.81873763709257, 28.108433734939773], [-87.77378169391687, 28.108433734939773], [-87.77378169391687, 28.063477791764086], [-87.72882575074118, 28.063477791764086], [-87.72882575074118, 28.0185218485884], [-87.68386980756549, 28.0185218485884], [-87.68386980756549, 27.973565905412713], [-87.63891386438979, 27.973565905412713], [-87.63891386438979, 27.928609962237022], [-87.5939579212141, 27.928609962237022], [-87.5939579212141, 27.883654019061336], [-87.5490019780384, 27.883654019061336], [-87.5490019780384, 27.83869807588565], [-87.50404603486271, 27.83869807588565], [-87.50404603486271, 27.79374213270996], [-87.45909009168702, 27.79374213270996], [-87.45909009168702, 27.748786189534272], [-87.41413414851132, 27.748786189534272], [-87.41413414851132, 27.703830246358585], [-87.36917820533563, 27.703830246358585], [-87.36917820533563, 27.658874303182895], [-87.32422226215994, 27.658874303182895], [-87.32422226215994, 27.613918360007208], [-87.27926631898424, 27.613918360007208], [-87.27926631898424, 27.56896241683152], [-87.23431037580855, 27.56896241683152], [-87.23431037580855, 27.52400647365583], [-87.18935443263285, 27.52400647365583], [-87.18935443263285, 27.479050530480144], [-87.14439848945716, 27.479050530480144], [-87.14439848945716, 27.434094587304457], [-87.09944254628147, 27.434094587304457], [-87.09944254628147, 27.389138644128767], [-87.05448660310577, 27.389138644128767], [-87.05448660310577, 27.34418270095308], [-87.00953065993008, 27.34418270095308], [-87.00953065993008, 27.299226757777394], [-86.96457471675438, 27.299226757777394], [-86.96457471675438, 27.254270814601703], [-86.91961877357869, 27.254270814601703], [-86.91961877357869, 27.209314871426017], [-86.874662830403, 27.209314871426017], [-86.874662830403, 27.16435892825033], [-86.8297068872273, 27.16435892825033], [-86.8297068872273, 27.119402985074643], [-86.78475094405161, 27.119402985074643], [-86.78475094405161, 27.074447041898953], [-86.73979500087592, 27.074447041898953], [-86.73979500087592, 27.029491098723266], [-86.69483905770022, 27.029491098723266], [-86.69483905770022, 26.98453515554758], [-86.64988311452453, 26.98453515554758], [-86.64988311452453, 26.93957921237189], [-86.60492717134883, 26.93957921237189], [-86.60492717134883, 26.894623269196202], [-86.55997122817314, 26.894623269196202], [-86.55997122817314, 26.849667326020516], [-86.51501528499745, 26.849667326020516], [-86.51501528499745, 26.804711382844825], [-86.47005934182175, 26.804711382844825], [-86.47005934182175, 26.75975543966914], [-86.42510339864606, 26.75975543966914], [-86.42510339864606, 26.714799496493452], [-86.38014745547036, 26.714799496493452], [-86.38014745547036, 26.66984355331776], [-86.33519151229467, 26.66984355331776], [-86.24527962594328, 26.5349757237907], [-86.20032368276759, 26.5349757237907], [-86.20032368276759, 26.49001978061501], [-86.1553677395919, 26.49001978061501], [-86.1553677395919, 26.445063837439324], [-86.1104117964162, 26.445063837439324], [-86.1104117964162, 26.400107894263638], [-85.97554396688912, 26.31019600791226], [-85.97554396688912, 26.220284121560884], [-85.93058802371343, 26.220284121560884], [-85.93058802371343, 26.175328178385197], [-85.88563208053773, 26.175328178385197], [-85.88563208053773, 26.13037223520951], [-85.84067613736204, 26.13037223520951], [-85.84067613736204, 26.08541629203382], [-85.79572019418634, 26.08541629203382], [-85.79572019418634, 26.040460348858133], [-85.75076425101065, 26.040460348858133], [-85.75076425101065, 25.995504405682446], [-85.70580830783496, 25.995504405682446], [-85.70580830783496, 25.950548462506756], [-85.66085236465926, 25.950548462506756], [-85.66085236465926, 25.90559251933107], [-85.61589642148357, 25.90559251933107], [-85.61589642148357, 25.860636576155382], [-85.57094047830788, 25.860636576155382], [-85.57094047830788, 25.815680632979692], [-85.52598453513218, 25.815680632979692], [-85.52598453513218, 25.770724689804005], [-85.48102859195649, 25.770724689804005], [-85.48102859195649, 25.72576874662832], [-85.4360726487808, 25.72576874662832], [-85.4360726487808, 25.680812803452632], [-85.3911167056051, 25.680812803452632], [-85.3911167056051, 25.63585686027694], [-85.3461607624294, 25.63585686027694], [-85.3461607624294, 25.590900917101255], [-85.30120481925371, 25.590900917101255], [-85.30120481925371, 25.545944973925568], [-85.25624887607802, 25.545944973925568], [-85.25624887607802, 25.500989030749878], [-85.21129293290232, 25.500989030749878], [-85.21129293290232, 25.45603308757419], [-85.16633698972663, 25.45603308757419], [-85.16633698972663, 25.411077144398504], [-85.12138104655094, 25.411077144398504], [-85.12138104655094, 25.366121201222814], [-85.07642510337524, 25.366121201222814], [-85.07642510337524, 25.321165258047127], [-84.94155727384816, 25.23125337169575], [-84.94155727384816, 25.141341485344377], [-84.89660133067247, 25.141341485344377], [-84.89660133067247, 25.09638554216869], [-84.85164538749677, 25.09638554216869], [-84.85164538749677, 25.051429598993], [-84.80668944432108, 25.051429598993], [-84.80668944432108, 25.006473655817313], [-84.76173350114539, 25.006473655817313], [-84.76173350114539, 24.961517712641626], [-84.71677755796969, 24.961517712641626], [-84.71677755796969, 24.916561769465936], [-84.671821614794, 24.916561769465936], [-84.671821614794, 24.87160582629025], [-84.6268656716183, 24.87160582629025], [-84.6268656716183, 24.826649883114563], [-84.58190972844261, 24.826649883114563], [-84.58190972844261, 24.781693939938872], [-84.53695378526692, 24.781693939938872], [-84.53695378526692, 24.736737996763186], [-84.49199784209122, 24.736737996763186], [-84.49199784209122, 24.6917820535875], [-84.44704189891553, 24.6917820535875], [-84.44704189891553, 24.64682611041181], [-84.31217406938845, 24.556914224060435], [-84.31217406938845, 24.467002337709058], [-84.26721812621275, 24.467002337709058], [-84.26721812621275, 24.42204639453337], [-84.22226218303706, 24.42204639453337], [-84.22226218303706, 24.37709045135768], [-84.17730623986137, 24.37709045135768], [-84.17730623986137, 24.332134508181994], [-84.13235029668567, 24.332134508181994], [-84.13235029668567, 24.287178565006307], [-83.99748246715859, 24.19726667865493], [-83.99748246715859, 24.107354792303557], [-83.9525265239829, 24.107354792303557], [-83.9525265239829, 24.062398849127867], [-83.9075705808072, 24.062398849127867], [-83.9075705808072, 24.01744290595218], [-83.77270275128012, 23.927531019600803], [-83.77270275128012, 23.83761913324943], [-83.72774680810443, 23.83761913324943], [-83.72774680810443, 23.79266319007374], [-83.59287897857735, 23.702751303722366], [-83.59287897857735, 23.61283941737099], [-83.45801114905026, 23.522927531019615], [-83.45801114905026, 23.433015644668238], [-83.41305520587457, 23.433015644668238], [-83.41305520587457, 23.38805970149255], [-83.36809926269888, 23.38805970149255], [-83.36809926269888, 23.34310375831686], [-83.32314331952318, 23.34310375831686], [-83.32314331952318, 23.298147815141174], [-83.27818737634749, 23.298147815141174], [-83.27818737634749, 23.253191871965488], [-83.2332314331718, 23.253191871965488], [-83.2332314331718, 23.208235928789797], [-83.09836360364471, 23.118324042438424], [-83.09836360364471, 23.073368099262733], [-83.00845171729333, 23.073368099262733], [-82.91853983094194, 22.93850026973567], [-82.82862794459055, 22.93850026973567], [-82.82862794459055, 22.893544326559983], [-82.78367200141486, 22.893544326559983], [-82.78367200141486, 22.848588383384296], [-82.73871605823916, 22.848588383384296], [-82.73871605823916, 22.80363244020861], [-82.69376011506347, 22.80363244020861], [-82.69376011506347, 22.75867649703292], [-82.64880417188778, 22.75867649703292], [-82.64880417188778, 22.713720553857232], [-82.60384822871208, 22.713720553857232], [-82.60384822871208, 22.668764610681546], [-82.55889228553639, 22.668764610681546], [-82.55889228553639, 22.623808667505855], [-82.5139363423607, 22.623808667505855], [-82.5139363423607, 22.57885272433017], [-82.468980399185, 22.57885272433017], [-82.468980399185, 22.533896781154482], [-82.4240244560093, 22.533896781154482], [-82.4240244560093, 22.48894083797879], [-82.37906851283361, 22.48894083797879], [-82.37906851283361, 22.443984894803105], [-82.24420068330653, 22.354073008451728], [-82.24420068330653, 22.264161122100354], [-82.15428879695514, 22.219205178924668], [-82.15428879695514, 22.084337349397604], [-82.10933285377945, 22.084337349397604], [-82.10933285377945, 21.90451357669485], [-82.06437691060376, 21.90451357669485], [-82.06437691060376, 21.679733860816413], [-82.10933285377945, 21.679733860816413], [-82.10933285377945, 21.54486603128935], [-82.15428879695514, 21.54486603128935], [-82.19924474013084, 21.365042258586598], [-82.24420068330653, 21.365042258586598], [-82.28915662648222, 21.27513037223522], [-82.37906851283361, 21.27513037223522], [-82.37906851283361, 21.230174429059534], [-82.64880417188778, 21.230174429059534], [-82.64880417188778, 21.27513037223522], [-82.82862794459055, 21.320086315410908], [-82.82862794459055, 21.365042258586598], [-82.87358388776624, 21.365042258586598], [-82.87358388776624, 21.409998201762285], [-82.96349577411763, 21.409998201762285], [-82.96349577411763, 21.45495414493797], [-83.00845171729333, 21.45495414493797], [-83.09836360364471, 21.589821974465035], [-83.1882754899961, 21.589821974465035], [-83.1882754899961, 21.634777917640722], [-83.2332314331718, 21.634777917640722], [-83.2332314331718, 21.679733860816413], [-83.27818737634749, 21.679733860816413], [-83.27818737634749, 21.7246898039921], [-83.32314331952318, 21.7246898039921], [-83.32314331952318, 21.769645747167786], [-83.36809926269888, 21.769645747167786], [-83.36809926269888, 21.814601690343476], [-83.41305520587457, 21.814601690343476], [-83.41305520587457, 21.859557633519163], [-83.54792303540165, 21.94946951987054], [-83.54792303540165, 21.994425463046227], [-83.63783492175304, 21.994425463046227], [-83.63783492175304, 22.039381406221914], [-83.68279086492873, 22.039381406221914], [-83.68279086492873, 22.084337349397604], [-83.72774680810443, 22.084337349397604], [-83.72774680810443, 22.12929329257329], [-83.77270275128012, 22.12929329257329], [-83.86261463763151, 22.264161122100354], [-83.9525265239829, 22.264161122100354], [-84.04243841033428, 22.399028951627418], [-84.13235029668567, 22.399028951627418], [-84.13235029668567, 22.443984894803105], [-84.22226218303706, 22.443984894803105], [-84.22226218303706, 22.48894083797879], [-84.31217406938845, 22.48894083797879], [-84.31217406938845, 22.533896781154482], [-84.40208595573984, 22.533896781154482], [-84.40208595573984, 22.57885272433017], [-84.49199784209122, 22.57885272433017], [-84.49199784209122, 22.623808667505855], [-84.671821614794, 22.668764610681546], [-84.71677755796969, 22.75867649703292], [-84.80668944432108, 22.75867649703292], [-84.80668944432108, 22.80363244020861], [-84.85164538749677, 22.80363244020861], [-84.85164538749677, 22.848588383384296], [-84.94155727384816, 22.848588383384296], [-84.98651321702386, 22.93850026973567], [-85.07642510337524, 22.93850026973567], [-85.07642510337524, 22.98345621291136], [-85.16633698972663, 22.98345621291136], [-85.21129293290232, 23.073368099262733], [-85.30120481925371, 23.073368099262733], [-85.3461607624294, 23.16327998561411], [-85.4360726487808, 23.16327998561411], [-85.52598453513218, 23.298147815141174], [-85.61589642148357, 23.298147815141174], [-85.66085236465926, 23.38805970149255], [-85.75076425101065, 23.38805970149255], [-85.75076425101065, 23.433015644668238], [-85.79572019418634, 23.433015644668238], [-85.79572019418634, 23.477971587843925], [-85.88563208053773, 23.477971587843925], [-85.93058802371343, 23.567883474195302], [-86.02049991006481, 23.567883474195302], [-86.06545585324051, 23.65779536054668], [-86.1553677395919, 23.65779536054668], [-86.24527962594328, 23.79266319007374], [-86.33519151229467, 23.79266319007374], [-86.38014745547036, 23.882575076425116], [-86.47005934182175, 23.882575076425116], [-86.51501528499745, 23.972486962776493], [-86.60492717134883, 23.972486962776493], [-86.69483905770022, 24.107354792303557], [-86.78475094405161, 24.107354792303557], [-86.8297068872273, 24.19726667865493], [-86.91961877357869, 24.19726667865493], [-86.96457471675438, 24.287178565006307], [-87.05448660310577, 24.287178565006307], [-87.09944254628147, 24.37709045135768], [-87.18935443263285, 24.37709045135768], [-87.27926631898424, 24.511958280884745], [-87.36917820533563, 24.511958280884745], [-87.41413414851132, 24.60187016723612], [-87.50404603486271, 24.60187016723612], [-87.5490019780384, 24.6917820535875], [-87.63891386438979, 24.6917820535875], [-87.68386980756549, 24.781693939938872], [-87.77378169391687, 24.781693939938872], [-87.86369358026826, 24.916561769465936], [-87.95360546661965, 24.916561769465936], [-87.95360546661965, 24.961517712641626], [-87.99856140979534, 24.961517712641626], [-87.99856140979534, 25.006473655817313], [-88.08847329614673, 25.006473655817313], [-88.17838518249812, 25.141341485344377], [-88.2682970688495, 25.141341485344377], [-88.3132530120252, 25.23125337169575], [-88.40316489837659, 25.23125337169575], [-88.49307678472798, 25.366121201222814], [-88.58298867107936, 25.366121201222814], [-88.62794461425506, 25.45603308757419], [-88.71785650060644, 25.45603308757419], [-88.76281244378214, 25.545944973925568], [-88.85272433013353, 25.545944973925568], [-88.94263621648491, 25.680812803452632], [-89.0325481028363, 25.680812803452632], [-89.077504046012, 25.770724689804005], [-89.16741593236338, 25.770724689804005], [-89.25732781871477, 25.90559251933107], [-89.34723970506616, 25.90559251933107], [-89.39219564824185, 25.995504405682446], [-89.48210753459324, 25.995504405682446], [-89.48210753459324, 26.040460348858133], [-89.52706347776893, 26.040460348858133], [-89.52706347776893, 26.08541629203382], [-89.61697536412032, 26.08541629203382], [-89.66193130729602, 26.175328178385197], [-89.7518431936474, 26.175328178385197], [-89.84175507999879, 26.31019600791226], [-89.93166696635018, 26.31019600791226], [-89.97662290952587, 26.400107894263638], [-90.06653479587726, 26.400107894263638], [-90.11149073905295, 26.49001978061501], [-90.20140262540434, 26.49001978061501], [-90.29131451175573, 26.624887610142075], [-90.38122639810712, 26.624887610142075], [-90.4711382844585, 26.75975543966914], [-90.56105017080989, 26.75975543966914], [-90.60600611398559, 26.849667326020516], [-90.69591800033697, 26.849667326020516], [-90.69591800033697, 26.894623269196202], [-90.74087394351267, 26.894623269196202], [-90.83078582986406, 27.029491098723266], [-90.92069771621544, 27.029491098723266], [-90.92069771621544, 27.074447041898953], [-90.96565365939114, 27.074447041898953], [-91.01060960256683, 27.16435892825033], [-91.10052148891822, 27.16435892825033], [-91.10052148891822, 27.209314871426017], [-91.14547743209391, 27.209314871426017], [-91.2353893184453, 27.34418270095308], [-91.32530120479669, 27.34418270095308], [-91.32530120479669, 27.389138644128767], [-91.37025714797238, 27.389138644128767], [-91.37025714797238, 27.434094587304457], [-91.41521309114808, 27.434094587304457], [-91.50512497749946, 27.56896241683152], [-91.59503686385085, 27.56896241683152], [-91.59503686385085, 27.613918360007208], [-91.63999280702654, 27.613918360007208], [-91.63999280702654, 27.658874303182895], [-91.68494875020224, 27.658874303182895], [-91.68494875020224, 27.703830246358585], [-91.72990469337793, 27.703830246358585], [-91.72990469337793, 27.748786189534272], [-91.77486063655363, 27.748786189534272], [-91.77486063655363, 27.79374213270996], [-91.81981657972932, 27.79374213270996], [-91.81981657972932, 27.83869807588565], [-91.86477252290501, 27.83869807588565], [-91.86477252290501, 27.883654019061336], [-91.90972846608071, 27.883654019061336], [-91.90972846608071, 27.928609962237022], [-91.9546844092564, 27.928609962237022], [-91.9546844092564, 27.973565905412713], [-91.9996403524321, 27.973565905412713], [-91.9996403524321, 28.0185218485884], [-92.04459629560779, 28.0185218485884], [-92.04459629560779, 28.063477791764086], [-92.08955223878348, 28.063477791764086], [-92.08955223878348, 28.108433734939773], [-92.22442006831056, 28.19834562129115], [-92.22442006831056, 28.288257507642527], [-92.35928789783765, 28.3781693939939], [-92.35928789783765, 28.468081280345277], [-92.40424384101334, 28.468081280345277], [-92.40424384101334, 28.513037223520964], [-92.44919978418903, 28.513037223520964], [-92.44919978418903, 28.60294910987234], [-92.53911167054042, 28.647905053048028], [-92.58406761371612, 28.82772882575078], [-92.6739795000675, 28.87268476892647], [-92.6739795000675, 28.962596655277842], [-92.7189354432432, 28.962596655277842], [-92.7189354432432, 29.097464484804906], [-92.76389138641889, 29.097464484804906], [-92.76389138641889, 29.23233231433197], [-92.80884732959458, 29.23233231433197], [-92.80884732959458, 29.412156087034724], [-92.85380327277028, 29.412156087034724]], [[-92.58406761371612, 29.412156087034724], [-92.53911167054042, 29.412156087034724], [-92.53911167054042, 29.27728825750766], [-92.49415572736473, 29.27728825750766], [-92.49415572736473, 29.097464484804906], [-92.44919978418903, 29.097464484804906], [-92.44919978418903, 29.007552598453533], [-92.40424384101334, 29.007552598453533], [-92.40424384101334, 28.917640712102155], [-92.35928789783765, 28.917640712102155], [-92.35928789783765, 28.82772882575078], [-92.26937601148626, 28.78277288257509], [-92.22442006831056, 28.60294910987234], [-92.17946412513487, 28.60294910987234], [-92.17946412513487, 28.557993166696654], [-92.13450818195918, 28.557993166696654], [-92.13450818195918, 28.468081280345277], [-91.9996403524321, 28.3781693939939], [-91.9996403524321, 28.288257507642527], [-91.9546844092564, 28.288257507642527], [-91.9546844092564, 28.243301564466837], [-91.90972846608071, 28.243301564466837], [-91.90972846608071, 28.19834562129115], [-91.86477252290501, 28.19834562129115], [-91.86477252290501, 28.153389678115463], [-91.81981657972932, 28.153389678115463], [-91.81981657972932, 28.108433734939773], [-91.77486063655363, 28.108433734939773], [-91.77486063655363, 28.063477791764086], [-91.72990469337793, 28.063477791764086], [-91.72990469337793, 28.0185218485884], [-91.68494875020224, 28.0185218485884], [-91.68494875020224, 27.973565905412713], [-91.63999280702654, 27.973565905412713], [-91.63999280702654, 27.928609962237022], [-91.59503686385085, 27.928609962237022], [-91.59503686385085, 27.883654019061336], [-91.55008092067516, 27.883654019061336], [-91.55008092067516, 27.83869807588565], [-91.50512497749946, 27.83869807588565], [-91.50512497749946, 27.79374213270996], [-91.37025714797238, 27.703830246358585], [-91.37025714797238, 27.658874303182895], [-91.280345261621, 27.658874303182895], [-91.280345261621, 27.613918360007208], [-91.2353893184453, 27.613918360007208], [-91.2353893184453, 27.56896241683152], [-91.1904333752696, 27.56896241683152], [-91.1904333752696, 27.52400647365583], [-91.14547743209391, 27.52400647365583], [-91.05556554574252, 27.389138644128767], [-90.96565365939114, 27.389138644128767], [-90.96565365939114, 27.34418270095308], [-90.92069771621544, 27.34418270095308], [-90.83078582986406, 27.209314871426017], [-90.74087394351267, 27.209314871426017], [-90.65096205716128, 27.074447041898953], [-90.56105017080989, 27.074447041898953], [-90.56105017080989, 27.029491098723266], [-90.5160942276342, 27.029491098723266], [-90.42618234128281, 26.894623269196202], [-90.33627045493142, 26.894623269196202], [-90.33627045493142, 26.849667326020516], [-90.29131451175573, 26.849667326020516], [-90.24635856858004, 26.75975543966914], [-90.15644668222865, 26.75975543966914], [-90.06653479587726, 26.624887610142075], [-89.97662290952587, 26.624887610142075], [-89.97662290952587, 26.579931666966388], [-89.93166696635018, 26.579931666966388], [-89.93166696635018, 26.5349757237907], [-89.84175507999879, 26.5349757237907], [-89.7518431936474, 26.400107894263638], [-89.66193130729602, 26.400107894263638], [-89.61697536412032, 26.31019600791226], [-89.52706347776893, 26.31019600791226], [-89.43715159141755, 26.175328178385197], [-89.34723970506616, 26.175328178385197], [-89.30228376189046, 26.08541629203382], [-89.21237187553908, 26.08541629203382], [-89.12245998918769, 25.950548462506756], [-89.0325481028363, 25.950548462506756], [-88.94263621648491, 25.815680632979692], [-88.85272433013353, 25.815680632979692], [-88.80776838695783, 25.72576874662832], [-88.71785650060644, 25.72576874662832], [-88.71785650060644, 25.680812803452632], [-88.67290055743075, 25.680812803452632], [-88.62794461425506, 25.590900917101255], [-88.53803272790367, 25.590900917101255], [-88.44812084155228, 25.45603308757419], [-88.3582089552009, 25.45603308757419], [-88.3132530120252, 25.366121201222814], [-88.22334112567381, 25.366121201222814], [-88.22334112567381, 25.321165258047127], [-88.17838518249812, 25.321165258047127], [-88.13342923932242, 25.23125337169575], [-88.04351735297104, 25.23125337169575], [-87.95360546661965, 25.09638554216869], [-87.86369358026826, 25.09638554216869], [-87.81873763709257, 25.006473655817313], [-87.72882575074118, 25.006473655817313], [-87.72882575074118, 24.961517712641626], [-87.68386980756549, 24.961517712641626], [-87.63891386438979, 24.87160582629025], [-87.5490019780384, 24.87160582629025], [-87.45909009168702, 24.736737996763186], [-87.36917820533563, 24.736737996763186], [-87.32422226215994, 24.64682611041181], [-87.23431037580855, 24.64682611041181], [-87.23431037580855, 24.60187016723612], [-87.18935443263285, 24.60187016723612], [-87.18935443263285, 24.556914224060435], [-87.09944254628147, 24.556914224060435], [-87.05448660310577, 24.467002337709058], [-86.96457471675438, 24.467002337709058], [-86.874662830403, 24.332134508181994], [-86.78475094405161, 24.332134508181994], [-86.73979500087592, 24.24222262183062], [-86.64988311452453, 24.24222262183062], [-86.55997122817314, 24.107354792303557], [-86.47005934182175, 24.107354792303557], [-86.42510339864606, 24.01744290595218], [-86.33519151229467, 24.01744290595218], [-86.24527962594328, 23.882575076425116], [-86.1553677395919, 23.882575076425116], [-86.1104117964162, 23.79266319007374], [-86.02049991006481, 23.79266319007374], [-86.02049991006481, 23.747707246898052], [-85.97554396688912, 23.747707246898052], [-85.97554396688912, 23.702751303722366], [-85.88563208053773, 23.702751303722366], [-85.84067613736204, 23.61283941737099], [-85.75076425101065, 23.61283941737099], [-85.66085236465926, 23.477971587843925], [-85.57094047830788, 23.477971587843925], [-85.52598453513218, 23.38805970149255], [-85.4360726487808, 23.38805970149255], [-85.3461607624294, 23.253191871965488], [-85.25624887607802, 23.253191871965488], [-85.21129293290232, 23.16327998561411], [-85.12138104655094, 23.16327998561411], [-85.07642510337524, 23.073368099262733], [-84.98651321702386, 23.073368099262733], [-84.94155727384816, 22.98345621291136], [-84.85164538749677, 22.98345621291136], [-84.85164538749677, 22.93850026973567], [-84.80668944432108, 22.93850026973567], [-84.80668944432108, 22.893544326559983], [-84.71677755796969, 22.893544326559983], [-84.671821614794, 22.80363244020861], [-84.58190972844261, 22.80363244020861], [-84.58190972844261, 22.75867649703292], [-84.49199784209122, 22.75867649703292], [-84.49199784209122, 22.713720553857232], [-84.40208595573984, 22.713720553857232], [-84.40208595573984, 22.668764610681546], [-84.31217406938845, 22.668764610681546], [-84.31217406938845, 22.623808667505855], [-84.22226218303706, 22.623808667505855], [-84.22226218303706, 22.57885272433017], [-84.13235029668567, 22.57885272433017], [-84.13235029668567, 22.533896781154482], [-83.9525265239829, 22.48894083797879], [-83.9525265239829, 22.443984894803105], [-83.9075705808072, 22.443984894803105], [-83.9075705808072, 22.399028951627418], [-83.86261463763151, 22.399028951627418], [-83.77270275128012, 22.264161122100354], [-83.68279086492873, 22.264161122100354], [-83.68279086492873, 22.219205178924668], [-83.63783492175304, 22.219205178924668], [-83.63783492175304, 22.174249235748977], [-83.59287897857735, 22.174249235748977], [-83.59287897857735, 22.12929329257329], [-83.54792303540165, 22.12929329257329], [-83.54792303540165, 22.084337349397604], [-83.50296709222596, 22.084337349397604], [-83.50296709222596, 22.039381406221914], [-83.45801114905026, 22.039381406221914], [-83.45801114905026, 21.994425463046227], [-83.41305520587457, 21.994425463046227], [-83.41305520587457, 21.94946951987054], [-83.36809926269888, 21.94946951987054], [-83.36809926269888, 21.90451357669485], [-83.32314331952318, 21.90451357669485], [-83.32314331952318, 21.859557633519163], [-83.27818737634749, 21.859557633519163], [-83.27818737634749, 21.814601690343476], [-83.2332314331718, 21.814601690343476], [-83.14331954682041, 21.679733860816413], [-83.05340766046902, 21.679733860816413], [-83.05340766046902, 21.634777917640722], [-83.00845171729333, 21.634777917640722], [-82.91853983094194, 21.49991008811366], [-82.82862794459055, 21.49991008811366], [-82.73871605823916, 21.365042258586598], [-82.64880417188778, 21.365042258586598], [-82.64880417188778, 21.320086315410908], [-82.55889228553639, 21.320086315410908], [-82.55889228553639, 21.27513037223522], [-82.4240244560093, 21.27513037223522], [-82.4240244560093, 21.320086315410908], [-82.33411256965792, 21.320086315410908], [-82.33411256965792, 21.365042258586598], [-82.24420068330653, 21.409998201762285], [-82.24420068330653, 21.49991008811366], [-82.19924474013084, 21.49991008811366], [-82.19924474013084, 21.634777917640722], [-82.15428879695514, 21.634777917640722], [-82.15428879695514, 21.94946951987054], [-82.19924474013084, 21.94946951987054], [-82.19924474013084, 22.12929329257329], [-82.28915662648222, 22.174249235748977], [-82.28915662648222, 22.264161122100354], [-82.33411256965792, 22.264161122100354], [-82.33411256965792, 22.30911706527604], [-82.37906851283361, 22.30911706527604], [-82.37906851283361, 22.354073008451728], [-82.4240244560093, 22.354073008451728], [-82.4240244560093, 22.399028951627418], [-82.468980399185, 22.399028951627418], [-82.468980399185, 22.443984894803105], [-82.5139363423607, 22.443984894803105], [-82.5139363423607, 22.48894083797879], [-82.55889228553639, 22.48894083797879], [-82.55889228553639, 22.533896781154482], [-82.60384822871208, 22.533896781154482], [-82.60384822871208, 22.57885272433017], [-82.64880417188778, 22.57885272433017], [-82.64880417188778, 22.623808667505855], [-82.69376011506347, 22.623808667505855], [-82.69376011506347, 22.668764610681546], [-82.73871605823916, 22.668764610681546], [-82.73871605823916, 22.713720553857232], [-82.87358388776624, 22.80363244020861], [-82.87358388776624, 22.848588383384296], [-82.96349577411763, 22.848588383384296], [-82.96349577411763, 22.893544326559983], [-83.00845171729333, 22.893544326559983], [-83.00845171729333, 22.93850026973567], [-83.09836360364471, 22.93850026973567], [-83.14331954682041, 23.028412156087047], [-83.2332314331718, 23.028412156087047], [-83.2332314331718, 23.073368099262733], [-83.27818737634749, 23.073368099262733], [-83.27818737634749, 23.118324042438424], [-83.32314331952318, 23.118324042438424], [-83.32314331952318, 23.16327998561411], [-83.36809926269888, 23.16327998561411], [-83.36809926269888, 23.208235928789797], [-83.50296709222596, 23.298147815141174], [-83.50296709222596, 23.38805970149255], [-83.63783492175304, 23.477971587843925], [-83.63783492175304, 23.567883474195302], [-83.77270275128012, 23.65779536054668], [-83.77270275128012, 23.747707246898052], [-83.81765869445582, 23.747707246898052], [-83.81765869445582, 23.79266319007374], [-83.86261463763151, 23.79266319007374], [-83.86261463763151, 23.83761913324943], [-83.9075705808072, 23.83761913324943], [-83.9075705808072, 23.882575076425116], [-84.04243841033428, 23.972486962776493], [-84.04243841033428, 24.062398849127867], [-84.08739435350998, 24.062398849127867], [-84.08739435350998, 24.107354792303557], [-84.13235029668567, 24.107354792303557], [-84.13235029668567, 24.152310735479244], [-84.17730623986137, 24.152310735479244], [-84.17730623986137, 24.19726667865493], [-84.22226218303706, 24.19726667865493], [-84.22226218303706, 24.24222262183062], [-84.26721812621275, 24.24222262183062], [-84.26721812621275, 24.287178565006307], [-84.31217406938845, 24.287178565006307], [-84.31217406938845, 24.332134508181994], [-84.35713001256414, 24.332134508181994], [-84.35713001256414, 24.37709045135768], [-84.49199784209122, 24.467002337709058], [-84.49199784209122, 24.556914224060435], [-84.53695378526692, 24.556914224060435], [-84.53695378526692, 24.60187016723612], [-84.58190972844261, 24.60187016723612], [-84.58190972844261, 24.64682611041181], [-84.6268656716183, 24.64682611041181], [-84.6268656716183, 24.6917820535875], [-84.671821614794, 24.6917820535875], [-84.671821614794, 24.736737996763186], [-84.71677755796969, 24.736737996763186], [-84.71677755796969, 24.781693939938872], [-84.76173350114539, 24.781693939938872], [-84.76173350114539, 24.826649883114563], [-84.80668944432108, 24.826649883114563], [-84.80668944432108, 24.87160582629025], [-84.85164538749677, 24.87160582629025], [-84.85164538749677, 24.916561769465936], [-84.89660133067247, 24.916561769465936], [-84.89660133067247, 24.961517712641626], [-84.94155727384816, 24.961517712641626], [-84.94155727384816, 25.006473655817313], [-84.98651321702386, 25.006473655817313], [-84.98651321702386, 25.051429598993], [-85.03146916019955, 25.051429598993], [-85.03146916019955, 25.09638554216869], [-85.07642510337524, 25.09638554216869], [-85.07642510337524, 25.141341485344377], [-85.12138104655094, 25.141341485344377], [-85.12138104655094, 25.186297428520064], [-85.16633698972663, 25.186297428520064], [-85.16633698972663, 25.23125337169575], [-85.21129293290232, 25.23125337169575], [-85.21129293290232, 25.27620931487144], [-85.25624887607802, 25.27620931487144], [-85.25624887607802, 25.321165258047127], [-85.30120481925371, 25.321165258047127], [-85.30120481925371, 25.366121201222814], [-85.3461607624294, 25.366121201222814], [-85.3461607624294, 25.411077144398504], [-85.3911167056051, 25.411077144398504], [-85.3911167056051, 25.45603308757419], [-85.4360726487808, 25.45603308757419], [-85.4360726487808, 25.500989030749878], [-85.48102859195649, 25.500989030749878], [-85.48102859195649, 25.545944973925568], [-85.52598453513218, 25.545944973925568], [-85.52598453513218, 25.590900917101255], [-85.57094047830788, 25.590900917101255], [-85.57094047830788, 25.63585686027694], [-85.61589642148357, 25.63585686027694], [-85.61589642148357, 25.680812803452632], [-85.66085236465926, 25.680812803452632], [-85.66085236465926, 25.72576874662832], [-85.70580830783496, 25.72576874662832], [-85.70580830783496, 25.770724689804005], [-85.75076425101065, 25.770724689804005], [-85.75076425101065, 25.815680632979692], [-85.79572019418634, 25.815680632979692], [-85.79572019418634, 25.860636576155382], [-85.84067613736204, 25.860636576155382], [-85.84067613736204, 25.90559251933107], [-85.88563208053773, 25.90559251933107], [-85.88563208053773, 25.950548462506756], [-85.93058802371343, 25.950548462506756], [-86.02049991006481, 26.08541629203382], [-86.06545585324051, 26.08541629203382], [-86.06545585324051, 26.175328178385197], [-86.1104117964162, 26.175328178385197], [-86.1104117964162, 26.220284121560884], [-86.1553677395919, 26.220284121560884], [-86.1553677395919, 26.265240064736574], [-86.20032368276759, 26.265240064736574], [-86.20032368276759, 26.31019600791226], [-86.24527962594328, 26.31019600791226], [-86.24527962594328, 26.355151951087947], [-86.29023556911898, 26.355151951087947], [-86.38014745547036, 26.49001978061501], [-86.47005934182175, 26.49001978061501], [-86.47005934182175, 26.5349757237907], [-86.51501528499745, 26.5349757237907], [-86.51501528499745, 26.579931666966388], [-86.55997122817314, 26.579931666966388], [-86.55997122817314, 26.624887610142075], [-86.60492717134883, 26.624887610142075], [-86.60492717134883, 26.66984355331776], [-86.64988311452453, 26.66984355331776], [-86.64988311452453, 26.714799496493452], [-86.69483905770022, 26.714799496493452], [-86.69483905770022, 26.75975543966914], [-86.73979500087592, 26.75975543966914], [-86.73979500087592, 26.804711382844825], [-86.78475094405161, 26.804711382844825], [-86.78475094405161, 26.849667326020516], [-86.8297068872273, 26.849667326020516], [-86.8297068872273, 26.894623269196202], [-86.874662830403, 26.894623269196202], [-86.874662830403, 26.93957921237189], [-86.91961877357869, 26.93957921237189], [-86.91961877357869, 26.98453515554758], [-86.96457471675438, 26.98453515554758], [-86.96457471675438, 27.029491098723266], [-87.00953065993008, 27.029491098723266], [-87.00953065993008, 27.074447041898953], [-87.05448660310577, 27.074447041898953], [-87.05448660310577, 27.119402985074643], [-87.09944254628147, 27.119402985074643], [-87.09944254628147, 27.16435892825033], [-87.14439848945716, 27.16435892825033], [-87.14439848945716, 27.209314871426017], [-87.18935443263285, 27.209314871426017], [-87.18935443263285, 27.254270814601703], [-87.23431037580855, 27.254270814601703], [-87.23431037580855, 27.299226757777394], [-87.27926631898424, 27.299226757777394], [-87.27926631898424, 27.34418270095308], [-87.32422226215994, 27.34418270095308], [-87.32422226215994, 27.389138644128767], [-87.36917820533563, 27.389138644128767], [-87.36917820533563, 27.434094587304457], [-87.41413414851132, 27.434094587304457], [-87.41413414851132, 27.479050530480144], [-87.45909009168702, 27.479050530480144], [-87.45909009168702, 27.52400647365583], [-87.50404603486271, 27.52400647365583], [-87.50404603486271, 27.56896241683152], [-87.5490019780384, 27.56896241683152], [-87.5490019780384, 27.613918360007208], [-87.5939579212141, 27.613918360007208], [-87.5939579212141, 27.658874303182895], [-87.63891386438979, 27.658874303182895], [-87.63891386438979, 27.703830246358585], [-87.68386980756549, 27.703830246358585], [-87.68386980756549, 27.748786189534272], [-87.72882575074118, 27.748786189534272], [-87.72882575074118, 27.79374213270996], [-87.77378169391687, 27.79374213270996], [-87.77378169391687, 27.83869807588565], [-87.81873763709257, 27.83869807588565], [-87.81873763709257, 27.883654019061336], [-87.86369358026826, 27.883654019061336], [-87.86369358026826, 27.928609962237022], [-87.90864952344396, 27.928609962237022], [-87.90864952344396, 27.973565905412713], [-87.95360546661965, 27.973565905412713], [-87.95360546661965, 28.0185218485884], [-88.08847329614673, 28.108433734939773], [-88.08847329614673, 28.153389678115463], [-88.13342923932242, 28.153389678115463], [-88.13342923932242, 28.243301564466837], [-88.17838518249812, 28.243301564466837], [-88.17838518249812, 28.288257507642527], [-88.22334112567381, 28.288257507642527], [-88.22334112567381, 28.333213450818214], [-88.2682970688495, 28.333213450818214], [-88.2682970688495, 28.3781693939939], [-88.3132530120252, 28.3781693939939], [-88.3132530120252, 28.42312533716959], [-88.3582089552009, 28.42312533716959], [-88.3582089552009, 28.468081280345277], [-88.40316489837659, 28.468081280345277], [-88.40316489837659, 28.513037223520964], [-88.44812084155228, 28.513037223520964], [-88.44812084155228, 28.557993166696654], [-88.49307678472798, 28.557993166696654], [-88.49307678472798, 28.60294910987234], [-88.53803272790367, 28.60294910987234], [-88.53803272790367, 28.647905053048028], [-88.58298867107936, 28.647905053048028], [-88.58298867107936, 28.692860996223715], [-88.62794461425506, 28.692860996223715], [-88.62794461425506, 28.737816939399405], [-88.67290055743075, 28.737816939399405], [-88.67290055743075, 28.78277288257509], [-88.71785650060644, 28.78277288257509], [-88.71785650060644, 28.82772882575078], [-88.76281244378214, 28.82772882575078], [-88.76281244378214, 28.87268476892647], [-88.89768027330922, 28.962596655277842], [-88.89768027330922, 29.05250854162922], [-88.94263621648491, 29.05250854162922], [-88.94263621648491, 29.097464484804906], [-88.98759215966061, 29.097464484804906], [-88.98759215966061, 29.142420427980596], [-89.0325481028363, 29.142420427980596], [-89.0325481028363, 29.187376371156283], [-89.077504046012, 29.187376371156283], [-89.077504046012, 29.23233231433197], [-89.12245998918769, 29.23233231433197], [-89.12245998918769, 29.27728825750766], [-89.16741593236338, 29.27728825750766], [-89.16741593236338, 29.322244200683347], [-89.21237187553908, 29.322244200683347], [-89.21237187553908, 29.367200143859034], [-89.25732781871477, 29.367200143859034], [-89.25732781871477, 29.412156087034724], [-89.30228376189046, 29.412156087034724], [-89.30228376189046, 29.45711203021041], [-89.43715159141755, 29.547023916561784], [-89.43715159141755, 29.591979859737474], [-89.52706347776893, 29.591979859737474], [-89.61697536412032, 29.726847689264538], [-89.70688725047171, 29.726847689264538], [-89.70688725047171, 29.771803632440225], [-89.7518431936474, 29.771803632440225], [-89.7518431936474, 29.81675957561591], [-89.7967991368231, 29.81675957561591], [-89.7967991368231, 29.861715518791602], [-89.84175507999879, 29.861715518791602], [-89.84175507999879, 29.90667146196729], [-89.88671102317448, 29.90667146196729], [-89.88671102317448, 29.951627405142975], [-89.93166696635018, 29.951627405142975], [-89.93166696635018, 29.996583348318666], [-89.97662290952587, 29.996583348318666], [-89.97662290952587, 30.041539291494352], [-90.02157885270157, 30.041539291494352], [-90.02157885270157, 30.08649523467004], [-90.06653479587726, 30.08649523467004], [-90.06653479587726, 30.131451177845726], [-90.11149073905295, 30.131451177845726], [-90.11149073905295, 30.176407121021416], [-90.15644668222865, 30.176407121021416], [-90.15644668222865, 30.221363064197103], [-90.29131451175573, 30.31127495054848], [-90.29131451175573, 30.401186836899853], [-90.33627045493142, 30.401186836899853], [-90.33627045493142, 30.446142780075544], [-90.38122639810712, 30.446142780075544], [-90.38122639810712, 30.49109872325123], [-90.42618234128281, 30.49109872325123], [-90.42618234128281, 30.536054666426917], [-90.4711382844585, 30.536054666426917], [-90.56105017080989, 30.67092249595398], [-90.65096205716128, 30.67092249595398], [-90.69591800033697, 30.760834382305358], [-90.78582988668836, 30.760834382305358], [-90.87574177303975, 30.895702211832422], [-90.96565365939114, 30.895702211832422], [-90.96565365939114, 30.94065815500811], [-91.05556554574252, 30.94065815500811], [-91.05556554574252, 30.985614098183795], [-91.2353893184453, 30.985614098183795], [-91.2353893184453, 31.030570041359486], [-91.41521309114808, 31.030570041359486], [-91.41521309114808, 31.075525984535172], [-91.55008092067516, 31.075525984535172], [-91.55008092067516, 31.030570041359486], [-91.72990469337793, 31.030570041359486], [-91.72990469337793, 30.985614098183795], [-91.90972846608071, 30.985614098183795], [-91.90972846608071, 30.94065815500811], [-91.9996403524321, 30.94065815500811], [-91.9996403524321, 30.895702211832422], [-92.04459629560779, 30.895702211832422], [-92.04459629560779, 30.850746268656735], [-92.08955223878348, 30.850746268656735], [-92.08955223878348, 30.805790325481045], [-92.22442006831056, 30.71587843912967], [-92.22442006831056, 30.625966552778294], [-92.35928789783765, 30.536054666426917], [-92.35928789783765, 30.401186836899853], [-92.40424384101334, 30.401186836899853], [-92.40424384101334, 30.31127495054848], [-92.44919978418903, 30.31127495054848], [-92.44919978418903, 30.176407121021416], [-92.49415572736473, 30.176407121021416], [-92.49415572736473, 30.041539291494352], [-92.53911167054042, 30.041539291494352], [-92.58406761371612, 29.412156087034724]]]]}}, {"type": "Feature", "properties": {"shapefile": "2021082718_wsp50knt120hr_5km", "PERCENTAGE": "50-60%"}, "geometry": {"type": "MultiPolygon", "coordinates": [[[[-92.58406761371612, 29.412156087034724], [-92.53911167054042, 30.041539291494352], [-92.49415572736473, 30.041539291494352], [-92.44919978418903, 30.31127495054848], [-92.40424384101334, 30.31127495054848], [-92.40424384101334, 30.401186836899853], [-92.35928789783765, 30.401186836899853], [-92.35928789783765, 30.536054666426917], [-92.22442006831056, 30.625966552778294], [-92.22442006831056, 30.71587843912967], [-92.17946412513487, 30.71587843912967], [-92.17946412513487, 30.760834382305358], [-92.13450818195918, 30.760834382305358], [-92.13450818195918, 30.805790325481045], [-92.08955223878348, 30.805790325481045], [-91.9996403524321, 30.94065815500811], [-91.90972846608071, 30.94065815500811], [-91.90972846608071, 30.985614098183795], [-91.72990469337793, 30.985614098183795], [-91.72990469337793, 31.030570041359486], [-91.55008092067516, 31.030570041359486], [-91.55008092067516, 31.075525984535172], [-91.41521309114808, 31.075525984535172], [-91.41521309114808, 31.030570041359486], [-91.05556554574252, 30.985614098183795], [-91.05556554574252, 30.94065815500811], [-90.87574177303975, 30.895702211832422], [-90.78582988668836, 30.760834382305358], [-90.69591800033697, 30.760834382305358], [-90.65096205716128, 30.67092249595398], [-90.56105017080989, 30.67092249595398], [-90.56105017080989, 30.625966552778294], [-90.5160942276342, 30.625966552778294], [-90.5160942276342, 30.581010609602608], [-90.4711382844585, 30.581010609602608], [-90.4711382844585, 30.536054666426917], [-90.42618234128281, 30.536054666426917], [-90.42618234128281, 30.49109872325123], [-90.29131451175573, 30.401186836899853], [-90.29131451175573, 30.31127495054848], [-90.24635856858004, 30.31127495054848], [-90.24635856858004, 30.26631900737279], [-90.20140262540434, 30.26631900737279], [-90.20140262540434, 30.221363064197103], [-90.15644668222865, 30.221363064197103], [-90.15644668222865, 30.176407121021416], [-90.11149073905295, 30.176407121021416], [-90.11149073905295, 30.131451177845726], [-90.06653479587726, 30.131451177845726], [-90.06653479587726, 30.08649523467004], [-90.02157885270157, 30.08649523467004], [-90.02157885270157, 30.041539291494352], [-89.97662290952587, 30.041539291494352], [-89.97662290952587, 29.996583348318666], [-89.93166696635018, 29.996583348318666], [-89.93166696635018, 29.951627405142975], [-89.88671102317448, 29.951627405142975], [-89.88671102317448, 29.90667146196729], [-89.84175507999879, 29.90667146196729], [-89.84175507999879, 29.861715518791602], [-89.7967991368231, 29.861715518791602], [-89.70688725047171, 29.726847689264538], [-89.61697536412032, 29.726847689264538], [-89.52706347776893, 29.591979859737474], [-89.43715159141755, 29.591979859737474], [-89.43715159141755, 29.547023916561784], [-89.39219564824185, 29.547023916561784], [-89.39219564824185, 29.502067973386097], [-89.34723970506616, 29.502067973386097], [-89.34723970506616, 29.45711203021041], [-89.30228376189046, 29.45711203021041], [-89.30228376189046, 29.412156087034724], [-89.25732781871477, 29.412156087034724], [-89.25732781871477, 29.367200143859034], [-89.21237187553908, 29.367200143859034], [-89.21237187553908, 29.322244200683347], [-89.16741593236338, 29.322244200683347], [-89.16741593236338, 29.27728825750766], [-89.12245998918769, 29.27728825750766], [-89.12245998918769, 29.23233231433197], [-89.077504046012, 29.23233231433197], [-89.077504046012, 29.187376371156283], [-89.0325481028363, 29.187376371156283], [-89.0325481028363, 29.142420427980596], [-88.89768027330922, 29.05250854162922], [-88.89768027330922, 28.962596655277842], [-88.85272433013353, 28.962596655277842], [-88.85272433013353, 28.917640712102155], [-88.80776838695783, 28.917640712102155], [-88.80776838695783, 28.87268476892647], [-88.76281244378214, 28.87268476892647], [-88.76281244378214, 28.82772882575078], [-88.71785650060644, 28.82772882575078], [-88.71785650060644, 28.78277288257509], [-88.67290055743075, 28.78277288257509], [-88.67290055743075, 28.737816939399405], [-88.62794461425506, 28.737816939399405], [-88.62794461425506, 28.692860996223715], [-88.58298867107936, 28.692860996223715], [-88.58298867107936, 28.647905053048028], [-88.53803272790367, 28.647905053048028], [-88.53803272790367, 28.60294910987234], [-88.49307678472798, 28.60294910987234], [-88.49307678472798, 28.557993166696654], [-88.44812084155228, 28.557993166696654], [-88.44812084155228, 28.513037223520964], [-88.40316489837659, 28.513037223520964], [-88.40316489837659, 28.468081280345277], [-88.3582089552009, 28.468081280345277], [-88.3582089552009, 28.42312533716959], [-88.3132530120252, 28.42312533716959], [-88.3132530120252, 28.3781693939939], [-88.2682970688495, 28.3781693939939], [-88.2682970688495, 28.333213450818214], [-88.13342923932242, 28.243301564466837], [-88.13342923932242, 28.153389678115463], [-88.08847329614673, 28.153389678115463], [-88.08847329614673, 28.108433734939773], [-88.04351735297104, 28.108433734939773], [-88.04351735297104, 28.063477791764086], [-87.99856140979534, 28.063477791764086], [-87.99856140979534, 28.0185218485884], [-87.95360546661965, 28.0185218485884], [-87.95360546661965, 27.973565905412713], [-87.90864952344396, 27.973565905412713], [-87.90864952344396, 27.928609962237022], [-87.86369358026826, 27.928609962237022], [-87.86369358026826, 27.883654019061336], [-87.81873763709257, 27.883654019061336], [-87.81873763709257, 27.83869807588565], [-87.77378169391687, 27.83869807588565], [-87.77378169391687, 27.79374213270996], [-87.72882575074118, 27.79374213270996], [-87.72882575074118, 27.748786189534272], [-87.68386980756549, 27.748786189534272], [-87.68386980756549, 27.703830246358585], [-87.63891386438979, 27.703830246358585], [-87.63891386438979, 27.658874303182895], [-87.5939579212141, 27.658874303182895], [-87.5939579212141, 27.613918360007208], [-87.5490019780384, 27.613918360007208], [-87.5490019780384, 27.56896241683152], [-87.50404603486271, 27.56896241683152], [-87.50404603486271, 27.52400647365583], [-87.45909009168702, 27.52400647365583], [-87.45909009168702, 27.479050530480144], [-87.41413414851132, 27.479050530480144], [-87.41413414851132, 27.434094587304457], [-87.36917820533563, 27.434094587304457], [-87.36917820533563, 27.389138644128767], [-87.32422226215994, 27.389138644128767], [-87.32422226215994, 27.34418270095308], [-87.27926631898424, 27.34418270095308], [-87.27926631898424, 27.299226757777394], [-87.23431037580855, 27.299226757777394], [-87.23431037580855, 27.254270814601703], [-87.18935443263285, 27.254270814601703], [-87.18935443263285, 27.209314871426017], [-87.14439848945716, 27.209314871426017], [-87.14439848945716, 27.16435892825033], [-87.09944254628147, 27.16435892825033], [-87.09944254628147, 27.119402985074643], [-87.05448660310577, 27.119402985074643], [-87.05448660310577, 27.074447041898953], [-87.00953065993008, 27.074447041898953], [-87.00953065993008, 27.029491098723266], [-86.96457471675438, 27.029491098723266], [-86.96457471675438, 26.98453515554758], [-86.91961877357869, 26.98453515554758], [-86.91961877357869, 26.93957921237189], [-86.874662830403, 26.93957921237189], [-86.874662830403, 26.894623269196202], [-86.8297068872273, 26.894623269196202], [-86.8297068872273, 26.849667326020516], [-86.78475094405161, 26.849667326020516], [-86.78475094405161, 26.804711382844825], [-86.73979500087592, 26.804711382844825], [-86.73979500087592, 26.75975543966914], [-86.69483905770022, 26.75975543966914], [-86.69483905770022, 26.714799496493452], [-86.64988311452453, 26.714799496493452], [-86.64988311452453, 26.66984355331776], [-86.60492717134883, 26.66984355331776], [-86.51501528499745, 26.5349757237907], [-86.47005934182175, 26.5349757237907], [-86.47005934182175, 26.49001978061501], [-86.38014745547036, 26.49001978061501], [-86.38014745547036, 26.445063837439324], [-86.33519151229467, 26.445063837439324], [-86.33519151229467, 26.400107894263638], [-86.29023556911898, 26.400107894263638], [-86.29023556911898, 26.355151951087947], [-86.24527962594328, 26.355151951087947], [-86.24527962594328, 26.31019600791226], [-86.20032368276759, 26.31019600791226], [-86.20032368276759, 26.265240064736574], [-86.06545585324051, 26.175328178385197], [-86.06545585324051, 26.08541629203382], [-86.02049991006481, 26.08541629203382], [-86.02049991006481, 26.040460348858133], [-85.97554396688912, 26.040460348858133], [-85.97554396688912, 25.995504405682446], [-85.93058802371343, 25.995504405682446], [-85.93058802371343, 25.950548462506756], [-85.88563208053773, 25.950548462506756], [-85.88563208053773, 25.90559251933107], [-85.84067613736204, 25.90559251933107], [-85.84067613736204, 25.860636576155382], [-85.79572019418634, 25.860636576155382], [-85.79572019418634, 25.815680632979692], [-85.75076425101065, 25.815680632979692], [-85.75076425101065, 25.770724689804005], [-85.70580830783496, 25.770724689804005], [-85.70580830783496, 25.72576874662832], [-85.66085236465926, 25.72576874662832], [-85.66085236465926, 25.680812803452632], [-85.61589642148357, 25.680812803452632], [-85.61589642148357, 25.63585686027694], [-85.57094047830788, 25.63585686027694], [-85.57094047830788, 25.590900917101255], [-85.52598453513218, 25.590900917101255], [-85.52598453513218, 25.545944973925568], [-85.48102859195649, 25.545944973925568], [-85.48102859195649, 25.500989030749878], [-85.4360726487808, 25.500989030749878], [-85.4360726487808, 25.45603308757419], [-85.3911167056051, 25.45603308757419], [-85.3911167056051, 25.411077144398504], [-85.3461607624294, 25.411077144398504], [-85.3461607624294, 25.366121201222814], [-85.30120481925371, 25.366121201222814], [-85.30120481925371, 25.321165258047127], [-85.25624887607802, 25.321165258047127], [-85.25624887607802, 25.27620931487144], [-85.21129293290232, 25.27620931487144], [-85.21129293290232, 25.23125337169575], [-85.16633698972663, 25.23125337169575], [-85.16633698972663, 25.186297428520064], [-85.12138104655094, 25.186297428520064], [-85.12138104655094, 25.141341485344377], [-85.07642510337524, 25.141341485344377], [-85.07642510337524, 25.09638554216869], [-85.03146916019955, 25.09638554216869], [-85.03146916019955, 25.051429598993], [-84.98651321702386, 25.051429598993], [-84.98651321702386, 25.006473655817313], [-84.94155727384816, 25.006473655817313], [-84.94155727384816, 24.961517712641626], [-84.89660133067247, 24.961517712641626], [-84.89660133067247, 24.916561769465936], [-84.85164538749677, 24.916561769465936], [-84.85164538749677, 24.87160582629025], [-84.80668944432108, 24.87160582629025], [-84.80668944432108, 24.826649883114563], [-84.76173350114539, 24.826649883114563], [-84.76173350114539, 24.781693939938872], [-84.71677755796969, 24.781693939938872], [-84.71677755796969, 24.736737996763186], [-84.671821614794, 24.736737996763186], [-84.671821614794, 24.6917820535875], [-84.6268656716183, 24.6917820535875], [-84.53695378526692, 24.556914224060435], [-84.49199784209122, 24.556914224060435], [-84.49199784209122, 24.467002337709058], [-84.44704189891553, 24.467002337709058], [-84.44704189891553, 24.42204639453337], [-84.40208595573984, 24.42204639453337], [-84.40208595573984, 24.37709045135768], [-84.35713001256414, 24.37709045135768], [-84.35713001256414, 24.332134508181994], [-84.31217406938845, 24.332134508181994], [-84.31217406938845, 24.287178565006307], [-84.26721812621275, 24.287178565006307], [-84.26721812621275, 24.24222262183062], [-84.22226218303706, 24.24222262183062], [-84.22226218303706, 24.19726667865493], [-84.17730623986137, 24.19726667865493], [-84.17730623986137, 24.152310735479244], [-84.04243841033428, 24.062398849127867], [-84.04243841033428, 23.972486962776493], [-83.99748246715859, 23.972486962776493], [-83.99748246715859, 23.927531019600803], [-83.9525265239829, 23.927531019600803], [-83.9525265239829, 23.882575076425116], [-83.9075705808072, 23.882575076425116], [-83.9075705808072, 23.83761913324943], [-83.77270275128012, 23.747707246898052], [-83.77270275128012, 23.65779536054668], [-83.63783492175304, 23.567883474195302], [-83.63783492175304, 23.477971587843925], [-83.50296709222596, 23.38805970149255], [-83.50296709222596, 23.298147815141174], [-83.45801114905026, 23.298147815141174], [-83.45801114905026, 23.253191871965488], [-83.41305520587457, 23.253191871965488], [-83.41305520587457, 23.208235928789797], [-83.36809926269888, 23.208235928789797], [-83.36809926269888, 23.16327998561411], [-83.32314331952318, 23.16327998561411], [-83.2332314331718, 23.028412156087047], [-83.14331954682041, 23.028412156087047], [-83.09836360364471, 22.93850026973567], [-83.00845171729333, 22.93850026973567], [-82.96349577411763, 22.848588383384296], [-82.87358388776624, 22.848588383384296], [-82.87358388776624, 22.80363244020861], [-82.82862794459055, 22.80363244020861], [-82.82862794459055, 22.75867649703292], [-82.78367200141486, 22.75867649703292], [-82.78367200141486, 22.713720553857232], [-82.73871605823916, 22.713720553857232], [-82.73871605823916, 22.668764610681546], [-82.69376011506347, 22.668764610681546], [-82.69376011506347, 22.623808667505855], [-82.64880417188778, 22.623808667505855], [-82.64880417188778, 22.57885272433017], [-82.60384822871208, 22.57885272433017], [-82.60384822871208, 22.533896781154482], [-82.55889228553639, 22.533896781154482], [-82.55889228553639, 22.48894083797879], [-82.5139363423607, 22.48894083797879], [-82.5139363423607, 22.443984894803105], [-82.468980399185, 22.443984894803105], [-82.468980399185, 22.399028951627418], [-82.4240244560093, 22.399028951627418], [-82.4240244560093, 22.354073008451728], [-82.28915662648222, 22.264161122100354], [-82.28915662648222, 22.174249235748977], [-82.19924474013084, 22.12929329257329], [-82.19924474013084, 21.94946951987054], [-82.15428879695514, 21.94946951987054], [-82.15428879695514, 21.634777917640722], [-82.19924474013084, 21.634777917640722], [-82.19924474013084, 21.49991008811366], [-82.24420068330653, 21.49991008811366], [-82.24420068330653, 21.409998201762285], [-82.28915662648222, 21.409998201762285], [-82.33411256965792, 21.320086315410908], [-82.4240244560093, 21.320086315410908], [-82.4240244560093, 21.365042258586598], [-82.28915662648222, 21.45495414493797], [-82.28915662648222, 21.54486603128935], [-82.24420068330653, 21.54486603128935], [-82.24420068330653, 22.039381406221914], [-82.28915662648222, 22.039381406221914], [-82.28915662648222, 22.12929329257329], [-82.33411256965792, 22.12929329257329], [-82.33411256965792, 22.174249235748977], [-82.37906851283361, 22.174249235748977], [-82.37906851283361, 22.219205178924668], [-82.4240244560093, 22.219205178924668], [-82.4240244560093, 22.264161122100354], [-82.468980399185, 22.264161122100354], [-82.468980399185, 22.30911706527604], [-82.5139363423607, 22.30911706527604], [-82.5139363423607, 22.354073008451728], [-82.55889228553639, 22.354073008451728], [-82.55889228553639, 22.399028951627418], [-82.60384822871208, 22.399028951627418], [-82.60384822871208, 22.443984894803105], [-82.64880417188778, 22.443984894803105], [-82.64880417188778, 22.48894083797879], [-82.69376011506347, 22.48894083797879], [-82.69376011506347, 22.533896781154482], [-82.73871605823916, 22.533896781154482], [-82.73871605823916, 22.57885272433017], [-82.78367200141486, 22.57885272433017], [-82.78367200141486, 22.623808667505855], [-82.82862794459055, 22.623808667505855], [-82.91853983094194, 22.75867649703292], [-83.00845171729333, 22.75867649703292], [-83.05340766046902, 22.848588383384296], [-83.14331954682041, 22.848588383384296], [-83.14331954682041, 22.893544326559983], [-83.2332314331718, 22.893544326559983], [-83.27818737634749, 22.98345621291136], [-83.36809926269888, 22.98345621291136], [-83.36809926269888, 23.028412156087047], [-83.41305520587457, 23.028412156087047], [-83.41305520587457, 23.073368099262733], [-83.54792303540165, 23.16327998561411], [-83.54792303540165, 23.253191871965488], [-83.68279086492873, 23.34310375831686], [-83.68279086492873, 23.433015644668238], [-83.77270275128012, 23.477971587843925], [-83.77270275128012, 23.567883474195302], [-83.81765869445582, 23.567883474195302], [-83.81765869445582, 23.61283941737099], [-83.86261463763151, 23.61283941737099], [-83.86261463763151, 23.65779536054668], [-83.99748246715859, 23.747707246898052], [-83.99748246715859, 23.83761913324943], [-84.04243841033428, 23.83761913324943], [-84.04243841033428, 23.882575076425116], [-84.08739435350998, 23.882575076425116], [-84.08739435350998, 23.927531019600803], [-84.13235029668567, 23.927531019600803], [-84.13235029668567, 23.972486962776493], [-84.26721812621275, 24.062398849127867], [-84.26721812621275, 24.152310735479244], [-84.31217406938845, 24.152310735479244], [-84.31217406938845, 24.19726667865493], [-84.35713001256414, 24.19726667865493], [-84.35713001256414, 24.24222262183062], [-84.40208595573984, 24.24222262183062], [-84.40208595573984, 24.287178565006307], [-84.44704189891553, 24.287178565006307], [-84.44704189891553, 24.332134508181994], [-84.49199784209122, 24.332134508181994], [-84.49199784209122, 24.37709045135768], [-84.53695378526692, 24.37709045135768], [-84.53695378526692, 24.42204639453337], [-84.58190972844261, 24.42204639453337], [-84.58190972844261, 24.467002337709058], [-84.6268656716183, 24.467002337709058], [-84.6268656716183, 24.511958280884745], [-84.671821614794, 24.511958280884745], [-84.671821614794, 24.556914224060435], [-84.71677755796969, 24.556914224060435], [-84.71677755796969, 24.60187016723612], [-84.76173350114539, 24.60187016723612], [-84.76173350114539, 24.64682611041181], [-84.80668944432108, 24.64682611041181], [-84.80668944432108, 24.6917820535875], [-84.85164538749677, 24.6917820535875], [-84.85164538749677, 24.736737996763186], [-84.89660133067247, 24.736737996763186], [-84.89660133067247, 24.781693939938872], [-84.94155727384816, 24.781693939938872], [-84.94155727384816, 24.826649883114563], [-84.98651321702386, 24.826649883114563], [-84.98651321702386, 24.87160582629025], [-85.03146916019955, 24.87160582629025], [-85.03146916019955, 24.916561769465936], [-85.07642510337524, 24.916561769465936], [-85.07642510337524, 24.961517712641626], [-85.12138104655094, 24.961517712641626], [-85.12138104655094, 25.006473655817313], [-85.16633698972663, 25.006473655817313], [-85.16633698972663, 25.051429598993], [-85.21129293290232, 25.051429598993], [-85.21129293290232, 25.09638554216869], [-85.25624887607802, 25.09638554216869], [-85.25624887607802, 25.141341485344377], [-85.30120481925371, 25.141341485344377], [-85.30120481925371, 25.186297428520064], [-85.3461607624294, 25.186297428520064], [-85.3461607624294, 25.23125337169575], [-85.3911167056051, 25.23125337169575], [-85.3911167056051, 25.27620931487144], [-85.4360726487808, 25.27620931487144], [-85.4360726487808, 25.321165258047127], [-85.48102859195649, 25.321165258047127], [-85.48102859195649, 25.366121201222814], [-85.52598453513218, 25.366121201222814], [-85.52598453513218, 25.411077144398504], [-85.57094047830788, 25.411077144398504], [-85.57094047830788, 25.45603308757419], [-85.61589642148357, 25.45603308757419], [-85.61589642148357, 25.500989030749878], [-85.66085236465926, 25.500989030749878], [-85.66085236465926, 25.545944973925568], [-85.70580830783496, 25.545944973925568], [-85.70580830783496, 25.590900917101255], [-85.75076425101065, 25.590900917101255], [-85.75076425101065, 25.63585686027694], [-85.79572019418634, 25.63585686027694], [-85.79572019418634, 25.680812803452632], [-85.84067613736204, 25.680812803452632], [-85.84067613736204, 25.72576874662832], [-85.88563208053773, 25.72576874662832], [-85.88563208053773, 25.770724689804005], [-85.93058802371343, 25.770724689804005], [-85.93058802371343, 25.815680632979692], [-85.97554396688912, 25.815680632979692], [-85.97554396688912, 25.860636576155382], [-86.02049991006481, 25.860636576155382], [-86.02049991006481, 25.90559251933107], [-86.06545585324051, 25.90559251933107], [-86.06545585324051, 25.950548462506756], [-86.1104117964162, 25.950548462506756], [-86.1104117964162, 25.995504405682446], [-86.1553677395919, 25.995504405682446], [-86.1553677395919, 26.040460348858133], [-86.20032368276759, 26.040460348858133], [-86.20032368276759, 26.08541629203382], [-86.24527962594328, 26.08541629203382], [-86.24527962594328, 26.13037223520951], [-86.29023556911898, 26.13037223520951], [-86.29023556911898, 26.175328178385197], [-86.33519151229467, 26.175328178385197], [-86.33519151229467, 26.220284121560884], [-86.38014745547036, 26.220284121560884], [-86.47005934182175, 26.355151951087947], [-86.51501528499745, 26.355151951087947], [-86.51501528499745, 26.400107894263638], [-86.55997122817314, 26.400107894263638], [-86.55997122817314, 26.445063837439324], [-86.60492717134883, 26.445063837439324], [-86.60492717134883, 26.49001978061501], [-86.64988311452453, 26.49001978061501], [-86.64988311452453, 26.5349757237907], [-86.69483905770022, 26.5349757237907], [-86.69483905770022, 26.579931666966388], [-86.8297068872273, 26.66984355331776], [-86.8297068872273, 26.714799496493452], [-86.91961877357869, 26.714799496493452], [-86.91961877357869, 26.75975543966914], [-86.96457471675438, 26.75975543966914], [-86.96457471675438, 26.804711382844825], [-87.00953065993008, 26.804711382844825], [-87.00953065993008, 26.849667326020516], [-87.05448660310577, 26.849667326020516], [-87.05448660310577, 26.894623269196202], [-87.09944254628147, 26.894623269196202], [-87.09944254628147, 26.93957921237189], [-87.14439848945716, 26.93957921237189], [-87.14439848945716, 26.98453515554758], [-87.18935443263285, 26.98453515554758], [-87.18935443263285, 27.029491098723266], [-87.23431037580855, 27.029491098723266], [-87.23431037580855, 27.074447041898953], [-87.27926631898424, 27.074447041898953], [-87.27926631898424, 27.119402985074643], [-87.32422226215994, 27.119402985074643], [-87.32422226215994, 27.16435892825033], [-87.36917820533563, 27.16435892825033], [-87.36917820533563, 27.209314871426017], [-87.41413414851132, 27.209314871426017], [-87.41413414851132, 27.254270814601703], [-87.45909009168702, 27.254270814601703], [-87.45909009168702, 27.299226757777394], [-87.50404603486271, 27.299226757777394], [-87.50404603486271, 27.34418270095308], [-87.5490019780384, 27.34418270095308], [-87.5490019780384, 27.389138644128767], [-87.5939579212141, 27.389138644128767], [-87.5939579212141, 27.434094587304457], [-87.63891386438979, 27.434094587304457], [-87.63891386438979, 27.479050530480144], [-87.68386980756549, 27.479050530480144], [-87.77378169391687, 27.613918360007208], [-87.86369358026826, 27.613918360007208], [-87.86369358026826, 27.658874303182895], [-87.90864952344396, 27.658874303182895], [-87.90864952344396, 27.703830246358585], [-87.95360546661965, 27.703830246358585], [-87.95360546661965, 27.748786189534272], [-87.99856140979534, 27.748786189534272], [-87.99856140979534, 27.79374213270996], [-88.04351735297104, 27.79374213270996], [-88.04351735297104, 27.83869807588565], [-88.08847329614673, 27.83869807588565], [-88.08847329614673, 27.883654019061336], [-88.22334112567381, 27.973565905412713], [-88.22334112567381, 28.063477791764086], [-88.2682970688495, 28.063477791764086], [-88.2682970688495, 28.108433734939773], [-88.3132530120252, 28.108433734939773], [-88.3132530120252, 28.153389678115463], [-88.3582089552009, 28.153389678115463], [-88.3582089552009, 28.19834562129115], [-88.40316489837659, 28.19834562129115], [-88.40316489837659, 28.243301564466837], [-88.44812084155228, 28.243301564466837], [-88.44812084155228, 28.288257507642527], [-88.49307678472798, 28.288257507642527], [-88.49307678472798, 28.333213450818214], [-88.53803272790367, 28.333213450818214], [-88.53803272790367, 28.3781693939939], [-88.58298867107936, 28.3781693939939], [-88.58298867107936, 28.42312533716959], [-88.62794461425506, 28.42312533716959], [-88.62794461425506, 28.468081280345277], [-88.67290055743075, 28.468081280345277], [-88.67290055743075, 28.513037223520964], [-88.71785650060644, 28.513037223520964], [-88.71785650060644, 28.557993166696654], [-88.76281244378214, 28.557993166696654], [-88.76281244378214, 28.60294910987234], [-88.80776838695783, 28.60294910987234], [-88.80776838695783, 28.647905053048028], [-88.85272433013353, 28.647905053048028], [-88.85272433013353, 28.692860996223715], [-88.89768027330922, 28.692860996223715], [-88.89768027330922, 28.737816939399405], [-88.94263621648491, 28.737816939399405], [-88.94263621648491, 28.78277288257509], [-88.98759215966061, 28.78277288257509], [-88.98759215966061, 28.82772882575078], [-89.0325481028363, 28.82772882575078], [-89.0325481028363, 28.87268476892647], [-89.077504046012, 28.87268476892647], [-89.077504046012, 28.917640712102155], [-89.12245998918769, 28.917640712102155], [-89.12245998918769, 28.962596655277842], [-89.16741593236338, 28.962596655277842], [-89.16741593236338, 29.007552598453533], [-89.21237187553908, 29.007552598453533], [-89.21237187553908, 29.05250854162922], [-89.25732781871477, 29.05250854162922], [-89.25732781871477, 29.097464484804906], [-89.30228376189046, 29.097464484804906], [-89.30228376189046, 29.142420427980596], [-89.34723970506616, 29.142420427980596], [-89.34723970506616, 29.187376371156283], [-89.39219564824185, 29.187376371156283], [-89.39219564824185, 29.23233231433197], [-89.43715159141755, 29.23233231433197], [-89.52706347776893, 29.367200143859034], [-89.61697536412032, 29.367200143859034], [-89.66193130729602, 29.45711203021041], [-89.7518431936474, 29.45711203021041], [-89.7518431936474, 29.502067973386097], [-89.7967991368231, 29.502067973386097], [-89.7967991368231, 29.547023916561784], [-89.88671102317448, 29.547023916561784], [-89.93166696635018, 29.63693580291316], [-90.02157885270157, 29.63693580291316], [-90.02157885270157, 29.681891746088848], [-90.06653479587726, 29.681891746088848], [-90.06653479587726, 29.726847689264538], [-90.11149073905295, 29.726847689264538], [-90.11149073905295, 29.771803632440225], [-90.15644668222865, 29.771803632440225], [-90.15644668222865, 29.81675957561591], [-90.20140262540434, 29.81675957561591], [-90.20140262540434, 29.861715518791602], [-90.24635856858004, 29.861715518791602], [-90.24635856858004, 29.90667146196729], [-90.29131451175573, 29.90667146196729], [-90.29131451175573, 29.951627405142975], [-90.42618234128281, 30.041539291494352], [-90.42618234128281, 30.131451177845726], [-90.4711382844585, 30.131451177845726], [-90.4711382844585, 30.176407121021416], [-90.5160942276342, 30.176407121021416], [-90.5160942276342, 30.221363064197103], [-90.56105017080989, 30.221363064197103], [-90.65096205716128, 30.356230893724167], [-90.74087394351267, 30.356230893724167], [-90.74087394351267, 30.401186836899853], [-90.78582988668836, 30.401186836899853], [-90.78582988668836, 30.446142780075544], [-90.83078582986406, 30.446142780075544], [-90.92069771621544, 30.581010609602608], [-91.05556554574252, 30.581010609602608], [-91.05556554574252, 30.625966552778294], [-91.2353893184453, 30.625966552778294], [-91.2353893184453, 30.67092249595398], [-91.41521309114808, 30.67092249595398], [-91.41521309114808, 30.71587843912967], [-91.55008092067516, 30.71587843912967], [-91.55008092067516, 30.67092249595398], [-91.63999280702654, 30.67092249595398], [-91.63999280702654, 30.625966552778294], [-91.77486063655363, 30.625966552778294], [-91.77486063655363, 30.581010609602608], [-91.9546844092564, 30.536054666426917], [-91.9546844092564, 30.49109872325123], [-91.9996403524321, 30.49109872325123], [-91.9996403524321, 30.401186836899853], [-92.04459629560779, 30.401186836899853], [-92.04459629560779, 30.31127495054848], [-92.08955223878348, 30.31127495054848], [-92.08955223878348, 30.176407121021416], [-92.13450818195918, 30.176407121021416], [-92.13450818195918, 30.08649523467004], [-92.17946412513487, 30.08649523467004], [-92.17946412513487, 29.951627405142975], [-92.22442006831056, 29.951627405142975], [-92.22442006831056, 29.771803632440225], [-92.26937601148626, 29.771803632440225], [-92.26937601148626, 29.591979859737474], [-92.31433195466195, 29.591979859737474], [-92.31433195466195, 29.45711203021041], [-92.26937601148626, 29.45711203021041], [-92.26937601148626, 29.322244200683347], [-92.22442006831056, 29.322244200683347], [-92.17946412513487, 29.05250854162922], [-92.13450818195918, 29.05250854162922], [-92.13450818195918, 28.962596655277842], [-92.08955223878348, 28.962596655277842], [-92.08955223878348, 28.87268476892647], [-92.04459629560779, 28.87268476892647], [-92.04459629560779, 28.78277288257509], [-91.9996403524321, 28.78277288257509], [-91.9996403524321, 28.692860996223715], [-91.90972846608071, 28.647905053048028], [-91.90972846608071, 28.557993166696654], [-91.77486063655363, 28.468081280345277], [-91.77486063655363, 28.3781693939939], [-91.72990469337793, 28.3781693939939], [-91.72990469337793, 28.333213450818214], [-91.68494875020224, 28.333213450818214], [-91.68494875020224, 28.288257507642527], [-91.63999280702654, 28.288257507642527], [-91.63999280702654, 28.243301564466837], [-91.59503686385085, 28.243301564466837], [-91.59503686385085, 28.19834562129115], [-91.55008092067516, 28.19834562129115], [-91.55008092067516, 28.153389678115463], [-91.50512497749946, 28.153389678115463], [-91.50512497749946, 28.108433734939773], [-91.46016903432377, 28.108433734939773], [-91.46016903432377, 28.063477791764086], [-91.41521309114808, 28.063477791764086], [-91.41521309114808, 28.0185218485884], [-91.37025714797238, 28.0185218485884], [-91.37025714797238, 27.973565905412713], [-91.32530120479669, 27.973565905412713], [-91.32530120479669, 27.928609962237022], [-91.280345261621, 27.928609962237022], [-91.280345261621, 27.883654019061336], [-91.2353893184453, 27.883654019061336], [-91.2353893184453, 27.83869807588565], [-91.1904333752696, 27.83869807588565], [-91.1904333752696, 27.79374213270996], [-91.05556554574252, 27.703830246358585], [-91.05556554574252, 27.658874303182895], [-90.96565365939114, 27.658874303182895], [-90.96565365939114, 27.613918360007208], [-90.92069771621544, 27.613918360007208], [-90.92069771621544, 27.56896241683152], [-90.87574177303975, 27.56896241683152], [-90.87574177303975, 27.52400647365583], [-90.83078582986406, 27.52400647365583], [-90.74087394351267, 27.389138644128767], [-90.65096205716128, 27.389138644128767], [-90.65096205716128, 27.34418270095308], [-90.60600611398559, 27.34418270095308], [-90.5160942276342, 27.209314871426017], [-90.42618234128281, 27.209314871426017], [-90.42618234128281, 27.16435892825033], [-90.38122639810712, 27.16435892825033], [-90.38122639810712, 27.119402985074643], [-90.33627045493142, 27.119402985074643], [-90.33627045493142, 27.074447041898953], [-90.29131451175573, 27.074447041898953], [-90.20140262540434, 26.93957921237189], [-90.11149073905295, 26.93957921237189], [-90.02157885270157, 26.804711382844825], [-89.93166696635018, 26.804711382844825], [-89.93166696635018, 26.75975543966914], [-89.88671102317448, 26.75975543966914], [-89.88671102317448, 26.714799496493452], [-89.7967991368231, 26.714799496493452], [-89.7518431936474, 26.624887610142075], [-89.66193130729602, 26.624887610142075], [-89.66193130729602, 26.579931666966388], [-89.61697536412032, 26.579931666966388], [-89.52706347776893, 26.445063837439324], [-89.43715159141755, 26.445063837439324], [-89.43715159141755, 26.400107894263638], [-89.39219564824185, 26.400107894263638], [-89.39219564824185, 26.355151951087947], [-89.30228376189046, 26.355151951087947], [-89.21237187553908, 26.220284121560884], [-89.12245998918769, 26.220284121560884], [-89.077504046012, 26.13037223520951], [-88.98759215966061, 26.13037223520951], [-88.98759215966061, 26.08541629203382], [-88.94263621648491, 26.08541629203382], [-88.85272433013353, 25.950548462506756], [-88.76281244378214, 25.950548462506756], [-88.76281244378214, 25.90559251933107], [-88.71785650060644, 25.90559251933107], [-88.67290055743075, 25.815680632979692], [-88.58298867107936, 25.815680632979692], [-88.49307678472798, 25.680812803452632], [-88.40316489837659, 25.680812803452632], [-88.3582089552009, 25.590900917101255], [-88.2682970688495, 25.590900917101255], [-88.2682970688495, 25.545944973925568], [-88.22334112567381, 25.545944973925568], [-88.13342923932242, 25.411077144398504], [-88.04351735297104, 25.411077144398504], [-87.95360546661965, 25.27620931487144], [-87.86369358026826, 25.27620931487144], [-87.81873763709257, 25.186297428520064], [-87.72882575074118, 25.186297428520064], [-87.72882575074118, 25.141341485344377], [-87.68386980756549, 25.141341485344377], [-87.5939579212141, 25.006473655817313], [-87.50404603486271, 25.006473655817313], [-87.41413414851132, 24.87160582629025], [-87.32422226215994, 24.87160582629025], [-87.27926631898424, 24.781693939938872], [-87.09944254628147, 24.736737996763186], [-87.00953065993008, 24.60187016723612], [-86.91961877357869, 24.60187016723612], [-86.91961877357869, 24.556914224060435], [-86.874662830403, 24.556914224060435], [-86.8297068872273, 24.467002337709058], [-86.73979500087592, 24.467002337709058], [-86.64988311452453, 24.332134508181994], [-86.55997122817314, 24.332134508181994], [-86.55997122817314, 24.287178565006307], [-86.51501528499745, 24.287178565006307], [-86.51501528499745, 24.24222262183062], [-86.42510339864606, 24.24222262183062], [-86.38014745547036, 24.152310735479244], [-86.29023556911898, 24.152310735479244], [-86.29023556911898, 24.107354792303557], [-86.24527962594328, 24.107354792303557], [-86.1553677395919, 23.972486962776493], [-86.06545585324051, 23.972486962776493], [-86.06545585324051, 23.927531019600803], [-86.02049991006481, 23.927531019600803], [-86.02049991006481, 23.882575076425116], [-85.93058802371343, 23.882575076425116], [-85.84067613736204, 23.747707246898052], [-85.75076425101065, 23.747707246898052], [-85.75076425101065, 23.702751303722366], [-85.70580830783496, 23.702751303722366], [-85.70580830783496, 23.65779536054668], [-85.61589642148357, 23.65779536054668], [-85.57094047830788, 23.567883474195302], [-85.48102859195649, 23.567883474195302], [-85.3911167056051, 23.433015644668238], [-85.30120481925371, 23.433015644668238], [-85.30120481925371, 23.38805970149255], [-85.25624887607802, 23.38805970149255], [-85.21129293290232, 23.298147815141174], [-85.12138104655094, 23.298147815141174], [-85.07642510337524, 23.208235928789797], [-84.89660133067247, 23.16327998561411], [-84.89660133067247, 23.118324042438424], [-84.85164538749677, 23.118324042438424], [-84.80668944432108, 23.028412156087047], [-84.71677755796969, 23.028412156087047], [-84.6268656716183, 22.893544326559983], [-84.53695378526692, 22.893544326559983], [-84.49199784209122, 22.80363244020861], [-84.35713001256414, 22.80363244020861], [-84.35713001256414, 22.75867649703292], [-84.26721812621275, 22.75867649703292], [-84.26721812621275, 22.713720553857232], [-84.13235029668567, 22.713720553857232], [-84.13235029668567, 22.668764610681546], [-84.04243841033428, 22.668764610681546], [-84.04243841033428, 22.623808667505855], [-83.86261463763151, 22.57885272433017], [-83.86261463763151, 22.533896781154482], [-83.81765869445582, 22.533896781154482], [-83.81765869445582, 22.48894083797879], [-83.77270275128012, 22.48894083797879], [-83.77270275128012, 22.443984894803105], [-83.72774680810443, 22.443984894803105], [-83.72774680810443, 22.399028951627418], [-83.68279086492873, 22.399028951627418], [-83.68279086492873, 22.354073008451728], [-83.63783492175304, 22.354073008451728], [-83.63783492175304, 22.30911706527604], [-83.59287897857735, 22.30911706527604], [-83.59287897857735, 22.264161122100354], [-83.54792303540165, 22.264161122100354], [-83.54792303540165, 22.219205178924668], [-83.50296709222596, 22.219205178924668], [-83.50296709222596, 22.174249235748977], [-83.45801114905026, 22.174249235748977], [-83.45801114905026, 22.12929329257329], [-83.41305520587457, 22.12929329257329], [-83.41305520587457, 22.084337349397604], [-83.36809926269888, 22.084337349397604], [-83.36809926269888, 22.039381406221914], [-83.32314331952318, 22.039381406221914], [-83.32314331952318, 21.994425463046227], [-83.27818737634749, 21.994425463046227], [-83.27818737634749, 21.94946951987054], [-83.2332314331718, 21.94946951987054], [-83.2332314331718, 21.90451357669485], [-83.1882754899961, 21.90451357669485], [-83.1882754899961, 21.859557633519163], [-83.05340766046902, 21.769645747167786], [-83.05340766046902, 21.7246898039921], [-82.96349577411763, 21.7246898039921], [-82.96349577411763, 21.679733860816413], [-82.91853983094194, 21.679733860816413], [-82.91853983094194, 21.634777917640722], [-82.87358388776624, 21.634777917640722], [-82.87358388776624, 21.589821974465035], [-82.82862794459055, 21.589821974465035], [-82.73871605823916, 21.45495414493797], [-82.64880417188778, 21.45495414493797], [-82.60384822871208, 21.365042258586598], [-82.5139363423607, 21.365042258586598], [-82.5139363423607, 21.320086315410908], [-82.4240244560093, 21.320086315410908], [-82.4240244560093, 21.27513037223522], [-82.55889228553639, 21.27513037223522], [-82.55889228553639, 21.320086315410908], [-82.73871605823916, 21.365042258586598], [-82.73871605823916, 21.409998201762285], [-82.78367200141486, 21.409998201762285], [-82.82862794459055, 21.49991008811366], [-82.91853983094194, 21.49991008811366], [-82.91853983094194, 21.54486603128935], [-82.96349577411763, 21.54486603128935], [-83.05340766046902, 21.679733860816413], [-83.14331954682041, 21.679733860816413], [-83.14331954682041, 21.7246898039921], [-83.1882754899961, 21.7246898039921], [-83.1882754899961, 21.769645747167786], [-83.2332314331718, 21.769645747167786], [-83.2332314331718, 21.814601690343476], [-83.27818737634749, 21.814601690343476], [-83.27818737634749, 21.859557633519163], [-83.32314331952318, 21.859557633519163], [-83.32314331952318, 21.90451357669485], [-83.36809926269888, 21.90451357669485], [-83.36809926269888, 21.94946951987054], [-83.41305520587457, 21.94946951987054], [-83.41305520587457, 21.994425463046227], [-83.45801114905026, 21.994425463046227], [-83.45801114905026, 22.039381406221914], [-83.50296709222596, 22.039381406221914], [-83.50296709222596, 22.084337349397604], [-83.54792303540165, 22.084337349397604], [-83.54792303540165, 22.12929329257329], [-83.68279086492873, 22.219205178924668], [-83.68279086492873, 22.264161122100354], [-83.77270275128012, 22.264161122100354], [-83.77270275128012, 22.30911706527604], [-83.81765869445582, 22.30911706527604], [-83.81765869445582, 22.354073008451728], [-83.86261463763151, 22.354073008451728], [-83.9525265239829, 22.48894083797879], [-84.04243841033428, 22.48894083797879], [-84.04243841033428, 22.533896781154482], [-84.13235029668567, 22.533896781154482], [-84.13235029668567, 22.57885272433017], [-84.22226218303706, 22.57885272433017], [-84.22226218303706, 22.623808667505855], [-84.31217406938845, 22.623808667505855], [-84.31217406938845, 22.668764610681546], [-84.40208595573984, 22.668764610681546], [-84.40208595573984, 22.713720553857232], [-84.49199784209122, 22.713720553857232], [-84.49199784209122, 22.75867649703292], [-84.671821614794, 22.80363244020861], [-84.671821614794, 22.848588383384296], [-84.71677755796969, 22.848588383384296], [-84.71677755796969, 22.893544326559983], [-84.80668944432108, 22.893544326559983], [-84.85164538749677, 22.98345621291136], [-84.94155727384816, 22.98345621291136], [-84.94155727384816, 23.028412156087047], [-84.98651321702386, 23.028412156087047], [-84.98651321702386, 23.073368099262733], [-85.07642510337524, 23.073368099262733], [-85.12138104655094, 23.16327998561411], [-85.21129293290232, 23.16327998561411], [-85.25624887607802, 23.253191871965488], [-85.3461607624294, 23.253191871965488], [-85.4360726487808, 23.38805970149255], [-85.52598453513218, 23.38805970149255], [-85.52598453513218, 23.433015644668238], [-85.57094047830788, 23.433015644668238], [-85.57094047830788, 23.477971587843925], [-85.66085236465926, 23.477971587843925], [-85.75076425101065, 23.61283941737099], [-85.84067613736204, 23.61283941737099], [-85.88563208053773, 23.702751303722366], [-85.97554396688912, 23.702751303722366], [-85.97554396688912, 23.747707246898052], [-86.02049991006481, 23.747707246898052], [-86.02049991006481, 23.79266319007374], [-86.1104117964162, 23.79266319007374], [-86.1553677395919, 23.882575076425116], [-86.24527962594328, 23.882575076425116], [-86.33519151229467, 24.01744290595218], [-86.42510339864606, 24.01744290595218], [-86.47005934182175, 24.107354792303557], [-86.55997122817314, 24.107354792303557], [-86.64988311452453, 24.24222262183062], [-86.73979500087592, 24.24222262183062], [-86.78475094405161, 24.332134508181994], [-86.874662830403, 24.332134508181994], [-86.96457471675438, 24.467002337709058], [-87.05448660310577, 24.467002337709058], [-87.09944254628147, 24.556914224060435], [-87.18935443263285, 24.556914224060435], [-87.18935443263285, 24.60187016723612], [-87.23431037580855, 24.60187016723612], [-87.23431037580855, 24.64682611041181], [-87.32422226215994, 24.64682611041181], [-87.36917820533563, 24.736737996763186], [-87.45909009168702, 24.736737996763186], [-87.45909009168702, 24.781693939938872], [-87.50404603486271, 24.781693939938872], [-87.5490019780384, 24.87160582629025], [-87.63891386438979, 24.87160582629025], [-87.72882575074118, 25.006473655817313], [-87.81873763709257, 25.006473655817313], [-87.86369358026826, 25.09638554216869], [-87.95360546661965, 25.09638554216869], [-87.95360546661965, 25.141341485344377], [-87.99856140979534, 25.141341485344377], [-88.04351735297104, 25.23125337169575], [-88.13342923932242, 25.23125337169575], [-88.22334112567381, 25.366121201222814], [-88.3132530120252, 25.366121201222814], [-88.3582089552009, 25.45603308757419], [-88.44812084155228, 25.45603308757419], [-88.44812084155228, 25.500989030749878], [-88.49307678472798, 25.500989030749878], [-88.53803272790367, 25.590900917101255], [-88.62794461425506, 25.590900917101255], [-88.71785650060644, 25.72576874662832], [-88.80776838695783, 25.72576874662832], [-88.85272433013353, 25.815680632979692], [-88.94263621648491, 25.815680632979692], [-88.94263621648491, 25.860636576155382], [-88.98759215966061, 25.860636576155382], [-89.0325481028363, 25.950548462506756], [-89.12245998918769, 25.950548462506756], [-89.21237187553908, 26.08541629203382], [-89.30228376189046, 26.08541629203382], [-89.34723970506616, 26.175328178385197], [-89.43715159141755, 26.175328178385197], [-89.52706347776893, 26.31019600791226], [-89.61697536412032, 26.31019600791226], [-89.66193130729602, 26.400107894263638], [-89.7518431936474, 26.400107894263638], [-89.84175507999879, 26.5349757237907], [-89.93166696635018, 26.5349757237907], [-89.97662290952587, 26.624887610142075], [-90.06653479587726, 26.624887610142075], [-90.15644668222865, 26.75975543966914], [-90.24635856858004, 26.75975543966914], [-90.33627045493142, 26.894623269196202], [-90.42618234128281, 26.894623269196202], [-90.42618234128281, 26.93957921237189], [-90.4711382844585, 26.93957921237189], [-90.56105017080989, 27.074447041898953], [-90.65096205716128, 27.074447041898953], [-90.74087394351267, 27.209314871426017], [-90.83078582986406, 27.209314871426017], [-90.83078582986406, 27.254270814601703], [-90.87574177303975, 27.254270814601703], [-90.96565365939114, 27.389138644128767], [-91.05556554574252, 27.389138644128767], [-91.05556554574252, 27.434094587304457], [-91.10052148891822, 27.434094587304457], [-91.10052148891822, 27.479050530480144], [-91.14547743209391, 27.479050530480144], [-91.14547743209391, 27.52400647365583], [-91.1904333752696, 27.52400647365583], [-91.280345261621, 27.658874303182895], [-91.37025714797238, 27.658874303182895], [-91.37025714797238, 27.703830246358585], [-91.41521309114808, 27.703830246358585], [-91.41521309114808, 27.748786189534272], [-91.46016903432377, 27.748786189534272], [-91.46016903432377, 27.79374213270996], [-91.50512497749946, 27.79374213270996], [-91.50512497749946, 27.83869807588565], [-91.55008092067516, 27.83869807588565], [-91.55008092067516, 27.883654019061336], [-91.59503686385085, 27.883654019061336], [-91.59503686385085, 27.928609962237022], [-91.63999280702654, 27.928609962237022], [-91.63999280702654, 27.973565905412713], [-91.68494875020224, 27.973565905412713], [-91.68494875020224, 28.0185218485884], [-91.72990469337793, 28.0185218485884], [-91.72990469337793, 28.063477791764086], [-91.77486063655363, 28.063477791764086], [-91.77486063655363, 28.108433734939773], [-91.81981657972932, 28.108433734939773], [-91.81981657972932, 28.153389678115463], [-91.86477252290501, 28.153389678115463], [-91.86477252290501, 28.19834562129115], [-91.9996403524321, 28.288257507642527], [-91.9996403524321, 28.3781693939939], [-92.13450818195918, 28.468081280345277], [-92.13450818195918, 28.557993166696654], [-92.22442006831056, 28.60294910987234], [-92.26937601148626, 28.78277288257509], [-92.35928789783765, 28.82772882575078], [-92.35928789783765, 28.917640712102155], [-92.40424384101334, 28.917640712102155], [-92.40424384101334, 29.007552598453533], [-92.44919978418903, 29.007552598453533], [-92.44919978418903, 29.097464484804906], [-92.49415572736473, 29.097464484804906], [-92.49415572736473, 29.27728825750766], [-92.53911167054042, 29.27728825750766], [-92.53911167054042, 29.412156087034724], [-92.58406761371612, 29.412156087034724]]]]}}, {"type": "Feature", "properties": {"shapefile": "2021082718_wsp50knt120hr_5km", "PERCENTAGE": "60-70%"}, "geometry": {"type": "MultiPolygon", "coordinates": [[[[-82.5139363423607, 21.320086315410908], [-82.468980399185, 21.409998201762285], [-82.37906851283361, 21.409998201762285], [-82.4240244560093, 21.320086315410908], [-82.5139363423607, 21.320086315410908]]], [[[-92.31433195466195, 29.45711203021041], [-92.31433195466195, 29.591979859737474], [-92.26937601148626, 29.591979859737474], [-92.26937601148626, 29.771803632440225], [-92.22442006831056, 29.771803632440225], [-92.22442006831056, 29.951627405142975], [-92.17946412513487, 29.951627405142975], [-92.17946412513487, 30.08649523467004], [-92.13450818195918, 30.08649523467004], [-92.13450818195918, 30.176407121021416], [-92.08955223878348, 30.176407121021416], [-92.08955223878348, 30.31127495054848], [-92.04459629560779, 30.31127495054848], [-92.04459629560779, 30.401186836899853], [-91.9996403524321, 30.401186836899853], [-91.9996403524321, 30.49109872325123], [-91.9546844092564, 30.49109872325123], [-91.9546844092564, 30.536054666426917], [-91.86477252290501, 30.536054666426917], [-91.86477252290501, 30.581010609602608], [-91.77486063655363, 30.581010609602608], [-91.77486063655363, 30.625966552778294], [-91.63999280702654, 30.625966552778294], [-91.63999280702654, 30.67092249595398], [-91.55008092067516, 30.67092249595398], [-91.55008092067516, 30.71587843912967], [-91.41521309114808, 30.71587843912967], [-91.41521309114808, 30.67092249595398], [-91.2353893184453, 30.67092249595398], [-91.2353893184453, 30.625966552778294], [-91.05556554574252, 30.625966552778294], [-91.05556554574252, 30.581010609602608], [-90.92069771621544, 30.581010609602608], [-90.92069771621544, 30.536054666426917], [-90.87574177303975, 30.536054666426917], [-90.87574177303975, 30.49109872325123], [-90.83078582986406, 30.49109872325123], [-90.74087394351267, 30.356230893724167], [-90.65096205716128, 30.356230893724167], [-90.65096205716128, 30.31127495054848], [-90.60600611398559, 30.31127495054848], [-90.60600611398559, 30.26631900737279], [-90.56105017080989, 30.26631900737279], [-90.56105017080989, 30.221363064197103], [-90.42618234128281, 30.131451177845726], [-90.42618234128281, 30.041539291494352], [-90.38122639810712, 30.041539291494352], [-90.38122639810712, 29.996583348318666], [-90.33627045493142, 29.996583348318666], [-90.33627045493142, 29.951627405142975], [-90.29131451175573, 29.951627405142975], [-90.29131451175573, 29.90667146196729], [-90.24635856858004, 29.90667146196729], [-90.24635856858004, 29.861715518791602], [-90.20140262540434, 29.861715518791602], [-90.20140262540434, 29.81675957561591], [-90.15644668222865, 29.81675957561591], [-90.15644668222865, 29.771803632440225], [-90.11149073905295, 29.771803632440225], [-90.02157885270157, 29.63693580291316], [-89.93166696635018, 29.63693580291316], [-89.88671102317448, 29.547023916561784], [-89.7967991368231, 29.547023916561784], [-89.7967991368231, 29.502067973386097], [-89.7518431936474, 29.502067973386097], [-89.7518431936474, 29.45711203021041], [-89.66193130729602, 29.45711203021041], [-89.61697536412032, 29.367200143859034], [-89.52706347776893, 29.367200143859034], [-89.52706347776893, 29.322244200683347], [-89.48210753459324, 29.322244200683347], [-89.48210753459324, 29.27728825750766], [-89.43715159141755, 29.27728825750766], [-89.43715159141755, 29.23233231433197], [-89.39219564824185, 29.23233231433197], [-89.39219564824185, 29.187376371156283], [-89.34723970506616, 29.187376371156283], [-89.34723970506616, 29.142420427980596], [-89.30228376189046, 29.142420427980596], [-89.30228376189046, 29.097464484804906], [-89.25732781871477, 29.097464484804906], [-89.25732781871477, 29.05250854162922], [-89.21237187553908, 29.05250854162922], [-89.21237187553908, 29.007552598453533], [-89.16741593236338, 29.007552598453533], [-89.16741593236338, 28.962596655277842], [-89.12245998918769, 28.962596655277842], [-89.12245998918769, 28.917640712102155], [-89.077504046012, 28.917640712102155], [-89.077504046012, 28.87268476892647], [-89.0325481028363, 28.87268476892647], [-89.0325481028363, 28.82772882575078], [-88.98759215966061, 28.82772882575078], [-88.98759215966061, 28.78277288257509], [-88.94263621648491, 28.78277288257509], [-88.94263621648491, 28.737816939399405], [-88.89768027330922, 28.737816939399405], [-88.89768027330922, 28.692860996223715], [-88.85272433013353, 28.692860996223715], [-88.85272433013353, 28.647905053048028], [-88.80776838695783, 28.647905053048028], [-88.80776838695783, 28.60294910987234], [-88.76281244378214, 28.60294910987234], [-88.76281244378214, 28.557993166696654], [-88.71785650060644, 28.557993166696654], [-88.71785650060644, 28.513037223520964], [-88.67290055743075, 28.513037223520964], [-88.67290055743075, 28.468081280345277], [-88.62794461425506, 28.468081280345277], [-88.62794461425506, 28.42312533716959], [-88.58298867107936, 28.42312533716959], [-88.58298867107936, 28.3781693939939], [-88.53803272790367, 28.3781693939939], [-88.53803272790367, 28.333213450818214], [-88.49307678472798, 28.333213450818214], [-88.49307678472798, 28.288257507642527], [-88.44812084155228, 28.288257507642527], [-88.44812084155228, 28.243301564466837], [-88.40316489837659, 28.243301564466837], [-88.40316489837659, 28.19834562129115], [-88.2682970688495, 28.108433734939773], [-88.2682970688495, 28.063477791764086], [-88.22334112567381, 28.063477791764086], [-88.22334112567381, 27.973565905412713], [-88.17838518249812, 27.973565905412713], [-88.17838518249812, 27.928609962237022], [-88.13342923932242, 27.928609962237022], [-88.13342923932242, 27.883654019061336], [-88.08847329614673, 27.883654019061336], [-88.08847329614673, 27.83869807588565], [-88.04351735297104, 27.83869807588565], [-88.04351735297104, 27.79374213270996], [-87.99856140979534, 27.79374213270996], [-87.99856140979534, 27.748786189534272], [-87.95360546661965, 27.748786189534272], [-87.86369358026826, 27.613918360007208], [-87.77378169391687, 27.613918360007208], [-87.77378169391687, 27.56896241683152], [-87.72882575074118, 27.56896241683152], [-87.72882575074118, 27.52400647365583], [-87.68386980756549, 27.52400647365583], [-87.68386980756549, 27.479050530480144], [-87.63891386438979, 27.479050530480144], [-87.63891386438979, 27.434094587304457], [-87.5939579212141, 27.434094587304457], [-87.5939579212141, 27.389138644128767], [-87.5490019780384, 27.389138644128767], [-87.5490019780384, 27.34418270095308], [-87.50404603486271, 27.34418270095308], [-87.50404603486271, 27.299226757777394], [-87.45909009168702, 27.299226757777394], [-87.45909009168702, 27.254270814601703], [-87.41413414851132, 27.254270814601703], [-87.41413414851132, 27.209314871426017], [-87.36917820533563, 27.209314871426017], [-87.36917820533563, 27.16435892825033], [-87.32422226215994, 27.16435892825033], [-87.32422226215994, 27.119402985074643], [-87.27926631898424, 27.119402985074643], [-87.27926631898424, 27.074447041898953], [-87.23431037580855, 27.074447041898953], [-87.23431037580855, 27.029491098723266], [-87.18935443263285, 27.029491098723266], [-87.18935443263285, 26.98453515554758], [-87.14439848945716, 26.98453515554758], [-87.14439848945716, 26.93957921237189], [-87.09944254628147, 26.93957921237189], [-87.09944254628147, 26.894623269196202], [-87.05448660310577, 26.894623269196202], [-87.05448660310577, 26.849667326020516], [-87.00953065993008, 26.849667326020516], [-86.91961877357869, 26.714799496493452], [-86.8297068872273, 26.714799496493452], [-86.8297068872273, 26.66984355331776], [-86.78475094405161, 26.66984355331776], [-86.78475094405161, 26.624887610142075], [-86.73979500087592, 26.624887610142075], [-86.73979500087592, 26.579931666966388], [-86.69483905770022, 26.579931666966388], [-86.69483905770022, 26.5349757237907], [-86.64988311452453, 26.5349757237907], [-86.64988311452453, 26.49001978061501], [-86.60492717134883, 26.49001978061501], [-86.60492717134883, 26.445063837439324], [-86.55997122817314, 26.445063837439324], [-86.55997122817314, 26.400107894263638], [-86.51501528499745, 26.400107894263638], [-86.51501528499745, 26.355151951087947], [-86.47005934182175, 26.355151951087947], [-86.47005934182175, 26.31019600791226], [-86.42510339864606, 26.31019600791226], [-86.42510339864606, 26.265240064736574], [-86.38014745547036, 26.265240064736574], [-86.38014745547036, 26.220284121560884], [-86.33519151229467, 26.220284121560884], [-86.33519151229467, 26.175328178385197], [-86.29023556911898, 26.175328178385197], [-86.29023556911898, 26.13037223520951], [-86.24527962594328, 26.13037223520951], [-86.24527962594328, 26.08541629203382], [-86.20032368276759, 26.08541629203382], [-86.20032368276759, 26.040460348858133], [-86.1553677395919, 26.040460348858133], [-86.1553677395919, 25.995504405682446], [-86.1104117964162, 25.995504405682446], [-86.1104117964162, 25.950548462506756], [-86.06545585324051, 25.950548462506756], [-86.06545585324051, 25.90559251933107], [-86.02049991006481, 25.90559251933107], [-86.02049991006481, 25.860636576155382], [-85.97554396688912, 25.860636576155382], [-85.97554396688912, 25.815680632979692], [-85.93058802371343, 25.815680632979692], [-85.93058802371343, 25.770724689804005], [-85.88563208053773, 25.770724689804005], [-85.88563208053773, 25.72576874662832], [-85.84067613736204, 25.72576874662832], [-85.84067613736204, 25.680812803452632], [-85.79572019418634, 25.680812803452632], [-85.79572019418634, 25.63585686027694], [-85.75076425101065, 25.63585686027694], [-85.75076425101065, 25.590900917101255], [-85.70580830783496, 25.590900917101255], [-85.70580830783496, 25.545944973925568], [-85.66085236465926, 25.545944973925568], [-85.66085236465926, 25.500989030749878], [-85.61589642148357, 25.500989030749878], [-85.61589642148357, 25.45603308757419], [-85.57094047830788, 25.45603308757419], [-85.57094047830788, 25.411077144398504], [-85.52598453513218, 25.411077144398504], [-85.52598453513218, 25.366121201222814], [-85.48102859195649, 25.366121201222814], [-85.48102859195649, 25.321165258047127], [-85.4360726487808, 25.321165258047127], [-85.4360726487808, 25.27620931487144], [-85.3911167056051, 25.27620931487144], [-85.3911167056051, 25.23125337169575], [-85.3461607624294, 25.23125337169575], [-85.3461607624294, 25.186297428520064], [-85.30120481925371, 25.186297428520064], [-85.30120481925371, 25.141341485344377], [-85.25624887607802, 25.141341485344377], [-85.25624887607802, 25.09638554216869], [-85.21129293290232, 25.09638554216869], [-85.21129293290232, 25.051429598993], [-85.16633698972663, 25.051429598993], [-85.16633698972663, 25.006473655817313], [-85.12138104655094, 25.006473655817313], [-85.12138104655094, 24.961517712641626], [-85.07642510337524, 24.961517712641626], [-85.07642510337524, 24.916561769465936], [-85.03146916019955, 24.916561769465936], [-85.03146916019955, 24.87160582629025], [-84.98651321702386, 24.87160582629025], [-84.98651321702386, 24.826649883114563], [-84.94155727384816, 24.826649883114563], [-84.94155727384816, 24.781693939938872], [-84.89660133067247, 24.781693939938872], [-84.89660133067247, 24.736737996763186], [-84.85164538749677, 24.736737996763186], [-84.85164538749677, 24.6917820535875], [-84.80668944432108, 24.6917820535875], [-84.80668944432108, 24.64682611041181], [-84.76173350114539, 24.64682611041181], [-84.76173350114539, 24.60187016723612], [-84.71677755796969, 24.60187016723612], [-84.71677755796969, 24.556914224060435], [-84.671821614794, 24.556914224060435], [-84.671821614794, 24.511958280884745], [-84.6268656716183, 24.511958280884745], [-84.6268656716183, 24.467002337709058], [-84.58190972844261, 24.467002337709058], [-84.58190972844261, 24.42204639453337], [-84.53695378526692, 24.42204639453337], [-84.53695378526692, 24.37709045135768], [-84.49199784209122, 24.37709045135768], [-84.49199784209122, 24.332134508181994], [-84.44704189891553, 24.332134508181994], [-84.44704189891553, 24.287178565006307], [-84.40208595573984, 24.287178565006307], [-84.31217406938845, 24.152310735479244], [-84.26721812621275, 24.152310735479244], [-84.26721812621275, 24.062398849127867], [-84.22226218303706, 24.062398849127867], [-84.22226218303706, 24.01744290595218], [-84.17730623986137, 24.01744290595218], [-84.17730623986137, 23.972486962776493], [-84.13235029668567, 23.972486962776493], [-84.13235029668567, 23.927531019600803], [-83.99748246715859, 23.83761913324943], [-83.99748246715859, 23.747707246898052], [-83.9525265239829, 23.747707246898052], [-83.9525265239829, 23.702751303722366], [-83.9075705808072, 23.702751303722366], [-83.9075705808072, 23.65779536054668], [-83.77270275128012, 23.567883474195302], [-83.77270275128012, 23.477971587843925], [-83.68279086492873, 23.433015644668238], [-83.68279086492873, 23.34310375831686], [-83.54792303540165, 23.253191871965488], [-83.54792303540165, 23.16327998561411], [-83.50296709222596, 23.16327998561411], [-83.50296709222596, 23.118324042438424], [-83.45801114905026, 23.118324042438424], [-83.36809926269888, 22.98345621291136], [-83.27818737634749, 22.98345621291136], [-83.2332314331718, 22.893544326559983], [-83.14331954682041, 22.893544326559983], [-83.14331954682041, 22.848588383384296], [-83.05340766046902, 22.848588383384296], [-83.00845171729333, 22.75867649703292], [-82.91853983094194, 22.75867649703292], [-82.91853983094194, 22.713720553857232], [-82.87358388776624, 22.713720553857232], [-82.87358388776624, 22.668764610681546], [-82.82862794459055, 22.668764610681546], [-82.82862794459055, 22.623808667505855], [-82.78367200141486, 22.623808667505855], [-82.78367200141486, 22.57885272433017], [-82.73871605823916, 22.57885272433017], [-82.73871605823916, 22.533896781154482], [-82.69376011506347, 22.533896781154482], [-82.69376011506347, 22.48894083797879], [-82.64880417188778, 22.48894083797879], [-82.64880417188778, 22.443984894803105], [-82.60384822871208, 22.443984894803105], [-82.60384822871208, 22.399028951627418], [-82.55889228553639, 22.399028951627418], [-82.55889228553639, 22.354073008451728], [-82.5139363423607, 22.354073008451728], [-82.5139363423607, 22.30911706527604], [-82.468980399185, 22.30911706527604], [-82.468980399185, 22.264161122100354], [-82.4240244560093, 22.264161122100354], [-82.4240244560093, 22.219205178924668], [-82.28915662648222, 22.12929329257329], [-82.28915662648222, 22.039381406221914], [-82.24420068330653, 22.039381406221914], [-82.24420068330653, 21.54486603128935], [-82.28915662648222, 21.54486603128935], [-82.28915662648222, 21.45495414493797], [-82.37906851283361, 21.409998201762285], [-82.37906851283361, 21.49991008811366], [-82.33411256965792, 21.49991008811366], [-82.33411256965792, 21.634777917640722], [-82.28915662648222, 21.634777917640722], [-82.28915662648222, 21.94946951987054], [-82.33411256965792, 21.94946951987054], [-82.33411256965792, 22.084337349397604], [-82.37906851283361, 22.084337349397604], [-82.37906851283361, 22.12929329257329], [-82.4240244560093, 22.12929329257329], [-82.5139363423607, 22.264161122100354], [-82.60384822871208, 22.264161122100354], [-82.60384822871208, 22.30911706527604], [-82.64880417188778, 22.30911706527604], [-82.64880417188778, 22.354073008451728], [-82.78367200141486, 22.443984894803105], [-82.78367200141486, 22.533896781154482], [-82.82862794459055, 22.533896781154482], [-82.91853983094194, 22.668764610681546], [-83.00845171729333, 22.668764610681546], [-83.00845171729333, 22.713720553857232], [-83.1882754899961, 22.75867649703292], [-83.1882754899961, 22.80363244020861], [-83.27818737634749, 22.80363244020861], [-83.27818737634749, 22.848588383384296], [-83.45801114905026, 22.893544326559983], [-83.45801114905026, 22.93850026973567], [-83.50296709222596, 22.93850026973567], [-83.50296709222596, 22.98345621291136], [-83.63783492175304, 23.073368099262733], [-83.63783492175304, 23.16327998561411], [-83.72774680810443, 23.208235928789797], [-83.72774680810443, 23.298147815141174], [-83.77270275128012, 23.298147815141174], [-83.77270275128012, 23.38805970149255], [-83.86261463763151, 23.433015644668238], [-83.86261463763151, 23.522927531019615], [-83.9075705808072, 23.522927531019615], [-83.9075705808072, 23.567883474195302], [-83.9525265239829, 23.567883474195302], [-83.9525265239829, 23.61283941737099], [-83.99748246715859, 23.61283941737099], [-83.99748246715859, 23.65779536054668], [-84.04243841033428, 23.65779536054668], [-84.04243841033428, 23.702751303722366], [-84.08739435350998, 23.702751303722366], [-84.08739435350998, 23.747707246898052], [-84.13235029668567, 23.747707246898052], [-84.13235029668567, 23.79266319007374], [-84.26721812621275, 23.882575076425116], [-84.26721812621275, 23.972486962776493], [-84.40208595573984, 24.062398849127867], [-84.40208595573984, 24.152310735479244], [-84.49199784209122, 24.152310735479244], [-84.49199784209122, 24.19726667865493], [-84.53695378526692, 24.19726667865493], [-84.53695378526692, 24.24222262183062], [-84.58190972844261, 24.24222262183062], [-84.58190972844261, 24.287178565006307], [-84.6268656716183, 24.287178565006307], [-84.6268656716183, 24.332134508181994], [-84.671821614794, 24.332134508181994], [-84.671821614794, 24.37709045135768], [-84.71677755796969, 24.37709045135768], [-84.71677755796969, 24.42204639453337], [-84.76173350114539, 24.42204639453337], [-84.76173350114539, 24.467002337709058], [-84.89660133067247, 24.556914224060435], [-84.89660133067247, 24.64682611041181], [-84.98651321702386, 24.64682611041181], [-84.98651321702386, 24.6917820535875], [-85.03146916019955, 24.6917820535875], [-85.03146916019955, 24.736737996763186], [-85.07642510337524, 24.736737996763186], [-85.07642510337524, 24.781693939938872], [-85.12138104655094, 24.781693939938872], [-85.12138104655094, 24.826649883114563], [-85.16633698972663, 24.826649883114563], [-85.16633698972663, 24.87160582629025], [-85.21129293290232, 24.87160582629025], [-85.21129293290232, 24.916561769465936], [-85.25624887607802, 24.916561769465936], [-85.25624887607802, 24.961517712641626], [-85.30120481925371, 24.961517712641626], [-85.30120481925371, 25.006473655817313], [-85.3461607624294, 25.006473655817313], [-85.3461607624294, 25.051429598993], [-85.3911167056051, 25.051429598993], [-85.3911167056051, 25.09638554216869], [-85.4360726487808, 25.09638554216869], [-85.4360726487808, 25.141341485344377], [-85.48102859195649, 25.141341485344377], [-85.48102859195649, 25.186297428520064], [-85.52598453513218, 25.186297428520064], [-85.61589642148357, 25.321165258047127], [-85.70580830783496, 25.321165258047127], [-85.70580830783496, 25.366121201222814], [-85.79572019418634, 25.411077144398504], [-85.79572019418634, 25.500989030749878], [-85.84067613736204, 25.500989030749878], [-85.84067613736204, 25.545944973925568], [-85.88563208053773, 25.545944973925568], [-85.97554396688912, 25.680812803452632], [-86.06545585324051, 25.680812803452632], [-86.06545585324051, 25.72576874662832], [-86.1104117964162, 25.72576874662832], [-86.1104117964162, 25.770724689804005], [-86.1553677395919, 25.770724689804005], [-86.1553677395919, 25.815680632979692], [-86.20032368276759, 25.815680632979692], [-86.20032368276759, 25.860636576155382], [-86.24527962594328, 25.860636576155382], [-86.24527962594328, 25.90559251933107], [-86.29023556911898, 25.90559251933107], [-86.29023556911898, 25.950548462506756], [-86.33519151229467, 25.950548462506756], [-86.33519151229467, 25.995504405682446], [-86.38014745547036, 25.995504405682446], [-86.38014745547036, 26.040460348858133], [-86.42510339864606, 26.040460348858133], [-86.42510339864606, 26.08541629203382], [-86.47005934182175, 26.08541629203382], [-86.47005934182175, 26.13037223520951], [-86.51501528499745, 26.13037223520951], [-86.51501528499745, 26.175328178385197], [-86.55997122817314, 26.175328178385197], [-86.55997122817314, 26.220284121560884], [-86.60492717134883, 26.220284121560884], [-86.60492717134883, 26.265240064736574], [-86.64988311452453, 26.265240064736574], [-86.64988311452453, 26.31019600791226], [-86.69483905770022, 26.31019600791226], [-86.69483905770022, 26.355151951087947], [-86.73979500087592, 26.355151951087947], [-86.73979500087592, 26.400107894263638], [-86.78475094405161, 26.400107894263638], [-86.78475094405161, 26.445063837439324], [-86.8297068872273, 26.445063837439324], [-86.8297068872273, 26.49001978061501], [-86.874662830403, 26.49001978061501], [-86.874662830403, 26.5349757237907], [-86.91961877357869, 26.5349757237907], [-87.00953065993008, 26.66984355331776], [-87.09944254628147, 26.66984355331776], [-87.09944254628147, 26.714799496493452], [-87.14439848945716, 26.714799496493452], [-87.14439848945716, 26.75975543966914], [-87.18935443263285, 26.75975543966914], [-87.18935443263285, 26.804711382844825], [-87.23431037580855, 26.804711382844825], [-87.23431037580855, 26.849667326020516], [-87.27926631898424, 26.849667326020516], [-87.27926631898424, 26.894623269196202], [-87.32422226215994, 26.894623269196202], [-87.32422226215994, 26.93957921237189], [-87.36917820533563, 26.93957921237189], [-87.36917820533563, 26.98453515554758], [-87.41413414851132, 26.98453515554758], [-87.41413414851132, 27.029491098723266], [-87.5490019780384, 27.119402985074643], [-87.5490019780384, 27.16435892825033], [-87.63891386438979, 27.16435892825033], [-87.63891386438979, 27.209314871426017], [-87.68386980756549, 27.209314871426017], [-87.68386980756549, 27.254270814601703], [-87.72882575074118, 27.254270814601703], [-87.72882575074118, 27.299226757777394], [-87.77378169391687, 27.299226757777394], [-87.77378169391687, 27.34418270095308], [-87.81873763709257, 27.34418270095308], [-87.81873763709257, 27.389138644128767], [-87.86369358026826, 27.389138644128767], [-87.86369358026826, 27.434094587304457], [-87.90864952344396, 27.434094587304457], [-87.90864952344396, 27.479050530480144], [-87.95360546661965, 27.479050530480144], [-87.95360546661965, 27.52400647365583], [-87.99856140979534, 27.52400647365583], [-87.99856140979534, 27.56896241683152], [-88.04351735297104, 27.56896241683152], [-88.04351735297104, 27.613918360007208], [-88.08847329614673, 27.613918360007208], [-88.08847329614673, 27.658874303182895], [-88.13342923932242, 27.658874303182895], [-88.13342923932242, 27.703830246358585], [-88.17838518249812, 27.703830246358585], [-88.17838518249812, 27.748786189534272], [-88.22334112567381, 27.748786189534272], [-88.22334112567381, 27.79374213270996], [-88.2682970688495, 27.79374213270996], [-88.2682970688495, 27.83869807588565], [-88.3132530120252, 27.83869807588565], [-88.3132530120252, 27.883654019061336], [-88.3582089552009, 27.883654019061336], [-88.3582089552009, 27.928609962237022], [-88.40316489837659, 27.928609962237022], [-88.40316489837659, 27.973565905412713], [-88.44812084155228, 27.973565905412713], [-88.44812084155228, 28.0185218485884], [-88.58298867107936, 28.108433734939773], [-88.58298867107936, 28.153389678115463], [-88.67290055743075, 28.153389678115463], [-88.67290055743075, 28.19834562129115], [-88.71785650060644, 28.19834562129115], [-88.71785650060644, 28.243301564466837], [-88.85272433013353, 28.333213450818214], [-88.85272433013353, 28.42312533716959], [-88.89768027330922, 28.42312533716959], [-88.89768027330922, 28.468081280345277], [-88.94263621648491, 28.468081280345277], [-88.94263621648491, 28.513037223520964], [-88.98759215966061, 28.513037223520964], [-88.98759215966061, 28.557993166696654], [-89.0325481028363, 28.557993166696654], [-89.12245998918769, 28.692860996223715], [-89.21237187553908, 28.692860996223715], [-89.21237187553908, 28.737816939399405], [-89.30228376189046, 28.78277288257509], [-89.30228376189046, 28.87268476892647], [-89.34723970506616, 28.87268476892647], [-89.34723970506616, 28.917640712102155], [-89.39219564824185, 28.917640712102155], [-89.39219564824185, 28.962596655277842], [-89.43715159141755, 28.962596655277842], [-89.52706347776893, 29.097464484804906], [-89.61697536412032, 29.097464484804906], [-89.61697536412032, 29.142420427980596], [-89.66193130729602, 29.142420427980596], [-89.66193130729602, 29.187376371156283], [-89.7518431936474, 29.187376371156283], [-89.7967991368231, 29.27728825750766], [-89.88671102317448, 29.27728825750766], [-89.88671102317448, 29.322244200683347], [-90.06653479587726, 29.367200143859034], [-90.06653479587726, 29.412156087034724], [-90.15644668222865, 29.412156087034724], [-90.15644668222865, 29.45711203021041], [-90.24635856858004, 29.45711203021041], [-90.24635856858004, 29.502067973386097], [-90.42618234128281, 29.547023916561784], [-90.42618234128281, 29.591979859737474], [-90.4711382844585, 29.591979859737474], [-90.4711382844585, 29.63693580291316], [-90.5160942276342, 29.63693580291316], [-90.5160942276342, 29.681891746088848], [-90.65096205716128, 29.771803632440225], [-90.65096205716128, 29.861715518791602], [-90.78582988668836, 29.951627405142975], [-90.78582988668836, 30.041539291494352], [-90.83078582986406, 30.041539291494352], [-90.87574177303975, 30.131451177845726], [-90.96565365939114, 30.131451177845726], [-90.96565365939114, 30.176407121021416], [-91.10052148891822, 30.176407121021416], [-91.10052148891822, 30.221363064197103], [-91.50512497749946, 30.26631900737279], [-91.55008092067516, 30.176407121021416], [-91.63999280702654, 30.176407121021416], [-91.63999280702654, 30.131451177845726], [-91.77486063655363, 30.041539291494352], [-91.77486063655363, 29.951627405142975], [-91.86477252290501, 29.90667146196729], [-91.86477252290501, 29.81675957561591], [-91.90972846608071, 29.81675957561591], [-91.90972846608071, 29.726847689264538], [-91.9546844092564, 29.726847689264538], [-91.9546844092564, 29.63693580291316], [-91.9996403524321, 29.63693580291316], [-91.9996403524321, 29.412156087034724], [-91.9546844092564, 29.412156087034724], [-91.9546844092564, 29.27728825750766], [-91.90972846608071, 29.27728825750766], [-91.90972846608071, 29.187376371156283], [-91.86477252290501, 29.187376371156283], [-91.86477252290501, 29.05250854162922], [-91.81981657972932, 29.05250854162922], [-91.77486063655363, 28.87268476892647], [-91.68494875020224, 28.82772882575078], [-91.68494875020224, 28.737816939399405], [-91.63999280702654, 28.737816939399405], [-91.63999280702654, 28.647905053048028], [-91.59503686385085, 28.647905053048028], [-91.55008092067516, 28.468081280345277], [-91.50512497749946, 28.468081280345277], [-91.50512497749946, 28.42312533716959], [-91.46016903432377, 28.42312533716959], [-91.46016903432377, 28.3781693939939], [-91.41521309114808, 28.3781693939939], [-91.41521309114808, 28.333213450818214], [-91.37025714797238, 28.333213450818214], [-91.37025714797238, 28.288257507642527], [-91.32530120479669, 28.288257507642527], [-91.32530120479669, 28.243301564466837], [-91.280345261621, 28.243301564466837], [-91.280345261621, 28.19834562129115], [-91.14547743209391, 28.108433734939773], [-91.14547743209391, 28.0185218485884], [-91.10052148891822, 28.0185218485884], [-91.10052148891822, 27.973565905412713], [-91.01060960256683, 27.973565905412713], [-91.01060960256683, 27.928609962237022], [-90.96565365939114, 27.928609962237022], [-90.96565365939114, 27.883654019061336], [-90.92069771621544, 27.883654019061336], [-90.92069771621544, 27.83869807588565], [-90.87574177303975, 27.83869807588565], [-90.87574177303975, 27.79374213270996], [-90.83078582986406, 27.79374213270996], [-90.83078582986406, 27.748786189534272], [-90.78582988668836, 27.748786189534272], [-90.78582988668836, 27.703830246358585], [-90.74087394351267, 27.703830246358585], [-90.74087394351267, 27.658874303182895], [-90.69591800033697, 27.658874303182895], [-90.69591800033697, 27.613918360007208], [-90.56105017080989, 27.52400647365583], [-90.56105017080989, 27.479050530480144], [-90.4711382844585, 27.479050530480144], [-90.38122639810712, 27.34418270095308], [-90.29131451175573, 27.34418270095308], [-90.29131451175573, 27.299226757777394], [-90.24635856858004, 27.299226757777394], [-90.24635856858004, 27.254270814601703], [-90.20140262540434, 27.254270814601703], [-90.20140262540434, 27.209314871426017], [-90.15644668222865, 27.209314871426017], [-90.15644668222865, 27.16435892825033], [-90.11149073905295, 27.16435892825033], [-90.11149073905295, 27.119402985074643], [-90.06653479587726, 27.119402985074643], [-89.97662290952587, 26.98453515554758], [-89.88671102317448, 26.98453515554758], [-89.84175507999879, 26.894623269196202], [-89.7518431936474, 26.894623269196202], [-89.70688725047171, 26.804711382844825], [-89.61697536412032, 26.804711382844825], [-89.52706347776893, 26.66984355331776], [-89.43715159141755, 26.66984355331776], [-89.43715159141755, 26.624887610142075], [-89.39219564824185, 26.624887610142075], [-89.30228376189046, 26.49001978061501], [-89.21237187553908, 26.49001978061501], [-89.12245998918769, 26.355151951087947], [-89.0325481028363, 26.355151951087947], [-89.0325481028363, 26.31019600791226], [-88.98759215966061, 26.31019600791226], [-88.98759215966061, 26.265240064736574], [-88.89768027330922, 26.265240064736574], [-88.80776838695783, 26.13037223520951], [-88.71785650060644, 26.13037223520951], [-88.71785650060644, 26.08541629203382], [-88.67290055743075, 26.08541629203382], [-88.67290055743075, 25.995504405682446], [-88.58298867107936, 25.995504405682446], [-88.53803272790367, 25.90559251933107], [-88.44812084155228, 25.90559251933107], [-88.40316489837659, 25.815680632979692], [-88.3132530120252, 25.815680632979692], [-88.3132530120252, 25.770724689804005], [-88.17838518249812, 25.680812803452632], [-88.17838518249812, 25.63585686027694], [-88.08847329614673, 25.63585686027694], [-88.08847329614673, 25.590900917101255], [-88.04351735297104, 25.590900917101255], [-88.04351735297104, 25.500989030749878], [-87.95360546661965, 25.500989030749878], [-87.95360546661965, 25.45603308757419], [-87.90864952344396, 25.45603308757419], [-87.90864952344396, 25.411077144398504], [-87.81873763709257, 25.411077144398504], [-87.77378169391687, 25.321165258047127], [-87.68386980756549, 25.321165258047127], [-87.63891386438979, 25.23125337169575], [-87.5490019780384, 25.23125337169575], [-87.5490019780384, 25.186297428520064], [-87.50404603486271, 25.186297428520064], [-87.50404603486271, 25.141341485344377], [-87.45909009168702, 25.141341485344377], [-87.36917820533563, 25.006473655817313], [-87.27926631898424, 25.006473655817313], [-87.27926631898424, 24.961517712641626], [-87.23431037580855, 24.961517712641626], [-87.23431037580855, 24.916561769465936], [-87.14439848945716, 24.916561769465936], [-87.09944254628147, 24.826649883114563], [-86.91961877357869, 24.781693939938872], [-86.91961877357869, 24.736737996763186], [-86.874662830403, 24.736737996763186], [-86.8297068872273, 24.64682611041181], [-86.73979500087592, 24.64682611041181], [-86.73979500087592, 24.60187016723612], [-86.69483905770022, 24.60187016723612], [-86.69483905770022, 24.556914224060435], [-86.64988311452453, 24.556914224060435], [-86.64988311452453, 24.511958280884745], [-86.60492717134883, 24.511958280884745], [-86.51501528499745, 24.37709045135768], [-86.33519151229467, 24.332134508181994], [-86.33519151229467, 24.287178565006307], [-86.29023556911898, 24.287178565006307], [-86.29023556911898, 24.24222262183062], [-86.20032368276759, 24.24222262183062], [-86.20032368276759, 24.19726667865493], [-86.1553677395919, 24.19726667865493], [-86.1553677395919, 24.152310735479244], [-86.1104117964162, 24.152310735479244], [-86.02049991006481, 24.01744290595218], [-85.93058802371343, 24.01744290595218], [-85.88563208053773, 23.927531019600803], [-85.79572019418634, 23.927531019600803], [-85.75076425101065, 23.83761913324943], [-85.66085236465926, 23.83761913324943], [-85.61589642148357, 23.747707246898052], [-85.52598453513218, 23.747707246898052], [-85.48102859195649, 23.65779536054668], [-85.3911167056051, 23.65779536054668], [-85.3911167056051, 23.61283941737099], [-85.3461607624294, 23.61283941737099], [-85.3461607624294, 23.567883474195302], [-85.30120481925371, 23.567883474195302], [-85.21129293290232, 23.433015644668238], [-85.12138104655094, 23.433015644668238], [-85.12138104655094, 23.38805970149255], [-85.07642510337524, 23.38805970149255], [-85.07642510337524, 23.34310375831686], [-84.98651321702386, 23.34310375831686], [-84.94155727384816, 23.253191871965488], [-84.76173350114539, 23.208235928789797], [-84.76173350114539, 23.16327998561411], [-84.71677755796969, 23.16327998561411], [-84.71677755796969, 23.118324042438424], [-84.671821614794, 23.118324042438424], [-84.671821614794, 23.073368099262733], [-84.6268656716183, 23.073368099262733], [-84.53695378526692, 22.93850026973567], [-84.44704189891553, 22.93850026973567], [-84.44704189891553, 22.893544326559983], [-84.35713001256414, 22.893544326559983], [-84.35713001256414, 22.848588383384296], [-84.22226218303706, 22.848588383384296], [-84.22226218303706, 22.80363244020861], [-84.04243841033428, 22.80363244020861], [-84.04243841033428, 22.75867649703292], [-83.9075705808072, 22.75867649703292], [-83.9075705808072, 22.713720553857232], [-83.81765869445582, 22.713720553857232], [-83.81765869445582, 22.668764610681546], [-83.68279086492873, 22.57885272433017], [-83.63783492175304, 22.399028951627418], [-83.54792303540165, 22.399028951627418], [-83.54792303540165, 22.354073008451728], [-83.50296709222596, 22.354073008451728], [-83.41305520587457, 22.219205178924668], [-83.32314331952318, 22.219205178924668], [-83.32314331952318, 22.174249235748977], [-83.27818737634749, 22.174249235748977], [-83.27818737634749, 22.084337349397604], [-83.2332314331718, 22.084337349397604], [-83.2332314331718, 22.039381406221914], [-83.1882754899961, 22.039381406221914], [-83.1882754899961, 21.994425463046227], [-83.14331954682041, 21.994425463046227], [-83.14331954682041, 21.94946951987054], [-83.09836360364471, 21.94946951987054], [-83.09836360364471, 21.90451357669485], [-83.05340766046902, 21.90451357669485], [-82.96349577411763, 21.769645747167786], [-82.87358388776624, 21.769645747167786], [-82.87358388776624, 21.7246898039921], [-82.82862794459055, 21.7246898039921], [-82.82862794459055, 21.679733860816413], [-82.78367200141486, 21.679733860816413], [-82.78367200141486, 21.634777917640722], [-82.73871605823916, 21.634777917640722], [-82.73871605823916, 21.589821974465035], [-82.69376011506347, 21.589821974465035], [-82.69376011506347, 21.54486603128935], [-82.64880417188778, 21.54486603128935], [-82.64880417188778, 21.49991008811366], [-82.60384822871208, 21.49991008811366], [-82.5139363423607, 21.365042258586598], [-82.60384822871208, 21.365042258586598], [-82.60384822871208, 21.409998201762285], [-82.64880417188778, 21.409998201762285], [-82.64880417188778, 21.45495414493797], [-82.73871605823916, 21.45495414493797], [-82.73871605823916, 21.49991008811366], [-82.78367200141486, 21.49991008811366], [-82.78367200141486, 21.54486603128935], [-82.82862794459055, 21.54486603128935], [-82.82862794459055, 21.589821974465035], [-82.87358388776624, 21.589821974465035], [-82.96349577411763, 21.7246898039921], [-83.05340766046902, 21.7246898039921], [-83.05340766046902, 21.769645747167786], [-83.09836360364471, 21.769645747167786], [-83.09836360364471, 21.814601690343476], [-83.14331954682041, 21.814601690343476], [-83.14331954682041, 21.859557633519163], [-83.1882754899961, 21.859557633519163], [-83.1882754899961, 21.90451357669485], [-83.2332314331718, 21.90451357669485], [-83.2332314331718, 21.94946951987054], [-83.27818737634749, 21.94946951987054], [-83.27818737634749, 21.994425463046227], [-83.32314331952318, 21.994425463046227], [-83.32314331952318, 22.039381406221914], [-83.36809926269888, 22.039381406221914], [-83.36809926269888, 22.084337349397604], [-83.41305520587457, 22.084337349397604], [-83.41305520587457, 22.12929329257329], [-83.45801114905026, 22.12929329257329], [-83.45801114905026, 22.174249235748977], [-83.50296709222596, 22.174249235748977], [-83.50296709222596, 22.219205178924668], [-83.54792303540165, 22.219205178924668], [-83.54792303540165, 22.264161122100354], [-83.59287897857735, 22.264161122100354], [-83.59287897857735, 22.30911706527604], [-83.63783492175304, 22.30911706527604], [-83.63783492175304, 22.354073008451728], [-83.68279086492873, 22.354073008451728], [-83.68279086492873, 22.399028951627418], [-83.72774680810443, 22.399028951627418], [-83.72774680810443, 22.443984894803105], [-83.77270275128012, 22.443984894803105], [-83.86261463763151, 22.57885272433017], [-83.9525265239829, 22.57885272433017], [-83.9525265239829, 22.623808667505855], [-84.04243841033428, 22.623808667505855], [-84.04243841033428, 22.668764610681546], [-84.13235029668567, 22.668764610681546], [-84.13235029668567, 22.713720553857232], [-84.26721812621275, 22.713720553857232], [-84.26721812621275, 22.75867649703292], [-84.35713001256414, 22.75867649703292], [-84.35713001256414, 22.80363244020861], [-84.49199784209122, 22.80363244020861], [-84.53695378526692, 22.893544326559983], [-84.6268656716183, 22.893544326559983], [-84.6268656716183, 22.93850026973567], [-84.671821614794, 22.93850026973567], [-84.71677755796969, 23.028412156087047], [-84.80668944432108, 23.028412156087047], [-84.89660133067247, 23.16327998561411], [-85.07642510337524, 23.208235928789797], [-85.07642510337524, 23.253191871965488], [-85.12138104655094, 23.253191871965488], [-85.12138104655094, 23.298147815141174], [-85.21129293290232, 23.298147815141174], [-85.30120481925371, 23.433015644668238], [-85.3911167056051, 23.433015644668238], [-85.48102859195649, 23.567883474195302], [-85.57094047830788, 23.567883474195302], [-85.61589642148357, 23.65779536054668], [-85.70580830783496, 23.65779536054668], [-85.75076425101065, 23.747707246898052], [-85.84067613736204, 23.747707246898052], [-85.93058802371343, 23.882575076425116], [-86.02049991006481, 23.882575076425116], [-86.06545585324051, 23.972486962776493], [-86.1553677395919, 23.972486962776493], [-86.1553677395919, 24.01744290595218], [-86.20032368276759, 24.01744290595218], [-86.29023556911898, 24.152310735479244], [-86.38014745547036, 24.152310735479244], [-86.42510339864606, 24.24222262183062], [-86.51501528499745, 24.24222262183062], [-86.55997122817314, 24.332134508181994], [-86.64988311452453, 24.332134508181994], [-86.73979500087592, 24.467002337709058], [-86.8297068872273, 24.467002337709058], [-86.8297068872273, 24.511958280884745], [-86.874662830403, 24.511958280884745], [-86.91961877357869, 24.60187016723612], [-87.00953065993008, 24.60187016723612], [-87.09944254628147, 24.736737996763186], [-87.18935443263285, 24.736737996763186], [-87.18935443263285, 24.781693939938872], [-87.27926631898424, 24.781693939938872], [-87.32422226215994, 24.87160582629025], [-87.41413414851132, 24.87160582629025], [-87.41413414851132, 24.916561769465936], [-87.45909009168702, 24.916561769465936], [-87.50404603486271, 25.006473655817313], [-87.5939579212141, 25.006473655817313], [-87.5939579212141, 25.051429598993], [-87.63891386438979, 25.051429598993], [-87.72882575074118, 25.186297428520064], [-87.81873763709257, 25.186297428520064], [-87.86369358026826, 25.27620931487144], [-87.95360546661965, 25.27620931487144], [-87.95360546661965, 25.321165258047127], [-87.99856140979534, 25.321165258047127], [-88.04351735297104, 25.411077144398504], [-88.13342923932242, 25.411077144398504], [-88.13342923932242, 25.45603308757419], [-88.17838518249812, 25.45603308757419], [-88.2682970688495, 25.590900917101255], [-88.3582089552009, 25.590900917101255], [-88.3582089552009, 25.63585686027694], [-88.40316489837659, 25.63585686027694], [-88.40316489837659, 25.680812803452632], [-88.49307678472798, 25.680812803452632], [-88.58298867107936, 25.815680632979692], [-88.67290055743075, 25.815680632979692], [-88.76281244378214, 25.950548462506756], [-88.85272433013353, 25.950548462506756], [-88.85272433013353, 25.995504405682446], [-88.89768027330922, 25.995504405682446], [-88.98759215966061, 26.13037223520951], [-89.077504046012, 26.13037223520951], [-89.077504046012, 26.175328178385197], [-89.12245998918769, 26.175328178385197], [-89.12245998918769, 26.220284121560884], [-89.21237187553908, 26.220284121560884], [-89.30228376189046, 26.355151951087947], [-89.39219564824185, 26.355151951087947], [-89.43715159141755, 26.445063837439324], [-89.52706347776893, 26.445063837439324], [-89.52706347776893, 26.49001978061501], [-89.57201942094463, 26.49001978061501], [-89.66193130729602, 26.624887610142075], [-89.7518431936474, 26.624887610142075], [-89.7967991368231, 26.714799496493452], [-89.88671102317448, 26.714799496493452], [-89.93166696635018, 26.804711382844825], [-90.02157885270157, 26.804711382844825], [-90.11149073905295, 26.93957921237189], [-90.20140262540434, 26.93957921237189], [-90.20140262540434, 26.98453515554758], [-90.24635856858004, 26.98453515554758], [-90.24635856858004, 27.029491098723266], [-90.29131451175573, 27.029491098723266], [-90.29131451175573, 27.074447041898953], [-90.33627045493142, 27.074447041898953], [-90.42618234128281, 27.209314871426017], [-90.5160942276342, 27.209314871426017], [-90.5160942276342, 27.254270814601703], [-90.56105017080989, 27.254270814601703], [-90.65096205716128, 27.389138644128767], [-90.74087394351267, 27.389138644128767], [-90.74087394351267, 27.434094587304457], [-90.78582988668836, 27.434094587304457], [-90.78582988668836, 27.479050530480144], [-90.83078582986406, 27.479050530480144], [-90.83078582986406, 27.52400647365583], [-90.87574177303975, 27.52400647365583], [-90.96565365939114, 27.658874303182895], [-91.05556554574252, 27.658874303182895], [-91.05556554574252, 27.703830246358585], [-91.10052148891822, 27.703830246358585], [-91.10052148891822, 27.748786189534272], [-91.14547743209391, 27.748786189534272], [-91.14547743209391, 27.79374213270996], [-91.1904333752696, 27.79374213270996], [-91.1904333752696, 27.83869807588565], [-91.2353893184453, 27.83869807588565], [-91.2353893184453, 27.883654019061336], [-91.280345261621, 27.883654019061336], [-91.280345261621, 27.928609962237022], [-91.32530120479669, 27.928609962237022], [-91.32530120479669, 27.973565905412713], [-91.37025714797238, 27.973565905412713], [-91.37025714797238, 28.0185218485884], [-91.41521309114808, 28.0185218485884], [-91.41521309114808, 28.063477791764086], [-91.46016903432377, 28.063477791764086], [-91.46016903432377, 28.108433734939773], [-91.50512497749946, 28.108433734939773], [-91.50512497749946, 28.153389678115463], [-91.55008092067516, 28.153389678115463], [-91.55008092067516, 28.19834562129115], [-91.59503686385085, 28.19834562129115], [-91.59503686385085, 28.243301564466837], [-91.63999280702654, 28.243301564466837], [-91.63999280702654, 28.288257507642527], [-91.77486063655363, 28.3781693939939], [-91.77486063655363, 28.468081280345277], [-91.81981657972932, 28.468081280345277], [-91.81981657972932, 28.513037223520964], [-91.90972846608071, 28.557993166696654], [-91.90972846608071, 28.647905053048028], [-91.9996403524321, 28.692860996223715], [-91.9996403524321, 28.78277288257509], [-92.04459629560779, 28.78277288257509], [-92.04459629560779, 28.87268476892647], [-92.08955223878348, 28.87268476892647], [-92.08955223878348, 28.962596655277842], [-92.13450818195918, 28.962596655277842], [-92.13450818195918, 29.05250854162922], [-92.17946412513487, 29.05250854162922], [-92.17946412513487, 29.187376371156283], [-92.22442006831056, 29.187376371156283], [-92.26937601148626, 29.45711203021041], [-92.31433195466195, 29.45711203021041]]]]}}, {"type": "Feature", "properties": {"shapefile": "2021082718_wsp50knt120hr_5km", "PERCENTAGE": "70-80%"}, "geometry": {"type": "MultiPolygon", "coordinates": [[[[-82.55889228553639, 21.409998201762285], [-82.55889228553639, 21.45495414493797], [-82.4240244560093, 21.45495414493797], [-82.4240244560093, 21.49991008811366], [-82.37906851283361, 21.49991008811366], [-82.37906851283361, 21.409998201762285], [-82.468980399185, 21.409998201762285], [-82.468980399185, 21.365042258586598], [-82.55889228553639, 21.409998201762285]]], [[[-82.60384822871208, 21.45495414493797], [-82.60384822871208, 21.49991008811366], [-82.55889228553639, 21.49991008811366], [-82.55889228553639, 21.45495414493797], [-82.60384822871208, 21.45495414493797]]], [[[-91.9996403524321, 29.412156087034724], [-91.9996403524321, 29.63693580291316], [-91.9546844092564, 29.63693580291316], [-91.9546844092564, 29.726847689264538], [-91.90972846608071, 29.726847689264538], [-91.86477252290501, 29.90667146196729], [-91.77486063655363, 29.951627405142975], [-91.77486063655363, 30.041539291494352], [-91.72990469337793, 30.041539291494352], [-91.63999280702654, 30.176407121021416], [-91.55008092067516, 30.176407121021416], [-91.50512497749946, 30.26631900737279], [-91.32530120479669, 30.26631900737279], [-91.32530120479669, 30.221363064197103], [-91.10052148891822, 30.221363064197103], [-91.10052148891822, 30.176407121021416], [-90.96565365939114, 30.176407121021416], [-90.96565365939114, 30.131451177845726], [-90.87574177303975, 30.131451177845726], [-90.87574177303975, 30.08649523467004], [-90.78582988668836, 30.041539291494352], [-90.78582988668836, 29.951627405142975], [-90.65096205716128, 29.861715518791602], [-90.65096205716128, 29.771803632440225], [-90.60600611398559, 29.771803632440225], [-90.60600611398559, 29.726847689264538], [-90.56105017080989, 29.726847689264538], [-90.56105017080989, 29.681891746088848], [-90.5160942276342, 29.681891746088848], [-90.42618234128281, 29.547023916561784], [-90.24635856858004, 29.502067973386097], [-90.24635856858004, 29.45711203021041], [-90.06653479587726, 29.412156087034724], [-90.06653479587726, 29.367200143859034], [-89.97662290952587, 29.367200143859034], [-89.97662290952587, 29.322244200683347], [-89.7967991368231, 29.27728825750766], [-89.7967991368231, 29.23233231433197], [-89.7518431936474, 29.23233231433197], [-89.7518431936474, 29.187376371156283], [-89.66193130729602, 29.187376371156283], [-89.61697536412032, 29.097464484804906], [-89.52706347776893, 29.097464484804906], [-89.52706347776893, 29.05250854162922], [-89.48210753459324, 29.05250854162922], [-89.48210753459324, 29.007552598453533], [-89.43715159141755, 29.007552598453533], [-89.43715159141755, 28.962596655277842], [-89.30228376189046, 28.87268476892647], [-89.30228376189046, 28.78277288257509], [-89.25732781871477, 28.78277288257509], [-89.21237187553908, 28.692860996223715], [-89.12245998918769, 28.692860996223715], [-89.12245998918769, 28.647905053048028], [-89.077504046012, 28.647905053048028], [-89.077504046012, 28.60294910987234], [-89.0325481028363, 28.60294910987234], [-89.0325481028363, 28.557993166696654], [-88.98759215966061, 28.557993166696654], [-88.98759215966061, 28.513037223520964], [-88.85272433013353, 28.42312533716959], [-88.85272433013353, 28.333213450818214], [-88.80776838695783, 28.333213450818214], [-88.80776838695783, 28.288257507642527], [-88.76281244378214, 28.288257507642527], [-88.67290055743075, 28.153389678115463], [-88.58298867107936, 28.153389678115463], [-88.58298867107936, 28.108433734939773], [-88.53803272790367, 28.108433734939773], [-88.53803272790367, 28.063477791764086], [-88.49307678472798, 28.063477791764086], [-88.49307678472798, 28.0185218485884], [-88.44812084155228, 28.0185218485884], [-88.44812084155228, 27.973565905412713], [-88.40316489837659, 27.973565905412713], [-88.40316489837659, 27.928609962237022], [-88.3582089552009, 27.928609962237022], [-88.3582089552009, 27.883654019061336], [-88.3132530120252, 27.883654019061336], [-88.3132530120252, 27.83869807588565], [-88.2682970688495, 27.83869807588565], [-88.2682970688495, 27.79374213270996], [-88.22334112567381, 27.79374213270996], [-88.22334112567381, 27.748786189534272], [-88.17838518249812, 27.748786189534272], [-88.17838518249812, 27.703830246358585], [-88.13342923932242, 27.703830246358585], [-88.13342923932242, 27.658874303182895], [-88.08847329614673, 27.658874303182895], [-88.08847329614673, 27.613918360007208], [-88.04351735297104, 27.613918360007208], [-88.04351735297104, 27.56896241683152], [-87.99856140979534, 27.56896241683152], [-87.99856140979534, 27.52400647365583], [-87.95360546661965, 27.52400647365583], [-87.95360546661965, 27.479050530480144], [-87.90864952344396, 27.479050530480144], [-87.90864952344396, 27.434094587304457], [-87.86369358026826, 27.434094587304457], [-87.86369358026826, 27.389138644128767], [-87.81873763709257, 27.389138644128767], [-87.81873763709257, 27.34418270095308], [-87.77378169391687, 27.34418270095308], [-87.77378169391687, 27.299226757777394], [-87.72882575074118, 27.299226757777394], [-87.63891386438979, 27.16435892825033], [-87.5490019780384, 27.16435892825033], [-87.5490019780384, 27.119402985074643], [-87.50404603486271, 27.119402985074643], [-87.50404603486271, 27.074447041898953], [-87.45909009168702, 27.074447041898953], [-87.45909009168702, 27.029491098723266], [-87.41413414851132, 27.029491098723266], [-87.41413414851132, 26.98453515554758], [-87.36917820533563, 26.98453515554758], [-87.36917820533563, 26.93957921237189], [-87.32422226215994, 26.93957921237189], [-87.32422226215994, 26.894623269196202], [-87.27926631898424, 26.894623269196202], [-87.27926631898424, 26.849667326020516], [-87.23431037580855, 26.849667326020516], [-87.23431037580855, 26.804711382844825], [-87.09944254628147, 26.714799496493452], [-87.09944254628147, 26.66984355331776], [-87.00953065993008, 26.66984355331776], [-87.00953065993008, 26.624887610142075], [-86.96457471675438, 26.624887610142075], [-86.96457471675438, 26.579931666966388], [-86.91961877357869, 26.579931666966388], [-86.91961877357869, 26.5349757237907], [-86.874662830403, 26.5349757237907], [-86.874662830403, 26.49001978061501], [-86.8297068872273, 26.49001978061501], [-86.8297068872273, 26.445063837439324], [-86.78475094405161, 26.445063837439324], [-86.78475094405161, 26.400107894263638], [-86.73979500087592, 26.400107894263638], [-86.73979500087592, 26.355151951087947], [-86.69483905770022, 26.355151951087947], [-86.69483905770022, 26.31019600791226], [-86.64988311452453, 26.31019600791226], [-86.64988311452453, 26.265240064736574], [-86.60492717134883, 26.265240064736574], [-86.60492717134883, 26.220284121560884], [-86.55997122817314, 26.220284121560884], [-86.55997122817314, 26.175328178385197], [-86.51501528499745, 26.175328178385197], [-86.51501528499745, 26.13037223520951], [-86.47005934182175, 26.13037223520951], [-86.47005934182175, 26.08541629203382], [-86.42510339864606, 26.08541629203382], [-86.42510339864606, 26.040460348858133], [-86.38014745547036, 26.040460348858133], [-86.38014745547036, 25.995504405682446], [-86.33519151229467, 25.995504405682446], [-86.33519151229467, 25.950548462506756], [-86.29023556911898, 25.950548462506756], [-86.29023556911898, 25.90559251933107], [-86.24527962594328, 25.90559251933107], [-86.24527962594328, 25.860636576155382], [-86.20032368276759, 25.860636576155382], [-86.20032368276759, 25.815680632979692], [-86.1553677395919, 25.815680632979692], [-86.06545585324051, 25.680812803452632], [-85.97554396688912, 25.680812803452632], [-85.97554396688912, 25.63585686027694], [-85.93058802371343, 25.63585686027694], [-85.93058802371343, 25.590900917101255], [-85.79572019418634, 25.500989030749878], [-85.79572019418634, 25.411077144398504], [-85.75076425101065, 25.411077144398504], [-85.70580830783496, 25.321165258047127], [-85.61589642148357, 25.321165258047127], [-85.61589642148357, 25.27620931487144], [-85.57094047830788, 25.27620931487144], [-85.57094047830788, 25.23125337169575], [-85.52598453513218, 25.23125337169575], [-85.52598453513218, 25.186297428520064], [-85.48102859195649, 25.186297428520064], [-85.48102859195649, 25.141341485344377], [-85.4360726487808, 25.141341485344377], [-85.4360726487808, 25.09638554216869], [-85.3911167056051, 25.09638554216869], [-85.3911167056051, 25.051429598993], [-85.3461607624294, 25.051429598993], [-85.3461607624294, 25.006473655817313], [-85.30120481925371, 25.006473655817313], [-85.30120481925371, 24.961517712641626], [-85.25624887607802, 24.961517712641626], [-85.25624887607802, 24.916561769465936], [-85.21129293290232, 24.916561769465936], [-85.21129293290232, 24.87160582629025], [-85.16633698972663, 24.87160582629025], [-85.16633698972663, 24.826649883114563], [-85.12138104655094, 24.826649883114563], [-85.12138104655094, 24.781693939938872], [-84.98651321702386, 24.6917820535875], [-84.98651321702386, 24.64682611041181], [-84.89660133067247, 24.64682611041181], [-84.89660133067247, 24.556914224060435], [-84.85164538749677, 24.556914224060435], [-84.85164538749677, 24.511958280884745], [-84.80668944432108, 24.511958280884745], [-84.80668944432108, 24.467002337709058], [-84.76173350114539, 24.467002337709058], [-84.76173350114539, 24.42204639453337], [-84.71677755796969, 24.42204639453337], [-84.71677755796969, 24.37709045135768], [-84.671821614794, 24.37709045135768], [-84.671821614794, 24.332134508181994], [-84.6268656716183, 24.332134508181994], [-84.6268656716183, 24.287178565006307], [-84.58190972844261, 24.287178565006307], [-84.49199784209122, 24.152310735479244], [-84.40208595573984, 24.152310735479244], [-84.40208595573984, 24.062398849127867], [-84.35713001256414, 24.062398849127867], [-84.35713001256414, 24.01744290595218], [-84.26721812621275, 23.972486962776493], [-84.26721812621275, 23.882575076425116], [-84.22226218303706, 23.882575076425116], [-84.22226218303706, 23.83761913324943], [-84.17730623986137, 23.83761913324943], [-84.17730623986137, 23.79266319007374], [-84.13235029668567, 23.79266319007374], [-84.13235029668567, 23.747707246898052], [-84.08739435350998, 23.747707246898052], [-84.08739435350998, 23.702751303722366], [-84.04243841033428, 23.702751303722366], [-84.04243841033428, 23.65779536054668], [-83.99748246715859, 23.65779536054668], [-83.99748246715859, 23.61283941737099], [-83.86261463763151, 23.522927531019615], [-83.86261463763151, 23.433015644668238], [-83.77270275128012, 23.38805970149255], [-83.72774680810443, 23.208235928789797], [-83.63783492175304, 23.16327998561411], [-83.63783492175304, 23.073368099262733], [-83.59287897857735, 23.073368099262733], [-83.59287897857735, 23.028412156087047], [-83.54792303540165, 23.028412156087047], [-83.45801114905026, 22.893544326559983], [-83.36809926269888, 22.893544326559983], [-83.36809926269888, 22.848588383384296], [-83.1882754899961, 22.80363244020861], [-83.1882754899961, 22.75867649703292], [-83.09836360364471, 22.75867649703292], [-83.09836360364471, 22.713720553857232], [-82.91853983094194, 22.668764610681546], [-82.91853983094194, 22.623808667505855], [-82.78367200141486, 22.533896781154482], [-82.78367200141486, 22.443984894803105], [-82.73871605823916, 22.443984894803105], [-82.73871605823916, 22.399028951627418], [-82.69376011506347, 22.399028951627418], [-82.60384822871208, 22.264161122100354], [-82.5139363423607, 22.264161122100354], [-82.5139363423607, 22.219205178924668], [-82.468980399185, 22.219205178924668], [-82.468980399185, 22.174249235748977], [-82.33411256965792, 22.084337349397604], [-82.33411256965792, 21.94946951987054], [-82.28915662648222, 21.94946951987054], [-82.28915662648222, 21.634777917640722], [-82.33411256965792, 21.634777917640722], [-82.33411256965792, 21.49991008811366], [-82.37906851283361, 21.49991008811366], [-82.37906851283361, 22.039381406221914], [-82.4240244560093, 22.039381406221914], [-82.5139363423607, 22.174249235748977], [-82.69376011506347, 22.219205178924668], [-82.69376011506347, 22.264161122100354], [-82.82862794459055, 22.354073008451728], [-82.82862794459055, 22.443984894803105], [-82.87358388776624, 22.443984894803105], [-82.87358388776624, 22.533896781154482], [-82.91853983094194, 22.533896781154482], [-82.96349577411763, 22.623808667505855], [-83.09836360364471, 22.623808667505855], [-83.09836360364471, 22.668764610681546], [-83.27818737634749, 22.668764610681546], [-83.27818737634749, 22.713720553857232], [-83.36809926269888, 22.713720553857232], [-83.36809926269888, 22.75867649703292], [-83.54792303540165, 22.75867649703292], [-83.54792303540165, 22.713720553857232], [-83.59287897857735, 22.713720553857232], [-83.59287897857735, 22.48894083797879], [-83.54792303540165, 22.48894083797879], [-83.50296709222596, 22.399028951627418], [-83.32314331952318, 22.354073008451728], [-83.32314331952318, 22.30911706527604], [-83.1882754899961, 22.219205178924668], [-83.14331954682041, 22.039381406221914], [-83.09836360364471, 22.039381406221914], [-83.09836360364471, 21.994425463046227], [-83.05340766046902, 21.994425463046227], [-82.96349577411763, 21.859557633519163], [-82.78367200141486, 21.814601690343476], [-82.78367200141486, 21.769645747167786], [-82.64880417188778, 21.679733860816413], [-82.60384822871208, 21.49991008811366], [-82.64880417188778, 21.49991008811366], [-82.64880417188778, 21.54486603128935], [-82.69376011506347, 21.54486603128935], [-82.69376011506347, 21.589821974465035], [-82.73871605823916, 21.589821974465035], [-82.73871605823916, 21.634777917640722], [-82.78367200141486, 21.634777917640722], [-82.87358388776624, 21.769645747167786], [-82.96349577411763, 21.769645747167786], [-82.96349577411763, 21.814601690343476], [-83.00845171729333, 21.814601690343476], [-83.00845171729333, 21.859557633519163], [-83.05340766046902, 21.859557633519163], [-83.05340766046902, 21.90451357669485], [-83.09836360364471, 21.90451357669485], [-83.09836360364471, 21.94946951987054], [-83.14331954682041, 21.94946951987054], [-83.14331954682041, 21.994425463046227], [-83.27818737634749, 22.084337349397604], [-83.27818737634749, 22.174249235748977], [-83.32314331952318, 22.174249235748977], [-83.32314331952318, 22.219205178924668], [-83.41305520587457, 22.219205178924668], [-83.41305520587457, 22.264161122100354], [-83.54792303540165, 22.354073008451728], [-83.54792303540165, 22.399028951627418], [-83.63783492175304, 22.399028951627418], [-83.68279086492873, 22.57885272433017], [-83.72774680810443, 22.57885272433017], [-83.81765869445582, 22.713720553857232], [-83.9075705808072, 22.713720553857232], [-83.9075705808072, 22.75867649703292], [-84.04243841033428, 22.75867649703292], [-84.04243841033428, 22.80363244020861], [-84.22226218303706, 22.80363244020861], [-84.22226218303706, 22.848588383384296], [-84.35713001256414, 22.848588383384296], [-84.35713001256414, 22.893544326559983], [-84.53695378526692, 22.93850026973567], [-84.53695378526692, 22.98345621291136], [-84.58190972844261, 22.98345621291136], [-84.58190972844261, 23.028412156087047], [-84.6268656716183, 23.028412156087047], [-84.6268656716183, 23.073368099262733], [-84.671821614794, 23.073368099262733], [-84.76173350114539, 23.208235928789797], [-84.94155727384816, 23.253191871965488], [-84.94155727384816, 23.298147815141174], [-84.98651321702386, 23.298147815141174], [-84.98651321702386, 23.34310375831686], [-85.07642510337524, 23.34310375831686], [-85.12138104655094, 23.433015644668238], [-85.21129293290232, 23.433015644668238], [-85.21129293290232, 23.477971587843925], [-85.25624887607802, 23.477971587843925], [-85.25624887607802, 23.522927531019615], [-85.30120481925371, 23.522927531019615], [-85.3911167056051, 23.65779536054668], [-85.48102859195649, 23.65779536054668], [-85.48102859195649, 23.702751303722366], [-85.52598453513218, 23.702751303722366], [-85.52598453513218, 23.747707246898052], [-85.61589642148357, 23.747707246898052], [-85.66085236465926, 23.83761913324943], [-85.75076425101065, 23.83761913324943], [-85.75076425101065, 23.882575076425116], [-85.79572019418634, 23.882575076425116], [-85.79572019418634, 23.927531019600803], [-85.88563208053773, 23.927531019600803], [-85.93058802371343, 24.01744290595218], [-86.02049991006481, 24.01744290595218], [-86.02049991006481, 24.062398849127867], [-86.06545585324051, 24.062398849127867], [-86.06545585324051, 24.107354792303557], [-86.1104117964162, 24.107354792303557], [-86.20032368276759, 24.24222262183062], [-86.29023556911898, 24.24222262183062], [-86.33519151229467, 24.332134508181994], [-86.51501528499745, 24.37709045135768], [-86.51501528499745, 24.42204639453337], [-86.55997122817314, 24.42204639453337], [-86.55997122817314, 24.467002337709058], [-86.60492717134883, 24.467002337709058], [-86.60492717134883, 24.511958280884745], [-86.64988311452453, 24.511958280884745], [-86.73979500087592, 24.64682611041181], [-86.8297068872273, 24.64682611041181], [-86.91961877357869, 24.781693939938872], [-87.00953065993008, 24.781693939938872], [-87.00953065993008, 24.826649883114563], [-87.09944254628147, 24.826649883114563], [-87.14439848945716, 24.916561769465936], [-87.23431037580855, 24.916561769465936], [-87.27926631898424, 25.006473655817313], [-87.36917820533563, 25.006473655817313], [-87.36917820533563, 25.051429598993], [-87.41413414851132, 25.051429598993], [-87.41413414851132, 25.09638554216869], [-87.45909009168702, 25.09638554216869], [-87.5490019780384, 25.23125337169575], [-87.63891386438979, 25.23125337169575], [-87.68386980756549, 25.321165258047127], [-87.77378169391687, 25.321165258047127], [-87.81873763709257, 25.411077144398504], [-87.90864952344396, 25.411077144398504], [-87.95360546661965, 25.500989030749878], [-88.04351735297104, 25.500989030749878], [-88.04351735297104, 25.590900917101255], [-88.08847329614673, 25.590900917101255], [-88.08847329614673, 25.63585686027694], [-88.17838518249812, 25.63585686027694], [-88.17838518249812, 25.680812803452632], [-88.22334112567381, 25.680812803452632], [-88.3132530120252, 25.815680632979692], [-88.40316489837659, 25.815680632979692], [-88.44812084155228, 25.90559251933107], [-88.53803272790367, 25.90559251933107], [-88.58298867107936, 25.995504405682446], [-88.67290055743075, 25.995504405682446], [-88.67290055743075, 26.08541629203382], [-88.71785650060644, 26.08541629203382], [-88.71785650060644, 26.13037223520951], [-88.80776838695783, 26.13037223520951], [-88.89768027330922, 26.265240064736574], [-88.98759215966061, 26.265240064736574], [-89.0325481028363, 26.355151951087947], [-89.12245998918769, 26.355151951087947], [-89.21237187553908, 26.49001978061501], [-89.30228376189046, 26.49001978061501], [-89.30228376189046, 26.5349757237907], [-89.34723970506616, 26.5349757237907], [-89.43715159141755, 26.66984355331776], [-89.52706347776893, 26.66984355331776], [-89.61697536412032, 26.804711382844825], [-89.70688725047171, 26.804711382844825], [-89.7518431936474, 26.894623269196202], [-89.84175507999879, 26.894623269196202], [-89.88671102317448, 26.98453515554758], [-89.97662290952587, 26.98453515554758], [-89.97662290952587, 27.029491098723266], [-90.02157885270157, 27.029491098723266], [-90.02157885270157, 27.074447041898953], [-90.06653479587726, 27.074447041898953], [-90.06653479587726, 27.119402985074643], [-90.11149073905295, 27.119402985074643], [-90.11149073905295, 27.16435892825033], [-90.15644668222865, 27.16435892825033], [-90.15644668222865, 27.209314871426017], [-90.20140262540434, 27.209314871426017], [-90.29131451175573, 27.34418270095308], [-90.38122639810712, 27.34418270095308], [-90.4711382844585, 27.479050530480144], [-90.56105017080989, 27.479050530480144], [-90.56105017080989, 27.52400647365583], [-90.60600611398559, 27.52400647365583], [-90.60600611398559, 27.56896241683152], [-90.65096205716128, 27.56896241683152], [-90.65096205716128, 27.613918360007208], [-90.69591800033697, 27.613918360007208], [-90.69591800033697, 27.658874303182895], [-90.74087394351267, 27.658874303182895], [-90.74087394351267, 27.703830246358585], [-90.78582988668836, 27.703830246358585], [-90.78582988668836, 27.748786189534272], [-90.83078582986406, 27.748786189534272], [-90.83078582986406, 27.79374213270996], [-90.87574177303975, 27.79374213270996], [-90.87574177303975, 27.83869807588565], [-91.01060960256683, 27.928609962237022], [-91.01060960256683, 27.973565905412713], [-91.10052148891822, 27.973565905412713], [-91.10052148891822, 28.0185218485884], [-91.14547743209391, 28.0185218485884], [-91.14547743209391, 28.108433734939773], [-91.1904333752696, 28.108433734939773], [-91.1904333752696, 28.153389678115463], [-91.2353893184453, 28.153389678115463], [-91.2353893184453, 28.19834562129115], [-91.280345261621, 28.19834562129115], [-91.280345261621, 28.243301564466837], [-91.32530120479669, 28.243301564466837], [-91.32530120479669, 28.288257507642527], [-91.37025714797238, 28.288257507642527], [-91.37025714797238, 28.333213450818214], [-91.41521309114808, 28.333213450818214], [-91.41521309114808, 28.3781693939939], [-91.55008092067516, 28.468081280345277], [-91.55008092067516, 28.557993166696654], [-91.59503686385085, 28.557993166696654], [-91.59503686385085, 28.647905053048028], [-91.63999280702654, 28.647905053048028], [-91.68494875020224, 28.82772882575078], [-91.77486063655363, 28.87268476892647], [-91.77486063655363, 28.962596655277842], [-91.81981657972932, 28.962596655277842], [-91.81981657972932, 29.05250854162922], [-91.86477252290501, 29.05250854162922], [-91.86477252290501, 29.187376371156283], [-91.90972846608071, 29.187376371156283], [-91.90972846608071, 29.27728825750766], [-91.9546844092564, 29.27728825750766], [-91.9546844092564, 29.412156087034724], [-91.9996403524321, 29.412156087034724]], [[-91.59503686385085, 29.412156087034724], [-91.55008092067516, 29.412156087034724], [-91.55008092067516, 29.23233231433197], [-91.50512497749946, 29.23233231433197], [-91.50512497749946, 29.007552598453533], [-91.41521309114808, 28.962596655277842], [-91.41521309114808, 28.87268476892647], [-91.32530120479669, 28.82772882575078], [-91.280345261621, 28.647905053048028], [-91.2353893184453, 28.647905053048028], [-91.2353893184453, 28.60294910987234], [-91.1904333752696, 28.60294910987234], [-91.1904333752696, 28.513037223520964], [-91.05556554574252, 28.42312533716959], [-91.05556554574252, 28.333213450818214], [-91.01060960256683, 28.333213450818214], [-91.01060960256683, 28.288257507642527], [-90.96565365939114, 28.288257507642527], [-90.96565365939114, 28.243301564466837], [-90.92069771621544, 28.243301564466837], [-90.92069771621544, 28.19834562129115], [-90.78582988668836, 28.108433734939773], [-90.78582988668836, 28.0185218485884], [-90.74087394351267, 28.0185218485884], [-90.74087394351267, 27.973565905412713], [-90.65096205716128, 27.973565905412713], [-90.65096205716128, 27.928609962237022], [-90.60600611398559, 27.928609962237022], [-90.60600611398559, 27.883654019061336], [-90.56105017080989, 27.883654019061336], [-90.56105017080989, 27.83869807588565], [-90.5160942276342, 27.83869807588565], [-90.5160942276342, 27.79374213270996], [-90.4711382844585, 27.79374213270996], [-90.4711382844585, 27.748786189534272], [-90.42618234128281, 27.748786189534272], [-90.42618234128281, 27.703830246358585], [-90.38122639810712, 27.703830246358585], [-90.38122639810712, 27.658874303182895], [-90.33627045493142, 27.658874303182895], [-90.33627045493142, 27.613918360007208], [-90.29131451175573, 27.613918360007208], [-90.29131451175573, 27.56896241683152], [-90.24635856858004, 27.56896241683152], [-90.15644668222865, 27.434094587304457], [-90.06653479587726, 27.434094587304457], [-90.06653479587726, 27.389138644128767], [-90.02157885270157, 27.389138644128767], [-90.02157885270157, 27.34418270095308], [-89.97662290952587, 27.34418270095308], [-89.97662290952587, 27.299226757777394], [-89.93166696635018, 27.299226757777394], [-89.84175507999879, 27.16435892825033], [-89.7518431936474, 27.16435892825033], [-89.7518431936474, 27.119402985074643], [-89.70688725047171, 27.119402985074643], [-89.70688725047171, 27.029491098723266], [-89.61697536412032, 27.029491098723266], [-89.57201942094463, 26.93957921237189], [-89.48210753459324, 26.93957921237189], [-89.48210753459324, 26.894623269196202], [-89.43715159141755, 26.894623269196202], [-89.43715159141755, 26.849667326020516], [-89.34723970506616, 26.849667326020516], [-89.30228376189046, 26.75975543966914], [-89.21237187553908, 26.75975543966914], [-89.21237187553908, 26.714799496493452], [-89.077504046012, 26.624887610142075], [-89.077504046012, 26.5349757237907], [-89.0325481028363, 26.5349757237907], [-89.0325481028363, 26.49001978061501], [-88.94263621648491, 26.49001978061501], [-88.94263621648491, 26.445063837439324], [-88.76281244378214, 26.400107894263638], [-88.76281244378214, 26.355151951087947], [-88.71785650060644, 26.355151951087947], [-88.71785650060644, 26.31019600791226], [-88.67290055743075, 26.31019600791226], [-88.67290055743075, 26.265240064736574], [-88.62794461425506, 26.265240064736574], [-88.62794461425506, 26.220284121560884], [-88.58298867107936, 26.220284121560884], [-88.58298867107936, 26.175328178385197], [-88.53803272790367, 26.175328178385197], [-88.53803272790367, 26.13037223520951], [-88.49307678472798, 26.13037223520951], [-88.40316489837659, 25.995504405682446], [-88.22334112567381, 25.950548462506756], [-88.22334112567381, 25.90559251933107], [-88.17838518249812, 25.90559251933107], [-88.13342923932242, 25.815680632979692], [-88.04351735297104, 25.815680632979692], [-88.04351735297104, 25.770724689804005], [-87.99856140979534, 25.770724689804005], [-87.99856140979534, 25.72576874662832], [-87.95360546661965, 25.72576874662832], [-87.95360546661965, 25.680812803452632], [-87.90864952344396, 25.680812803452632], [-87.90864952344396, 25.63585686027694], [-87.77378169391687, 25.545944973925568], [-87.77378169391687, 25.500989030749878], [-87.68386980756549, 25.500989030749878], [-87.68386980756549, 25.45603308757419], [-87.63891386438979, 25.45603308757419], [-87.63891386438979, 25.411077144398504], [-87.5490019780384, 25.411077144398504], [-87.50404603486271, 25.321165258047127], [-87.41413414851132, 25.321165258047127], [-87.36917820533563, 25.23125337169575], [-87.27926631898424, 25.23125337169575], [-87.27926631898424, 25.186297428520064], [-87.14439848945716, 25.09638554216869], [-87.14439848945716, 25.006473655817313], [-87.05448660310577, 25.006473655817313], [-87.05448660310577, 24.961517712641626], [-86.96457471675438, 24.961517712641626], [-86.96457471675438, 24.916561769465936], [-86.78475094405161, 24.87160582629025], [-86.78475094405161, 24.826649883114563], [-86.73979500087592, 24.826649883114563], [-86.73979500087592, 24.781693939938872], [-86.69483905770022, 24.781693939938872], [-86.69483905770022, 24.736737996763186], [-86.64988311452453, 24.736737996763186], [-86.64988311452453, 24.6917820535875], [-86.51501528499745, 24.60187016723612], [-86.51501528499745, 24.511958280884745], [-86.42510339864606, 24.511958280884745], [-86.42510339864606, 24.467002337709058], [-86.33519151229467, 24.467002337709058], [-86.33519151229467, 24.42204639453337], [-86.1553677395919, 24.37709045135768], [-86.1553677395919, 24.332134508181994], [-86.1104117964162, 24.332134508181994], [-86.06545585324051, 24.24222262183062], [-85.97554396688912, 24.24222262183062], [-85.97554396688912, 24.19726667865493], [-85.93058802371343, 24.19726667865493], [-85.93058802371343, 24.152310735479244], [-85.88563208053773, 24.152310735479244], [-85.88563208053773, 24.107354792303557], [-85.84067613736204, 24.107354792303557], [-85.75076425101065, 23.972486962776493], [-85.66085236465926, 23.972486962776493], [-85.61589642148357, 23.882575076425116], [-85.52598453513218, 23.882575076425116], [-85.52598453513218, 23.83761913324943], [-85.3461607624294, 23.79266319007374], [-85.3461607624294, 23.747707246898052], [-85.30120481925371, 23.747707246898052], [-85.30120481925371, 23.702751303722366], [-85.16633698972663, 23.61283941737099], [-85.16633698972663, 23.522927531019615], [-85.12138104655094, 23.522927531019615], [-85.12138104655094, 23.477971587843925], [-85.03146916019955, 23.477971587843925], [-85.03146916019955, 23.433015644668238], [-84.94155727384816, 23.433015644668238], [-84.94155727384816, 23.38805970149255], [-84.76173350114539, 23.34310375831686], [-84.71677755796969, 23.253191871965488], [-84.6268656716183, 23.253191871965488], [-84.49199784209122, 22.98345621291136], [-84.35713001256414, 22.98345621291136], [-84.35713001256414, 22.93850026973567], [-84.17730623986137, 22.93850026973567], [-84.17730623986137, 22.893544326559983], [-83.77270275128012, 22.893544326559983], [-83.77270275128012, 22.93850026973567], [-83.72774680810443, 22.93850026973567], [-83.72774680810443, 23.073368099262733], [-83.77270275128012, 23.073368099262733], [-83.77270275128012, 23.16327998561411], [-83.86261463763151, 23.208235928789797], [-83.9525265239829, 23.522927531019615], [-83.99748246715859, 23.522927531019615], [-83.99748246715859, 23.567883474195302], [-84.08739435350998, 23.567883474195302], [-84.08739435350998, 23.61283941737099], [-84.17730623986137, 23.61283941737099], [-84.17730623986137, 23.65779536054668], [-84.31217406938845, 23.747707246898052], [-84.31217406938845, 23.83761913324943], [-84.40208595573984, 23.882575076425116], [-84.44704189891553, 24.062398849127867], [-84.6268656716183, 24.107354792303557], [-84.6268656716183, 24.152310735479244], [-84.671821614794, 24.152310735479244], [-84.671821614794, 24.19726667865493], [-84.71677755796969, 24.19726667865493], [-84.71677755796969, 24.24222262183062], [-84.76173350114539, 24.24222262183062], [-84.76173350114539, 24.287178565006307], [-84.89660133067247, 24.37709045135768], [-84.94155727384816, 24.556914224060435], [-85.03146916019955, 24.556914224060435], [-85.03146916019955, 24.60187016723612], [-85.12138104655094, 24.60187016723612], [-85.16633698972663, 24.6917820535875], [-85.25624887607802, 24.6917820535875], [-85.25624887607802, 24.736737996763186], [-85.3461607624294, 24.781693939938872], [-85.3461607624294, 24.87160582629025], [-85.4360726487808, 24.916561769465936], [-85.4360726487808, 25.006473655817313], [-85.48102859195649, 25.006473655817313], [-85.48102859195649, 25.051429598993], [-85.57094047830788, 25.051429598993], [-85.61589642148357, 25.141341485344377], [-85.70580830783496, 25.141341485344377], [-85.70580830783496, 25.186297428520064], [-85.75076425101065, 25.186297428520064], [-85.75076425101065, 25.23125337169575], [-85.79572019418634, 25.23125337169575], [-85.79572019418634, 25.27620931487144], [-85.84067613736204, 25.27620931487144], [-85.84067613736204, 25.321165258047127], [-85.97554396688912, 25.411077144398504], [-85.97554396688912, 25.500989030749878], [-86.06545585324051, 25.500989030749878], [-86.1104117964162, 25.590900917101255], [-86.20032368276759, 25.590900917101255], [-86.20032368276759, 25.63585686027694], [-86.24527962594328, 25.63585686027694], [-86.24527962594328, 25.680812803452632], [-86.29023556911898, 25.680812803452632], [-86.29023556911898, 25.72576874662832], [-86.33519151229467, 25.72576874662832], [-86.33519151229467, 25.770724689804005], [-86.47005934182175, 25.860636576155382], [-86.47005934182175, 25.950548462506756], [-86.55997122817314, 25.950548462506756], [-86.55997122817314, 26.040460348858133], [-86.64988311452453, 26.040460348858133], [-86.69483905770022, 26.13037223520951], [-86.78475094405161, 26.13037223520951], [-86.78475094405161, 26.175328178385197], [-86.91961877357869, 26.265240064736574], [-86.91961877357869, 26.355151951087947], [-86.96457471675438, 26.355151951087947], [-86.96457471675438, 26.400107894263638], [-87.00953065993008, 26.400107894263638], [-87.09944254628147, 26.5349757237907], [-87.18935443263285, 26.5349757237907], [-87.18935443263285, 26.579931666966388], [-87.32422226215994, 26.66984355331776], [-87.32422226215994, 26.714799496493452], [-87.41413414851132, 26.714799496493452], [-87.41413414851132, 26.804711382844825], [-87.45909009168702, 26.804711382844825], [-87.45909009168702, 26.849667326020516], [-87.5490019780384, 26.849667326020516], [-87.5490019780384, 26.894623269196202], [-87.5939579212141, 26.894623269196202], [-87.5939579212141, 26.93957921237189], [-87.63891386438979, 26.93957921237189], [-87.63891386438979, 26.98453515554758], [-87.68386980756549, 26.98453515554758], [-87.77378169391687, 27.119402985074643], [-87.86369358026826, 27.119402985074643], [-87.86369358026826, 27.16435892825033], [-87.90864952344396, 27.16435892825033], [-87.90864952344396, 27.209314871426017], [-87.95360546661965, 27.209314871426017], [-88.04351735297104, 27.34418270095308], [-88.13342923932242, 27.34418270095308], [-88.13342923932242, 27.389138644128767], [-88.17838518249812, 27.389138644128767], [-88.17838518249812, 27.434094587304457], [-88.22334112567381, 27.434094587304457], [-88.22334112567381, 27.479050530480144], [-88.2682970688495, 27.479050530480144], [-88.2682970688495, 27.52400647365583], [-88.3132530120252, 27.52400647365583], [-88.3132530120252, 27.56896241683152], [-88.3582089552009, 27.56896241683152], [-88.3582089552009, 27.613918360007208], [-88.40316489837659, 27.613918360007208], [-88.40316489837659, 27.658874303182895], [-88.44812084155228, 27.658874303182895], [-88.44812084155228, 27.703830246358585], [-88.49307678472798, 27.703830246358585], [-88.49307678472798, 27.748786189534272], [-88.53803272790367, 27.748786189534272], [-88.62794461425506, 27.883654019061336], [-88.71785650060644, 27.883654019061336], [-88.71785650060644, 27.973565905412713], [-88.76281244378214, 27.973565905412713], [-88.76281244378214, 28.0185218485884], [-88.80776838695783, 28.0185218485884], [-88.80776838695783, 28.063477791764086], [-88.85272433013353, 28.063477791764086], [-88.85272433013353, 28.108433734939773], [-88.89768027330922, 28.108433734939773], [-88.98759215966061, 28.243301564466837], [-89.077504046012, 28.243301564466837], [-89.077504046012, 28.288257507642527], [-89.12245998918769, 28.288257507642527], [-89.12245998918769, 28.333213450818214], [-89.16741593236338, 28.333213450818214], [-89.16741593236338, 28.3781693939939], [-89.21237187553908, 28.3781693939939], [-89.21237187553908, 28.42312533716959], [-89.25732781871477, 28.42312533716959], [-89.25732781871477, 28.468081280345277], [-89.30228376189046, 28.468081280345277], [-89.30228376189046, 28.513037223520964], [-89.34723970506616, 28.513037223520964], [-89.34723970506616, 28.557993166696654], [-89.39219564824185, 28.557993166696654], [-89.39219564824185, 28.60294910987234], [-89.43715159141755, 28.60294910987234], [-89.43715159141755, 28.647905053048028], [-89.48210753459324, 28.647905053048028], [-89.48210753459324, 28.692860996223715], [-89.52706347776893, 28.692860996223715], [-89.61697536412032, 28.82772882575078], [-89.70688725047171, 28.82772882575078], [-89.70688725047171, 28.87268476892647], [-89.7518431936474, 28.87268476892647], [-89.7518431936474, 28.962596655277842], [-89.7967991368231, 28.962596655277842], [-89.84175507999879, 29.05250854162922], [-90.02157885270157, 29.097464484804906], [-90.02157885270157, 29.142420427980596], [-90.15644668222865, 29.142420427980596], [-90.15644668222865, 29.187376371156283], [-90.29131451175573, 29.187376371156283], [-90.29131451175573, 29.23233231433197], [-90.38122639810712, 29.23233231433197], [-90.38122639810712, 29.27728825750766], [-90.4711382844585, 29.27728825750766], [-90.4711382844585, 29.322244200683347], [-90.65096205716128, 29.322244200683347], [-90.65096205716128, 29.367200143859034], [-90.74087394351267, 29.367200143859034], [-90.74087394351267, 29.412156087034724], [-90.92069771621544, 29.45711203021041], [-90.96565365939114, 29.547023916561784], [-91.05556554574252, 29.547023916561784], [-91.05556554574252, 29.591979859737474], [-91.1904333752696, 29.591979859737474], [-91.1904333752696, 29.63693580291316], [-91.37025714797238, 29.63693580291316], [-91.37025714797238, 29.681891746088848], [-91.50512497749946, 29.681891746088848], [-91.50512497749946, 29.63693580291316], [-91.55008092067516, 29.63693580291316], [-91.55008092067516, 29.547023916561784], [-91.59503686385085, 29.547023916561784], [-91.59503686385085, 29.412156087034724]]]]}}, {"type": "Feature", "properties": {"shapefile": "2021082718_wsp50knt120hr_5km", "PERCENTAGE": "80-90%"}, "geometry": {"type": "MultiPolygon", "coordinates": [[[[-82.4240244560093, 21.49991008811366], [-82.4240244560093, 22.039381406221914], [-82.37906851283361, 22.039381406221914], [-82.37906851283361, 21.49991008811366], [-82.4240244560093, 21.49991008811366]]], [[[-83.05340766046902, 21.94946951987054], [-83.05340766046902, 21.994425463046227], [-82.96349577411763, 21.994425463046227], [-82.96349577411763, 21.94946951987054], [-82.82862794459055, 21.94946951987054], [-82.82862794459055, 21.90451357669485], [-82.64880417188778, 21.859557633519163], [-82.64880417188778, 21.769645747167786], [-82.55889228553639, 21.7246898039921], [-82.55889228553639, 21.54486603128935], [-82.5139363423607, 21.54486603128935], [-82.5139363423607, 21.49991008811366], [-82.4240244560093, 21.49991008811366], [-82.4240244560093, 21.45495414493797], [-82.55889228553639, 21.45495414493797], [-82.55889228553639, 21.49991008811366], [-82.60384822871208, 21.49991008811366], [-82.60384822871208, 21.589821974465035], [-82.64880417188778, 21.589821974465035], [-82.64880417188778, 21.679733860816413], [-82.69376011506347, 21.679733860816413], [-82.78367200141486, 21.814601690343476], [-82.96349577411763, 21.859557633519163], [-82.96349577411763, 21.90451357669485], [-83.05340766046902, 21.94946951987054]]], [[[-82.468980399185, 22.039381406221914], [-82.468980399185, 22.084337349397604], [-82.4240244560093, 22.084337349397604], [-82.4240244560093, 22.039381406221914], [-82.468980399185, 22.039381406221914]]], [[[-83.59287897857735, 22.48894083797879], [-83.59287897857735, 22.713720553857232], [-83.54792303540165, 22.713720553857232], [-83.54792303540165, 22.75867649703292], [-83.36809926269888, 22.75867649703292], [-83.36809926269888, 22.713720553857232], [-83.27818737634749, 22.713720553857232], [-83.27818737634749, 22.668764610681546], [-83.09836360364471, 22.668764610681546], [-83.09836360364471, 22.623808667505855], [-82.96349577411763, 22.623808667505855], [-82.96349577411763, 22.57885272433017], [-82.87358388776624, 22.533896781154482], [-82.82862794459055, 22.354073008451728], [-82.78367200141486, 22.354073008451728], [-82.69376011506347, 22.219205178924668], [-82.5139363423607, 22.174249235748977], [-82.468980399185, 22.084337349397604], [-82.64880417188778, 22.084337349397604], [-82.64880417188778, 22.12929329257329], [-82.82862794459055, 22.174249235748977], [-82.82862794459055, 22.219205178924668], [-82.87358388776624, 22.219205178924668], [-82.87358388776624, 22.30911706527604], [-82.91853983094194, 22.30911706527604], [-82.91853983094194, 22.443984894803105], [-82.96349577411763, 22.443984894803105], [-82.96349577411763, 22.533896781154482], [-83.50296709222596, 22.623808667505855], [-83.50296709222596, 22.48894083797879], [-83.41305520587457, 22.48894083797879], [-83.41305520587457, 22.443984894803105], [-83.2332314331718, 22.443984894803105], [-83.2332314331718, 22.399028951627418], [-83.14331954682041, 22.399028951627418], [-83.14331954682041, 22.354073008451728], [-83.09836360364471, 22.354073008451728], [-83.09836360364471, 22.219205178924668], [-83.05340766046902, 22.219205178924668], [-83.05340766046902, 21.994425463046227], [-83.09836360364471, 21.994425463046227], [-83.09836360364471, 22.039381406221914], [-83.14331954682041, 22.039381406221914], [-83.14331954682041, 22.12929329257329], [-83.1882754899961, 22.12929329257329], [-83.1882754899961, 22.219205178924668], [-83.2332314331718, 22.219205178924668], [-83.32314331952318, 22.354073008451728], [-83.41305520587457, 22.354073008451728], [-83.41305520587457, 22.399028951627418], [-83.50296709222596, 22.399028951627418], [-83.50296709222596, 22.443984894803105], [-83.59287897857735, 22.48894083797879]]], [[[-91.59503686385085, 29.412156087034724], [-91.59503686385085, 29.547023916561784], [-91.55008092067516, 29.547023916561784], [-91.55008092067516, 29.63693580291316], [-91.50512497749946, 29.63693580291316], [-91.50512497749946, 29.681891746088848], [-91.37025714797238, 29.681891746088848], [-91.37025714797238, 29.63693580291316], [-91.1904333752696, 29.63693580291316], [-91.1904333752696, 29.591979859737474], [-91.05556554574252, 29.591979859737474], [-91.05556554574252, 29.547023916561784], [-90.96565365939114, 29.547023916561784], [-90.92069771621544, 29.45711203021041], [-90.74087394351267, 29.412156087034724], [-90.74087394351267, 29.367200143859034], [-90.65096205716128, 29.367200143859034], [-90.65096205716128, 29.322244200683347], [-90.4711382844585, 29.322244200683347], [-90.4711382844585, 29.27728825750766], [-90.38122639810712, 29.27728825750766], [-90.38122639810712, 29.23233231433197], [-90.29131451175573, 29.23233231433197], [-90.29131451175573, 29.187376371156283], [-90.15644668222865, 29.187376371156283], [-90.15644668222865, 29.142420427980596], [-90.02157885270157, 29.142420427980596], [-90.02157885270157, 29.097464484804906], [-89.84175507999879, 29.05250854162922], [-89.84175507999879, 29.007552598453533], [-89.7518431936474, 28.962596655277842], [-89.7518431936474, 28.87268476892647], [-89.70688725047171, 28.87268476892647], [-89.70688725047171, 28.82772882575078], [-89.61697536412032, 28.82772882575078], [-89.61697536412032, 28.78277288257509], [-89.57201942094463, 28.78277288257509], [-89.57201942094463, 28.737816939399405], [-89.52706347776893, 28.737816939399405], [-89.52706347776893, 28.692860996223715], [-89.48210753459324, 28.692860996223715], [-89.48210753459324, 28.647905053048028], [-89.43715159141755, 28.647905053048028], [-89.43715159141755, 28.60294910987234], [-89.39219564824185, 28.60294910987234], [-89.39219564824185, 28.557993166696654], [-89.34723970506616, 28.557993166696654], [-89.34723970506616, 28.513037223520964], [-89.30228376189046, 28.513037223520964], [-89.30228376189046, 28.468081280345277], [-89.25732781871477, 28.468081280345277], [-89.25732781871477, 28.42312533716959], [-89.21237187553908, 28.42312533716959], [-89.21237187553908, 28.3781693939939], [-89.077504046012, 28.288257507642527], [-89.077504046012, 28.243301564466837], [-88.98759215966061, 28.243301564466837], [-88.98759215966061, 28.19834562129115], [-88.94263621648491, 28.19834562129115], [-88.94263621648491, 28.153389678115463], [-88.89768027330922, 28.153389678115463], [-88.89768027330922, 28.108433734939773], [-88.85272433013353, 28.108433734939773], [-88.85272433013353, 28.063477791764086], [-88.71785650060644, 27.973565905412713], [-88.71785650060644, 27.883654019061336], [-88.62794461425506, 27.883654019061336], [-88.62794461425506, 27.83869807588565], [-88.58298867107936, 27.83869807588565], [-88.58298867107936, 27.79374213270996], [-88.53803272790367, 27.79374213270996], [-88.53803272790367, 27.748786189534272], [-88.49307678472798, 27.748786189534272], [-88.49307678472798, 27.703830246358585], [-88.44812084155228, 27.703830246358585], [-88.44812084155228, 27.658874303182895], [-88.40316489837659, 27.658874303182895], [-88.40316489837659, 27.613918360007208], [-88.3582089552009, 27.613918360007208], [-88.3582089552009, 27.56896241683152], [-88.3132530120252, 27.56896241683152], [-88.3132530120252, 27.52400647365583], [-88.2682970688495, 27.52400647365583], [-88.2682970688495, 27.479050530480144], [-88.22334112567381, 27.479050530480144], [-88.13342923932242, 27.34418270095308], [-88.04351735297104, 27.34418270095308], [-88.04351735297104, 27.299226757777394], [-87.99856140979534, 27.299226757777394], [-87.99856140979534, 27.254270814601703], [-87.95360546661965, 27.254270814601703], [-87.86369358026826, 27.119402985074643], [-87.77378169391687, 27.119402985074643], [-87.77378169391687, 27.074447041898953], [-87.72882575074118, 27.074447041898953], [-87.72882575074118, 27.029491098723266], [-87.68386980756549, 27.029491098723266], [-87.68386980756549, 26.98453515554758], [-87.63891386438979, 26.98453515554758], [-87.5490019780384, 26.849667326020516], [-87.45909009168702, 26.849667326020516], [-87.45909009168702, 26.804711382844825], [-87.41413414851132, 26.804711382844825], [-87.41413414851132, 26.714799496493452], [-87.32422226215994, 26.714799496493452], [-87.32422226215994, 26.66984355331776], [-87.27926631898424, 26.66984355331776], [-87.18935443263285, 26.5349757237907], [-87.09944254628147, 26.5349757237907], [-87.09944254628147, 26.49001978061501], [-87.05448660310577, 26.49001978061501], [-87.05448660310577, 26.445063837439324], [-86.91961877357869, 26.355151951087947], [-86.91961877357869, 26.265240064736574], [-86.874662830403, 26.265240064736574], [-86.78475094405161, 26.13037223520951], [-86.69483905770022, 26.13037223520951], [-86.64988311452453, 26.040460348858133], [-86.55997122817314, 26.040460348858133], [-86.55997122817314, 25.950548462506756], [-86.47005934182175, 25.950548462506756], [-86.47005934182175, 25.860636576155382], [-86.42510339864606, 25.860636576155382], [-86.42510339864606, 25.815680632979692], [-86.38014745547036, 25.815680632979692], [-86.38014745547036, 25.770724689804005], [-86.33519151229467, 25.770724689804005], [-86.33519151229467, 25.72576874662832], [-86.29023556911898, 25.72576874662832], [-86.20032368276759, 25.590900917101255], [-86.1104117964162, 25.590900917101255], [-86.06545585324051, 25.500989030749878], [-85.97554396688912, 25.500989030749878], [-85.97554396688912, 25.411077144398504], [-85.93058802371343, 25.411077144398504], [-85.93058802371343, 25.366121201222814], [-85.88563208053773, 25.366121201222814], [-85.88563208053773, 25.321165258047127], [-85.84067613736204, 25.321165258047127], [-85.84067613736204, 25.27620931487144], [-85.79572019418634, 25.27620931487144], [-85.70580830783496, 25.141341485344377], [-85.61589642148357, 25.141341485344377], [-85.57094047830788, 25.051429598993], [-85.48102859195649, 25.051429598993], [-85.48102859195649, 25.006473655817313], [-85.4360726487808, 25.006473655817313], [-85.4360726487808, 24.916561769465936], [-85.3461607624294, 24.87160582629025], [-85.3461607624294, 24.781693939938872], [-85.30120481925371, 24.781693939938872], [-85.25624887607802, 24.6917820535875], [-85.16633698972663, 24.6917820535875], [-85.12138104655094, 24.60187016723612], [-84.94155727384816, 24.556914224060435], [-84.89660133067247, 24.37709045135768], [-84.85164538749677, 24.37709045135768], [-84.85164538749677, 24.332134508181994], [-84.80668944432108, 24.332134508181994], [-84.80668944432108, 24.287178565006307], [-84.76173350114539, 24.287178565006307], [-84.76173350114539, 24.24222262183062], [-84.71677755796969, 24.24222262183062], [-84.6268656716183, 24.107354792303557], [-84.44704189891553, 24.062398849127867], [-84.44704189891553, 23.972486962776493], [-84.40208595573984, 23.972486962776493], [-84.40208595573984, 23.882575076425116], [-84.31217406938845, 23.83761913324943], [-84.31217406938845, 23.747707246898052], [-84.26721812621275, 23.747707246898052], [-84.17730623986137, 23.61283941737099], [-84.08739435350998, 23.61283941737099], [-84.08739435350998, 23.567883474195302], [-83.99748246715859, 23.567883474195302], [-83.99748246715859, 23.522927531019615], [-83.9525265239829, 23.522927531019615], [-83.9525265239829, 23.433015644668238], [-83.9075705808072, 23.433015644668238], [-83.9075705808072, 23.298147815141174], [-83.86261463763151, 23.298147815141174], [-83.86261463763151, 23.208235928789797], [-83.81765869445582, 23.208235928789797], [-83.81765869445582, 23.16327998561411], [-83.77270275128012, 23.16327998561411], [-83.77270275128012, 23.073368099262733], [-83.72774680810443, 23.073368099262733], [-83.72774680810443, 22.93850026973567], [-83.77270275128012, 22.93850026973567], [-83.77270275128012, 22.893544326559983], [-84.17730623986137, 22.893544326559983], [-84.17730623986137, 22.93850026973567], [-84.35713001256414, 22.93850026973567], [-84.35713001256414, 22.98345621291136], [-84.49199784209122, 22.98345621291136], [-84.6268656716183, 23.253191871965488], [-84.71677755796969, 23.253191871965488], [-84.76173350114539, 23.34310375831686], [-84.85164538749677, 23.34310375831686], [-84.85164538749677, 23.38805970149255], [-84.94155727384816, 23.38805970149255], [-84.94155727384816, 23.433015644668238], [-85.12138104655094, 23.477971587843925], [-85.12138104655094, 23.522927531019615], [-85.16633698972663, 23.522927531019615], [-85.16633698972663, 23.61283941737099], [-85.21129293290232, 23.61283941737099], [-85.21129293290232, 23.65779536054668], [-85.25624887607802, 23.65779536054668], [-85.3461607624294, 23.79266319007374], [-85.4360726487808, 23.79266319007374], [-85.4360726487808, 23.83761913324943], [-85.61589642148357, 23.882575076425116], [-85.66085236465926, 23.972486962776493], [-85.75076425101065, 23.972486962776493], [-85.75076425101065, 24.01744290595218], [-85.79572019418634, 24.01744290595218], [-85.79572019418634, 24.062398849127867], [-85.84067613736204, 24.062398849127867], [-85.84067613736204, 24.107354792303557], [-85.88563208053773, 24.107354792303557], [-85.97554396688912, 24.24222262183062], [-86.06545585324051, 24.24222262183062], [-86.1553677395919, 24.37709045135768], [-86.24527962594328, 24.37709045135768], [-86.24527962594328, 24.42204639453337], [-86.33519151229467, 24.42204639453337], [-86.33519151229467, 24.467002337709058], [-86.51501528499745, 24.511958280884745], [-86.51501528499745, 24.60187016723612], [-86.55997122817314, 24.60187016723612], [-86.55997122817314, 24.64682611041181], [-86.60492717134883, 24.64682611041181], [-86.60492717134883, 24.6917820535875], [-86.64988311452453, 24.6917820535875], [-86.64988311452453, 24.736737996763186], [-86.69483905770022, 24.736737996763186], [-86.78475094405161, 24.87160582629025], [-86.874662830403, 24.87160582629025], [-86.874662830403, 24.916561769465936], [-86.96457471675438, 24.916561769465936], [-86.96457471675438, 24.961517712641626], [-87.14439848945716, 25.006473655817313], [-87.14439848945716, 25.09638554216869], [-87.18935443263285, 25.09638554216869], [-87.27926631898424, 25.23125337169575], [-87.36917820533563, 25.23125337169575], [-87.41413414851132, 25.321165258047127], [-87.50404603486271, 25.321165258047127], [-87.5490019780384, 25.411077144398504], [-87.63891386438979, 25.411077144398504], [-87.68386980756549, 25.500989030749878], [-87.77378169391687, 25.500989030749878], [-87.77378169391687, 25.545944973925568], [-87.81873763709257, 25.545944973925568], [-87.81873763709257, 25.590900917101255], [-87.86369358026826, 25.590900917101255], [-87.86369358026826, 25.63585686027694], [-87.90864952344396, 25.63585686027694], [-87.90864952344396, 25.680812803452632], [-87.95360546661965, 25.680812803452632], [-88.04351735297104, 25.815680632979692], [-88.13342923932242, 25.815680632979692], [-88.22334112567381, 25.950548462506756], [-88.40316489837659, 25.995504405682446], [-88.40316489837659, 26.040460348858133], [-88.44812084155228, 26.040460348858133], [-88.44812084155228, 26.08541629203382], [-88.49307678472798, 26.08541629203382], [-88.49307678472798, 26.13037223520951], [-88.53803272790367, 26.13037223520951], [-88.53803272790367, 26.175328178385197], [-88.58298867107936, 26.175328178385197], [-88.58298867107936, 26.220284121560884], [-88.62794461425506, 26.220284121560884], [-88.62794461425506, 26.265240064736574], [-88.76281244378214, 26.355151951087947], [-88.76281244378214, 26.400107894263638], [-88.85272433013353, 26.400107894263638], [-88.85272433013353, 26.445063837439324], [-89.0325481028363, 26.49001978061501], [-89.0325481028363, 26.5349757237907], [-89.077504046012, 26.5349757237907], [-89.077504046012, 26.624887610142075], [-89.12245998918769, 26.624887610142075], [-89.21237187553908, 26.75975543966914], [-89.30228376189046, 26.75975543966914], [-89.34723970506616, 26.849667326020516], [-89.43715159141755, 26.849667326020516], [-89.43715159141755, 26.894623269196202], [-89.48210753459324, 26.894623269196202], [-89.48210753459324, 26.93957921237189], [-89.57201942094463, 26.93957921237189], [-89.61697536412032, 27.029491098723266], [-89.70688725047171, 27.029491098723266], [-89.70688725047171, 27.119402985074643], [-89.7518431936474, 27.119402985074643], [-89.7518431936474, 27.16435892825033], [-89.84175507999879, 27.16435892825033], [-89.84175507999879, 27.209314871426017], [-89.88671102317448, 27.209314871426017], [-89.88671102317448, 27.254270814601703], [-89.93166696635018, 27.254270814601703], [-89.93166696635018, 27.299226757777394], [-89.97662290952587, 27.299226757777394], [-90.06653479587726, 27.434094587304457], [-90.15644668222865, 27.434094587304457], [-90.15644668222865, 27.479050530480144], [-90.20140262540434, 27.479050530480144], [-90.20140262540434, 27.52400647365583], [-90.24635856858004, 27.52400647365583], [-90.24635856858004, 27.56896241683152], [-90.29131451175573, 27.56896241683152], [-90.29131451175573, 27.613918360007208], [-90.33627045493142, 27.613918360007208], [-90.33627045493142, 27.658874303182895], [-90.38122639810712, 27.658874303182895], [-90.38122639810712, 27.703830246358585], [-90.42618234128281, 27.703830246358585], [-90.42618234128281, 27.748786189534272], [-90.4711382844585, 27.748786189534272], [-90.4711382844585, 27.79374213270996], [-90.5160942276342, 27.79374213270996], [-90.5160942276342, 27.83869807588565], [-90.65096205716128, 27.928609962237022], [-90.65096205716128, 27.973565905412713], [-90.74087394351267, 27.973565905412713], [-90.74087394351267, 28.0185218485884], [-90.78582988668836, 28.0185218485884], [-90.78582988668836, 28.108433734939773], [-90.83078582986406, 28.108433734939773], [-90.83078582986406, 28.153389678115463], [-90.87574177303975, 28.153389678115463], [-90.87574177303975, 28.19834562129115], [-90.92069771621544, 28.19834562129115], [-90.92069771621544, 28.243301564466837], [-91.05556554574252, 28.333213450818214], [-91.05556554574252, 28.42312533716959], [-91.1904333752696, 28.513037223520964], [-91.1904333752696, 28.60294910987234], [-91.280345261621, 28.647905053048028], [-91.32530120479669, 28.82772882575078], [-91.37025714797238, 28.82772882575078], [-91.37025714797238, 28.87268476892647], [-91.41521309114808, 28.87268476892647], [-91.41521309114808, 28.962596655277842], [-91.50512497749946, 29.007552598453533], [-91.50512497749946, 29.23233231433197], [-91.55008092067516, 29.23233231433197], [-91.55008092067516, 29.412156087034724], [-91.59503686385085, 29.412156087034724]], [[-90.96565365939114, 29.007552598453533], [-90.87574177303975, 29.007552598453533], [-90.87574177303975, 28.962596655277842], [-90.74087394351267, 28.962596655277842], [-90.74087394351267, 28.917640712102155], [-90.65096205716128, 28.87268476892647], [-90.60600611398559, 28.468081280345277], [-90.4711382844585, 28.3781693939939], [-90.4711382844585, 28.288257507642527], [-90.38122639810712, 28.288257507642527], [-90.38122639810712, 28.243301564466837], [-90.33627045493142, 28.243301564466837], [-90.29131451175573, 28.063477791764086], [-90.24635856858004, 28.063477791764086], [-90.24635856858004, 28.0185218485884], [-90.20140262540434, 28.0185218485884], [-90.20140262540434, 27.973565905412713], [-90.15644668222865, 27.973565905412713], [-90.15644668222865, 27.928609962237022], [-90.11149073905295, 27.928609962237022], [-90.11149073905295, 27.883654019061336], [-90.06653479587726, 27.883654019061336], [-90.06653479587726, 27.83869807588565], [-90.02157885270157, 27.83869807588565], [-90.02157885270157, 27.79374213270996], [-89.97662290952587, 27.79374213270996], [-89.97662290952587, 27.748786189534272], [-89.93166696635018, 27.748786189534272], [-89.93166696635018, 27.703830246358585], [-89.7967991368231, 27.613918360007208], [-89.7967991368231, 27.52400647365583], [-89.7518431936474, 27.52400647365583], [-89.7518431936474, 27.479050530480144], [-89.66193130729602, 27.479050530480144], [-89.66193130729602, 27.434094587304457], [-89.61697536412032, 27.434094587304457], [-89.61697536412032, 27.389138644128767], [-89.57201942094463, 27.389138644128767], [-89.48210753459324, 27.254270814601703], [-89.30228376189046, 27.209314871426017], [-89.30228376189046, 27.16435892825033], [-89.25732781871477, 27.16435892825033], [-89.25732781871477, 27.074447041898953], [-89.21237187553908, 27.074447041898953], [-89.16741593236338, 26.98453515554758], [-89.077504046012, 26.98453515554758], [-88.98759215966061, 26.849667326020516], [-88.80776838695783, 26.804711382844825], [-88.80776838695783, 26.75975543966914], [-88.67290055743075, 26.66984355331776], [-88.67290055743075, 26.579931666966388], [-88.62794461425506, 26.579931666966388], [-88.62794461425506, 26.5349757237907], [-88.58298867107936, 26.5349757237907], [-88.49307678472798, 26.400107894263638], [-88.3582089552009, 26.400107894263638], [-88.3132530120252, 26.31019600791226], [-88.22334112567381, 26.31019600791226], [-88.22334112567381, 26.265240064736574], [-88.17838518249812, 26.265240064736574], [-88.17838518249812, 26.175328178385197], [-88.08847329614673, 26.13037223520951], [-88.08847329614673, 26.040460348858133], [-88.04351735297104, 26.040460348858133], [-87.99856140979534, 25.950548462506756], [-87.86369358026826, 25.950548462506756], [-87.86369358026826, 25.90559251933107], [-87.68386980756549, 25.860636576155382], [-87.68386980756549, 25.815680632979692], [-87.5490019780384, 25.72576874662832], [-87.5490019780384, 25.63585686027694], [-87.50404603486271, 25.63585686027694], [-87.50404603486271, 25.545944973925568], [-87.45909009168702, 25.545944973925568], [-87.45909009168702, 25.500989030749878], [-87.18935443263285, 25.45603308757419], [-87.14439848945716, 25.366121201222814], [-87.05448660310577, 25.366121201222814], [-87.05448660310577, 25.321165258047127], [-87.00953065993008, 25.321165258047127], [-87.00953065993008, 25.23125337169575], [-86.91961877357869, 25.23125337169575], [-86.91961877357869, 25.186297428520064], [-86.78475094405161, 25.09638554216869], [-86.78475094405161, 25.006473655817313], [-86.60492717134883, 24.961517712641626], [-86.51501528499745, 24.826649883114563], [-86.33519151229467, 24.781693939938872], [-86.33519151229467, 24.736737996763186], [-86.24527962594328, 24.6917820535875], [-86.20032368276759, 24.511958280884745], [-86.02049991006481, 24.467002337709058], [-85.97554396688912, 24.37709045135768], [-85.84067613736204, 24.37709045135768], [-85.84067613736204, 24.332134508181994], [-85.75076425101065, 24.332134508181994], [-85.75076425101065, 24.287178565006307], [-85.66085236465926, 24.24222262183062], [-85.66085236465926, 24.152310735479244], [-85.61589642148357, 24.152310735479244], [-85.61589642148357, 24.062398849127867], [-85.57094047830788, 24.062398849127867], [-85.52598453513218, 23.972486962776493], [-85.16633698972663, 23.882575076425116], [-85.16633698972663, 23.83761913324943], [-85.07642510337524, 23.79266319007374], [-85.07642510337524, 23.702751303722366], [-85.03146916019955, 23.702751303722366], [-85.03146916019955, 23.567883474195302], [-84.98651321702386, 23.567883474195302], [-84.98651321702386, 23.522927531019615], [-84.6268656716183, 23.433015644668238], [-84.6268656716183, 23.38805970149255], [-84.58190972844261, 23.38805970149255], [-84.49199784209122, 23.253191871965488], [-84.26721812621275, 23.253191871965488], [-84.26721812621275, 23.028412156087047], [-84.17730623986137, 23.028412156087047], [-84.17730623986137, 22.98345621291136], [-83.86261463763151, 22.98345621291136], [-83.86261463763151, 23.073368099262733], [-83.9075705808072, 23.073368099262733], [-83.9075705808072, 23.16327998561411], [-83.9525265239829, 23.16327998561411], [-83.9525265239829, 23.253191871965488], [-84.17730623986137, 23.253191871965488], [-84.17730623986137, 23.298147815141174], [-84.22226218303706, 23.298147815141174], [-84.22226218303706, 23.522927531019615], [-84.26721812621275, 23.522927531019615], [-84.26721812621275, 23.567883474195302], [-84.31217406938845, 23.567883474195302], [-84.31217406938845, 23.61283941737099], [-84.44704189891553, 23.702751303722366], [-84.44704189891553, 23.79266319007374], [-84.49199784209122, 23.79266319007374], [-84.49199784209122, 23.83761913324943], [-84.58190972844261, 23.83761913324943], [-84.58190972844261, 23.882575076425116], [-84.671821614794, 23.927531019600803], [-84.671821614794, 24.01744290595218], [-84.71677755796969, 24.01744290595218], [-84.71677755796969, 24.062398849127867], [-84.80668944432108, 24.062398849127867], [-84.80668944432108, 24.107354792303557], [-84.85164538749677, 24.107354792303557], [-84.85164538749677, 24.152310735479244], [-84.89660133067247, 24.152310735479244], [-84.98651321702386, 24.287178565006307], [-85.07642510337524, 24.287178565006307], [-85.07642510337524, 24.332134508181994], [-85.21129293290232, 24.42204639453337], [-85.21129293290232, 24.511958280884745], [-85.25624887607802, 24.511958280884745], [-85.25624887607802, 24.556914224060435], [-85.3461607624294, 24.556914224060435], [-85.3461607624294, 24.60187016723612], [-85.3911167056051, 24.60187016723612], [-85.3911167056051, 24.64682611041181], [-85.4360726487808, 24.64682611041181], [-85.52598453513218, 24.781693939938872], [-85.61589642148357, 24.781693939938872], [-85.61589642148357, 24.826649883114563], [-85.75076425101065, 24.916561769465936], [-85.75076425101065, 25.006473655817313], [-85.79572019418634, 25.006473655817313], [-85.79572019418634, 25.051429598993], [-85.88563208053773, 25.051429598993], [-85.97554396688912, 25.186297428520064], [-86.06545585324051, 25.186297428520064], [-86.06545585324051, 25.23125337169575], [-86.24527962594328, 25.27620931487144], [-86.24527962594328, 25.321165258047127], [-86.29023556911898, 25.321165258047127], [-86.29023556911898, 25.411077144398504], [-86.33519151229467, 25.411077144398504], [-86.33519151229467, 25.500989030749878], [-86.38014745547036, 25.500989030749878], [-86.47005934182175, 25.63585686027694], [-86.60492717134883, 25.63585686027694], [-86.64988311452453, 25.72576874662832], [-86.73979500087592, 25.72576874662832], [-86.73979500087592, 25.770724689804005], [-86.8297068872273, 25.815680632979692], [-86.8297068872273, 25.90559251933107], [-86.874662830403, 25.90559251933107], [-86.874662830403, 26.040460348858133], [-86.91961877357869, 26.040460348858133], [-86.91961877357869, 26.08541629203382], [-87.00953065993008, 26.08541629203382], [-87.00953065993008, 26.13037223520951], [-87.18935443263285, 26.175328178385197], [-87.23431037580855, 26.265240064736574], [-87.32422226215994, 26.265240064736574], [-87.32422226215994, 26.355151951087947], [-87.41413414851132, 26.400107894263638], [-87.41413414851132, 26.5349757237907], [-87.45909009168702, 26.5349757237907], [-87.45909009168702, 26.579931666966388], [-87.5939579212141, 26.579931666966388], [-87.5939579212141, 26.624887610142075], [-87.77378169391687, 26.66984355331776], [-87.77378169391687, 26.714799496493452], [-87.81873763709257, 26.714799496493452], [-87.81873763709257, 26.75975543966914], [-87.95360546661965, 26.849667326020516], [-87.95360546661965, 26.93957921237189], [-87.99856140979534, 26.93957921237189], [-88.04351735297104, 27.029491098723266], [-88.13342923932242, 27.029491098723266], [-88.13342923932242, 27.074447041898953], [-88.22334112567381, 27.074447041898953], [-88.2682970688495, 27.16435892825033], [-88.3582089552009, 27.16435892825033], [-88.3582089552009, 27.209314871426017], [-88.40316489837659, 27.209314871426017], [-88.40316489837659, 27.299226757777394], [-88.44812084155228, 27.299226757777394], [-88.49307678472798, 27.389138644128767], [-88.58298867107936, 27.389138644128767], [-88.58298867107936, 27.434094587304457], [-88.62794461425506, 27.434094587304457], [-88.71785650060644, 27.56896241683152], [-88.80776838695783, 27.56896241683152], [-88.80776838695783, 27.613918360007208], [-88.85272433013353, 27.613918360007208], [-88.85272433013353, 27.658874303182895], [-88.89768027330922, 27.658874303182895], [-88.98759215966061, 27.79374213270996], [-89.16741593236338, 27.83869807588565], [-89.16741593236338, 27.883654019061336], [-89.21237187553908, 27.883654019061336], [-89.21237187553908, 27.928609962237022], [-89.25732781871477, 27.928609962237022], [-89.25732781871477, 27.973565905412713], [-89.30228376189046, 27.973565905412713], [-89.30228376189046, 28.0185218485884], [-89.34723970506616, 28.0185218485884], [-89.34723970506616, 28.063477791764086], [-89.39219564824185, 28.063477791764086], [-89.48210753459324, 28.19834562129115], [-89.66193130729602, 28.243301564466837], [-89.66193130729602, 28.288257507642527], [-89.7967991368231, 28.3781693939939], [-89.7967991368231, 28.468081280345277], [-89.84175507999879, 28.468081280345277], [-89.84175507999879, 28.513037223520964], [-89.88671102317448, 28.513037223520964], [-89.97662290952587, 28.647905053048028], [-90.15644668222865, 28.647905053048028], [-90.15644668222865, 28.692860996223715], [-90.24635856858004, 28.692860996223715], [-90.24635856858004, 28.737816939399405], [-90.38122639810712, 28.82772882575078], [-90.38122639810712, 28.917640712102155], [-90.42618234128281, 28.917640712102155], [-90.42618234128281, 29.007552598453533], [-90.4711382844585, 29.007552598453533], [-90.4711382844585, 29.05250854162922], [-90.96565365939114, 29.05250854162922], [-90.96565365939114, 29.007552598453533]]]]}}, {"type": "Feature", "properties": {"shapefile": "2021082718_wsp50knt120hr_5km", "PERCENTAGE": ">90%"}, "geometry": {"type": "MultiPolygon", "coordinates": [[[[-83.50296709222596, 22.48894083797879], [-83.50296709222596, 22.623808667505855], [-82.96349577411763, 22.533896781154482], [-82.96349577411763, 22.443984894803105], [-82.91853983094194, 22.443984894803105], [-82.91853983094194, 22.30911706527604], [-82.87358388776624, 22.30911706527604], [-82.87358388776624, 22.219205178924668], [-82.82862794459055, 22.219205178924668], [-82.82862794459055, 22.174249235748977], [-82.73871605823916, 22.174249235748977], [-82.73871605823916, 22.12929329257329], [-82.64880417188778, 22.12929329257329], [-82.64880417188778, 22.084337349397604], [-82.468980399185, 22.084337349397604], [-82.468980399185, 22.039381406221914], [-82.4240244560093, 22.039381406221914], [-82.4240244560093, 21.49991008811366], [-82.5139363423607, 21.49991008811366], [-82.5139363423607, 21.54486603128935], [-82.55889228553639, 21.54486603128935], [-82.55889228553639, 21.7246898039921], [-82.64880417188778, 21.769645747167786], [-82.64880417188778, 21.859557633519163], [-82.73871605823916, 21.859557633519163], [-82.73871605823916, 21.90451357669485], [-82.82862794459055, 21.90451357669485], [-82.82862794459055, 21.94946951987054], [-82.96349577411763, 21.94946951987054], [-82.96349577411763, 21.994425463046227], [-83.05340766046902, 21.994425463046227], [-83.05340766046902, 22.219205178924668], [-83.09836360364471, 22.219205178924668], [-83.09836360364471, 22.354073008451728], [-83.14331954682041, 22.354073008451728], [-83.14331954682041, 22.399028951627418], [-83.50296709222596, 22.48894083797879]]], [[[-90.96565365939114, 29.007552598453533], [-90.96565365939114, 29.05250854162922], [-90.4711382844585, 29.05250854162922], [-90.4711382844585, 29.007552598453533], [-90.42618234128281, 29.007552598453533], [-90.42618234128281, 28.917640712102155], [-90.38122639810712, 28.917640712102155], [-90.38122639810712, 28.82772882575078], [-90.33627045493142, 28.82772882575078], [-90.24635856858004, 28.692860996223715], [-90.15644668222865, 28.692860996223715], [-90.15644668222865, 28.647905053048028], [-89.97662290952587, 28.647905053048028], [-89.97662290952587, 28.60294910987234], [-89.93166696635018, 28.60294910987234], [-89.93166696635018, 28.557993166696654], [-89.7967991368231, 28.468081280345277], [-89.7967991368231, 28.3781693939939], [-89.7518431936474, 28.3781693939939], [-89.66193130729602, 28.243301564466837], [-89.48210753459324, 28.19834562129115], [-89.48210753459324, 28.153389678115463], [-89.43715159141755, 28.153389678115463], [-89.43715159141755, 28.108433734939773], [-89.39219564824185, 28.108433734939773], [-89.39219564824185, 28.063477791764086], [-89.34723970506616, 28.063477791764086], [-89.34723970506616, 28.0185218485884], [-89.30228376189046, 28.0185218485884], [-89.30228376189046, 27.973565905412713], [-89.25732781871477, 27.973565905412713], [-89.16741593236338, 27.83869807588565], [-88.98759215966061, 27.79374213270996], [-88.98759215966061, 27.748786189534272], [-88.94263621648491, 27.748786189534272], [-88.94263621648491, 27.703830246358585], [-88.89768027330922, 27.703830246358585], [-88.80776838695783, 27.56896241683152], [-88.71785650060644, 27.56896241683152], [-88.71785650060644, 27.52400647365583], [-88.67290055743075, 27.52400647365583], [-88.58298867107936, 27.389138644128767], [-88.49307678472798, 27.389138644128767], [-88.49307678472798, 27.34418270095308], [-88.40316489837659, 27.299226757777394], [-88.40316489837659, 27.209314871426017], [-88.3582089552009, 27.209314871426017], [-88.3582089552009, 27.16435892825033], [-88.2682970688495, 27.16435892825033], [-88.22334112567381, 27.074447041898953], [-88.04351735297104, 27.029491098723266], [-88.04351735297104, 26.98453515554758], [-87.95360546661965, 26.93957921237189], [-87.95360546661965, 26.849667326020516], [-87.90864952344396, 26.849667326020516], [-87.90864952344396, 26.804711382844825], [-87.86369358026826, 26.804711382844825], [-87.77378169391687, 26.66984355331776], [-87.68386980756549, 26.66984355331776], [-87.68386980756549, 26.624887610142075], [-87.5939579212141, 26.624887610142075], [-87.5939579212141, 26.579931666966388], [-87.45909009168702, 26.579931666966388], [-87.45909009168702, 26.5349757237907], [-87.41413414851132, 26.5349757237907], [-87.41413414851132, 26.400107894263638], [-87.32422226215994, 26.355151951087947], [-87.32422226215994, 26.265240064736574], [-87.23431037580855, 26.265240064736574], [-87.18935443263285, 26.175328178385197], [-87.09944254628147, 26.175328178385197], [-87.09944254628147, 26.13037223520951], [-86.91961877357869, 26.08541629203382], [-86.91961877357869, 26.040460348858133], [-86.874662830403, 26.040460348858133], [-86.874662830403, 25.90559251933107], [-86.8297068872273, 25.90559251933107], [-86.8297068872273, 25.815680632979692], [-86.78475094405161, 25.815680632979692], [-86.73979500087592, 25.72576874662832], [-86.64988311452453, 25.72576874662832], [-86.60492717134883, 25.63585686027694], [-86.47005934182175, 25.63585686027694], [-86.47005934182175, 25.590900917101255], [-86.33519151229467, 25.500989030749878], [-86.33519151229467, 25.411077144398504], [-86.29023556911898, 25.411077144398504], [-86.29023556911898, 25.321165258047127], [-86.24527962594328, 25.321165258047127], [-86.24527962594328, 25.27620931487144], [-86.1553677395919, 25.27620931487144], [-86.1553677395919, 25.23125337169575], [-85.97554396688912, 25.186297428520064], [-85.88563208053773, 25.051429598993], [-85.79572019418634, 25.051429598993], [-85.79572019418634, 25.006473655817313], [-85.75076425101065, 25.006473655817313], [-85.75076425101065, 24.916561769465936], [-85.70580830783496, 24.916561769465936], [-85.61589642148357, 24.781693939938872], [-85.52598453513218, 24.781693939938872], [-85.52598453513218, 24.736737996763186], [-85.48102859195649, 24.736737996763186], [-85.48102859195649, 24.6917820535875], [-85.4360726487808, 24.6917820535875], [-85.3461607624294, 24.556914224060435], [-85.25624887607802, 24.556914224060435], [-85.25624887607802, 24.511958280884745], [-85.21129293290232, 24.511958280884745], [-85.21129293290232, 24.42204639453337], [-85.16633698972663, 24.42204639453337], [-85.07642510337524, 24.287178565006307], [-84.98651321702386, 24.287178565006307], [-84.98651321702386, 24.24222262183062], [-84.94155727384816, 24.24222262183062], [-84.94155727384816, 24.19726667865493], [-84.89660133067247, 24.19726667865493], [-84.80668944432108, 24.062398849127867], [-84.71677755796969, 24.062398849127867], [-84.71677755796969, 24.01744290595218], [-84.671821614794, 24.01744290595218], [-84.671821614794, 23.927531019600803], [-84.6268656716183, 23.927531019600803], [-84.58190972844261, 23.83761913324943], [-84.49199784209122, 23.83761913324943], [-84.49199784209122, 23.79266319007374], [-84.44704189891553, 23.79266319007374], [-84.44704189891553, 23.702751303722366], [-84.40208595573984, 23.702751303722366], [-84.40208595573984, 23.65779536054668], [-84.35713001256414, 23.65779536054668], [-84.35713001256414, 23.61283941737099], [-84.22226218303706, 23.522927531019615], [-84.22226218303706, 23.298147815141174], [-84.17730623986137, 23.298147815141174], [-84.17730623986137, 23.253191871965488], [-83.9525265239829, 23.253191871965488], [-83.9525265239829, 23.16327998561411], [-83.9075705808072, 23.16327998561411], [-83.86261463763151, 22.98345621291136], [-84.17730623986137, 22.98345621291136], [-84.17730623986137, 23.028412156087047], [-84.26721812621275, 23.028412156087047], [-84.26721812621275, 23.253191871965488], [-84.49199784209122, 23.253191871965488], [-84.49199784209122, 23.298147815141174], [-84.53695378526692, 23.298147815141174], [-84.6268656716183, 23.433015644668238], [-84.98651321702386, 23.522927531019615], [-84.98651321702386, 23.567883474195302], [-85.03146916019955, 23.567883474195302], [-85.03146916019955, 23.702751303722366], [-85.07642510337524, 23.702751303722366], [-85.07642510337524, 23.79266319007374], [-85.12138104655094, 23.79266319007374], [-85.16633698972663, 23.882575076425116], [-85.52598453513218, 23.972486962776493], [-85.52598453513218, 24.01744290595218], [-85.61589642148357, 24.062398849127867], [-85.61589642148357, 24.152310735479244], [-85.66085236465926, 24.152310735479244], [-85.66085236465926, 24.24222262183062], [-85.70580830783496, 24.24222262183062], [-85.75076425101065, 24.332134508181994], [-85.84067613736204, 24.332134508181994], [-85.84067613736204, 24.37709045135768], [-85.97554396688912, 24.37709045135768], [-86.02049991006481, 24.467002337709058], [-86.20032368276759, 24.511958280884745], [-86.24527962594328, 24.6917820535875], [-86.29023556911898, 24.6917820535875], [-86.33519151229467, 24.781693939938872], [-86.51501528499745, 24.826649883114563], [-86.60492717134883, 24.961517712641626], [-86.78475094405161, 25.006473655817313], [-86.78475094405161, 25.09638554216869], [-86.8297068872273, 25.09638554216869], [-86.91961877357869, 25.23125337169575], [-87.00953065993008, 25.23125337169575], [-87.00953065993008, 25.321165258047127], [-87.05448660310577, 25.321165258047127], [-87.05448660310577, 25.366121201222814], [-87.14439848945716, 25.366121201222814], [-87.18935443263285, 25.45603308757419], [-87.45909009168702, 25.500989030749878], [-87.45909009168702, 25.545944973925568], [-87.50404603486271, 25.545944973925568], [-87.50404603486271, 25.63585686027694], [-87.5490019780384, 25.63585686027694], [-87.5490019780384, 25.72576874662832], [-87.5939579212141, 25.72576874662832], [-87.68386980756549, 25.860636576155382], [-87.77378169391687, 25.860636576155382], [-87.77378169391687, 25.90559251933107], [-87.86369358026826, 25.90559251933107], [-87.86369358026826, 25.950548462506756], [-87.99856140979534, 25.950548462506756], [-87.99856140979534, 25.995504405682446], [-88.08847329614673, 26.040460348858133], [-88.08847329614673, 26.13037223520951], [-88.17838518249812, 26.175328178385197], [-88.17838518249812, 26.265240064736574], [-88.22334112567381, 26.265240064736574], [-88.22334112567381, 26.31019600791226], [-88.3132530120252, 26.31019600791226], [-88.3582089552009, 26.400107894263638], [-88.49307678472798, 26.400107894263638], [-88.49307678472798, 26.445063837439324], [-88.53803272790367, 26.445063837439324], [-88.53803272790367, 26.49001978061501], [-88.67290055743075, 26.579931666966388], [-88.67290055743075, 26.66984355331776], [-88.71785650060644, 26.66984355331776], [-88.80776838695783, 26.804711382844825], [-88.98759215966061, 26.849667326020516], [-89.077504046012, 26.98453515554758], [-89.16741593236338, 26.98453515554758], [-89.16741593236338, 27.029491098723266], [-89.25732781871477, 27.074447041898953], [-89.25732781871477, 27.16435892825033], [-89.30228376189046, 27.16435892825033], [-89.30228376189046, 27.209314871426017], [-89.48210753459324, 27.254270814601703], [-89.48210753459324, 27.299226757777394], [-89.52706347776893, 27.299226757777394], [-89.52706347776893, 27.34418270095308], [-89.57201942094463, 27.34418270095308], [-89.66193130729602, 27.479050530480144], [-89.7518431936474, 27.479050530480144], [-89.7518431936474, 27.52400647365583], [-89.7967991368231, 27.52400647365583], [-89.7967991368231, 27.613918360007208], [-89.84175507999879, 27.613918360007208], [-89.84175507999879, 27.658874303182895], [-89.88671102317448, 27.658874303182895], [-89.88671102317448, 27.703830246358585], [-89.93166696635018, 27.703830246358585], [-89.93166696635018, 27.748786189534272], [-89.97662290952587, 27.748786189534272], [-89.97662290952587, 27.79374213270996], [-90.02157885270157, 27.79374213270996], [-90.02157885270157, 27.83869807588565], [-90.06653479587726, 27.83869807588565], [-90.06653479587726, 27.883654019061336], [-90.11149073905295, 27.883654019061336], [-90.11149073905295, 27.928609962237022], [-90.15644668222865, 27.928609962237022], [-90.15644668222865, 27.973565905412713], [-90.29131451175573, 28.063477791764086], [-90.33627045493142, 28.243301564466837], [-90.38122639810712, 28.243301564466837], [-90.38122639810712, 28.288257507642527], [-90.4711382844585, 28.288257507642527], [-90.4711382844585, 28.3781693939939], [-90.60600611398559, 28.468081280345277], [-90.65096205716128, 28.87268476892647], [-90.69591800033697, 28.87268476892647], [-90.74087394351267, 28.962596655277842], [-90.87574177303975, 28.962596655277842], [-90.87574177303975, 29.007552598453533], [-90.96565365939114, 29.007552598453533]]]]}}]}