{"type": "FeatureCollection", "features": [{"type": "Feature", "properties": {"shapefile": "2021082812_wsp34knt120hr_5km", "PERCENTAGE": "<5%"}, "geometry": {"type": "MultiPolygon", "coordinates": [[[[-86.55997122817314, 21.185218485883844], [-86.55997122817314, 21.230174429059534], [-86.60492717134883, 21.230174429059534], [-86.64988311452453, 21.230174429059534], [-86.64988311452453, 21.27513037223522], [-86.69483905770022, 21.27513037223522], [-86.78475094405161, 21.27513037223522], [-86.78475094405161, 21.320086315410908], [-86.8297068872273, 21.320086315410908], [-86.91961877357869, 21.320086315410908], [-86.91961877357869, 21.365042258586598], [-86.96457471675438, 21.365042258586598], [-87.09944254628147, 21.365042258586598], [-87.09944254628147, 21.409998201762285], [-87.77378169391687, 21.409998201762285], [-87.77378169391687, 21.365042258586598], [-88.13342923932242, 21.365042258586598], [-88.13342923932242, 21.320086315410908], [-89.12245998918769, 21.320086315410908], [-89.12245998918769, 21.365042258586598], [-89.16741593236338, 21.365042258586598], [-89.43715159141755, 21.365042258586598], [-89.43715159141755, 21.409998201762285], [-89.48210753459324, 21.409998201762285], [-89.61697536412032, 21.409998201762285], [-89.61697536412032, 21.45495414493797], [-89.66193130729602, 21.45495414493797], [-89.7518431936474, 21.45495414493797], [-89.7518431936474, 21.49991008811366], [-89.7967991368231, 21.49991008811366], [-89.84175507999879, 21.49991008811366], [-89.84175507999879, 21.54486603128935], [-89.88671102317448, 21.54486603128935], [-89.97662290952587, 21.54486603128935], [-89.97662290952587, 21.589821974465035], [-90.02157885270157, 21.589821974465035], [-90.06653479587726, 21.589821974465035], [-90.06653479587726, 21.634777917640722], [-90.11149073905295, 21.634777917640722], [-90.15644668222865, 21.634777917640722], [-90.15644668222865, 21.679733860816413], [-90.20140262540434, 21.679733860816413], [-90.24635856858004, 21.679733860816413], [-90.24635856858004, 21.7246898039921], [-90.29131451175573, 21.7246898039921], [-90.33627045493142, 21.7246898039921], [-90.33627045493142, 21.769645747167786], [-90.38122639810712, 21.769645747167786], [-90.42618234128281, 21.769645747167786], [-90.42618234128281, 21.814601690343476], [-90.4711382844585, 21.814601690343476], [-90.5160942276342, 21.814601690343476], [-90.5160942276342, 21.859557633519163], [-90.56105017080989, 21.859557633519163], [-90.60600611398559, 21.859557633519163], [-90.60600611398559, 21.90451357669485], [-90.65096205716128, 21.90451357669485], [-90.69591800033697, 21.90451357669485], [-90.69591800033697, 21.94946951987054], [-90.74087394351267, 21.94946951987054], [-90.74087394351267, 21.994425463046227], [-90.78582988668836, 21.994425463046227], [-90.83078582986406, 21.994425463046227], [-90.83078582986406, 22.039381406221914], [-90.87574177303975, 22.039381406221914], [-90.92069771621544, 22.039381406221914], [-90.92069771621544, 22.084337349397604], [-90.96565365939114, 22.084337349397604], [-90.96565365939114, 22.12929329257329], [-91.01060960256683, 22.12929329257329], [-91.05556554574252, 22.12929329257329], [-91.05556554574252, 22.174249235748977], [-91.10052148891822, 22.174249235748977], [-91.14547743209391, 22.174249235748977], [-91.14547743209391, 22.219205178924668], [-91.1904333752696, 22.219205178924668], [-91.2353893184453, 22.219205178924668], [-91.2353893184453, 22.264161122100354], [-91.280345261621, 22.264161122100354], [-91.280345261621, 22.30911706527604], [-91.32530120479669, 22.30911706527604], [-91.37025714797238, 22.30911706527604], [-91.37025714797238, 22.354073008451728], [-91.41521309114808, 22.354073008451728], [-91.46016903432377, 22.354073008451728], [-91.46016903432377, 22.399028951627418], [-91.50512497749946, 22.399028951627418], [-91.50512497749946, 22.443984894803105], [-91.55008092067516, 22.443984894803105], [-91.59503686385085, 22.443984894803105], [-91.59503686385085, 22.48894083797879], [-91.63999280702654, 22.48894083797879], [-91.68494875020224, 22.48894083797879], [-91.68494875020224, 22.533896781154482], [-91.72990469337793, 22.533896781154482], [-91.72990469337793, 22.57885272433017], [-91.77486063655363, 22.57885272433017], [-91.81981657972932, 22.57885272433017], [-91.81981657972932, 22.623808667505855], [-91.86477252290501, 22.623808667505855], [-91.90972846608071, 22.623808667505855], [-91.90972846608071, 22.668764610681546], [-91.9546844092564, 22.668764610681546], [-91.9546844092564, 22.713720553857232], [-91.9996403524321, 22.713720553857232], [-92.04459629560779, 22.713720553857232], [-92.04459629560779, 22.75867649703292], [-92.08955223878348, 22.75867649703292], [-92.08955223878348, 22.80363244020861], [-92.13450818195918, 22.80363244020861], [-92.17946412513487, 22.80363244020861], [-92.17946412513487, 22.848588383384296], [-92.22442006831056, 22.848588383384296], [-92.22442006831056, 22.893544326559983], [-92.26937601148626, 22.893544326559983], [-92.26937601148626, 22.93850026973567], [-92.31433195466195, 22.93850026973567], [-92.35928789783765, 22.93850026973567], [-92.35928789783765, 22.98345621291136], [-92.40424384101334, 22.98345621291136], [-92.40424384101334, 23.028412156087047], [-92.44919978418903, 23.028412156087047], [-92.44919978418903, 23.073368099262733], [-92.49415572736473, 23.073368099262733], [-92.53911167054042, 23.073368099262733], [-92.53911167054042, 23.118324042438424], [-92.58406761371612, 23.118324042438424], [-92.58406761371612, 23.16327998561411], [-92.62902355689181, 23.16327998561411], [-92.6739795000675, 23.16327998561411], [-92.6739795000675, 23.208235928789797], [-92.7189354432432, 23.208235928789797], [-92.76389138641889, 23.208235928789797], [-92.76389138641889, 23.253191871965488], [-92.80884732959458, 23.253191871965488], [-92.80884732959458, 23.298147815141174], [-92.85380327277028, 23.298147815141174], [-92.85380327277028, 23.34310375831686], [-92.89875921594597, 23.34310375831686], [-92.94371515912167, 23.34310375831686], [-92.94371515912167, 23.38805970149255], [-92.98867110229736, 23.38805970149255], [-92.98867110229736, 23.433015644668238], [-93.03362704547305, 23.433015644668238], [-93.07858298864875, 23.433015644668238], [-93.07858298864875, 23.477971587843925], [-93.12353893182444, 23.477971587843925], [-93.12353893182444, 23.522927531019615], [-93.16849487500014, 23.522927531019615], [-93.16849487500014, 23.567883474195302], [-93.21345081817583, 23.567883474195302], [-93.25840676135152, 23.567883474195302], [-93.25840676135152, 23.61283941737099], [-93.30336270452722, 23.61283941737099], [-93.30336270452722, 23.65779536054668], [-93.34831864770291, 23.65779536054668], [-93.3932745908786, 23.65779536054668], [-93.3932745908786, 23.702751303722366], [-93.4382305340543, 23.702751303722366], [-93.4382305340543, 23.747707246898052], [-93.48318647722999, 23.747707246898052], [-93.48318647722999, 23.79266319007374], [-93.52814242040569, 23.79266319007374], [-93.57309836358138, 23.79266319007374], [-93.57309836358138, 23.83761913324943], [-93.61805430675707, 23.83761913324943], [-93.61805430675707, 23.882575076425116], [-93.66301024993277, 23.882575076425116], [-93.66301024993277, 23.927531019600803], [-93.70796619310846, 23.927531019600803], [-93.70796619310846, 23.972486962776493], [-93.75292213628416, 23.972486962776493], [-93.75292213628416, 24.01744290595218], [-93.79787807945985, 24.01744290595218], [-93.84283402263554, 24.01744290595218], [-93.84283402263554, 24.062398849127867], [-93.88778996581124, 24.062398849127867], [-93.88778996581124, 24.107354792303557], [-93.93274590898693, 24.107354792303557], [-93.93274590898693, 24.152310735479244], [-93.97770185216262, 24.152310735479244], [-93.97770185216262, 24.19726667865493], [-94.02265779533832, 24.19726667865493], [-94.06761373851401, 24.19726667865493], [-94.06761373851401, 24.24222262183062], [-94.1125696816897, 24.24222262183062], [-94.1125696816897, 24.287178565006307], [-94.1575256248654, 24.287178565006307], [-94.2024815680411, 24.287178565006307], [-94.2024815680411, 24.332134508181994], [-94.24743751121679, 24.332134508181994], [-94.24743751121679, 24.37709045135768], [-94.29239345439248, 24.37709045135768], [-94.33734939756818, 24.37709045135768], [-94.33734939756818, 24.42204639453337], [-94.38230534074387, 24.42204639453337], [-94.38230534074387, 24.467002337709058], [-94.42726128391956, 24.467002337709058], [-94.47221722709526, 24.467002337709058], [-94.47221722709526, 24.511958280884745], [-94.51717317027095, 24.511958280884745], [-94.51717317027095, 24.556914224060435], [-94.56212911344664, 24.556914224060435], [-94.56212911344664, 24.60187016723612], [-94.60708505662234, 24.60187016723612], [-94.65204099979803, 24.60187016723612], [-94.65204099979803, 24.64682611041181], [-94.69699694297373, 24.64682611041181], [-94.69699694297373, 24.6917820535875], [-94.74195288614942, 24.6917820535875], [-94.74195288614942, 24.736737996763186], [-94.78690882932511, 24.736737996763186], [-94.78690882932511, 24.781693939938872], [-94.83186477250081, 24.781693939938872], [-94.8768207156765, 24.781693939938872], [-94.8768207156765, 24.826649883114563], [-94.9217766588522, 24.826649883114563], [-94.9217766588522, 24.87160582629025], [-94.96673260202789, 24.87160582629025], [-94.96673260202789, 24.916561769465936], [-95.01168854520358, 24.916561769465936], [-95.01168854520358, 24.961517712641626], [-95.05664448837928, 24.961517712641626], [-95.10160043155497, 24.961517712641626], [-95.10160043155497, 25.006473655817313], [-95.14655637473066, 25.006473655817313], [-95.14655637473066, 25.051429598993], [-95.19151231790636, 25.051429598993], [-95.19151231790636, 25.09638554216869], [-95.23646826108205, 25.09638554216869], [-95.28142420425775, 25.09638554216869], [-95.28142420425775, 25.141341485344377], [-95.32638014743344, 25.141341485344377], [-95.32638014743344, 25.186297428520064], [-95.37133609060913, 25.186297428520064], [-95.41629203378483, 25.186297428520064], [-95.41629203378483, 25.23125337169575], [-95.46124797696052, 25.23125337169575], [-95.46124797696052, 25.27620931487144], [-95.50620392013622, 25.27620931487144], [-95.50620392013622, 25.321165258047127], [-95.55115986331191, 25.321165258047127], [-95.55115986331191, 25.366121201222814], [-95.5961158064876, 25.366121201222814], [-95.6410717496633, 25.366121201222814], [-95.6410717496633, 25.411077144398504], [-95.68602769283899, 25.411077144398504], [-95.68602769283899, 25.45603308757419], [-95.73098363601468, 25.45603308757419], [-95.73098363601468, 25.500989030749878], [-95.77593957919038, 25.500989030749878], [-95.77593957919038, 25.545944973925568], [-95.82089552236607, 25.545944973925568], [-95.82089552236607, 25.590900917101255], [-95.86585146554177, 25.590900917101255], [-95.86585146554177, 25.63585686027694], [-95.91080740871746, 25.63585686027694], [-95.91080740871746, 25.680812803452632], [-95.95576335189315, 25.680812803452632], [-95.95576335189315, 25.72576874662832], [-96.00071929506885, 25.72576874662832], [-96.00071929506885, 25.770724689804005], [-96.04567523824454, 25.770724689804005], [-96.04567523824454, 25.860636576155382], [-96.09063118142024, 25.860636576155382], [-96.09063118142024, 25.90559251933107], [-96.13558712459593, 25.90559251933107], [-96.13558712459593, 25.950548462506756], [-96.18054306777162, 25.950548462506756], [-96.18054306777162, 25.995504405682446], [-96.22549901094732, 25.995504405682446], [-96.22549901094732, 26.08541629203382], [-96.27045495412301, 26.08541629203382], [-96.27045495412301, 26.13037223520951], [-96.3154108972987, 26.13037223520951], [-96.3154108972987, 26.175328178385197], [-96.3603668404744, 26.175328178385197], [-96.3603668404744, 26.265240064736574], [-96.40532278365009, 26.265240064736574], [-96.40532278365009, 26.31019600791226], [-96.45027872682579, 26.31019600791226], [-96.45027872682579, 26.355151951087947], [-96.49523467000148, 26.355151951087947], [-96.49523467000148, 26.445063837439324], [-96.54019061317717, 26.445063837439324], [-96.54019061317717, 26.49001978061501], [-96.58514655635287, 26.49001978061501], [-96.58514655635287, 26.579931666966388], [-96.63010249952856, 26.579931666966388], [-96.63010249952856, 26.624887610142075], [-96.67505844270426, 26.624887610142075], [-96.67505844270426, 26.66984355331776], [-96.72001438587995, 26.66984355331776], [-96.72001438587995, 26.75975543966914], [-96.76497032905564, 26.75975543966914], [-96.76497032905564, 26.849667326020516], [-96.80992627223134, 26.849667326020516], [-96.80992627223134, 26.894623269196202], [-96.85488221540703, 26.894623269196202], [-96.85488221540703, 26.98453515554758], [-96.89983815858272, 26.98453515554758], [-96.89983815858272, 27.074447041898953], [-96.94479410175842, 27.074447041898953], [-96.94479410175842, 27.16435892825033], [-96.98975004493411, 27.16435892825033], [-96.98975004493411, 27.254270814601703], [-97.0347059881098, 27.254270814601703], [-97.0347059881098, 27.389138644128767], [-97.0796619312855, 27.389138644128767], [-97.0796619312855, 27.479050530480144], [-97.1246178744612, 27.479050530480144], [-97.1246178744612, 27.56896241683152], [-97.16957381763689, 27.56896241683152], [-97.16957381763689, 27.703830246358585], [-97.21452976081258, 27.703830246358585], [-97.21452976081258, 27.83869807588565], [-97.25948570398828, 27.83869807588565], [-97.25948570398828, 27.973565905412713], [-97.30444164716397, 27.973565905412713], [-97.30444164716397, 28.108433734939773], [-97.34939759033966, 28.108433734939773], [-97.34939759033966, 28.19834562129115], [-97.39435353351536, 28.19834562129115], [-97.39435353351536, 28.333213450818214], [-97.43930947669105, 28.333213450818214], [-97.43930947669105, 28.42312533716959], [-97.48426541986674, 28.42312533716959], [-97.48426541986674, 28.513037223520964], [-97.52922136304244, 28.513037223520964], [-97.52922136304244, 28.557993166696654], [-97.57417730621813, 28.557993166696654], [-97.57417730621813, 28.647905053048028], [-97.61913324939383, 28.647905053048028], [-97.61913324939383, 28.737816939399405], [-97.66408919256952, 28.737816939399405], [-97.66408919256952, 28.82772882575078], [-97.70904513574521, 28.82772882575078], [-97.70904513574521, 28.917640712102155], [-97.75400107892091, 28.917640712102155], [-97.75400107892091, 29.05250854162922], [-97.7989570220966, 29.05250854162922], [-97.7989570220966, 29.27728825750766], [-97.8439129652723, 29.27728825750766], [-97.8439129652723, 29.502067973386097], [-97.88886890844799, 29.502067973386097], [-97.88886890844799, 29.63693580291316], [-97.93382485162368, 29.63693580291316], [-97.93382485162368, 29.81675957561591], [-97.97878079479938, 29.81675957561591], [-97.97878079479938, 29.996583348318666], [-98.02373673797507, 29.996583348318666], [-98.02373673797507, 30.26631900737279], [-98.06869268115076, 30.26631900737279], [-98.06869268115076, 32.10951267757599], [-98.02373673797507, 32.10951267757599], [-98.02373673797507, 32.33429239345443], [-97.97878079479938, 32.33429239345443], [-97.97878079479938, 32.4691602229815], [-97.93382485162368, 32.4691602229815], [-97.93382485162368, 32.60402805250856], [-97.88886890844799, 32.60402805250856], [-97.88886890844799, 32.73889588203562], [-97.8439129652723, 32.73889588203562], [-97.8439129652723, 32.87376371156269], [-97.7989570220966, 32.87376371156269], [-97.7989570220966, 33.00863154108975], [-97.75400107892091, 33.00863154108975], [-97.75400107892091, 33.143499370616816], [-97.70904513574521, 33.143499370616816], [-97.70904513574521, 33.23341125696819], [-97.66408919256952, 33.23341125696819], [-97.66408919256952, 33.36827908649525], [-97.61913324939383, 33.36827908649525], [-97.61913324939383, 33.45819097284663], [-97.57417730621813, 33.45819097284663], [-97.57417730621813, 33.548102859198], [-97.52922136304244, 33.548102859198], [-97.52922136304244, 33.63801474554938], [-97.48426541986674, 33.63801474554938], [-97.48426541986674, 33.72792663190076], [-97.43930947669105, 33.72792663190076], [-97.43930947669105, 33.81783851825213], [-97.39435353351536, 33.81783851825213], [-97.39435353351536, 33.907750404603505], [-97.34939759033966, 33.907750404603505], [-97.34939759033966, 33.997662290954885], [-97.30444164716397, 33.997662290954885], [-97.30444164716397, 34.08757417730626], [-97.25948570398828, 34.08757417730626], [-97.25948570398828, 34.132530120481945], [-97.21452976081258, 34.132530120481945], [-97.21452976081258, 34.22244200683332], [-97.16957381763689, 34.22244200683332], [-97.16957381763689, 34.3123538931847], [-97.1246178744612, 34.3123538931847], [-97.1246178744612, 34.40226577953607], [-97.0796619312855, 34.40226577953607], [-97.0796619312855, 34.44722172271176], [-97.0347059881098, 34.44722172271176], [-97.0347059881098, 34.53713360906314], [-96.98975004493411, 34.53713360906314], [-96.98975004493411, 34.58208955223883], [-96.94479410175842, 34.58208955223883], [-96.94479410175842, 34.6720014385902], [-96.89983815858272, 34.6720014385902], [-96.89983815858272, 34.71695738176589], [-96.85488221540703, 34.71695738176589], [-96.85488221540703, 34.761913324941574], [-96.80992627223134, 34.761913324941574], [-96.80992627223134, 34.80686926811727], [-96.76497032905564, 34.80686926811727], [-96.76497032905564, 34.851825211292955], [-96.72001438587995, 34.851825211292955], [-96.72001438587995, 34.89678115446864], [-96.67505844270426, 34.89678115446864], [-96.67505844270426, 34.94173709764433], [-96.63010249952856, 34.94173709764433], [-96.63010249952856, 34.986693040820015], [-96.58514655635287, 34.986693040820015], [-96.58514655635287, 35.0316489839957], [-96.54019061317717, 35.0316489839957], [-96.54019061317717, 35.07660492717139], [-96.49523467000148, 35.07660492717139], [-96.49523467000148, 35.12156087034708], [-96.45027872682579, 35.12156087034708], [-96.45027872682579, 35.16651681352277], [-96.40532278365009, 35.16651681352277], [-96.40532278365009, 35.211472756698456], [-96.3603668404744, 35.211472756698456], [-96.3603668404744, 35.25642869987414], [-96.3154108972987, 35.25642869987414], [-96.3154108972987, 35.30138464304983], [-96.27045495412301, 35.30138464304983], [-96.27045495412301, 35.346340586225516], [-96.22549901094732, 35.346340586225516], [-96.22549901094732, 35.39129652940121], [-96.18054306777162, 35.39129652940121], [-96.18054306777162, 35.436252472576896], [-96.13558712459593, 35.436252472576896], [-96.13558712459593, 35.48120841575258], [-96.04567523824454, 35.48120841575258], [-96.04567523824454, 35.52616435892827], [-96.00071929506885, 35.52616435892827], [-96.00071929506885, 35.57112030210396], [-95.95576335189315, 35.57112030210396], [-95.95576335189315, 35.61607624527964], [-95.91080740871746, 35.61607624527964], [-95.91080740871746, 35.66103218845533], [-95.82089552236607, 35.66103218845533], [-95.82089552236607, 35.705988131631024], [-95.73098363601468, 35.705988131631024], [-95.73098363601468, 35.75094407480671], [-95.68602769283899, 35.75094407480671], [-95.68602769283899, 35.7959000179824], [-95.5961158064876, 35.7959000179824], [-95.5961158064876, 35.840855961158084], [-95.55115986331191, 35.840855961158084], [-95.55115986331191, 35.88581190433377], [-95.46124797696052, 35.88581190433377], [-95.46124797696052, 35.93076784750946], [-95.41629203378483, 35.93076784750946], [-95.41629203378483, 35.97572379068515], [-95.32638014743344, 35.97572379068515], [-95.32638014743344, 36.02067973386084], [-95.28142420425775, 36.02067973386084], [-95.28142420425775, 36.065635677036525], [-95.23646826108205, 36.065635677036525], [-95.23646826108205, 36.11059162021221], [-95.14655637473066, 36.11059162021221], [-95.14655637473066, 36.1555475633879], [-95.10160043155497, 36.1555475633879], [-95.10160043155497, 36.200503506563585], [-95.01168854520358, 36.200503506563585], [-95.01168854520358, 36.24545944973927], [-94.96673260202789, 36.24545944973927], [-94.96673260202789, 36.290415392914966], [-94.83186477250081, 36.290415392914966], [-94.83186477250081, 36.33537133609065], [-94.74195288614942, 36.33537133609065], [-94.74195288614942, 36.38032727926634], [-94.60708505662234, 36.38032727926634], [-94.60708505662234, 36.425283222442026], [-94.51717317027095, 36.425283222442026], [-94.51717317027095, 36.47023916561771], [-94.38230534074387, 36.47023916561771], [-94.38230534074387, 36.5151951087934], [-94.29239345439248, 36.5151951087934], [-94.29239345439248, 36.56015105196909], [-94.2024815680411, 36.56015105196909], [-94.2024815680411, 36.60510699514478], [-94.06761373851401, 36.60510699514478], [-94.06761373851401, 36.65006293832047], [-93.97770185216262, 36.65006293832047], [-93.97770185216262, 36.69501888149615], [-93.88778996581124, 36.69501888149615], [-93.88778996581124, 36.73997482467184], [-93.79787807945985, 36.73997482467184], [-93.79787807945985, 36.78493076784753], [-93.66301024993277, 36.78493076784753], [-93.66301024993277, 36.82988671102322], [-93.57309836358138, 36.82988671102322], [-93.57309836358138, 36.87484265419891], [-93.48318647722999, 36.87484265419891], [-93.48318647722999, 36.919798597374594], [-93.34831864770291, 36.919798597374594], [-93.34831864770291, 36.96475454055028], [-93.16849487500014, 36.96475454055028], [-93.16849487500014, 37.00971048372597], [-92.94371515912167, 37.00971048372597], [-92.94371515912167, 37.054666426901655], [-92.6739795000675, 37.054666426901655], [-92.6739795000675, 37.09962237007734], [-92.44919978418903, 37.09962237007734], [-92.44919978418903, 37.144578313253035], [-92.22442006831056, 37.144578313253035], [-92.22442006831056, 37.18953425642872], [-91.9996403524321, 37.18953425642872], [-91.9996403524321, 37.23449019960441], [-91.68494875020224, 37.23449019960441], [-91.68494875020224, 37.279446142780095], [-89.84175507999879, 37.279446142780095], [-89.84175507999879, 37.23449019960441], [-89.61697536412032, 37.23449019960441], [-89.57201942094463, 37.23449019960441], [-89.57201942094463, 37.18953425642872], [-89.39219564824185, 37.18953425642872], [-89.34723970506616, 37.18953425642872], [-89.34723970506616, 37.144578313253035], [-89.25732781871477, 37.144578313253035], [-89.21237187553908, 37.144578313253035], [-89.21237187553908, 37.09962237007734], [-89.077504046012, 37.09962237007734], [-89.0325481028363, 37.09962237007734], [-89.0325481028363, 37.054666426901655], [-88.89768027330922, 37.054666426901655], [-88.85272433013353, 37.054666426901655], [-88.85272433013353, 37.00971048372597], [-88.67290055743075, 37.00971048372597], [-88.62794461425506, 37.00971048372597], [-88.62794461425506, 36.96475454055028], [-88.44812084155228, 36.96475454055028], [-88.40316489837659, 36.96475454055028], [-88.40316489837659, 36.919798597374594], [-88.2682970688495, 36.919798597374594], [-88.22334112567381, 36.919798597374594], [-88.22334112567381, 36.87484265419891], [-88.08847329614673, 36.87484265419891], [-88.04351735297104, 36.87484265419891], [-88.04351735297104, 36.82988671102322], [-87.95360546661965, 36.82988671102322], [-87.90864952344396, 36.82988671102322], [-87.90864952344396, 36.78493076784753], [-87.81873763709257, 36.78493076784753], [-87.77378169391687, 36.78493076784753], [-87.77378169391687, 36.73997482467184], [-87.68386980756549, 36.73997482467184], [-87.63891386438979, 36.73997482467184], [-87.63891386438979, 36.69501888149615], [-87.5939579212141, 36.69501888149615], [-87.5490019780384, 36.69501888149615], [-87.5490019780384, 36.65006293832047], [-87.50404603486271, 36.65006293832047], [-87.45909009168702, 36.65006293832047], [-87.45909009168702, 36.60510699514478], [-87.41413414851132, 36.60510699514478], [-87.36917820533563, 36.60510699514478], [-87.36917820533563, 36.56015105196909], [-87.32422226215994, 36.56015105196909], [-87.27926631898424, 36.56015105196909], [-87.27926631898424, 36.5151951087934], [-87.23431037580855, 36.5151951087934], [-87.18935443263285, 36.5151951087934], [-87.18935443263285, 36.47023916561771], [-87.14439848945716, 36.47023916561771], [-87.09944254628147, 36.47023916561771], [-87.09944254628147, 36.425283222442026], [-87.05448660310577, 36.425283222442026], [-87.00953065993008, 36.425283222442026], [-87.00953065993008, 36.38032727926634], [-86.96457471675438, 36.38032727926634], [-86.91961877357869, 36.38032727926634], [-86.91961877357869, 36.33537133609065], [-86.874662830403, 36.33537133609065], [-86.8297068872273, 36.33537133609065], [-86.8297068872273, 36.290415392914966], [-86.73979500087592, 36.290415392914966], [-86.69483905770022, 36.290415392914966], [-86.69483905770022, 36.24545944973927], [-86.60492717134883, 36.24545944973927], [-86.55997122817314, 36.24545944973927], [-86.55997122817314, 36.200503506563585], [-86.51501528499745, 36.200503506563585], [-86.47005934182175, 36.200503506563585], [-86.47005934182175, 36.1555475633879], [-86.42510339864606, 36.1555475633879], [-86.38014745547036, 36.1555475633879], [-86.38014745547036, 36.11059162021221], [-86.29023556911898, 36.11059162021221], [-86.24527962594328, 36.11059162021221], [-86.24527962594328, 36.065635677036525], [-86.20032368276759, 36.065635677036525], [-86.1553677395919, 36.065635677036525], [-86.1553677395919, 36.02067973386084], [-86.1104117964162, 36.02067973386084], [-86.06545585324051, 36.02067973386084], [-86.06545585324051, 35.97572379068515], [-85.93058802371343, 35.97572379068515], [-85.88563208053773, 35.97572379068515], [-85.88563208053773, 35.93076784750946], [-85.48102859195649, 35.93076784750946], [-85.48102859195649, 35.97572379068515], [-85.30120481925371, 35.97572379068515], [-85.30120481925371, 36.02067973386084], [-85.21129293290232, 36.02067973386084], [-85.21129293290232, 36.065635677036525], [-85.07642510337524, 36.065635677036525], [-85.07642510337524, 36.11059162021221], [-84.98651321702386, 36.11059162021221], [-84.98651321702386, 36.1555475633879], [-84.89660133067247, 36.1555475633879], [-84.89660133067247, 36.200503506563585], [-84.80668944432108, 36.200503506563585], [-84.80668944432108, 36.24545944973927], [-84.71677755796969, 36.24545944973927], [-84.71677755796969, 36.290415392914966], [-84.6268656716183, 36.290415392914966], [-84.6268656716183, 36.33537133609065], [-84.53695378526692, 36.33537133609065], [-84.53695378526692, 36.38032727926634], [-84.44704189891553, 36.38032727926634], [-84.44704189891553, 36.425283222442026], [-84.31217406938845, 36.425283222442026], [-84.31217406938845, 36.47023916561771], [-84.22226218303706, 36.47023916561771], [-84.22226218303706, 36.5151951087934], [-84.13235029668567, 36.5151951087934], [-84.13235029668567, 36.56015105196909], [-84.04243841033428, 36.56015105196909], [-84.04243841033428, 36.60510699514478], [-83.99748246715859, 36.60510699514478], [-83.99748246715859, 36.65006293832047], [-83.9075705808072, 36.65006293832047], [-83.9075705808072, 36.69501888149615], [-83.86261463763151, 36.69501888149615], [-83.86261463763151, 36.73997482467184], [-83.81765869445582, 36.73997482467184], [-83.81765869445582, 36.78493076784753], [-83.77270275128012, 36.78493076784753], [-83.77270275128012, 36.82988671102322], [-83.72774680810443, 36.82988671102322], [-83.72774680810443, 36.87484265419891], [-83.68279086492873, 36.87484265419891], [-83.68279086492873, 36.96475454055028], [-83.63783492175304, 36.96475454055028], [-83.63783492175304, 37.00971048372597], [-83.59287897857735, 37.00971048372597], [-83.59287897857735, 37.09962237007734], [-83.54792303540165, 37.09962237007734], [-83.54792303540165, 37.144578313253035], [-83.50296709222596, 37.144578313253035], [-83.50296709222596, 37.18953425642872], [-83.45801114905026, 37.18953425642872], [-83.45801114905026, 37.23449019960441], [-83.41305520587457, 37.23449019960441], [-83.41305520587457, 37.279446142780095], [-83.36809926269888, 37.279446142780095], [-83.36809926269888, 37.32440208595578], [-83.32314331952318, 37.32440208595578], [-83.32314331952318, 37.36935802913147], [-83.27818737634749, 37.36935802913147], [-83.27818737634749, 37.41431397230716], [-83.2332314331718, 37.41431397230716], [-83.2332314331718, 37.45926991548285], [-83.14331954682041, 37.45926991548285], [-83.14331954682041, 37.504225858658536], [-83.09836360364471, 37.504225858658536], [-83.09836360364471, 37.54918180183422], [-83.05340766046902, 37.54918180183422], [-83.05340766046902, 37.59413774500991], [-83.00845171729333, 37.59413774500991], [-83.00845171729333, 37.639093688185596], [-82.91853983094194, 37.639093688185596], [-82.91853983094194, 37.68404963136129], [-82.87358388776624, 37.68404963136129], [-82.87358388776624, 37.72900557453698], [-82.82862794459055, 37.72900557453698], [-82.82862794459055, 37.81891746088835], [-82.78367200141486, 37.81891746088835], [-82.78367200141486, 37.86387340406404], [-82.73871605823916, 37.86387340406404], [-82.73871605823916, 37.908829347239724], [-82.69376011506347, 37.908829347239724], [-82.69376011506347, 37.95378529041541], [-82.64880417188778, 37.95378529041541], [-82.64880417188778, 37.998741233591105], [-82.60384822871208, 37.998741233591105], [-82.60384822871208, 38.04369717676679], [-82.55889228553639, 38.04369717676679], [-82.55889228553639, 38.08865311994248], [-82.5139363423607, 38.08865311994248], [-82.5139363423607, 38.133609063118165], [-82.468980399185, 38.133609063118165], [-82.468980399185, 38.17856500629385], [-82.4240244560093, 38.17856500629385], [-82.4240244560093, 38.22352094946954], [-82.37906851283361, 38.22352094946954], [-82.37906851283361, 38.26847689264523], [-82.28915662648222, 38.26847689264523], [-82.28915662648222, 38.31343283582092], [-82.24420068330653, 38.31343283582092], [-82.24420068330653, 38.358388778996606], [-82.15428879695514, 38.358388778996606], [-82.15428879695514, 38.40334472217229], [-82.01942096742806, 38.40334472217229], [-82.01942096742806, 38.44830066534798], [-81.83959719472529, 38.44830066534798], [-81.83959719472529, 38.493256608523666], [-81.65977342202251, 38.493256608523666], [-81.65977342202251, 38.53821255169935], [-81.61481747884682, 38.53821255169935], [-81.61481747884682, 38.583168494875046], [-81.56986153567112, 38.583168494875046], [-81.56986153567112, 38.62812443805073], [-81.52490559249543, 38.62812443805073], [-81.52490559249543, 38.71803632440211], [-81.47994964931974, 38.71803632440211], [-81.47994964931974, 38.852904153929174], [-81.43499370614404, 38.852904153929174], [-81.43499370614404, 38.94281604028055], [-81.39003776296835, 38.94281604028055], [-81.39003776296835, 39.03272792663192], [-81.34508181979265, 39.03272792663192], [-81.34508181979265, 39.122639812983294], [-81.30012587661696, 39.122639812983294], [-81.30012587661696, 39.16759575615899], [-81.25516993344127, 39.16759575615899], [-81.25516993344127, 39.212551699334675], [-81.21021399026557, 39.212551699334675], [-81.21021399026557, 39.25750764251036], [-81.16525804708988, 39.25750764251036], [-81.16525804708988, 39.30246358568605], [-81.12030210391418, 39.30246358568605], [-81.12030210391418, 39.347419528861735], [-81.0303902175628, 39.347419528861735], [-81.0303902175628, 39.39237547203742], [-80.9854342743871, 39.39237547203742], [-80.9854342743871, 39.437331415213116], [-80.89552238803572, 39.437331415213116], [-80.89552238803572, 39.4822873583888], [-80.80561050168433, 39.4822873583888], [-80.80561050168433, 39.52724330156449], [-80.71569861533294, 39.52724330156449], [-80.71569861533294, 39.572199244740176], [-80.58083078580586, 39.572199244740176], [-80.58083078580586, 39.61715518791586], [-80.44596295627878, 39.61715518791586], [-80.44596295627878, 39.66211113109155], [-80.04135946769753, 39.66211113109155], [-80.04135946769753, 39.61715518791586], [-79.81657975181906, 39.61715518791586], [-79.77162380864337, 39.61715518791586], [-79.77162380864337, 39.572199244740176], [-79.5918000359406, 39.572199244740176], [-79.5468440927649, 39.572199244740176], [-79.5468440927649, 39.52724330156449], [-79.36702032006212, 39.52724330156449], [-79.32206437688643, 39.52724330156449], [-79.32206437688643, 39.4822873583888], [-79.18719654735935, 39.4822873583888], [-79.14224060418366, 39.4822873583888], [-79.14224060418366, 39.437331415213116], [-79.00737277465657, 39.437331415213116], [-78.96241683148088, 39.437331415213116], [-78.96241683148088, 39.39237547203742], [-78.8275490019538, 39.39237547203742], [-78.7825930587781, 39.39237547203742], [-78.7825930587781, 39.347419528861735], [-78.55781334289964, 39.347419528861735], [-78.51285739972394, 39.347419528861735], [-78.51285739972394, 39.30246358568605], [-78.33303362702117, 39.30246358568605], [-78.28807768384547, 39.30246358568605], [-78.28807768384547, 39.25750764251036], [-78.15320985431839, 39.25750764251036], [-78.1082539111427, 39.25750764251036], [-78.1082539111427, 39.212551699334675], [-78.063297967967, 39.212551699334675], [-78.01834202479131, 39.212551699334675], [-78.01834202479131, 39.16759575615899], [-77.92843013843992, 39.16759575615899], [-77.88347419526423, 39.16759575615899], [-77.88347419526423, 39.122639812983294], [-77.83851825208853, 39.122639812983294], [-77.79356230891284, 39.122639812983294], [-77.79356230891284, 39.07768386980761], [-77.70365042256145, 39.07768386980761], [-77.65869447938576, 39.07768386980761], [-77.65869447938576, 39.03272792663192], [-77.25409099080451, 39.03272792663192], [-77.25409099080451, 39.07768386980761], [-77.11922316127743, 39.07768386980761], [-77.11922316127743, 39.122639812983294], [-76.98435533175035, 39.122639812983294], [-76.98435533175035, 39.16759575615899], [-76.84948750222327, 39.16759575615899], [-76.84948750222327, 39.212551699334675], [-76.6696637295205, 39.212551699334675], [-76.6696637295205, 39.25750764251036], [-75.68063297965523, 39.25750764251036], [-75.68063297965523, 39.212551699334675], [-75.54576515012815, 39.212551699334675], [-75.50080920695245, 39.212551699334675], [-75.50080920695245, 39.16759575615899], [-75.45585326377676, 39.16759575615899], [-75.45585326377676, 39.122639812983294], [-75.41089732060107, 39.122639812983294], [-75.36594137742537, 39.122639812983294], [-75.36594137742537, 39.07768386980761], [-75.32098543424968, 39.07768386980761], [-75.32098543424968, 39.03272792663192], [-75.27602949107398, 39.03272792663192], [-75.27602949107398, 38.89786009710486], [-75.23107354789829, 38.89786009710486], [-75.23107354789829, 38.80794821075348], [-75.27602949107398, 38.80794821075348], [-75.27602949107398, 38.62812443805073], [-75.32098543424968, 38.62812443805073], [-75.32098543424968, 38.493256608523666], [-75.36594137742537, 38.493256608523666], [-75.36594137742537, 38.40334472217229], [-75.41089732060107, 38.40334472217229], [-75.41089732060107, 38.31343283582092], [-75.45585326377676, 38.31343283582092], [-75.45585326377676, 38.22352094946954], [-75.50080920695245, 38.22352094946954], [-75.50080920695245, 38.133609063118165], [-75.54576515012815, 38.133609063118165], [-75.54576515012815, 38.04369717676679], [-75.59072109330384, 38.04369717676679], [-75.59072109330384, 37.95378529041541], [-75.63567703647954, 37.95378529041541], [-75.63567703647954, 37.86387340406404], [-75.68063297965523, 37.86387340406404], [-75.68063297965523, 37.81891746088835], [-75.72558892283092, 37.81891746088835], [-75.72558892283092, 37.72900557453698], [-75.77054486600662, 37.72900557453698], [-75.77054486600662, 37.639093688185596], [-75.81550080918231, 37.639093688185596], [-75.81550080918231, 37.59413774500991], [-75.860456752358, 37.59413774500991], [-75.860456752358, 37.54918180183422], [-75.9054126955337, 37.54918180183422], [-75.9054126955337, 37.504225858658536], [-75.95036863870939, 37.504225858658536], [-75.95036863870939, 37.45926991548285], [-75.99532458188509, 37.45926991548285], [-75.99532458188509, 37.41431397230716], [-76.04028052506078, 37.41431397230716], [-76.04028052506078, 37.36935802913147], [-76.13019241141217, 37.36935802913147], [-76.13019241141217, 37.32440208595578], [-76.22010429776356, 37.32440208595578], [-76.22010429776356, 37.279446142780095], [-76.35497212729064, 37.279446142780095], [-76.35497212729064, 37.23449019960441], [-76.48983995681772, 37.23449019960441], [-76.48983995681772, 37.18953425642872], [-76.6247077863448, 37.18953425642872], [-76.6247077863448, 37.144578313253035], [-76.75957561587188, 37.144578313253035], [-76.75957561587188, 37.09962237007734], [-76.89444344539896, 37.09962237007734], [-76.89444344539896, 37.054666426901655], [-77.02931127492604, 37.054666426901655], [-77.02931127492604, 37.00971048372597], [-77.11922316127743, 37.00971048372597], [-77.11922316127743, 36.96475454055028], [-77.25409099080451, 36.96475454055028], [-77.25409099080451, 36.919798597374594], [-77.3440028771559, 36.919798597374594], [-77.3440028771559, 36.87484265419891], [-77.43391476350729, 36.87484265419891], [-77.43391476350729, 36.82988671102322], [-77.52382664985868, 36.82988671102322], [-77.52382664985868, 36.78493076784753], [-77.61373853621006, 36.78493076784753], [-77.61373853621006, 36.73997482467184], [-77.65869447938576, 36.73997482467184], [-77.65869447938576, 36.69501888149615], [-77.74860636573715, 36.69501888149615], [-77.74860636573715, 36.65006293832047], [-77.83851825208853, 36.65006293832047], [-77.83851825208853, 36.60510699514478], [-77.88347419526423, 36.60510699514478], [-77.88347419526423, 36.56015105196909], [-77.92843013843992, 36.56015105196909], [-77.92843013843992, 36.5151951087934], [-77.97338608161562, 36.5151951087934], [-77.97338608161562, 36.47023916561771], [-78.01834202479131, 36.47023916561771], [-78.01834202479131, 36.425283222442026], [-78.063297967967, 36.425283222442026], [-78.063297967967, 36.33537133609065], [-78.1082539111427, 36.33537133609065], [-78.1082539111427, 36.11059162021221], [-78.15320985431839, 36.11059162021221], [-78.15320985431839, 35.97572379068515], [-78.19816579749408, 35.97572379068515], [-78.19816579749408, 35.93076784750946], [-78.24312174066978, 35.93076784750946], [-78.24312174066978, 35.88581190433377], [-78.28807768384547, 35.88581190433377], [-78.28807768384547, 35.840855961158084], [-78.37798957019686, 35.840855961158084], [-78.37798957019686, 35.7959000179824], [-78.42294551337255, 35.7959000179824], [-78.42294551337255, 35.75094407480671], [-78.51285739972394, 35.75094407480671], [-78.51285739972394, 35.705988131631024], [-78.60276928607533, 35.705988131631024], [-78.60276928607533, 35.66103218845533], [-78.73763711560241, 35.66103218845533], [-78.73763711560241, 35.61607624527964], [-78.8275490019538, 35.61607624527964], [-78.8275490019538, 35.57112030210396], [-78.96241683148088, 35.57112030210396], [-78.96241683148088, 35.52616435892827], [-79.18719654735935, 35.52616435892827], [-79.18719654735935, 35.48120841575258], [-79.95144758134614, 35.48120841575258], [-79.95144758134614, 35.436252472576896], [-80.08631541087323, 35.436252472576896], [-80.08631541087323, 35.39129652940121], [-80.22118324040031, 35.39129652940121], [-80.22118324040031, 35.346340586225516], [-80.40100701310308, 35.346340586225516], [-80.40100701310308, 35.30138464304983], [-81.12030210391418, 35.30138464304983], [-81.12030210391418, 35.346340586225516], [-81.79464125154959, 35.346340586225516], [-81.79464125154959, 35.30138464304983], [-82.55889228553639, 35.30138464304983], [-82.55889228553639, 35.25642869987414], [-82.64880417188778, 35.25642869987414], [-82.64880417188778, 35.211472756698456], [-82.73871605823916, 35.211472756698456], [-82.73871605823916, 35.16651681352277], [-82.82862794459055, 35.16651681352277], [-82.82862794459055, 35.12156087034708], [-82.91853983094194, 35.12156087034708], [-82.91853983094194, 35.07660492717139], [-83.05340766046902, 35.07660492717139], [-83.05340766046902, 35.0316489839957], [-83.14331954682041, 35.0316489839957], [-83.14331954682041, 34.986693040820015], [-83.27818737634749, 34.986693040820015], [-83.27818737634749, 34.94173709764433], [-83.41305520587457, 34.94173709764433], [-83.41305520587457, 34.89678115446864], [-83.59287897857735, 34.89678115446864], [-83.59287897857735, 34.851825211292955], [-83.77270275128012, 34.851825211292955], [-83.77270275128012, 34.80686926811727], [-84.04243841033428, 34.80686926811727], [-84.04243841033428, 34.761913324941574], [-84.26721812621275, 34.761913324941574], [-84.26721812621275, 34.71695738176589], [-84.40208595573984, 34.71695738176589], [-84.40208595573984, 34.6720014385902], [-84.49199784209122, 34.6720014385902], [-84.49199784209122, 34.627045495414514], [-84.58190972844261, 34.627045495414514], [-84.58190972844261, 34.58208955223883], [-84.6268656716183, 34.58208955223883], [-84.6268656716183, 34.492177665887446], [-84.671821614794, 34.492177665887446], [-84.671821614794, 34.44722172271176], [-84.71677755796969, 34.44722172271176], [-84.71677755796969, 34.3123538931847], [-84.76173350114539, 34.3123538931847], [-84.76173350114539, 34.08757417730626], [-84.80668944432108, 34.08757417730626], [-84.80668944432108, 33.772882575076444], [-84.76173350114539, 33.772882575076444], [-84.76173350114539, 33.45819097284663], [-84.71677755796969, 33.45819097284663], [-84.71677755796969, 33.1884553137925], [-84.671821614794, 33.1884553137925], [-84.671821614794, 32.918719654738375], [-84.6268656716183, 32.918719654738375], [-84.6268656716183, 32.693939938859934], [-84.58190972844261, 32.693939938859934], [-84.58190972844261, 32.4691602229815], [-84.53695378526692, 32.4691602229815], [-84.53695378526692, 32.24438050710306], [-84.49199784209122, 32.24438050710306], [-84.49199784209122, 31.92968890487324], [-84.44704189891553, 31.92968890487324], [-84.44704189891553, 31.435173529940677], [-84.40208595573984, 31.435173529940677], [-84.40208595573984, 31.16543787088655], [-84.35713001256414, 31.16543787088655], [-84.35713001256414, 30.985614098183795], [-84.31217406938845, 30.985614098183795], [-84.31217406938845, 30.805790325481045], [-84.26721812621275, 30.805790325481045], [-84.26721812621275, 30.71587843912967], [-84.22226218303706, 30.71587843912967], [-84.22226218303706, 30.625966552778294], [-84.17730623986137, 30.625966552778294], [-84.17730623986137, 30.536054666426917], [-84.13235029668567, 30.536054666426917], [-84.13235029668567, 30.446142780075544], [-84.08739435350998, 30.446142780075544], [-84.08739435350998, 30.401186836899853], [-84.04243841033428, 30.401186836899853], [-84.04243841033428, 30.31127495054848], [-83.99748246715859, 30.31127495054848], [-83.99748246715859, 30.26631900737279], [-83.9525265239829, 30.26631900737279], [-83.9525265239829, 30.221363064197103], [-83.9075705808072, 30.221363064197103], [-83.9075705808072, 30.176407121021416], [-83.86261463763151, 30.176407121021416], [-83.86261463763151, 30.131451177845726], [-83.81765869445582, 30.131451177845726], [-83.81765869445582, 30.08649523467004], [-83.77270275128012, 30.08649523467004], [-83.77270275128012, 30.041539291494352], [-83.72774680810443, 30.041539291494352], [-83.72774680810443, 29.996583348318666], [-83.68279086492873, 29.996583348318666], [-83.68279086492873, 29.951627405142975], [-83.63783492175304, 29.951627405142975], [-83.63783492175304, 29.861715518791602], [-83.59287897857735, 29.861715518791602], [-83.59287897857735, 29.81675957561591], [-83.54792303540165, 29.81675957561591], [-83.54792303540165, 29.771803632440225], [-83.50296709222596, 29.771803632440225], [-83.50296709222596, 29.726847689264538], [-83.45801114905026, 29.726847689264538], [-83.45801114905026, 29.63693580291316], [-83.41305520587457, 29.63693580291316], [-83.41305520587457, 29.591979859737474], [-83.36809926269888, 29.591979859737474], [-83.36809926269888, 29.502067973386097], [-83.32314331952318, 29.502067973386097], [-83.32314331952318, 29.45711203021041], [-83.27818737634749, 29.45711203021041], [-83.27818737634749, 29.412156087034724], [-83.2332314331718, 29.412156087034724], [-83.2332314331718, 29.367200143859034], [-83.1882754899961, 29.367200143859034], [-83.1882754899961, 29.27728825750766], [-83.14331954682041, 29.27728825750766], [-83.14331954682041, 29.23233231433197], [-83.09836360364471, 29.23233231433197], [-83.09836360364471, 29.187376371156283], [-83.05340766046902, 29.187376371156283], [-83.05340766046902, 29.097464484804906], [-83.00845171729333, 29.097464484804906], [-83.00845171729333, 29.05250854162922], [-82.96349577411763, 29.05250854162922], [-82.96349577411763, 28.962596655277842], [-82.91853983094194, 28.962596655277842], [-82.91853983094194, 28.917640712102155], [-82.87358388776624, 28.917640712102155], [-82.87358388776624, 28.82772882575078], [-82.82862794459055, 28.82772882575078], [-82.82862794459055, 28.737816939399405], [-82.78367200141486, 28.737816939399405], [-82.78367200141486, 28.60294910987234], [-82.73871605823916, 28.60294910987234], [-82.73871605823916, 28.513037223520964], [-82.69376011506347, 28.513037223520964], [-82.69376011506347, 28.3781693939939], [-82.64880417188778, 28.3781693939939], [-82.64880417188778, 28.243301564466837], [-82.60384822871208, 28.243301564466837], [-82.60384822871208, 28.108433734939773], [-82.55889228553639, 28.108433734939773], [-82.55889228553639, 27.973565905412713], [-82.5139363423607, 27.973565905412713], [-82.5139363423607, 27.83869807588565], [-82.468980399185, 27.83869807588565], [-82.468980399185, 27.658874303182895], [-82.4240244560093, 27.658874303182895], [-82.4240244560093, 27.56896241683152], [-82.37906851283361, 27.56896241683152], [-82.37906851283361, 27.434094587304457], [-82.33411256965792, 27.434094587304457], [-82.33411256965792, 27.299226757777394], [-82.28915662648222, 27.299226757777394], [-82.28915662648222, 27.209314871426017], [-82.24420068330653, 27.209314871426017], [-82.24420068330653, 27.074447041898953], [-82.19924474013084, 27.074447041898953], [-82.19924474013084, 26.98453515554758], [-82.15428879695514, 26.98453515554758], [-82.15428879695514, 26.849667326020516], [-82.10933285377945, 26.849667326020516], [-82.10933285377945, 26.714799496493452], [-82.06437691060376, 26.714799496493452], [-82.06437691060376, 26.5349757237907], [-82.01942096742806, 26.5349757237907], [-82.01942096742806, 26.355151951087947], [-81.97446502425237, 26.355151951087947], [-81.97446502425237, 25.545944973925568], [-82.01942096742806, 25.545944973925568], [-82.01942096742806, 25.321165258047127], [-82.06437691060376, 25.321165258047127], [-82.06437691060376, 25.09638554216869], [-82.10933285377945, 25.09638554216869], [-82.10933285377945, 24.87160582629025], [-82.15428879695514, 24.87160582629025], [-82.15428879695514, 24.6917820535875], [-82.19924474013084, 24.6917820535875], [-82.19924474013084, 24.511958280884745], [-82.24420068330653, 24.511958280884745], [-82.24420068330653, 24.332134508181994], [-82.28915662648222, 24.332134508181994], [-82.28915662648222, 24.19726667865493], [-82.33411256965792, 24.19726667865493], [-82.33411256965792, 24.107354792303557], [-82.37906851283361, 24.107354792303557], [-82.37906851283361, 23.972486962776493], [-82.4240244560093, 23.972486962776493], [-82.4240244560093, 23.882575076425116], [-82.468980399185, 23.882575076425116], [-82.468980399185, 23.79266319007374], [-82.5139363423607, 23.79266319007374], [-82.5139363423607, 23.747707246898052], [-82.55889228553639, 23.747707246898052], [-82.55889228553639, 23.65779536054668], [-82.60384822871208, 23.65779536054668], [-82.60384822871208, 23.61283941737099], [-82.64880417188778, 23.61283941737099], [-82.64880417188778, 23.522927531019615], [-82.69376011506347, 23.522927531019615], [-82.69376011506347, 23.477971587843925], [-82.73871605823916, 23.477971587843925], [-82.73871605823916, 23.38805970149255], [-82.78367200141486, 23.38805970149255], [-82.78367200141486, 23.34310375831686], [-82.82862794459055, 23.34310375831686], [-82.82862794459055, 23.298147815141174], [-82.87358388776624, 23.298147815141174], [-82.87358388776624, 23.208235928789797], [-82.91853983094194, 23.208235928789797], [-82.91853983094194, 23.16327998561411], [-82.96349577411763, 23.16327998561411], [-82.96349577411763, 23.118324042438424], [-83.00845171729333, 23.118324042438424], [-83.00845171729333, 23.028412156087047], [-83.05340766046902, 23.028412156087047], [-83.05340766046902, 22.98345621291136], [-83.14331954682041, 22.98345621291136], [-83.14331954682041, 22.93850026973567], [-83.1882754899961, 22.93850026973567], [-83.1882754899961, 22.893544326559983], [-83.27818737634749, 22.893544326559983], [-83.27818737634749, 22.848588383384296], [-83.36809926269888, 22.848588383384296], [-83.36809926269888, 22.80363244020861], [-83.45801114905026, 22.80363244020861], [-83.45801114905026, 22.75867649703292], [-83.54792303540165, 22.75867649703292], [-83.54792303540165, 22.713720553857232], [-83.63783492175304, 22.713720553857232], [-83.63783492175304, 22.668764610681546], [-83.68279086492873, 22.668764610681546], [-83.68279086492873, 22.623808667505855], [-83.77270275128012, 22.623808667505855], [-83.77270275128012, 22.57885272433017], [-83.81765869445582, 22.57885272433017], [-83.81765869445582, 22.533896781154482], [-83.86261463763151, 22.533896781154482], [-83.86261463763151, 22.48894083797879], [-83.9075705808072, 22.48894083797879], [-83.9075705808072, 22.399028951627418], [-83.9525265239829, 22.399028951627418], [-83.9525265239829, 22.354073008451728], [-83.99748246715859, 22.354073008451728], [-83.99748246715859, 22.264161122100354], [-84.04243841033428, 22.264161122100354], [-84.04243841033428, 22.219205178924668], [-84.08739435350998, 22.219205178924668], [-84.08739435350998, 22.174249235748977], [-84.13235029668567, 22.174249235748977], [-84.13235029668567, 22.12929329257329], [-84.17730623986137, 22.12929329257329], [-84.17730623986137, 22.084337349397604], [-84.22226218303706, 22.084337349397604], [-84.22226218303706, 22.039381406221914], [-84.26721812621275, 22.039381406221914], [-84.26721812621275, 21.994425463046227], [-84.35713001256414, 21.994425463046227], [-84.35713001256414, 21.94946951987054], [-84.40208595573984, 21.94946951987054], [-84.40208595573984, 21.90451357669485], [-84.49199784209122, 21.90451357669485], [-84.49199784209122, 21.859557633519163], [-84.58190972844261, 21.859557633519163], [-84.58190972844261, 21.814601690343476], [-84.671821614794, 21.814601690343476], [-84.671821614794, 21.769645747167786], [-84.71677755796969, 21.769645747167786], [-84.71677755796969, 21.7246898039921], [-84.80668944432108, 21.7246898039921], [-84.80668944432108, 21.679733860816413], [-84.89660133067247, 21.679733860816413], [-84.89660133067247, 21.634777917640722], [-84.98651321702386, 21.634777917640722], [-84.98651321702386, 21.589821974465035], [-85.07642510337524, 21.589821974465035], [-85.07642510337524, 21.54486603128935], [-85.21129293290232, 21.54486603128935], [-85.21129293290232, 21.49991008811366], [-85.3461607624294, 21.49991008811366], [-85.3461607624294, 21.45495414493797], [-85.48102859195649, 21.45495414493797], [-85.48102859195649, 21.409998201762285], [-85.61589642148357, 21.409998201762285], [-85.61589642148357, 21.365042258586598], [-85.70580830783496, 21.365042258586598], [-85.70580830783496, 21.320086315410908], [-85.84067613736204, 21.320086315410908], [-85.84067613736204, 21.27513037223522], [-85.97554396688912, 21.27513037223522], [-85.97554396688912, 21.230174429059534], [-86.1104117964162, 21.230174429059534], [-86.1104117964162, 21.185218485883844], [-86.55997122817314, 21.185218485883844]], [[-94.60708505662234, 26.08541629203382], [-94.56212911344664, 26.08541629203382], [-94.56212911344664, 26.040460348858133], [-94.51717317027095, 26.040460348858133], [-94.51717317027095, 25.995504405682446], [-94.47221722709526, 25.995504405682446], [-94.47221722709526, 25.950548462506756], [-94.42726128391956, 25.950548462506756], [-94.42726128391956, 25.90559251933107], [-94.38230534074387, 25.90559251933107], [-94.38230534074387, 25.860636576155382], [-94.33734939756818, 25.860636576155382], [-94.33734939756818, 25.815680632979692], [-94.29239345439248, 25.815680632979692], [-94.29239345439248, 25.770724689804005], [-94.24743751121679, 25.770724689804005], [-94.24743751121679, 25.72576874662832], [-94.2024815680411, 25.72576874662832], [-94.2024815680411, 25.680812803452632], [-94.1575256248654, 25.680812803452632], [-94.1575256248654, 25.63585686027694], [-94.1125696816897, 25.63585686027694], [-94.1125696816897, 25.590900917101255], [-94.06761373851401, 25.590900917101255], [-94.06761373851401, 25.545944973925568], [-94.02265779533832, 25.545944973925568], [-94.02265779533832, 25.500989030749878], [-93.97770185216262, 25.500989030749878], [-93.93274590898693, 25.500989030749878], [-93.93274590898693, 25.45603308757419], [-93.88778996581124, 25.45603308757419], [-93.88778996581124, 25.411077144398504], [-93.84283402263554, 25.411077144398504], [-93.84283402263554, 25.366121201222814], [-93.79787807945985, 25.366121201222814], [-93.79787807945985, 25.321165258047127], [-93.75292213628416, 25.321165258047127], [-93.75292213628416, 25.27620931487144], [-93.70796619310846, 25.27620931487144], [-93.70796619310846, 25.23125337169575], [-93.66301024993277, 25.23125337169575], [-93.61805430675707, 25.23125337169575], [-93.61805430675707, 25.186297428520064], [-93.57309836358138, 25.186297428520064], [-93.57309836358138, 25.141341485344377], [-93.52814242040569, 25.141341485344377], [-93.52814242040569, 25.09638554216869], [-93.48318647722999, 25.09638554216869], [-93.48318647722999, 25.051429598993], [-93.4382305340543, 25.051429598993], [-93.3932745908786, 25.051429598993], [-93.3932745908786, 25.006473655817313], [-93.34831864770291, 25.006473655817313], [-93.34831864770291, 24.961517712641626], [-93.30336270452722, 24.961517712641626], [-93.25840676135152, 24.961517712641626], [-93.25840676135152, 24.916561769465936], [-93.21345081817583, 24.916561769465936], [-93.21345081817583, 24.87160582629025], [-93.16849487500014, 24.87160582629025], [-93.12353893182444, 24.87160582629025], [-93.12353893182444, 24.826649883114563], [-93.07858298864875, 24.826649883114563], [-93.07858298864875, 24.781693939938872], [-93.03362704547305, 24.781693939938872], [-92.98867110229736, 24.781693939938872], [-92.98867110229736, 24.736737996763186], [-92.94371515912167, 24.736737996763186], [-92.94371515912167, 24.6917820535875], [-92.89875921594597, 24.6917820535875], [-92.85380327277028, 24.6917820535875], [-92.85380327277028, 24.64682611041181], [-92.80884732959458, 24.64682611041181], [-92.76389138641889, 24.64682611041181], [-92.76389138641889, 24.60187016723612], [-92.7189354432432, 24.60187016723612], [-92.6739795000675, 24.60187016723612], [-92.6739795000675, 24.556914224060435], [-92.62902355689181, 24.556914224060435], [-92.62902355689181, 24.511958280884745], [-92.58406761371612, 24.511958280884745], [-92.53911167054042, 24.511958280884745], [-92.53911167054042, 24.467002337709058], [-92.49415572736473, 24.467002337709058], [-92.44919978418903, 24.467002337709058], [-92.44919978418903, 24.42204639453337], [-92.40424384101334, 24.42204639453337], [-92.35928789783765, 24.42204639453337], [-92.35928789783765, 24.37709045135768], [-92.31433195466195, 24.37709045135768], [-92.26937601148626, 24.37709045135768], [-92.26937601148626, 24.332134508181994], [-92.22442006831056, 24.332134508181994], [-92.17946412513487, 24.332134508181994], [-92.17946412513487, 24.287178565006307], [-92.08955223878348, 24.287178565006307], [-92.04459629560779, 24.287178565006307], [-92.04459629560779, 24.24222262183062], [-91.9546844092564, 24.24222262183062], [-91.90972846608071, 24.24222262183062], [-91.90972846608071, 24.19726667865493], [-91.77486063655363, 24.19726667865493], [-91.72990469337793, 24.19726667865493], [-91.72990469337793, 24.152310735479244], [-91.55008092067516, 24.152310735479244], [-91.50512497749946, 24.152310735479244], [-91.50512497749946, 24.107354792303557], [-91.32530120479669, 24.107354792303557], [-91.280345261621, 24.107354792303557], [-91.280345261621, 24.062398849127867], [-91.05556554574252, 24.062398849127867], [-91.01060960256683, 24.062398849127867], [-91.01060960256683, 24.01744290595218], [-90.78582988668836, 24.01744290595218], [-90.74087394351267, 24.01744290595218], [-90.74087394351267, 23.972486962776493], [-90.56105017080989, 23.972486962776493], [-90.5160942276342, 23.972486962776493], [-90.5160942276342, 23.927531019600803], [-90.33627045493142, 23.927531019600803], [-90.29131451175573, 23.927531019600803], [-90.29131451175573, 23.882575076425116], [-90.11149073905295, 23.882575076425116], [-90.06653479587726, 23.882575076425116], [-90.06653479587726, 23.83761913324943], [-89.84175507999879, 23.83761913324943], [-89.7967991368231, 23.83761913324943], [-89.7967991368231, 23.79266319007374], [-89.48210753459324, 23.79266319007374], [-89.43715159141755, 23.79266319007374], [-89.43715159141755, 23.747707246898052], [-89.12245998918769, 23.747707246898052], [-89.077504046012, 23.747707246898052], [-89.077504046012, 23.702751303722366], [-88.76281244378214, 23.702751303722366], [-88.71785650060644, 23.702751303722366], [-88.71785650060644, 23.65779536054668], [-88.53803272790367, 23.65779536054668], [-88.49307678472798, 23.65779536054668], [-88.49307678472798, 23.61283941737099], [-88.3132530120252, 23.61283941737099], [-88.2682970688495, 23.61283941737099], [-88.2682970688495, 23.567883474195302], [-88.17838518249812, 23.567883474195302], [-88.13342923932242, 23.567883474195302], [-88.13342923932242, 23.522927531019615], [-87.99856140979534, 23.522927531019615], [-87.95360546661965, 23.522927531019615], [-87.95360546661965, 23.477971587843925], [-87.86369358026826, 23.477971587843925], [-87.81873763709257, 23.477971587843925], [-87.81873763709257, 23.433015644668238], [-87.77378169391687, 23.433015644668238], [-87.72882575074118, 23.433015644668238], [-87.72882575074118, 23.38805970149255], [-87.63891386438979, 23.38805970149255], [-87.5939579212141, 23.38805970149255], [-87.5939579212141, 23.34310375831686], [-87.5490019780384, 23.34310375831686], [-87.50404603486271, 23.34310375831686], [-87.50404603486271, 23.298147815141174], [-87.41413414851132, 23.298147815141174], [-87.36917820533563, 23.298147815141174], [-87.36917820533563, 23.253191871965488], [-87.32422226215994, 23.253191871965488], [-87.27926631898424, 23.253191871965488], [-87.27926631898424, 23.208235928789797], [-87.18935443263285, 23.208235928789797], [-87.14439848945716, 23.208235928789797], [-87.14439848945716, 23.16327998561411], [-87.09944254628147, 23.16327998561411], [-87.05448660310577, 23.16327998561411], [-87.05448660310577, 23.118324042438424], [-86.96457471675438, 23.118324042438424], [-86.91961877357869, 23.118324042438424], [-86.91961877357869, 23.073368099262733], [-86.8297068872273, 23.073368099262733], [-86.78475094405161, 23.073368099262733], [-86.78475094405161, 23.028412156087047], [-86.73979500087592, 23.028412156087047], [-86.69483905770022, 23.028412156087047], [-86.69483905770022, 22.98345621291136], [-86.60492717134883, 22.98345621291136], [-86.55997122817314, 22.98345621291136], [-86.55997122817314, 22.93850026973567], [-86.47005934182175, 22.93850026973567], [-86.42510339864606, 22.93850026973567], [-86.42510339864606, 22.893544326559983], [-86.38014745547036, 22.893544326559983], [-86.33519151229467, 22.893544326559983], [-86.33519151229467, 22.848588383384296], [-86.24527962594328, 22.848588383384296], [-86.20032368276759, 22.848588383384296], [-86.20032368276759, 22.80363244020861], [-86.1104117964162, 22.80363244020861], [-86.06545585324051, 22.80363244020861], [-86.06545585324051, 22.75867649703292], [-85.93058802371343, 22.75867649703292], [-85.88563208053773, 22.75867649703292], [-85.88563208053773, 22.713720553857232], [-85.12138104655094, 22.713720553857232], [-85.12138104655094, 22.75867649703292], [-84.94155727384816, 22.75867649703292], [-84.94155727384816, 22.80363244020861], [-84.85164538749677, 22.80363244020861], [-84.85164538749677, 22.848588383384296], [-84.71677755796969, 22.848588383384296], [-84.71677755796969, 22.893544326559983], [-84.6268656716183, 22.893544326559983], [-84.6268656716183, 22.93850026973567], [-84.53695378526692, 22.93850026973567], [-84.53695378526692, 22.98345621291136], [-84.44704189891553, 22.98345621291136], [-84.44704189891553, 23.028412156087047], [-84.40208595573984, 23.028412156087047], [-84.40208595573984, 23.073368099262733], [-84.31217406938845, 23.073368099262733], [-84.31217406938845, 23.118324042438424], [-84.22226218303706, 23.118324042438424], [-84.22226218303706, 23.16327998561411], [-84.17730623986137, 23.16327998561411], [-84.17730623986137, 23.208235928789797], [-84.13235029668567, 23.208235928789797], [-84.13235029668567, 23.253191871965488], [-84.04243841033428, 23.253191871965488], [-84.04243841033428, 23.298147815141174], [-83.99748246715859, 23.298147815141174], [-83.99748246715859, 23.34310375831686], [-83.9525265239829, 23.34310375831686], [-83.9525265239829, 23.38805970149255], [-83.9075705808072, 23.38805970149255], [-83.9075705808072, 23.433015644668238], [-83.86261463763151, 23.433015644668238], [-83.86261463763151, 23.477971587843925], [-83.81765869445582, 23.477971587843925], [-83.81765869445582, 23.567883474195302], [-83.77270275128012, 23.567883474195302], [-83.77270275128012, 23.61283941737099], [-83.72774680810443, 23.61283941737099], [-83.72774680810443, 23.702751303722366], [-83.68279086492873, 23.702751303722366], [-83.68279086492873, 23.79266319007374], [-83.63783492175304, 23.79266319007374], [-83.63783492175304, 23.927531019600803], [-83.59287897857735, 23.927531019600803], [-83.59287897857735, 24.062398849127867], [-83.54792303540165, 24.062398849127867], [-83.54792303540165, 24.19726667865493], [-83.50296709222596, 24.19726667865493], [-83.50296709222596, 24.42204639453337], [-83.45801114905026, 24.42204639453337], [-83.45801114905026, 25.27620931487144], [-83.50296709222596, 25.27620931487144], [-83.50296709222596, 25.545944973925568], [-83.54792303540165, 25.545944973925568], [-83.54792303540165, 25.72576874662832], [-83.59287897857735, 25.72576874662832], [-83.59287897857735, 25.860636576155382], [-83.63783492175304, 25.860636576155382], [-83.63783492175304, 25.995504405682446], [-83.68279086492873, 25.995504405682446], [-83.68279086492873, 26.13037223520951], [-83.72774680810443, 26.13037223520951], [-83.72774680810443, 26.220284121560884], [-83.77270275128012, 26.220284121560884], [-83.77270275128012, 26.265240064736574], [-83.81765869445582, 26.265240064736574], [-83.81765869445582, 26.355151951087947], [-83.86261463763151, 26.355151951087947], [-83.86261463763151, 26.445063837439324], [-83.9075705808072, 26.445063837439324], [-83.9075705808072, 26.5349757237907], [-83.9525265239829, 26.5349757237907], [-83.9525265239829, 26.579931666966388], [-83.99748246715859, 26.579931666966388], [-83.99748246715859, 26.66984355331776], [-84.04243841033428, 26.66984355331776], [-84.04243841033428, 26.75975543966914], [-84.08739435350998, 26.75975543966914], [-84.08739435350998, 26.849667326020516], [-84.13235029668567, 26.849667326020516], [-84.13235029668567, 26.98453515554758], [-84.17730623986137, 26.98453515554758], [-84.17730623986137, 27.16435892825033], [-84.22226218303706, 27.16435892825033], [-84.22226218303706, 28.468081280345277], [-84.26721812621275, 28.468081280345277], [-84.26721812621275, 28.737816939399405], [-84.31217406938845, 28.737816939399405], [-84.31217406938845, 28.917640712102155], [-84.35713001256414, 28.917640712102155], [-84.35713001256414, 29.05250854162922], [-84.40208595573984, 29.05250854162922], [-84.40208595573984, 29.187376371156283], [-84.44704189891553, 29.187376371156283], [-84.44704189891553, 29.322244200683347], [-84.49199784209122, 29.322244200683347], [-84.49199784209122, 29.412156087034724], [-84.53695378526692, 29.412156087034724], [-84.53695378526692, 29.502067973386097], [-84.58190972844261, 29.502067973386097], [-84.58190972844261, 29.591979859737474], [-84.6268656716183, 29.591979859737474], [-84.6268656716183, 29.63693580291316], [-84.671821614794, 29.63693580291316], [-84.671821614794, 29.726847689264538], [-84.71677755796969, 29.726847689264538], [-84.71677755796969, 29.771803632440225], [-84.76173350114539, 29.771803632440225], [-84.76173350114539, 29.861715518791602], [-84.80668944432108, 29.861715518791602], [-84.80668944432108, 29.90667146196729], [-84.85164538749677, 29.90667146196729], [-84.85164538749677, 29.996583348318666], [-84.89660133067247, 29.996583348318666], [-84.89660133067247, 30.041539291494352], [-84.94155727384816, 30.041539291494352], [-84.94155727384816, 30.131451177845726], [-84.98651321702386, 30.131451177845726], [-84.98651321702386, 30.221363064197103], [-85.03146916019955, 30.221363064197103], [-85.03146916019955, 30.31127495054848], [-85.07642510337524, 30.31127495054848], [-85.07642510337524, 30.446142780075544], [-85.12138104655094, 30.446142780075544], [-85.12138104655094, 30.536054666426917], [-85.16633698972663, 30.536054666426917], [-85.16633698972663, 30.67092249595398], [-85.21129293290232, 30.67092249595398], [-85.21129293290232, 30.760834382305358], [-85.25624887607802, 30.760834382305358], [-85.25624887607802, 30.850746268656735], [-85.30120481925371, 30.850746268656735], [-85.30120481925371, 30.985614098183795], [-85.3461607624294, 30.985614098183795], [-85.3461607624294, 31.075525984535172], [-85.3911167056051, 31.075525984535172], [-85.3911167056051, 31.210393814062236], [-85.4360726487808, 31.210393814062236], [-85.4360726487808, 31.3452616435893], [-85.48102859195649, 31.3452616435893], [-85.48102859195649, 31.480129473116364], [-85.52598453513218, 31.480129473116364], [-85.52598453513218, 31.659953245819114], [-85.57094047830788, 31.659953245819114], [-85.57094047830788, 31.794821075346178], [-85.61589642148357, 31.794821075346178], [-85.61589642148357, 31.92968890487324], [-85.66085236465926, 31.92968890487324], [-85.66085236465926, 32.064556734400306], [-85.70580830783496, 32.064556734400306], [-85.70580830783496, 32.199424563927366], [-85.75076425101065, 32.199424563927366], [-85.75076425101065, 32.289336450278746], [-85.79572019418634, 32.289336450278746], [-85.79572019418634, 32.42420427980581], [-85.84067613736204, 32.42420427980581], [-85.84067613736204, 32.559072109332874], [-85.88563208053773, 32.559072109332874], [-85.88563208053773, 32.64898399568425], [-85.93058802371343, 32.64898399568425], [-85.93058802371343, 32.783851825211315], [-85.97554396688912, 32.783851825211315], [-85.97554396688912, 32.87376371156269], [-86.02049991006481, 32.87376371156269], [-86.02049991006481, 32.96367559791406], [-86.06545585324051, 32.96367559791406], [-86.06545585324051, 33.053587484265435], [-86.1104117964162, 33.053587484265435], [-86.1104117964162, 33.143499370616816], [-86.1553677395919, 33.143499370616816], [-86.1553677395919, 33.23341125696819], [-86.20032368276759, 33.23341125696819], [-86.20032368276759, 33.32332314331956], [-86.24527962594328, 33.32332314331956], [-86.24527962594328, 33.41323502967094], [-86.29023556911898, 33.41323502967094], [-86.29023556911898, 33.50314691602232], [-86.33519151229467, 33.50314691602232], [-86.33519151229467, 33.59305880237369], [-86.38014745547036, 33.59305880237369], [-86.38014745547036, 33.63801474554938], [-86.42510339864606, 33.63801474554938], [-86.42510339864606, 33.72792663190076], [-86.47005934182175, 33.72792663190076], [-86.47005934182175, 33.81783851825213], [-86.51501528499745, 33.81783851825213], [-86.51501528499745, 33.907750404603505], [-86.55997122817314, 33.907750404603505], [-86.55997122817314, 33.9527063477792], [-86.60492717134883, 33.9527063477792], [-86.60492717134883, 34.04261823413057], [-86.64988311452453, 34.04261823413057], [-86.64988311452453, 34.08757417730626], [-86.69483905770022, 34.08757417730626], [-86.69483905770022, 34.17748606365763], [-86.73979500087592, 34.17748606365763], [-86.73979500087592, 34.22244200683332], [-86.78475094405161, 34.22244200683332], [-86.78475094405161, 34.3123538931847], [-86.8297068872273, 34.3123538931847], [-86.8297068872273, 34.357309836360386], [-86.874662830403, 34.357309836360386], [-86.874662830403, 34.40226577953607], [-86.91961877357869, 34.40226577953607], [-86.91961877357869, 34.492177665887446], [-86.96457471675438, 34.492177665887446], [-86.96457471675438, 34.53713360906314], [-87.00953065993008, 34.53713360906314], [-87.00953065993008, 34.627045495414514], [-87.05448660310577, 34.627045495414514], [-87.05448660310577, 34.6720014385902], [-87.09944254628147, 34.6720014385902], [-87.09944254628147, 34.71695738176589], [-87.14439848945716, 34.71695738176589], [-87.14439848945716, 34.80686926811727], [-87.18935443263285, 34.80686926811727], [-87.18935443263285, 34.851825211292955], [-87.23431037580855, 34.851825211292955], [-87.23431037580855, 34.89678115446864], [-87.27926631898424, 34.89678115446864], [-87.27926631898424, 34.94173709764433], [-87.32422226215994, 34.94173709764433], [-87.32422226215994, 34.986693040820015], [-87.36917820533563, 34.986693040820015], [-87.41413414851132, 34.986693040820015], [-87.41413414851132, 35.0316489839957], [-87.45909009168702, 35.0316489839957], [-87.45909009168702, 35.07660492717139], [-87.50404603486271, 35.07660492717139], [-87.50404603486271, 35.12156087034708], [-87.5490019780384, 35.12156087034708], [-87.5939579212141, 35.12156087034708], [-87.5939579212141, 35.16651681352277], [-87.63891386438979, 35.16651681352277], [-87.63891386438979, 35.211472756698456], [-87.68386980756549, 35.211472756698456], [-87.68386980756549, 35.25642869987414], [-87.72882575074118, 35.25642869987414], [-87.77378169391687, 35.25642869987414], [-87.77378169391687, 35.30138464304983], [-87.81873763709257, 35.30138464304983], [-87.86369358026826, 35.30138464304983], [-87.86369358026826, 35.346340586225516], [-87.90864952344396, 35.346340586225516], [-87.90864952344396, 35.39129652940121], [-87.95360546661965, 35.39129652940121], [-87.99856140979534, 35.39129652940121], [-87.99856140979534, 35.436252472576896], [-88.04351735297104, 35.436252472576896], [-88.13342923932242, 35.436252472576896], [-88.13342923932242, 35.48120841575258], [-88.17838518249812, 35.48120841575258], [-88.22334112567381, 35.48120841575258], [-88.22334112567381, 35.52616435892827], [-88.2682970688495, 35.52616435892827], [-88.3582089552009, 35.52616435892827], [-88.3582089552009, 35.57112030210396], [-88.40316489837659, 35.57112030210396], [-88.53803272790367, 35.57112030210396], [-88.53803272790367, 35.61607624527964], [-88.58298867107936, 35.61607624527964], [-88.67290055743075, 35.61607624527964], [-88.67290055743075, 35.66103218845533], [-88.71785650060644, 35.66103218845533], [-88.85272433013353, 35.66103218845533], [-88.85272433013353, 35.705988131631024], [-88.89768027330922, 35.705988131631024], [-89.077504046012, 35.705988131631024], [-89.077504046012, 35.75094407480671], [-89.12245998918769, 35.75094407480671], [-89.39219564824185, 35.75094407480671], [-89.39219564824185, 35.7959000179824], [-89.43715159141755, 35.7959000179824], [-90.33627045493142, 35.7959000179824], [-90.33627045493142, 35.840855961158084], [-91.32530120479669, 35.840855961158084], [-91.32530120479669, 35.7959000179824], [-91.63999280702654, 35.7959000179824], [-91.63999280702654, 35.75094407480671], [-91.9546844092564, 35.75094407480671], [-91.9546844092564, 35.705988131631024], [-92.22442006831056, 35.705988131631024], [-92.22442006831056, 35.66103218845533], [-92.49415572736473, 35.66103218845533], [-92.49415572736473, 35.61607624527964], [-92.6739795000675, 35.61607624527964], [-92.6739795000675, 35.57112030210396], [-92.85380327277028, 35.57112030210396], [-92.85380327277028, 35.52616435892827], [-93.03362704547305, 35.52616435892827], [-93.03362704547305, 35.48120841575258], [-93.16849487500014, 35.48120841575258], [-93.16849487500014, 35.436252472576896], [-93.25840676135152, 35.436252472576896], [-93.25840676135152, 35.39129652940121], [-93.3932745908786, 35.39129652940121], [-93.3932745908786, 35.346340586225516], [-93.48318647722999, 35.346340586225516], [-93.48318647722999, 35.30138464304983], [-93.61805430675707, 35.30138464304983], [-93.61805430675707, 35.25642869987414], [-93.70796619310846, 35.25642869987414], [-93.70796619310846, 35.211472756698456], [-93.79787807945985, 35.211472756698456], [-93.79787807945985, 35.16651681352277], [-93.88778996581124, 35.16651681352277], [-93.88778996581124, 35.12156087034708], [-93.97770185216262, 35.12156087034708], [-93.97770185216262, 35.07660492717139], [-94.06761373851401, 35.07660492717139], [-94.06761373851401, 35.0316489839957], [-94.1575256248654, 35.0316489839957], [-94.1575256248654, 34.986693040820015], [-94.24743751121679, 34.986693040820015], [-94.24743751121679, 34.94173709764433], [-94.33734939756818, 34.94173709764433], [-94.33734939756818, 34.89678115446864], [-94.38230534074387, 34.89678115446864], [-94.38230534074387, 34.851825211292955], [-94.47221722709526, 34.851825211292955], [-94.47221722709526, 34.80686926811727], [-94.56212911344664, 34.80686926811727], [-94.56212911344664, 34.761913324941574], [-94.60708505662234, 34.761913324941574], [-94.60708505662234, 34.71695738176589], [-94.69699694297373, 34.71695738176589], [-94.69699694297373, 34.6720014385902], [-94.74195288614942, 34.6720014385902], [-94.74195288614942, 34.627045495414514], [-94.83186477250081, 34.627045495414514], [-94.83186477250081, 34.58208955223883], [-94.8768207156765, 34.58208955223883], [-94.8768207156765, 34.53713360906314], [-94.96673260202789, 34.53713360906314], [-94.96673260202789, 34.492177665887446], [-95.01168854520358, 34.492177665887446], [-95.01168854520358, 34.44722172271176], [-95.05664448837928, 34.44722172271176], [-95.05664448837928, 34.40226577953607], [-95.10160043155497, 34.40226577953607], [-95.10160043155497, 34.357309836360386], [-95.14655637473066, 34.357309836360386], [-95.14655637473066, 34.3123538931847], [-95.19151231790636, 34.3123538931847], [-95.19151231790636, 34.26739795000901], [-95.23646826108205, 34.26739795000901], [-95.23646826108205, 34.22244200683332], [-95.28142420425775, 34.22244200683332], [-95.28142420425775, 34.17748606365763], [-95.32638014743344, 34.17748606365763], [-95.32638014743344, 34.132530120481945], [-95.37133609060913, 34.132530120481945], [-95.37133609060913, 34.08757417730626], [-95.41629203378483, 34.08757417730626], [-95.41629203378483, 34.04261823413057], [-95.46124797696052, 34.04261823413057], [-95.46124797696052, 33.997662290954885], [-95.50620392013622, 33.997662290954885], [-95.50620392013622, 33.9527063477792], [-95.55115986331191, 33.9527063477792], [-95.55115986331191, 33.86279446142782], [-95.5961158064876, 33.86279446142782], [-95.5961158064876, 33.81783851825213], [-95.6410717496633, 33.81783851825213], [-95.6410717496633, 33.772882575076444], [-95.68602769283899, 33.772882575076444], [-95.68602769283899, 33.72792663190076], [-95.73098363601468, 33.72792663190076], [-95.73098363601468, 33.63801474554938], [-95.77593957919038, 33.63801474554938], [-95.77593957919038, 33.59305880237369], [-95.82089552236607, 33.59305880237369], [-95.82089552236607, 33.50314691602232], [-95.86585146554177, 33.50314691602232], [-95.86585146554177, 33.45819097284663], [-95.91080740871746, 33.45819097284663], [-95.91080740871746, 33.36827908649525], [-95.95576335189315, 33.36827908649525], [-95.95576335189315, 33.278367200143876], [-96.00071929506885, 33.278367200143876], [-96.00071929506885, 33.1884553137925], [-96.04567523824454, 33.1884553137925], [-96.04567523824454, 33.09854342744113], [-96.09063118142024, 33.09854342744113], [-96.09063118142024, 33.00863154108975], [-96.13558712459593, 33.00863154108975], [-96.13558712459593, 32.918719654738375], [-96.18054306777162, 32.918719654738375], [-96.18054306777162, 32.828807768386994], [-96.22549901094732, 32.828807768386994], [-96.22549901094732, 32.73889588203562], [-96.27045495412301, 32.73889588203562], [-96.27045495412301, 32.64898399568425], [-96.3154108972987, 32.64898399568425], [-96.3154108972987, 32.51411616615718], [-96.3603668404744, 32.51411616615718], [-96.3603668404744, 32.37924833663012], [-96.40532278365009, 32.37924833663012], [-96.40532278365009, 32.289336450278746], [-96.45027872682579, 32.289336450278746], [-96.45027872682579, 32.154468620751686], [-96.49523467000148, 32.154468620751686], [-96.49523467000148, 31.97464484804893], [-96.54019061317717, 31.97464484804893], [-96.54019061317717, 31.839777018521865], [-96.58514655635287, 31.839777018521865], [-96.58514655635287, 31.614997302643427], [-96.63010249952856, 31.614997302643427], [-96.63010249952856, 31.16543787088655], [-96.67505844270426, 31.16543787088655], [-96.67505844270426, 30.08649523467004], [-96.63010249952856, 30.08649523467004], [-96.63010249952856, 29.771803632440225], [-96.58514655635287, 29.771803632440225], [-96.58514655635287, 29.547023916561784], [-96.54019061317717, 29.547023916561784], [-96.54019061317717, 29.367200143859034], [-96.49523467000148, 29.367200143859034], [-96.49523467000148, 29.187376371156283], [-96.45027872682579, 29.187376371156283], [-96.45027872682579, 29.05250854162922], [-96.40532278365009, 29.05250854162922], [-96.40532278365009, 28.917640712102155], [-96.3603668404744, 28.917640712102155], [-96.3603668404744, 28.82772882575078], [-96.3154108972987, 28.82772882575078], [-96.3154108972987, 28.692860996223715], [-96.27045495412301, 28.692860996223715], [-96.27045495412301, 28.60294910987234], [-96.22549901094732, 28.60294910987234], [-96.22549901094732, 28.468081280345277], [-96.18054306777162, 28.468081280345277], [-96.18054306777162, 28.333213450818214], [-96.13558712459593, 28.333213450818214], [-96.13558712459593, 28.243301564466837], [-96.09063118142024, 28.243301564466837], [-96.09063118142024, 28.108433734939773], [-96.04567523824454, 28.108433734939773], [-96.04567523824454, 28.0185218485884], [-96.00071929506885, 28.0185218485884], [-96.00071929506885, 27.928609962237022], [-95.95576335189315, 27.928609962237022], [-95.95576335189315, 27.83869807588565], [-95.91080740871746, 27.83869807588565], [-95.91080740871746, 27.748786189534272], [-95.86585146554177, 27.748786189534272], [-95.86585146554177, 27.703830246358585], [-95.82089552236607, 27.703830246358585], [-95.82089552236607, 27.613918360007208], [-95.77593957919038, 27.613918360007208], [-95.77593957919038, 27.52400647365583], [-95.73098363601468, 27.52400647365583], [-95.73098363601468, 27.434094587304457], [-95.68602769283899, 27.434094587304457], [-95.68602769283899, 27.389138644128767], [-95.6410717496633, 27.389138644128767], [-95.6410717496633, 27.299226757777394], [-95.5961158064876, 27.299226757777394], [-95.5961158064876, 27.209314871426017], [-95.55115986331191, 27.209314871426017], [-95.55115986331191, 27.16435892825033], [-95.50620392013622, 27.16435892825033], [-95.50620392013622, 27.119402985074643], [-95.46124797696052, 27.119402985074643], [-95.46124797696052, 27.029491098723266], [-95.41629203378483, 27.029491098723266], [-95.41629203378483, 26.98453515554758], [-95.37133609060913, 26.98453515554758], [-95.37133609060913, 26.93957921237189], [-95.32638014743344, 26.93957921237189], [-95.32638014743344, 26.894623269196202], [-95.28142420425775, 26.894623269196202], [-95.28142420425775, 26.804711382844825], [-95.23646826108205, 26.804711382844825], [-95.23646826108205, 26.75975543966914], [-95.19151231790636, 26.75975543966914], [-95.19151231790636, 26.714799496493452], [-95.14655637473066, 26.714799496493452], [-95.14655637473066, 26.66984355331776], [-95.10160043155497, 26.66984355331776], [-95.10160043155497, 26.624887610142075], [-95.05664448837928, 26.624887610142075], [-95.05664448837928, 26.5349757237907], [-95.01168854520358, 26.5349757237907], [-95.01168854520358, 26.49001978061501], [-94.96673260202789, 26.49001978061501], [-94.96673260202789, 26.445063837439324], [-94.9217766588522, 26.445063837439324], [-94.9217766588522, 26.400107894263638], [-94.8768207156765, 26.400107894263638], [-94.8768207156765, 26.355151951087947], [-94.83186477250081, 26.355151951087947], [-94.83186477250081, 26.31019600791226], [-94.78690882932511, 26.31019600791226], [-94.78690882932511, 26.265240064736574], [-94.74195288614942, 26.265240064736574], [-94.74195288614942, 26.220284121560884], [-94.69699694297373, 26.220284121560884], [-94.69699694297373, 26.175328178385197], [-94.65204099979803, 26.175328178385197], [-94.65204099979803, 26.13037223520951], [-94.60708505662234, 26.13037223520951], [-94.60708505662234, 26.08541629203382]]]]}}, {"type": "Feature", "properties": {"shapefile": "2021082812_wsp34knt120hr_5km", "PERCENTAGE": "5-10%"}, "geometry": {"type": "MultiPolygon", "coordinates": [[[[-85.88563208053773, 22.713720553857232], [-85.88563208053773, 22.75867649703292], [-85.93058802371343, 22.75867649703292], [-86.06545585324051, 22.75867649703292], [-86.06545585324051, 22.80363244020861], [-86.1104117964162, 22.80363244020861], [-86.20032368276759, 22.80363244020861], [-86.20032368276759, 22.848588383384296], [-86.24527962594328, 22.848588383384296], [-86.33519151229467, 22.848588383384296], [-86.33519151229467, 22.893544326559983], [-86.38014745547036, 22.893544326559983], [-86.42510339864606, 22.893544326559983], [-86.42510339864606, 22.93850026973567], [-86.47005934182175, 22.93850026973567], [-86.55997122817314, 22.93850026973567], [-86.55997122817314, 22.98345621291136], [-86.60492717134883, 22.98345621291136], [-86.69483905770022, 22.98345621291136], [-86.69483905770022, 23.028412156087047], [-86.73979500087592, 23.028412156087047], [-86.78475094405161, 23.028412156087047], [-86.78475094405161, 23.073368099262733], [-86.8297068872273, 23.073368099262733], [-86.91961877357869, 23.073368099262733], [-86.91961877357869, 23.118324042438424], [-86.96457471675438, 23.118324042438424], [-87.05448660310577, 23.118324042438424], [-87.05448660310577, 23.16327998561411], [-87.09944254628147, 23.16327998561411], [-87.14439848945716, 23.16327998561411], [-87.14439848945716, 23.208235928789797], [-87.18935443263285, 23.208235928789797], [-87.27926631898424, 23.208235928789797], [-87.27926631898424, 23.253191871965488], [-87.32422226215994, 23.253191871965488], [-87.36917820533563, 23.253191871965488], [-87.36917820533563, 23.298147815141174], [-87.41413414851132, 23.298147815141174], [-87.50404603486271, 23.298147815141174], [-87.50404603486271, 23.34310375831686], [-87.5490019780384, 23.34310375831686], [-87.5939579212141, 23.34310375831686], [-87.5939579212141, 23.38805970149255], [-87.63891386438979, 23.38805970149255], [-87.72882575074118, 23.38805970149255], [-87.72882575074118, 23.433015644668238], [-87.77378169391687, 23.433015644668238], [-87.81873763709257, 23.433015644668238], [-87.81873763709257, 23.477971587843925], [-87.86369358026826, 23.477971587843925], [-87.95360546661965, 23.477971587843925], [-87.95360546661965, 23.522927531019615], [-87.99856140979534, 23.522927531019615], [-88.13342923932242, 23.522927531019615], [-88.13342923932242, 23.567883474195302], [-88.17838518249812, 23.567883474195302], [-88.2682970688495, 23.567883474195302], [-88.2682970688495, 23.61283941737099], [-88.3132530120252, 23.61283941737099], [-88.49307678472798, 23.61283941737099], [-88.49307678472798, 23.65779536054668], [-88.53803272790367, 23.65779536054668], [-88.71785650060644, 23.65779536054668], [-88.71785650060644, 23.702751303722366], [-88.76281244378214, 23.702751303722366], [-89.077504046012, 23.702751303722366], [-89.077504046012, 23.747707246898052], [-89.12245998918769, 23.747707246898052], [-89.43715159141755, 23.747707246898052], [-89.43715159141755, 23.79266319007374], [-89.48210753459324, 23.79266319007374], [-89.7967991368231, 23.79266319007374], [-89.7967991368231, 23.83761913324943], [-89.84175507999879, 23.83761913324943], [-90.06653479587726, 23.83761913324943], [-90.06653479587726, 23.882575076425116], [-90.11149073905295, 23.882575076425116], [-90.29131451175573, 23.882575076425116], [-90.29131451175573, 23.927531019600803], [-90.33627045493142, 23.927531019600803], [-90.5160942276342, 23.927531019600803], [-90.5160942276342, 23.972486962776493], [-90.56105017080989, 23.972486962776493], [-90.74087394351267, 23.972486962776493], [-90.74087394351267, 24.01744290595218], [-90.78582988668836, 24.01744290595218], [-91.01060960256683, 24.01744290595218], [-91.01060960256683, 24.062398849127867], [-91.05556554574252, 24.062398849127867], [-91.280345261621, 24.062398849127867], [-91.280345261621, 24.107354792303557], [-91.32530120479669, 24.107354792303557], [-91.50512497749946, 24.107354792303557], [-91.50512497749946, 24.152310735479244], [-91.55008092067516, 24.152310735479244], [-91.72990469337793, 24.152310735479244], [-91.72990469337793, 24.19726667865493], [-91.77486063655363, 24.19726667865493], [-91.90972846608071, 24.19726667865493], [-91.90972846608071, 24.24222262183062], [-91.9546844092564, 24.24222262183062], [-92.04459629560779, 24.24222262183062], [-92.04459629560779, 24.287178565006307], [-92.08955223878348, 24.287178565006307], [-92.17946412513487, 24.287178565006307], [-92.17946412513487, 24.332134508181994], [-92.22442006831056, 24.332134508181994], [-92.26937601148626, 24.332134508181994], [-92.26937601148626, 24.37709045135768], [-92.31433195466195, 24.37709045135768], [-92.35928789783765, 24.37709045135768], [-92.35928789783765, 24.42204639453337], [-92.40424384101334, 24.42204639453337], [-92.44919978418903, 24.42204639453337], [-92.44919978418903, 24.467002337709058], [-92.49415572736473, 24.467002337709058], [-92.53911167054042, 24.467002337709058], [-92.53911167054042, 24.511958280884745], [-92.58406761371612, 24.511958280884745], [-92.62902355689181, 24.511958280884745], [-92.62902355689181, 24.556914224060435], [-92.6739795000675, 24.556914224060435], [-92.6739795000675, 24.60187016723612], [-92.7189354432432, 24.60187016723612], [-92.76389138641889, 24.60187016723612], [-92.76389138641889, 24.64682611041181], [-92.80884732959458, 24.64682611041181], [-92.85380327277028, 24.64682611041181], [-92.85380327277028, 24.6917820535875], [-92.89875921594597, 24.6917820535875], [-92.94371515912167, 24.6917820535875], [-92.94371515912167, 24.736737996763186], [-92.98867110229736, 24.736737996763186], [-92.98867110229736, 24.781693939938872], [-93.03362704547305, 24.781693939938872], [-93.07858298864875, 24.781693939938872], [-93.07858298864875, 24.826649883114563], [-93.12353893182444, 24.826649883114563], [-93.12353893182444, 24.87160582629025], [-93.16849487500014, 24.87160582629025], [-93.21345081817583, 24.87160582629025], [-93.21345081817583, 24.916561769465936], [-93.25840676135152, 24.916561769465936], [-93.25840676135152, 24.961517712641626], [-93.30336270452722, 24.961517712641626], [-93.34831864770291, 24.961517712641626], [-93.34831864770291, 25.006473655817313], [-93.3932745908786, 25.006473655817313], [-93.3932745908786, 25.051429598993], [-93.4382305340543, 25.051429598993], [-93.48318647722999, 25.051429598993], [-93.48318647722999, 25.09638554216869], [-93.52814242040569, 25.09638554216869], [-93.52814242040569, 25.141341485344377], [-93.57309836358138, 25.141341485344377], [-93.57309836358138, 25.186297428520064], [-93.61805430675707, 25.186297428520064], [-93.61805430675707, 25.23125337169575], [-93.66301024993277, 25.23125337169575], [-93.70796619310846, 25.23125337169575], [-93.70796619310846, 25.27620931487144], [-93.75292213628416, 25.27620931487144], [-93.75292213628416, 25.321165258047127], [-93.79787807945985, 25.321165258047127], [-93.79787807945985, 25.366121201222814], [-93.84283402263554, 25.366121201222814], [-93.84283402263554, 25.411077144398504], [-93.88778996581124, 25.411077144398504], [-93.88778996581124, 25.45603308757419], [-93.93274590898693, 25.45603308757419], [-93.93274590898693, 25.500989030749878], [-93.97770185216262, 25.500989030749878], [-94.02265779533832, 25.500989030749878], [-94.02265779533832, 25.545944973925568], [-94.06761373851401, 25.545944973925568], [-94.06761373851401, 25.590900917101255], [-94.1125696816897, 25.590900917101255], [-94.1125696816897, 25.63585686027694], [-94.1575256248654, 25.63585686027694], [-94.1575256248654, 25.680812803452632], [-94.2024815680411, 25.680812803452632], [-94.2024815680411, 25.72576874662832], [-94.24743751121679, 25.72576874662832], [-94.24743751121679, 25.770724689804005], [-94.29239345439248, 25.770724689804005], [-94.29239345439248, 25.815680632979692], [-94.33734939756818, 25.815680632979692], [-94.33734939756818, 25.860636576155382], [-94.38230534074387, 25.860636576155382], [-94.38230534074387, 25.90559251933107], [-94.42726128391956, 25.90559251933107], [-94.42726128391956, 25.950548462506756], [-94.47221722709526, 25.950548462506756], [-94.47221722709526, 25.995504405682446], [-94.51717317027095, 25.995504405682446], [-94.51717317027095, 26.040460348858133], [-94.56212911344664, 26.040460348858133], [-94.56212911344664, 26.08541629203382], [-94.60708505662234, 26.08541629203382], [-94.60708505662234, 26.13037223520951], [-94.65204099979803, 26.13037223520951], [-94.65204099979803, 26.175328178385197], [-94.69699694297373, 26.175328178385197], [-94.69699694297373, 26.220284121560884], [-94.74195288614942, 26.220284121560884], [-94.74195288614942, 26.265240064736574], [-94.78690882932511, 26.265240064736574], [-94.78690882932511, 26.31019600791226], [-94.83186477250081, 26.31019600791226], [-94.83186477250081, 26.355151951087947], [-94.8768207156765, 26.355151951087947], [-94.8768207156765, 26.400107894263638], [-94.9217766588522, 26.400107894263638], [-94.9217766588522, 26.445063837439324], [-94.96673260202789, 26.445063837439324], [-94.96673260202789, 26.49001978061501], [-95.01168854520358, 26.49001978061501], [-95.01168854520358, 26.5349757237907], [-95.05664448837928, 26.5349757237907], [-95.05664448837928, 26.624887610142075], [-95.10160043155497, 26.624887610142075], [-95.10160043155497, 26.66984355331776], [-95.14655637473066, 26.66984355331776], [-95.14655637473066, 26.714799496493452], [-95.19151231790636, 26.714799496493452], [-95.19151231790636, 26.75975543966914], [-95.23646826108205, 26.75975543966914], [-95.23646826108205, 26.804711382844825], [-95.28142420425775, 26.804711382844825], [-95.28142420425775, 26.894623269196202], [-95.32638014743344, 26.894623269196202], [-95.32638014743344, 26.93957921237189], [-95.37133609060913, 26.93957921237189], [-95.37133609060913, 26.98453515554758], [-95.41629203378483, 26.98453515554758], [-95.41629203378483, 27.029491098723266], [-95.46124797696052, 27.029491098723266], [-95.46124797696052, 27.119402985074643], [-95.50620392013622, 27.119402985074643], [-95.50620392013622, 27.16435892825033], [-95.55115986331191, 27.16435892825033], [-95.55115986331191, 27.209314871426017], [-95.5961158064876, 27.209314871426017], [-95.5961158064876, 27.299226757777394], [-95.6410717496633, 27.299226757777394], [-95.6410717496633, 27.389138644128767], [-95.68602769283899, 27.389138644128767], [-95.68602769283899, 27.434094587304457], [-95.73098363601468, 27.434094587304457], [-95.73098363601468, 27.52400647365583], [-95.77593957919038, 27.52400647365583], [-95.77593957919038, 27.613918360007208], [-95.82089552236607, 27.613918360007208], [-95.82089552236607, 27.703830246358585], [-95.86585146554177, 27.703830246358585], [-95.86585146554177, 27.748786189534272], [-95.91080740871746, 27.748786189534272], [-95.91080740871746, 27.83869807588565], [-95.95576335189315, 27.83869807588565], [-95.95576335189315, 27.928609962237022], [-96.00071929506885, 27.928609962237022], [-96.00071929506885, 28.0185218485884], [-96.04567523824454, 28.0185218485884], [-96.04567523824454, 28.108433734939773], [-96.09063118142024, 28.108433734939773], [-96.09063118142024, 28.243301564466837], [-96.13558712459593, 28.243301564466837], [-96.13558712459593, 28.333213450818214], [-96.18054306777162, 28.333213450818214], [-96.18054306777162, 28.468081280345277], [-96.22549901094732, 28.468081280345277], [-96.22549901094732, 28.60294910987234], [-96.27045495412301, 28.60294910987234], [-96.27045495412301, 28.692860996223715], [-96.3154108972987, 28.692860996223715], [-96.3154108972987, 28.82772882575078], [-96.3603668404744, 28.82772882575078], [-96.3603668404744, 28.917640712102155], [-96.40532278365009, 28.917640712102155], [-96.40532278365009, 29.05250854162922], [-96.45027872682579, 29.05250854162922], [-96.45027872682579, 29.187376371156283], [-96.49523467000148, 29.187376371156283], [-96.49523467000148, 29.367200143859034], [-96.54019061317717, 29.367200143859034], [-96.54019061317717, 29.547023916561784], [-96.58514655635287, 29.547023916561784], [-96.58514655635287, 29.771803632440225], [-96.63010249952856, 29.771803632440225], [-96.63010249952856, 30.08649523467004], [-96.67505844270426, 30.08649523467004], [-96.67505844270426, 31.16543787088655], [-96.63010249952856, 31.16543787088655], [-96.63010249952856, 31.614997302643427], [-96.58514655635287, 31.614997302643427], [-96.58514655635287, 31.839777018521865], [-96.54019061317717, 31.839777018521865], [-96.54019061317717, 31.97464484804893], [-96.49523467000148, 31.97464484804893], [-96.49523467000148, 32.154468620751686], [-96.45027872682579, 32.154468620751686], [-96.45027872682579, 32.289336450278746], [-96.40532278365009, 32.289336450278746], [-96.40532278365009, 32.37924833663012], [-96.3603668404744, 32.37924833663012], [-96.3603668404744, 32.51411616615718], [-96.3154108972987, 32.51411616615718], [-96.3154108972987, 32.64898399568425], [-96.27045495412301, 32.64898399568425], [-96.27045495412301, 32.73889588203562], [-96.22549901094732, 32.73889588203562], [-96.22549901094732, 32.828807768386994], [-96.18054306777162, 32.828807768386994], [-96.18054306777162, 32.918719654738375], [-96.13558712459593, 32.918719654738375], [-96.13558712459593, 33.00863154108975], [-96.09063118142024, 33.00863154108975], [-96.09063118142024, 33.09854342744113], [-96.04567523824454, 33.09854342744113], [-96.04567523824454, 33.1884553137925], [-96.00071929506885, 33.1884553137925], [-96.00071929506885, 33.278367200143876], [-95.95576335189315, 33.278367200143876], [-95.95576335189315, 33.36827908649525], [-95.91080740871746, 33.36827908649525], [-95.91080740871746, 33.45819097284663], [-95.86585146554177, 33.45819097284663], [-95.86585146554177, 33.50314691602232], [-95.82089552236607, 33.50314691602232], [-95.82089552236607, 33.59305880237369], [-95.77593957919038, 33.59305880237369], [-95.77593957919038, 33.63801474554938], [-95.73098363601468, 33.63801474554938], [-95.73098363601468, 33.72792663190076], [-95.68602769283899, 33.72792663190076], [-95.68602769283899, 33.772882575076444], [-95.6410717496633, 33.772882575076444], [-95.6410717496633, 33.81783851825213], [-95.5961158064876, 33.81783851825213], [-95.5961158064876, 33.86279446142782], [-95.55115986331191, 33.86279446142782], [-95.55115986331191, 33.9527063477792], [-95.50620392013622, 33.9527063477792], [-95.50620392013622, 33.997662290954885], [-95.46124797696052, 33.997662290954885], [-95.46124797696052, 34.04261823413057], [-95.41629203378483, 34.04261823413057], [-95.41629203378483, 34.08757417730626], [-95.37133609060913, 34.08757417730626], [-95.37133609060913, 34.132530120481945], [-95.32638014743344, 34.132530120481945], [-95.32638014743344, 34.17748606365763], [-95.28142420425775, 34.17748606365763], [-95.28142420425775, 34.22244200683332], [-95.23646826108205, 34.22244200683332], [-95.23646826108205, 34.26739795000901], [-95.19151231790636, 34.26739795000901], [-95.19151231790636, 34.3123538931847], [-95.14655637473066, 34.3123538931847], [-95.14655637473066, 34.357309836360386], [-95.10160043155497, 34.357309836360386], [-95.10160043155497, 34.40226577953607], [-95.05664448837928, 34.40226577953607], [-95.05664448837928, 34.44722172271176], [-95.01168854520358, 34.44722172271176], [-95.01168854520358, 34.492177665887446], [-94.96673260202789, 34.492177665887446], [-94.96673260202789, 34.53713360906314], [-94.8768207156765, 34.53713360906314], [-94.8768207156765, 34.58208955223883], [-94.83186477250081, 34.58208955223883], [-94.83186477250081, 34.627045495414514], [-94.74195288614942, 34.627045495414514], [-94.74195288614942, 34.6720014385902], [-94.69699694297373, 34.6720014385902], [-94.69699694297373, 34.71695738176589], [-94.60708505662234, 34.71695738176589], [-94.60708505662234, 34.761913324941574], [-94.56212911344664, 34.761913324941574], [-94.56212911344664, 34.80686926811727], [-94.47221722709526, 34.80686926811727], [-94.47221722709526, 34.851825211292955], [-94.38230534074387, 34.851825211292955], [-94.38230534074387, 34.89678115446864], [-94.33734939756818, 34.89678115446864], [-94.33734939756818, 34.94173709764433], [-94.24743751121679, 34.94173709764433], [-94.24743751121679, 34.986693040820015], [-94.1575256248654, 34.986693040820015], [-94.1575256248654, 35.0316489839957], [-94.06761373851401, 35.0316489839957], [-94.06761373851401, 35.07660492717139], [-93.97770185216262, 35.07660492717139], [-93.97770185216262, 35.12156087034708], [-93.88778996581124, 35.12156087034708], [-93.88778996581124, 35.16651681352277], [-93.79787807945985, 35.16651681352277], [-93.79787807945985, 35.211472756698456], [-93.70796619310846, 35.211472756698456], [-93.70796619310846, 35.25642869987414], [-93.61805430675707, 35.25642869987414], [-93.61805430675707, 35.30138464304983], [-93.48318647722999, 35.30138464304983], [-93.48318647722999, 35.346340586225516], [-93.3932745908786, 35.346340586225516], [-93.3932745908786, 35.39129652940121], [-93.25840676135152, 35.39129652940121], [-93.25840676135152, 35.436252472576896], [-93.16849487500014, 35.436252472576896], [-93.16849487500014, 35.48120841575258], [-93.03362704547305, 35.48120841575258], [-93.03362704547305, 35.52616435892827], [-92.85380327277028, 35.52616435892827], [-92.85380327277028, 35.57112030210396], [-92.6739795000675, 35.57112030210396], [-92.6739795000675, 35.61607624527964], [-92.49415572736473, 35.61607624527964], [-92.49415572736473, 35.66103218845533], [-92.22442006831056, 35.66103218845533], [-92.22442006831056, 35.705988131631024], [-91.9546844092564, 35.705988131631024], [-91.9546844092564, 35.75094407480671], [-91.63999280702654, 35.75094407480671], [-91.63999280702654, 35.7959000179824], [-91.32530120479669, 35.7959000179824], [-91.32530120479669, 35.840855961158084], [-90.33627045493142, 35.840855961158084], [-90.33627045493142, 35.7959000179824], [-89.43715159141755, 35.7959000179824], [-89.39219564824185, 35.7959000179824], [-89.39219564824185, 35.75094407480671], [-89.12245998918769, 35.75094407480671], [-89.077504046012, 35.75094407480671], [-89.077504046012, 35.705988131631024], [-88.89768027330922, 35.705988131631024], [-88.85272433013353, 35.705988131631024], [-88.85272433013353, 35.66103218845533], [-88.71785650060644, 35.66103218845533], [-88.67290055743075, 35.66103218845533], [-88.67290055743075, 35.61607624527964], [-88.58298867107936, 35.61607624527964], [-88.53803272790367, 35.61607624527964], [-88.53803272790367, 35.57112030210396], [-88.40316489837659, 35.57112030210396], [-88.3582089552009, 35.57112030210396], [-88.3582089552009, 35.52616435892827], [-88.2682970688495, 35.52616435892827], [-88.22334112567381, 35.52616435892827], [-88.22334112567381, 35.48120841575258], [-88.17838518249812, 35.48120841575258], [-88.13342923932242, 35.48120841575258], [-88.13342923932242, 35.436252472576896], [-88.04351735297104, 35.436252472576896], [-87.99856140979534, 35.436252472576896], [-87.99856140979534, 35.39129652940121], [-87.95360546661965, 35.39129652940121], [-87.90864952344396, 35.39129652940121], [-87.90864952344396, 35.346340586225516], [-87.86369358026826, 35.346340586225516], [-87.86369358026826, 35.30138464304983], [-87.81873763709257, 35.30138464304983], [-87.77378169391687, 35.30138464304983], [-87.77378169391687, 35.25642869987414], [-87.72882575074118, 35.25642869987414], [-87.68386980756549, 35.25642869987414], [-87.68386980756549, 35.211472756698456], [-87.63891386438979, 35.211472756698456], [-87.63891386438979, 35.16651681352277], [-87.5939579212141, 35.16651681352277], [-87.5939579212141, 35.12156087034708], [-87.5490019780384, 35.12156087034708], [-87.50404603486271, 35.12156087034708], [-87.50404603486271, 35.07660492717139], [-87.45909009168702, 35.07660492717139], [-87.45909009168702, 35.0316489839957], [-87.41413414851132, 35.0316489839957], [-87.41413414851132, 34.986693040820015], [-87.36917820533563, 34.986693040820015], [-87.32422226215994, 34.986693040820015], [-87.32422226215994, 34.94173709764433], [-87.27926631898424, 34.94173709764433], [-87.27926631898424, 34.89678115446864], [-87.23431037580855, 34.89678115446864], [-87.23431037580855, 34.851825211292955], [-87.18935443263285, 34.851825211292955], [-87.18935443263285, 34.80686926811727], [-87.14439848945716, 34.80686926811727], [-87.14439848945716, 34.71695738176589], [-87.09944254628147, 34.71695738176589], [-87.09944254628147, 34.6720014385902], [-87.05448660310577, 34.6720014385902], [-87.05448660310577, 34.627045495414514], [-87.00953065993008, 34.627045495414514], [-87.00953065993008, 34.53713360906314], [-86.96457471675438, 34.53713360906314], [-86.96457471675438, 34.492177665887446], [-86.91961877357869, 34.492177665887446], [-86.91961877357869, 34.40226577953607], [-86.874662830403, 34.40226577953607], [-86.874662830403, 34.357309836360386], [-86.8297068872273, 34.357309836360386], [-86.8297068872273, 34.3123538931847], [-86.78475094405161, 34.3123538931847], [-86.78475094405161, 34.22244200683332], [-86.73979500087592, 34.22244200683332], [-86.73979500087592, 34.17748606365763], [-86.69483905770022, 34.17748606365763], [-86.69483905770022, 34.08757417730626], [-86.64988311452453, 34.08757417730626], [-86.64988311452453, 34.04261823413057], [-86.60492717134883, 34.04261823413057], [-86.60492717134883, 33.9527063477792], [-86.55997122817314, 33.9527063477792], [-86.55997122817314, 33.907750404603505], [-86.51501528499745, 33.907750404603505], [-86.51501528499745, 33.81783851825213], [-86.47005934182175, 33.81783851825213], [-86.47005934182175, 33.72792663190076], [-86.42510339864606, 33.72792663190076], [-86.42510339864606, 33.63801474554938], [-86.38014745547036, 33.63801474554938], [-86.38014745547036, 33.59305880237369], [-86.33519151229467, 33.59305880237369], [-86.33519151229467, 33.50314691602232], [-86.29023556911898, 33.50314691602232], [-86.29023556911898, 33.41323502967094], [-86.24527962594328, 33.41323502967094], [-86.24527962594328, 33.32332314331956], [-86.20032368276759, 33.32332314331956], [-86.20032368276759, 33.23341125696819], [-86.1553677395919, 33.23341125696819], [-86.1553677395919, 33.143499370616816], [-86.1104117964162, 33.143499370616816], [-86.1104117964162, 33.053587484265435], [-86.06545585324051, 33.053587484265435], [-86.06545585324051, 32.96367559791406], [-86.02049991006481, 32.96367559791406], [-86.02049991006481, 32.87376371156269], [-85.97554396688912, 32.87376371156269], [-85.97554396688912, 32.783851825211315], [-85.93058802371343, 32.783851825211315], [-85.93058802371343, 32.64898399568425], [-85.88563208053773, 32.64898399568425], [-85.88563208053773, 32.559072109332874], [-85.84067613736204, 32.559072109332874], [-85.84067613736204, 32.42420427980581], [-85.79572019418634, 32.42420427980581], [-85.79572019418634, 32.289336450278746], [-85.75076425101065, 32.289336450278746], [-85.75076425101065, 32.199424563927366], [-85.70580830783496, 32.199424563927366], [-85.70580830783496, 32.064556734400306], [-85.66085236465926, 32.064556734400306], [-85.66085236465926, 31.92968890487324], [-85.61589642148357, 31.92968890487324], [-85.61589642148357, 31.794821075346178], [-85.57094047830788, 31.794821075346178], [-85.57094047830788, 31.659953245819114], [-85.52598453513218, 31.659953245819114], [-85.52598453513218, 31.480129473116364], [-85.48102859195649, 31.480129473116364], [-85.48102859195649, 31.3452616435893], [-85.4360726487808, 31.3452616435893], [-85.4360726487808, 31.210393814062236], [-85.3911167056051, 31.210393814062236], [-85.3911167056051, 31.075525984535172], [-85.3461607624294, 31.075525984535172], [-85.3461607624294, 30.985614098183795], [-85.30120481925371, 30.985614098183795], [-85.30120481925371, 30.850746268656735], [-85.25624887607802, 30.850746268656735], [-85.25624887607802, 30.760834382305358], [-85.21129293290232, 30.760834382305358], [-85.21129293290232, 30.67092249595398], [-85.16633698972663, 30.67092249595398], [-85.16633698972663, 30.536054666426917], [-85.12138104655094, 30.536054666426917], [-85.12138104655094, 30.446142780075544], [-85.07642510337524, 30.446142780075544], [-85.07642510337524, 30.31127495054848], [-85.03146916019955, 30.31127495054848], [-85.03146916019955, 30.221363064197103], [-84.98651321702386, 30.221363064197103], [-84.98651321702386, 30.131451177845726], [-84.94155727384816, 30.131451177845726], [-84.94155727384816, 30.041539291494352], [-84.89660133067247, 30.041539291494352], [-84.89660133067247, 29.996583348318666], [-84.85164538749677, 29.996583348318666], [-84.85164538749677, 29.90667146196729], [-84.80668944432108, 29.90667146196729], [-84.80668944432108, 29.861715518791602], [-84.76173350114539, 29.861715518791602], [-84.76173350114539, 29.771803632440225], [-84.71677755796969, 29.771803632440225], [-84.71677755796969, 29.726847689264538], [-84.671821614794, 29.726847689264538], [-84.671821614794, 29.63693580291316], [-84.6268656716183, 29.63693580291316], [-84.6268656716183, 29.591979859737474], [-84.58190972844261, 29.591979859737474], [-84.58190972844261, 29.502067973386097], [-84.53695378526692, 29.502067973386097], [-84.53695378526692, 29.412156087034724], [-84.49199784209122, 29.412156087034724], [-84.49199784209122, 29.322244200683347], [-84.44704189891553, 29.322244200683347], [-84.44704189891553, 29.187376371156283], [-84.40208595573984, 29.187376371156283], [-84.40208595573984, 29.05250854162922], [-84.35713001256414, 29.05250854162922], [-84.35713001256414, 28.917640712102155], [-84.31217406938845, 28.917640712102155], [-84.31217406938845, 28.737816939399405], [-84.26721812621275, 28.737816939399405], [-84.26721812621275, 28.468081280345277], [-84.22226218303706, 28.468081280345277], [-84.22226218303706, 27.16435892825033], [-84.17730623986137, 27.16435892825033], [-84.17730623986137, 26.98453515554758], [-84.13235029668567, 26.98453515554758], [-84.13235029668567, 26.849667326020516], [-84.08739435350998, 26.849667326020516], [-84.08739435350998, 26.75975543966914], [-84.04243841033428, 26.75975543966914], [-84.04243841033428, 26.66984355331776], [-83.99748246715859, 26.66984355331776], [-83.99748246715859, 26.579931666966388], [-83.9525265239829, 26.579931666966388], [-83.9525265239829, 26.5349757237907], [-83.9075705808072, 26.5349757237907], [-83.9075705808072, 26.445063837439324], [-83.86261463763151, 26.445063837439324], [-83.86261463763151, 26.355151951087947], [-83.81765869445582, 26.355151951087947], [-83.81765869445582, 26.265240064736574], [-83.77270275128012, 26.265240064736574], [-83.77270275128012, 26.220284121560884], [-83.72774680810443, 26.220284121560884], [-83.72774680810443, 26.13037223520951], [-83.68279086492873, 26.13037223520951], [-83.68279086492873, 25.995504405682446], [-83.63783492175304, 25.995504405682446], [-83.63783492175304, 25.860636576155382], [-83.59287897857735, 25.860636576155382], [-83.59287897857735, 25.72576874662832], [-83.54792303540165, 25.72576874662832], [-83.54792303540165, 25.545944973925568], [-83.50296709222596, 25.545944973925568], [-83.50296709222596, 25.27620931487144], [-83.45801114905026, 25.27620931487144], [-83.45801114905026, 24.42204639453337], [-83.50296709222596, 24.42204639453337], [-83.50296709222596, 24.19726667865493], [-83.54792303540165, 24.19726667865493], [-83.54792303540165, 24.062398849127867], [-83.59287897857735, 24.062398849127867], [-83.59287897857735, 23.927531019600803], [-83.63783492175304, 23.927531019600803], [-83.63783492175304, 23.79266319007374], [-83.68279086492873, 23.79266319007374], [-83.68279086492873, 23.702751303722366], [-83.72774680810443, 23.702751303722366], [-83.72774680810443, 23.61283941737099], [-83.77270275128012, 23.61283941737099], [-83.77270275128012, 23.567883474195302], [-83.81765869445582, 23.567883474195302], [-83.81765869445582, 23.477971587843925], [-83.86261463763151, 23.477971587843925], [-83.86261463763151, 23.433015644668238], [-83.9075705808072, 23.433015644668238], [-83.9075705808072, 23.38805970149255], [-83.9525265239829, 23.38805970149255], [-83.9525265239829, 23.34310375831686], [-83.99748246715859, 23.34310375831686], [-83.99748246715859, 23.298147815141174], [-84.04243841033428, 23.298147815141174], [-84.04243841033428, 23.253191871965488], [-84.13235029668567, 23.253191871965488], [-84.13235029668567, 23.208235928789797], [-84.17730623986137, 23.208235928789797], [-84.17730623986137, 23.16327998561411], [-84.22226218303706, 23.16327998561411], [-84.22226218303706, 23.118324042438424], [-84.31217406938845, 23.118324042438424], [-84.31217406938845, 23.073368099262733], [-84.40208595573984, 23.073368099262733], [-84.40208595573984, 23.028412156087047], [-84.44704189891553, 23.028412156087047], [-84.44704189891553, 22.98345621291136], [-84.53695378526692, 22.98345621291136], [-84.53695378526692, 22.93850026973567], [-84.6268656716183, 22.93850026973567], [-84.6268656716183, 22.893544326559983], [-84.71677755796969, 22.893544326559983], [-84.71677755796969, 22.848588383384296], [-84.85164538749677, 22.848588383384296], [-84.85164538749677, 22.80363244020861], [-84.94155727384816, 22.80363244020861], [-84.94155727384816, 22.75867649703292], [-85.12138104655094, 22.75867649703292], [-85.12138104655094, 22.713720553857232], [-85.88563208053773, 22.713720553857232]], [[-93.57309836358138, 26.624887610142075], [-93.52814242040569, 26.624887610142075], [-93.52814242040569, 26.579931666966388], [-93.48318647722999, 26.579931666966388], [-93.48318647722999, 26.5349757237907], [-93.4382305340543, 26.5349757237907], [-93.3932745908786, 26.5349757237907], [-93.3932745908786, 26.49001978061501], [-93.34831864770291, 26.49001978061501], [-93.34831864770291, 26.445063837439324], [-93.30336270452722, 26.445063837439324], [-93.30336270452722, 26.400107894263638], [-93.25840676135152, 26.400107894263638], [-93.25840676135152, 26.355151951087947], [-93.21345081817583, 26.355151951087947], [-93.21345081817583, 26.31019600791226], [-93.16849487500014, 26.31019600791226], [-93.12353893182444, 26.31019600791226], [-93.12353893182444, 26.265240064736574], [-93.07858298864875, 26.265240064736574], [-93.07858298864875, 26.220284121560884], [-93.03362704547305, 26.220284121560884], [-92.98867110229736, 26.220284121560884], [-92.98867110229736, 26.175328178385197], [-92.94371515912167, 26.175328178385197], [-92.89875921594597, 26.175328178385197], [-92.89875921594597, 26.13037223520951], [-92.85380327277028, 26.13037223520951], [-92.85380327277028, 26.08541629203382], [-92.80884732959458, 26.08541629203382], [-92.80884732959458, 26.040460348858133], [-92.76389138641889, 26.040460348858133], [-92.7189354432432, 26.040460348858133], [-92.7189354432432, 25.995504405682446], [-92.6739795000675, 25.995504405682446], [-92.6739795000675, 25.950548462506756], [-92.62902355689181, 25.950548462506756], [-92.58406761371612, 25.950548462506756], [-92.58406761371612, 25.90559251933107], [-92.53911167054042, 25.90559251933107], [-92.53911167054042, 25.860636576155382], [-92.49415572736473, 25.860636576155382], [-92.44919978418903, 25.860636576155382], [-92.44919978418903, 25.815680632979692], [-92.40424384101334, 25.815680632979692], [-92.35928789783765, 25.815680632979692], [-92.35928789783765, 25.770724689804005], [-92.31433195466195, 25.770724689804005], [-92.26937601148626, 25.770724689804005], [-92.26937601148626, 25.72576874662832], [-92.22442006831056, 25.72576874662832], [-92.17946412513487, 25.72576874662832], [-92.17946412513487, 25.680812803452632], [-92.13450818195918, 25.680812803452632], [-92.08955223878348, 25.680812803452632], [-92.08955223878348, 25.63585686027694], [-92.04459629560779, 25.63585686027694], [-91.9996403524321, 25.63585686027694], [-91.9996403524321, 25.590900917101255], [-91.9546844092564, 25.590900917101255], [-91.90972846608071, 25.590900917101255], [-91.90972846608071, 25.545944973925568], [-91.77486063655363, 25.545944973925568], [-91.72990469337793, 25.545944973925568], [-91.72990469337793, 25.500989030749878], [-91.59503686385085, 25.500989030749878], [-91.55008092067516, 25.500989030749878], [-91.55008092067516, 25.45603308757419], [-91.50512497749946, 25.45603308757419], [-91.46016903432377, 25.45603308757419], [-91.46016903432377, 25.411077144398504], [-91.41521309114808, 25.411077144398504], [-91.37025714797238, 25.411077144398504], [-91.37025714797238, 25.366121201222814], [-91.32530120479669, 25.366121201222814], [-91.280345261621, 25.366121201222814], [-91.280345261621, 25.321165258047127], [-91.2353893184453, 25.321165258047127], [-91.1904333752696, 25.321165258047127], [-91.1904333752696, 25.27620931487144], [-91.14547743209391, 25.27620931487144], [-91.10052148891822, 25.27620931487144], [-91.10052148891822, 25.23125337169575], [-91.05556554574252, 25.23125337169575], [-91.01060960256683, 25.23125337169575], [-91.01060960256683, 25.186297428520064], [-90.96565365939114, 25.186297428520064], [-90.92069771621544, 25.186297428520064], [-90.92069771621544, 25.141341485344377], [-90.78582988668836, 25.141341485344377], [-90.74087394351267, 25.141341485344377], [-90.74087394351267, 25.09638554216869], [-90.4711382844585, 25.09638554216869], [-90.42618234128281, 25.09638554216869], [-90.42618234128281, 25.051429598993], [-90.20140262540434, 25.051429598993], [-90.15644668222865, 25.051429598993], [-90.15644668222865, 25.006473655817313], [-90.02157885270157, 25.006473655817313], [-89.97662290952587, 25.006473655817313], [-89.97662290952587, 24.961517712641626], [-89.93166696635018, 24.961517712641626], [-89.93166696635018, 24.916561769465936], [-89.88671102317448, 24.916561769465936], [-89.88671102317448, 24.87160582629025], [-89.84175507999879, 24.87160582629025], [-89.7967991368231, 24.87160582629025], [-89.7967991368231, 24.826649883114563], [-89.7518431936474, 24.826649883114563], [-89.7518431936474, 24.781693939938872], [-89.66193130729602, 24.781693939938872], [-89.61697536412032, 24.781693939938872], [-89.61697536412032, 24.736737996763186], [-89.52706347776893, 24.736737996763186], [-89.48210753459324, 24.736737996763186], [-89.48210753459324, 24.6917820535875], [-89.43715159141755, 24.6917820535875], [-89.43715159141755, 24.64682611041181], [-89.34723970506616, 24.64682611041181], [-89.30228376189046, 24.64682611041181], [-89.30228376189046, 24.60187016723612], [-89.25732781871477, 24.60187016723612], [-89.21237187553908, 24.60187016723612], [-89.21237187553908, 24.556914224060435], [-89.16741593236338, 24.556914224060435], [-89.12245998918769, 24.556914224060435], [-89.12245998918769, 24.511958280884745], [-89.077504046012, 24.511958280884745], [-89.0325481028363, 24.511958280884745], [-89.0325481028363, 24.467002337709058], [-88.98759215966061, 24.467002337709058], [-88.98759215966061, 24.42204639453337], [-88.94263621648491, 24.42204639453337], [-88.89768027330922, 24.42204639453337], [-88.89768027330922, 24.37709045135768], [-88.85272433013353, 24.37709045135768], [-88.80776838695783, 24.37709045135768], [-88.80776838695783, 24.332134508181994], [-88.76281244378214, 24.332134508181994], [-88.76281244378214, 24.287178565006307], [-88.71785650060644, 24.287178565006307], [-88.67290055743075, 24.287178565006307], [-88.67290055743075, 24.24222262183062], [-88.62794461425506, 24.24222262183062], [-88.58298867107936, 24.24222262183062], [-88.58298867107936, 24.19726667865493], [-88.53803272790367, 24.19726667865493], [-88.49307678472798, 24.19726667865493], [-88.49307678472798, 24.152310735479244], [-88.40316489837659, 24.152310735479244], [-88.3582089552009, 24.152310735479244], [-88.3582089552009, 24.107354792303557], [-88.3132530120252, 24.107354792303557], [-88.2682970688495, 24.107354792303557], [-88.2682970688495, 24.062398849127867], [-88.22334112567381, 24.062398849127867], [-88.22334112567381, 24.01744290595218], [-88.17838518249812, 24.01744290595218], [-88.13342923932242, 24.01744290595218], [-88.13342923932242, 23.972486962776493], [-88.08847329614673, 23.972486962776493], [-88.04351735297104, 23.972486962776493], [-88.04351735297104, 23.927531019600803], [-87.99856140979534, 23.927531019600803], [-87.95360546661965, 23.927531019600803], [-87.95360546661965, 23.882575076425116], [-87.90864952344396, 23.882575076425116], [-87.86369358026826, 23.882575076425116], [-87.86369358026826, 23.83761913324943], [-87.81873763709257, 23.83761913324943], [-87.81873763709257, 23.79266319007374], [-87.77378169391687, 23.79266319007374], [-87.72882575074118, 23.79266319007374], [-87.72882575074118, 23.747707246898052], [-87.68386980756549, 23.747707246898052], [-87.63891386438979, 23.747707246898052], [-87.63891386438979, 23.702751303722366], [-87.5939579212141, 23.702751303722366], [-87.5490019780384, 23.702751303722366], [-87.5490019780384, 23.65779536054668], [-87.50404603486271, 23.65779536054668], [-87.45909009168702, 23.65779536054668], [-87.45909009168702, 23.61283941737099], [-87.41413414851132, 23.61283941737099], [-87.36917820533563, 23.61283941737099], [-87.36917820533563, 23.567883474195302], [-87.32422226215994, 23.567883474195302], [-87.27926631898424, 23.567883474195302], [-87.27926631898424, 23.522927531019615], [-87.23431037580855, 23.522927531019615], [-87.23431037580855, 23.477971587843925], [-87.18935443263285, 23.477971587843925], [-87.14439848945716, 23.477971587843925], [-87.14439848945716, 23.433015644668238], [-87.09944254628147, 23.433015644668238], [-87.05448660310577, 23.433015644668238], [-87.05448660310577, 23.38805970149255], [-87.00953065993008, 23.38805970149255], [-86.96457471675438, 23.38805970149255], [-86.96457471675438, 23.34310375831686], [-86.874662830403, 23.34310375831686], [-86.8297068872273, 23.34310375831686], [-86.8297068872273, 23.298147815141174], [-86.78475094405161, 23.298147815141174], [-86.73979500087592, 23.298147815141174], [-86.73979500087592, 23.253191871965488], [-86.69483905770022, 23.253191871965488], [-86.64988311452453, 23.253191871965488], [-86.64988311452453, 23.208235928789797], [-86.55997122817314, 23.208235928789797], [-86.51501528499745, 23.208235928789797], [-86.51501528499745, 23.16327998561411], [-86.47005934182175, 23.16327998561411], [-86.42510339864606, 23.16327998561411], [-86.42510339864606, 23.118324042438424], [-86.33519151229467, 23.118324042438424], [-86.29023556911898, 23.118324042438424], [-86.29023556911898, 23.073368099262733], [-86.24527962594328, 23.073368099262733], [-86.20032368276759, 23.073368099262733], [-86.20032368276759, 23.028412156087047], [-86.1553677395919, 23.028412156087047], [-86.1104117964162, 23.028412156087047], [-86.1104117964162, 22.98345621291136], [-86.02049991006481, 22.98345621291136], [-85.97554396688912, 22.98345621291136], [-85.97554396688912, 22.93850026973567], [-85.84067613736204, 22.93850026973567], [-85.79572019418634, 22.93850026973567], [-85.79572019418634, 22.893544326559983], [-85.16633698972663, 22.893544326559983], [-85.16633698972663, 22.93850026973567], [-84.98651321702386, 22.93850026973567], [-84.98651321702386, 22.98345621291136], [-84.89660133067247, 22.98345621291136], [-84.89660133067247, 23.028412156087047], [-84.80668944432108, 23.028412156087047], [-84.80668944432108, 23.073368099262733], [-84.71677755796969, 23.073368099262733], [-84.71677755796969, 23.118324042438424], [-84.6268656716183, 23.118324042438424], [-84.6268656716183, 23.16327998561411], [-84.53695378526692, 23.16327998561411], [-84.53695378526692, 23.208235928789797], [-84.44704189891553, 23.208235928789797], [-84.44704189891553, 23.253191871965488], [-84.35713001256414, 23.253191871965488], [-84.35713001256414, 23.298147815141174], [-84.31217406938845, 23.298147815141174], [-84.31217406938845, 23.34310375831686], [-84.22226218303706, 23.34310375831686], [-84.22226218303706, 23.38805970149255], [-84.17730623986137, 23.38805970149255], [-84.17730623986137, 23.433015644668238], [-84.13235029668567, 23.433015644668238], [-84.13235029668567, 23.477971587843925], [-84.08739435350998, 23.477971587843925], [-84.08739435350998, 23.522927531019615], [-84.04243841033428, 23.522927531019615], [-84.04243841033428, 23.567883474195302], [-83.99748246715859, 23.567883474195302], [-83.99748246715859, 23.61283941737099], [-83.9525265239829, 23.61283941737099], [-83.9525265239829, 23.65779536054668], [-83.9075705808072, 23.65779536054668], [-83.9075705808072, 23.747707246898052], [-83.86261463763151, 23.747707246898052], [-83.86261463763151, 23.83761913324943], [-83.81765869445582, 23.83761913324943], [-83.81765869445582, 23.927531019600803], [-83.77270275128012, 23.927531019600803], [-83.77270275128012, 24.107354792303557], [-83.72774680810443, 24.107354792303557], [-83.72774680810443, 24.287178565006307], [-83.68279086492873, 24.287178565006307], [-83.68279086492873, 24.511958280884745], [-83.63783492175304, 24.511958280884745], [-83.63783492175304, 25.09638554216869], [-83.68279086492873, 25.09638554216869], [-83.68279086492873, 25.411077144398504], [-83.72774680810443, 25.411077144398504], [-83.72774680810443, 25.590900917101255], [-83.77270275128012, 25.590900917101255], [-83.77270275128012, 25.72576874662832], [-83.81765869445582, 25.72576874662832], [-83.81765869445582, 25.860636576155382], [-83.86261463763151, 25.860636576155382], [-83.86261463763151, 25.950548462506756], [-83.9075705808072, 25.950548462506756], [-83.9075705808072, 26.040460348858133], [-83.9525265239829, 26.040460348858133], [-83.9525265239829, 26.08541629203382], [-83.99748246715859, 26.08541629203382], [-83.99748246715859, 26.175328178385197], [-84.04243841033428, 26.175328178385197], [-84.04243841033428, 26.220284121560884], [-84.08739435350998, 26.220284121560884], [-84.08739435350998, 26.265240064736574], [-84.13235029668567, 26.265240064736574], [-84.13235029668567, 26.355151951087947], [-84.17730623986137, 26.355151951087947], [-84.17730623986137, 26.400107894263638], [-84.22226218303706, 26.400107894263638], [-84.22226218303706, 26.445063837439324], [-84.26721812621275, 26.445063837439324], [-84.26721812621275, 26.49001978061501], [-84.31217406938845, 26.49001978061501], [-84.31217406938845, 26.579931666966388], [-84.35713001256414, 26.579931666966388], [-84.35713001256414, 26.624887610142075], [-84.40208595573984, 26.624887610142075], [-84.40208595573984, 26.66984355331776], [-84.44704189891553, 26.66984355331776], [-84.44704189891553, 26.714799496493452], [-84.49199784209122, 26.714799496493452], [-84.49199784209122, 26.75975543966914], [-84.53695378526692, 26.75975543966914], [-84.53695378526692, 26.804711382844825], [-84.58190972844261, 26.804711382844825], [-84.58190972844261, 26.849667326020516], [-84.6268656716183, 26.849667326020516], [-84.6268656716183, 26.93957921237189], [-84.671821614794, 26.93957921237189], [-84.671821614794, 26.98453515554758], [-84.71677755796969, 26.98453515554758], [-84.71677755796969, 27.029491098723266], [-84.76173350114539, 27.029491098723266], [-84.76173350114539, 27.074447041898953], [-84.80668944432108, 27.074447041898953], [-84.80668944432108, 27.16435892825033], [-84.85164538749677, 27.16435892825033], [-84.85164538749677, 27.209314871426017], [-84.89660133067247, 27.209314871426017], [-84.89660133067247, 27.254270814601703], [-84.94155727384816, 27.254270814601703], [-84.94155727384816, 27.34418270095308], [-84.98651321702386, 27.34418270095308], [-84.98651321702386, 27.389138644128767], [-85.03146916019955, 27.389138644128767], [-85.03146916019955, 27.434094587304457], [-85.07642510337524, 27.434094587304457], [-85.07642510337524, 27.56896241683152], [-85.12138104655094, 27.56896241683152], [-85.12138104655094, 27.79374213270996], [-85.16633698972663, 27.79374213270996], [-85.16633698972663, 27.973565905412713], [-85.21129293290232, 27.973565905412713], [-85.21129293290232, 28.108433734939773], [-85.25624887607802, 28.108433734939773], [-85.25624887607802, 28.243301564466837], [-85.30120481925371, 28.243301564466837], [-85.30120481925371, 28.3781693939939], [-85.3461607624294, 28.3781693939939], [-85.3461607624294, 28.468081280345277], [-85.3911167056051, 28.468081280345277], [-85.3911167056051, 28.647905053048028], [-85.4360726487808, 28.647905053048028], [-85.4360726487808, 28.917640712102155], [-85.48102859195649, 28.917640712102155], [-85.48102859195649, 29.591979859737474], [-85.52598453513218, 29.591979859737474], [-85.52598453513218, 29.63693580291316], [-85.57094047830788, 29.63693580291316], [-85.57094047830788, 29.726847689264538], [-85.61589642148357, 29.726847689264538], [-85.61589642148357, 29.771803632440225], [-85.66085236465926, 29.771803632440225], [-85.66085236465926, 29.861715518791602], [-85.70580830783496, 29.861715518791602], [-85.70580830783496, 29.996583348318666], [-85.75076425101065, 29.996583348318666], [-85.75076425101065, 30.131451177845726], [-85.79572019418634, 30.131451177845726], [-85.79572019418634, 30.221363064197103], [-85.84067613736204, 30.221363064197103], [-85.84067613736204, 30.31127495054848], [-85.88563208053773, 30.31127495054848], [-85.88563208053773, 30.401186836899853], [-85.93058802371343, 30.401186836899853], [-85.93058802371343, 30.49109872325123], [-85.97554396688912, 30.49109872325123], [-85.97554396688912, 30.625966552778294], [-86.02049991006481, 30.625966552778294], [-86.02049991006481, 30.850746268656735], [-86.06545585324051, 30.850746268656735], [-86.06545585324051, 31.030570041359486], [-86.1104117964162, 31.030570041359486], [-86.1104117964162, 31.16543787088655], [-86.1553677395919, 31.16543787088655], [-86.1553677395919, 31.255349757237923], [-86.20032368276759, 31.255349757237923], [-86.20032368276759, 31.390217586764987], [-86.24527962594328, 31.390217586764987], [-86.24527962594328, 31.52508541629205], [-86.29023556911898, 31.52508541629205], [-86.29023556911898, 31.614997302643427], [-86.33519151229467, 31.614997302643427], [-86.33519151229467, 31.7049091889948], [-86.38014745547036, 31.7049091889948], [-86.38014745547036, 31.794821075346178], [-86.42510339864606, 31.794821075346178], [-86.42510339864606, 31.884732961697555], [-86.47005934182175, 31.884732961697555], [-86.47005934182175, 31.97464484804893], [-86.51501528499745, 31.97464484804893], [-86.51501528499745, 32.10951267757599], [-86.55997122817314, 32.10951267757599], [-86.55997122817314, 32.24438050710306], [-86.60492717134883, 32.24438050710306], [-86.60492717134883, 32.37924833663012], [-86.64988311452453, 32.37924833663012], [-86.64988311452453, 32.51411616615718], [-86.69483905770022, 32.51411616615718], [-86.69483905770022, 32.60402805250856], [-86.73979500087592, 32.60402805250856], [-86.73979500087592, 32.693939938859934], [-86.78475094405161, 32.693939938859934], [-86.78475094405161, 32.783851825211315], [-86.8297068872273, 32.783851825211315], [-86.8297068872273, 32.87376371156269], [-86.874662830403, 32.87376371156269], [-86.874662830403, 32.96367559791406], [-86.91961877357869, 32.96367559791406], [-86.91961877357869, 33.053587484265435], [-86.96457471675438, 33.053587484265435], [-86.96457471675438, 33.143499370616816], [-87.00953065993008, 33.143499370616816], [-87.00953065993008, 33.23341125696819], [-87.05448660310577, 33.23341125696819], [-87.05448660310577, 33.278367200143876], [-87.09944254628147, 33.278367200143876], [-87.09944254628147, 33.36827908649525], [-87.14439848945716, 33.36827908649525], [-87.14439848945716, 33.45819097284663], [-87.18935443263285, 33.45819097284663], [-87.18935443263285, 33.50314691602232], [-87.23431037580855, 33.50314691602232], [-87.23431037580855, 33.59305880237369], [-87.27926631898424, 33.59305880237369], [-87.27926631898424, 33.63801474554938], [-87.32422226215994, 33.63801474554938], [-87.32422226215994, 33.72792663190076], [-87.36917820533563, 33.72792663190076], [-87.36917820533563, 33.772882575076444], [-87.41413414851132, 33.772882575076444], [-87.41413414851132, 33.86279446142782], [-87.45909009168702, 33.86279446142782], [-87.45909009168702, 33.907750404603505], [-87.50404603486271, 33.907750404603505], [-87.50404603486271, 33.997662290954885], [-87.5490019780384, 33.997662290954885], [-87.5490019780384, 34.08757417730626], [-87.5939579212141, 34.08757417730626], [-87.5939579212141, 34.132530120481945], [-87.63891386438979, 34.132530120481945], [-87.63891386438979, 34.22244200683332], [-87.68386980756549, 34.22244200683332], [-87.68386980756549, 34.26739795000901], [-87.72882575074118, 34.26739795000901], [-87.72882575074118, 34.3123538931847], [-87.77378169391687, 34.3123538931847], [-87.77378169391687, 34.357309836360386], [-87.81873763709257, 34.357309836360386], [-87.81873763709257, 34.40226577953607], [-87.86369358026826, 34.40226577953607], [-87.90864952344396, 34.40226577953607], [-87.90864952344396, 34.44722172271176], [-87.95360546661965, 34.44722172271176], [-87.95360546661965, 34.492177665887446], [-87.99856140979534, 34.492177665887446], [-87.99856140979534, 34.53713360906314], [-88.04351735297104, 34.53713360906314], [-88.04351735297104, 34.58208955223883], [-88.08847329614673, 34.58208955223883], [-88.08847329614673, 34.627045495414514], [-88.13342923932242, 34.627045495414514], [-88.13342923932242, 34.6720014385902], [-88.17838518249812, 34.6720014385902], [-88.17838518249812, 34.71695738176589], [-88.22334112567381, 34.71695738176589], [-88.22334112567381, 34.761913324941574], [-88.2682970688495, 34.761913324941574], [-88.2682970688495, 34.80686926811727], [-88.3132530120252, 34.80686926811727], [-88.3582089552009, 34.80686926811727], [-88.3582089552009, 34.851825211292955], [-88.40316489837659, 34.851825211292955], [-88.40316489837659, 34.89678115446864], [-88.44812084155228, 34.89678115446864], [-88.44812084155228, 34.94173709764433], [-88.49307678472798, 34.94173709764433], [-88.53803272790367, 34.94173709764433], [-88.53803272790367, 34.986693040820015], [-88.58298867107936, 34.986693040820015], [-88.62794461425506, 34.986693040820015], [-88.62794461425506, 35.0316489839957], [-88.67290055743075, 35.0316489839957], [-88.76281244378214, 35.0316489839957], [-88.76281244378214, 35.07660492717139], [-88.80776838695783, 35.07660492717139], [-88.94263621648491, 35.07660492717139], [-88.94263621648491, 35.12156087034708], [-88.98759215966061, 35.12156087034708], [-89.25732781871477, 35.12156087034708], [-89.25732781871477, 35.16651681352277], [-89.30228376189046, 35.16651681352277], [-89.61697536412032, 35.16651681352277], [-89.61697536412032, 35.211472756698456], [-89.66193130729602, 35.211472756698456], [-90.11149073905295, 35.211472756698456], [-90.11149073905295, 35.25642869987414], [-91.05556554574252, 35.25642869987414], [-91.05556554574252, 35.211472756698456], [-91.1904333752696, 35.211472756698456], [-91.1904333752696, 35.16651681352277], [-91.280345261621, 35.16651681352277], [-91.280345261621, 35.12156087034708], [-91.37025714797238, 35.12156087034708], [-91.37025714797238, 35.07660492717139], [-91.46016903432377, 35.07660492717139], [-91.46016903432377, 35.0316489839957], [-91.68494875020224, 35.0316489839957], [-91.68494875020224, 34.986693040820015], [-91.90972846608071, 34.986693040820015], [-91.90972846608071, 34.94173709764433], [-92.22442006831056, 34.94173709764433], [-92.22442006831056, 34.89678115446864], [-92.40424384101334, 34.89678115446864], [-92.40424384101334, 34.851825211292955], [-92.53911167054042, 34.851825211292955], [-92.53911167054042, 34.80686926811727], [-92.62902355689181, 34.80686926811727], [-92.62902355689181, 34.761913324941574], [-92.7189354432432, 34.761913324941574], [-92.7189354432432, 34.71695738176589], [-92.76389138641889, 34.71695738176589], [-92.76389138641889, 34.6720014385902], [-92.85380327277028, 34.6720014385902], [-92.85380327277028, 34.627045495414514], [-92.89875921594597, 34.627045495414514], [-92.89875921594597, 34.58208955223883], [-92.98867110229736, 34.58208955223883], [-92.98867110229736, 34.53713360906314], [-93.07858298864875, 34.53713360906314], [-93.07858298864875, 34.492177665887446], [-93.16849487500014, 34.492177665887446], [-93.16849487500014, 34.44722172271176], [-93.25840676135152, 34.44722172271176], [-93.25840676135152, 34.40226577953607], [-93.34831864770291, 34.40226577953607], [-93.34831864770291, 34.357309836360386], [-93.3932745908786, 34.357309836360386], [-93.3932745908786, 34.3123538931847], [-93.48318647722999, 34.3123538931847], [-93.48318647722999, 34.26739795000901], [-93.52814242040569, 34.26739795000901], [-93.52814242040569, 34.22244200683332], [-93.61805430675707, 34.22244200683332], [-93.61805430675707, 34.17748606365763], [-93.66301024993277, 34.17748606365763], [-93.66301024993277, 34.132530120481945], [-93.75292213628416, 34.132530120481945], [-93.75292213628416, 34.08757417730626], [-93.79787807945985, 34.08757417730626], [-93.79787807945985, 34.04261823413057], [-93.88778996581124, 34.04261823413057], [-93.88778996581124, 33.997662290954885], [-93.93274590898693, 33.997662290954885], [-93.93274590898693, 33.9527063477792], [-93.97770185216262, 33.9527063477792], [-93.97770185216262, 33.907750404603505], [-94.02265779533832, 33.907750404603505], [-94.02265779533832, 33.86279446142782], [-94.1125696816897, 33.86279446142782], [-94.1125696816897, 33.81783851825213], [-94.1575256248654, 33.81783851825213], [-94.1575256248654, 33.772882575076444], [-94.2024815680411, 33.772882575076444], [-94.2024815680411, 33.68297068872507], [-94.24743751121679, 33.68297068872507], [-94.24743751121679, 33.63801474554938], [-94.29239345439248, 33.63801474554938], [-94.29239345439248, 33.59305880237369], [-94.33734939756818, 33.59305880237369], [-94.33734939756818, 33.548102859198], [-94.38230534074387, 33.548102859198], [-94.38230534074387, 33.50314691602232], [-94.42726128391956, 33.50314691602232], [-94.42726128391956, 33.41323502967094], [-94.47221722709526, 33.41323502967094], [-94.47221722709526, 33.36827908649525], [-94.51717317027095, 33.36827908649525], [-94.51717317027095, 33.32332314331956], [-94.56212911344664, 33.32332314331956], [-94.56212911344664, 33.278367200143876], [-94.60708505662234, 33.278367200143876], [-94.60708505662234, 33.23341125696819], [-94.65204099979803, 33.23341125696819], [-94.65204099979803, 33.1884553137925], [-94.69699694297373, 33.1884553137925], [-94.69699694297373, 33.09854342744113], [-94.74195288614942, 33.09854342744113], [-94.74195288614942, 33.053587484265435], [-94.78690882932511, 33.053587484265435], [-94.78690882932511, 32.96367559791406], [-94.83186477250081, 32.96367559791406], [-94.83186477250081, 32.918719654738375], [-94.8768207156765, 32.918719654738375], [-94.8768207156765, 32.828807768386994], [-94.9217766588522, 32.828807768386994], [-94.9217766588522, 32.783851825211315], [-94.96673260202789, 32.783851825211315], [-94.96673260202789, 32.693939938859934], [-95.01168854520358, 32.693939938859934], [-95.01168854520358, 32.64898399568425], [-95.05664448837928, 32.64898399568425], [-95.05664448837928, 32.559072109332874], [-95.10160043155497, 32.559072109332874], [-95.10160043155497, 32.51411616615718], [-95.14655637473066, 32.51411616615718], [-95.14655637473066, 32.42420427980581], [-95.19151231790636, 32.42420427980581], [-95.19151231790636, 32.33429239345443], [-95.23646826108205, 32.33429239345443], [-95.23646826108205, 32.24438050710306], [-95.28142420425775, 32.24438050710306], [-95.28142420425775, 32.064556734400306], [-95.32638014743344, 32.064556734400306], [-95.32638014743344, 31.884732961697555], [-95.37133609060913, 31.884732961697555], [-95.37133609060913, 31.659953245819114], [-95.41629203378483, 31.659953245819114], [-95.41629203378483, 31.210393814062236], [-95.46124797696052, 31.210393814062236], [-95.46124797696052, 30.446142780075544], [-95.41629203378483, 30.446142780075544], [-95.41629203378483, 29.996583348318666], [-95.37133609060913, 29.996583348318666], [-95.37133609060913, 29.771803632440225], [-95.32638014743344, 29.771803632440225], [-95.32638014743344, 29.547023916561784], [-95.28142420425775, 29.547023916561784], [-95.28142420425775, 29.367200143859034], [-95.23646826108205, 29.367200143859034], [-95.23646826108205, 29.142420427980596], [-95.19151231790636, 29.142420427980596], [-95.19151231790636, 28.917640712102155], [-95.14655637473066, 28.917640712102155], [-95.14655637473066, 28.78277288257509], [-95.10160043155497, 28.78277288257509], [-95.10160043155497, 28.692860996223715], [-95.05664448837928, 28.692860996223715], [-95.05664448837928, 28.60294910987234], [-95.01168854520358, 28.60294910987234], [-95.01168854520358, 28.557993166696654], [-94.96673260202789, 28.557993166696654], [-94.96673260202789, 28.42312533716959], [-94.9217766588522, 28.42312533716959], [-94.9217766588522, 28.288257507642527], [-94.8768207156765, 28.288257507642527], [-94.8768207156765, 28.19834562129115], [-94.83186477250081, 28.19834562129115], [-94.83186477250081, 28.108433734939773], [-94.78690882932511, 28.108433734939773], [-94.78690882932511, 28.063477791764086], [-94.74195288614942, 28.063477791764086], [-94.74195288614942, 27.973565905412713], [-94.69699694297373, 27.973565905412713], [-94.69699694297373, 27.928609962237022], [-94.65204099979803, 27.928609962237022], [-94.65204099979803, 27.883654019061336], [-94.60708505662234, 27.883654019061336], [-94.60708505662234, 27.83869807588565], [-94.56212911344664, 27.83869807588565], [-94.56212911344664, 27.79374213270996], [-94.51717317027095, 27.79374213270996], [-94.51717317027095, 27.748786189534272], [-94.47221722709526, 27.748786189534272], [-94.47221722709526, 27.658874303182895], [-94.42726128391956, 27.658874303182895], [-94.42726128391956, 27.613918360007208], [-94.38230534074387, 27.613918360007208], [-94.38230534074387, 27.56896241683152], [-94.33734939756818, 27.56896241683152], [-94.33734939756818, 27.479050530480144], [-94.29239345439248, 27.479050530480144], [-94.29239345439248, 27.389138644128767], [-94.24743751121679, 27.389138644128767], [-94.24743751121679, 27.299226757777394], [-94.2024815680411, 27.299226757777394], [-94.2024815680411, 27.254270814601703], [-94.1575256248654, 27.254270814601703], [-94.1575256248654, 27.209314871426017], [-94.1125696816897, 27.209314871426017], [-94.1125696816897, 27.16435892825033], [-94.06761373851401, 27.16435892825033], [-94.06761373851401, 27.119402985074643], [-94.02265779533832, 27.119402985074643], [-94.02265779533832, 27.074447041898953], [-93.97770185216262, 27.074447041898953], [-93.93274590898693, 27.074447041898953], [-93.93274590898693, 27.029491098723266], [-93.88778996581124, 27.029491098723266], [-93.88778996581124, 26.93957921237189], [-93.84283402263554, 26.93957921237189], [-93.84283402263554, 26.894623269196202], [-93.79787807945985, 26.894623269196202], [-93.79787807945985, 26.804711382844825], [-93.75292213628416, 26.804711382844825], [-93.75292213628416, 26.75975543966914], [-93.70796619310846, 26.75975543966914], [-93.70796619310846, 26.714799496493452], [-93.66301024993277, 26.714799496493452], [-93.66301024993277, 26.66984355331776], [-93.61805430675707, 26.66984355331776], [-93.57309836358138, 26.66984355331776], [-93.57309836358138, 26.624887610142075]]]]}}, {"type": "Feature", "properties": {"shapefile": "2021082812_wsp34knt120hr_5km", "PERCENTAGE": "10-20%"}, "geometry": {"type": "MultiPolygon", "coordinates": [[[[-85.79572019418634, 22.893544326559983], [-85.79572019418634, 22.93850026973567], [-85.84067613736204, 22.93850026973567], [-85.97554396688912, 22.93850026973567], [-85.97554396688912, 22.98345621291136], [-86.02049991006481, 22.98345621291136], [-86.1104117964162, 22.98345621291136], [-86.1104117964162, 23.028412156087047], [-86.1553677395919, 23.028412156087047], [-86.20032368276759, 23.028412156087047], [-86.20032368276759, 23.073368099262733], [-86.24527962594328, 23.073368099262733], [-86.29023556911898, 23.073368099262733], [-86.29023556911898, 23.118324042438424], [-86.33519151229467, 23.118324042438424], [-86.42510339864606, 23.118324042438424], [-86.42510339864606, 23.16327998561411], [-86.47005934182175, 23.16327998561411], [-86.51501528499745, 23.16327998561411], [-86.51501528499745, 23.208235928789797], [-86.55997122817314, 23.208235928789797], [-86.64988311452453, 23.208235928789797], [-86.64988311452453, 23.253191871965488], [-86.69483905770022, 23.253191871965488], [-86.73979500087592, 23.253191871965488], [-86.73979500087592, 23.298147815141174], [-86.78475094405161, 23.298147815141174], [-86.8297068872273, 23.298147815141174], [-86.8297068872273, 23.34310375831686], [-86.874662830403, 23.34310375831686], [-86.96457471675438, 23.34310375831686], [-86.96457471675438, 23.38805970149255], [-87.00953065993008, 23.38805970149255], [-87.05448660310577, 23.38805970149255], [-87.05448660310577, 23.433015644668238], [-87.09944254628147, 23.433015644668238], [-87.14439848945716, 23.433015644668238], [-87.14439848945716, 23.477971587843925], [-87.18935443263285, 23.477971587843925], [-87.23431037580855, 23.477971587843925], [-87.23431037580855, 23.522927531019615], [-87.27926631898424, 23.522927531019615], [-87.27926631898424, 23.567883474195302], [-87.32422226215994, 23.567883474195302], [-87.36917820533563, 23.567883474195302], [-87.36917820533563, 23.61283941737099], [-87.41413414851132, 23.61283941737099], [-87.45909009168702, 23.61283941737099], [-87.45909009168702, 23.65779536054668], [-87.50404603486271, 23.65779536054668], [-87.5490019780384, 23.65779536054668], [-87.5490019780384, 23.702751303722366], [-87.5939579212141, 23.702751303722366], [-87.63891386438979, 23.702751303722366], [-87.63891386438979, 23.747707246898052], [-87.68386980756549, 23.747707246898052], [-87.72882575074118, 23.747707246898052], [-87.72882575074118, 23.79266319007374], [-87.77378169391687, 23.79266319007374], [-87.81873763709257, 23.79266319007374], [-87.81873763709257, 23.83761913324943], [-87.86369358026826, 23.83761913324943], [-87.86369358026826, 23.882575076425116], [-87.90864952344396, 23.882575076425116], [-87.95360546661965, 23.882575076425116], [-87.95360546661965, 23.927531019600803], [-87.99856140979534, 23.927531019600803], [-88.04351735297104, 23.927531019600803], [-88.04351735297104, 23.972486962776493], [-88.08847329614673, 23.972486962776493], [-88.13342923932242, 23.972486962776493], [-88.13342923932242, 24.01744290595218], [-88.17838518249812, 24.01744290595218], [-88.22334112567381, 24.01744290595218], [-88.22334112567381, 24.062398849127867], [-88.2682970688495, 24.062398849127867], [-88.2682970688495, 24.107354792303557], [-88.3132530120252, 24.107354792303557], [-88.3582089552009, 24.107354792303557], [-88.3582089552009, 24.152310735479244], [-88.40316489837659, 24.152310735479244], [-88.49307678472798, 24.152310735479244], [-88.49307678472798, 24.19726667865493], [-88.53803272790367, 24.19726667865493], [-88.58298867107936, 24.19726667865493], [-88.58298867107936, 24.24222262183062], [-88.62794461425506, 24.24222262183062], [-88.67290055743075, 24.24222262183062], [-88.67290055743075, 24.287178565006307], [-88.71785650060644, 24.287178565006307], [-88.76281244378214, 24.287178565006307], [-88.76281244378214, 24.332134508181994], [-88.80776838695783, 24.332134508181994], [-88.80776838695783, 24.37709045135768], [-88.85272433013353, 24.37709045135768], [-88.89768027330922, 24.37709045135768], [-88.89768027330922, 24.42204639453337], [-88.94263621648491, 24.42204639453337], [-88.98759215966061, 24.42204639453337], [-88.98759215966061, 24.467002337709058], [-89.0325481028363, 24.467002337709058], [-89.0325481028363, 24.511958280884745], [-89.077504046012, 24.511958280884745], [-89.12245998918769, 24.511958280884745], [-89.12245998918769, 24.556914224060435], [-89.16741593236338, 24.556914224060435], [-89.21237187553908, 24.556914224060435], [-89.21237187553908, 24.60187016723612], [-89.25732781871477, 24.60187016723612], [-89.30228376189046, 24.60187016723612], [-89.30228376189046, 24.64682611041181], [-89.34723970506616, 24.64682611041181], [-89.43715159141755, 24.64682611041181], [-89.43715159141755, 24.6917820535875], [-89.48210753459324, 24.6917820535875], [-89.48210753459324, 24.736737996763186], [-89.52706347776893, 24.736737996763186], [-89.61697536412032, 24.736737996763186], [-89.61697536412032, 24.781693939938872], [-89.66193130729602, 24.781693939938872], [-89.7518431936474, 24.781693939938872], [-89.7518431936474, 24.826649883114563], [-89.7967991368231, 24.826649883114563], [-89.7967991368231, 24.87160582629025], [-89.84175507999879, 24.87160582629025], [-89.88671102317448, 24.87160582629025], [-89.88671102317448, 24.916561769465936], [-89.93166696635018, 24.916561769465936], [-89.93166696635018, 24.961517712641626], [-89.97662290952587, 24.961517712641626], [-89.97662290952587, 25.006473655817313], [-90.02157885270157, 25.006473655817313], [-90.15644668222865, 25.006473655817313], [-90.15644668222865, 25.051429598993], [-90.20140262540434, 25.051429598993], [-90.42618234128281, 25.051429598993], [-90.42618234128281, 25.09638554216869], [-90.4711382844585, 25.09638554216869], [-90.74087394351267, 25.09638554216869], [-90.74087394351267, 25.141341485344377], [-90.78582988668836, 25.141341485344377], [-90.92069771621544, 25.141341485344377], [-90.92069771621544, 25.186297428520064], [-90.96565365939114, 25.186297428520064], [-91.01060960256683, 25.186297428520064], [-91.01060960256683, 25.23125337169575], [-91.05556554574252, 25.23125337169575], [-91.10052148891822, 25.23125337169575], [-91.10052148891822, 25.27620931487144], [-91.14547743209391, 25.27620931487144], [-91.1904333752696, 25.27620931487144], [-91.1904333752696, 25.321165258047127], [-91.2353893184453, 25.321165258047127], [-91.280345261621, 25.321165258047127], [-91.280345261621, 25.366121201222814], [-91.32530120479669, 25.366121201222814], [-91.37025714797238, 25.366121201222814], [-91.37025714797238, 25.411077144398504], [-91.41521309114808, 25.411077144398504], [-91.46016903432377, 25.411077144398504], [-91.46016903432377, 25.45603308757419], [-91.50512497749946, 25.45603308757419], [-91.55008092067516, 25.45603308757419], [-91.55008092067516, 25.500989030749878], [-91.59503686385085, 25.500989030749878], [-91.72990469337793, 25.500989030749878], [-91.72990469337793, 25.545944973925568], [-91.77486063655363, 25.545944973925568], [-91.90972846608071, 25.545944973925568], [-91.90972846608071, 25.590900917101255], [-91.9546844092564, 25.590900917101255], [-91.9996403524321, 25.590900917101255], [-91.9996403524321, 25.63585686027694], [-92.04459629560779, 25.63585686027694], [-92.08955223878348, 25.63585686027694], [-92.08955223878348, 25.680812803452632], [-92.13450818195918, 25.680812803452632], [-92.17946412513487, 25.680812803452632], [-92.17946412513487, 25.72576874662832], [-92.22442006831056, 25.72576874662832], [-92.26937601148626, 25.72576874662832], [-92.26937601148626, 25.770724689804005], [-92.31433195466195, 25.770724689804005], [-92.35928789783765, 25.770724689804005], [-92.35928789783765, 25.815680632979692], [-92.40424384101334, 25.815680632979692], [-92.44919978418903, 25.815680632979692], [-92.44919978418903, 25.860636576155382], [-92.49415572736473, 25.860636576155382], [-92.53911167054042, 25.860636576155382], [-92.53911167054042, 25.90559251933107], [-92.58406761371612, 25.90559251933107], [-92.58406761371612, 25.950548462506756], [-92.62902355689181, 25.950548462506756], [-92.6739795000675, 25.950548462506756], [-92.6739795000675, 25.995504405682446], [-92.7189354432432, 25.995504405682446], [-92.7189354432432, 26.040460348858133], [-92.76389138641889, 26.040460348858133], [-92.80884732959458, 26.040460348858133], [-92.80884732959458, 26.08541629203382], [-92.85380327277028, 26.08541629203382], [-92.85380327277028, 26.13037223520951], [-92.89875921594597, 26.13037223520951], [-92.89875921594597, 26.175328178385197], [-92.94371515912167, 26.175328178385197], [-92.98867110229736, 26.175328178385197], [-92.98867110229736, 26.220284121560884], [-93.03362704547305, 26.220284121560884], [-93.07858298864875, 26.220284121560884], [-93.07858298864875, 26.265240064736574], [-93.12353893182444, 26.265240064736574], [-93.12353893182444, 26.31019600791226], [-93.16849487500014, 26.31019600791226], [-93.21345081817583, 26.31019600791226], [-93.21345081817583, 26.355151951087947], [-93.25840676135152, 26.355151951087947], [-93.25840676135152, 26.400107894263638], [-93.30336270452722, 26.400107894263638], [-93.30336270452722, 26.445063837439324], [-93.34831864770291, 26.445063837439324], [-93.34831864770291, 26.49001978061501], [-93.3932745908786, 26.49001978061501], [-93.3932745908786, 26.5349757237907], [-93.4382305340543, 26.5349757237907], [-93.48318647722999, 26.5349757237907], [-93.48318647722999, 26.579931666966388], [-93.52814242040569, 26.579931666966388], [-93.52814242040569, 26.624887610142075], [-93.57309836358138, 26.624887610142075], [-93.57309836358138, 26.66984355331776], [-93.61805430675707, 26.66984355331776], [-93.66301024993277, 26.66984355331776], [-93.66301024993277, 26.714799496493452], [-93.70796619310846, 26.714799496493452], [-93.70796619310846, 26.75975543966914], [-93.75292213628416, 26.75975543966914], [-93.75292213628416, 26.804711382844825], [-93.79787807945985, 26.804711382844825], [-93.79787807945985, 26.894623269196202], [-93.84283402263554, 26.894623269196202], [-93.84283402263554, 26.93957921237189], [-93.88778996581124, 26.93957921237189], [-93.88778996581124, 27.029491098723266], [-93.93274590898693, 27.029491098723266], [-93.93274590898693, 27.074447041898953], [-93.97770185216262, 27.074447041898953], [-94.02265779533832, 27.074447041898953], [-94.02265779533832, 27.119402985074643], [-94.06761373851401, 27.119402985074643], [-94.06761373851401, 27.16435892825033], [-94.1125696816897, 27.16435892825033], [-94.1125696816897, 27.209314871426017], [-94.1575256248654, 27.209314871426017], [-94.1575256248654, 27.254270814601703], [-94.2024815680411, 27.254270814601703], [-94.2024815680411, 27.299226757777394], [-94.24743751121679, 27.299226757777394], [-94.24743751121679, 27.389138644128767], [-94.29239345439248, 27.389138644128767], [-94.29239345439248, 27.479050530480144], [-94.33734939756818, 27.479050530480144], [-94.33734939756818, 27.56896241683152], [-94.38230534074387, 27.56896241683152], [-94.38230534074387, 27.613918360007208], [-94.42726128391956, 27.613918360007208], [-94.42726128391956, 27.658874303182895], [-94.47221722709526, 27.658874303182895], [-94.47221722709526, 27.748786189534272], [-94.51717317027095, 27.748786189534272], [-94.51717317027095, 27.79374213270996], [-94.56212911344664, 27.79374213270996], [-94.56212911344664, 27.83869807588565], [-94.60708505662234, 27.83869807588565], [-94.60708505662234, 27.883654019061336], [-94.65204099979803, 27.883654019061336], [-94.65204099979803, 27.928609962237022], [-94.69699694297373, 27.928609962237022], [-94.69699694297373, 27.973565905412713], [-94.74195288614942, 27.973565905412713], [-94.74195288614942, 28.063477791764086], [-94.78690882932511, 28.063477791764086], [-94.78690882932511, 28.108433734939773], [-94.83186477250081, 28.108433734939773], [-94.83186477250081, 28.19834562129115], [-94.8768207156765, 28.19834562129115], [-94.8768207156765, 28.288257507642527], [-94.9217766588522, 28.288257507642527], [-94.9217766588522, 28.42312533716959], [-94.96673260202789, 28.42312533716959], [-94.96673260202789, 28.557993166696654], [-95.01168854520358, 28.557993166696654], [-95.01168854520358, 28.60294910987234], [-95.05664448837928, 28.60294910987234], [-95.05664448837928, 28.692860996223715], [-95.10160043155497, 28.692860996223715], [-95.10160043155497, 28.78277288257509], [-95.14655637473066, 28.78277288257509], [-95.14655637473066, 28.917640712102155], [-95.19151231790636, 28.917640712102155], [-95.19151231790636, 29.142420427980596], [-95.23646826108205, 29.142420427980596], [-95.23646826108205, 29.367200143859034], [-95.28142420425775, 29.367200143859034], [-95.28142420425775, 29.547023916561784], [-95.32638014743344, 29.547023916561784], [-95.32638014743344, 29.771803632440225], [-95.37133609060913, 29.771803632440225], [-95.37133609060913, 29.996583348318666], [-95.41629203378483, 29.996583348318666], [-95.41629203378483, 30.446142780075544], [-95.46124797696052, 30.446142780075544], [-95.46124797696052, 31.210393814062236], [-95.41629203378483, 31.210393814062236], [-95.41629203378483, 31.659953245819114], [-95.37133609060913, 31.659953245819114], [-95.37133609060913, 31.884732961697555], [-95.32638014743344, 31.884732961697555], [-95.32638014743344, 32.064556734400306], [-95.28142420425775, 32.064556734400306], [-95.28142420425775, 32.24438050710306], [-95.23646826108205, 32.24438050710306], [-95.23646826108205, 32.33429239345443], [-95.19151231790636, 32.33429239345443], [-95.19151231790636, 32.42420427980581], [-95.14655637473066, 32.42420427980581], [-95.14655637473066, 32.51411616615718], [-95.10160043155497, 32.51411616615718], [-95.10160043155497, 32.559072109332874], [-95.05664448837928, 32.559072109332874], [-95.05664448837928, 32.64898399568425], [-95.01168854520358, 32.64898399568425], [-95.01168854520358, 32.693939938859934], [-94.96673260202789, 32.693939938859934], [-94.96673260202789, 32.783851825211315], [-94.9217766588522, 32.783851825211315], [-94.9217766588522, 32.828807768386994], [-94.8768207156765, 32.828807768386994], [-94.8768207156765, 32.918719654738375], [-94.83186477250081, 32.918719654738375], [-94.83186477250081, 32.96367559791406], [-94.78690882932511, 32.96367559791406], [-94.78690882932511, 33.053587484265435], [-94.74195288614942, 33.053587484265435], [-94.74195288614942, 33.09854342744113], [-94.69699694297373, 33.09854342744113], [-94.69699694297373, 33.1884553137925], [-94.65204099979803, 33.1884553137925], [-94.65204099979803, 33.23341125696819], [-94.60708505662234, 33.23341125696819], [-94.60708505662234, 33.278367200143876], [-94.56212911344664, 33.278367200143876], [-94.56212911344664, 33.32332314331956], [-94.51717317027095, 33.32332314331956], [-94.51717317027095, 33.36827908649525], [-94.47221722709526, 33.36827908649525], [-94.47221722709526, 33.41323502967094], [-94.42726128391956, 33.41323502967094], [-94.42726128391956, 33.50314691602232], [-94.38230534074387, 33.50314691602232], [-94.38230534074387, 33.548102859198], [-94.33734939756818, 33.548102859198], [-94.33734939756818, 33.59305880237369], [-94.29239345439248, 33.59305880237369], [-94.29239345439248, 33.63801474554938], [-94.24743751121679, 33.63801474554938], [-94.24743751121679, 33.68297068872507], [-94.2024815680411, 33.68297068872507], [-94.2024815680411, 33.772882575076444], [-94.1575256248654, 33.772882575076444], [-94.1575256248654, 33.81783851825213], [-94.1125696816897, 33.81783851825213], [-94.1125696816897, 33.86279446142782], [-94.02265779533832, 33.86279446142782], [-94.02265779533832, 33.907750404603505], [-93.97770185216262, 33.907750404603505], [-93.97770185216262, 33.9527063477792], [-93.93274590898693, 33.9527063477792], [-93.93274590898693, 33.997662290954885], [-93.88778996581124, 33.997662290954885], [-93.88778996581124, 34.04261823413057], [-93.79787807945985, 34.04261823413057], [-93.79787807945985, 34.08757417730626], [-93.75292213628416, 34.08757417730626], [-93.75292213628416, 34.132530120481945], [-93.66301024993277, 34.132530120481945], [-93.66301024993277, 34.17748606365763], [-93.61805430675707, 34.17748606365763], [-93.61805430675707, 34.22244200683332], [-93.52814242040569, 34.22244200683332], [-93.52814242040569, 34.26739795000901], [-93.48318647722999, 34.26739795000901], [-93.48318647722999, 34.3123538931847], [-93.3932745908786, 34.3123538931847], [-93.3932745908786, 34.357309836360386], [-93.34831864770291, 34.357309836360386], [-93.34831864770291, 34.40226577953607], [-93.25840676135152, 34.40226577953607], [-93.25840676135152, 34.44722172271176], [-93.16849487500014, 34.44722172271176], [-93.16849487500014, 34.492177665887446], [-93.07858298864875, 34.492177665887446], [-93.07858298864875, 34.53713360906314], [-92.98867110229736, 34.53713360906314], [-92.98867110229736, 34.58208955223883], [-92.89875921594597, 34.58208955223883], [-92.89875921594597, 34.627045495414514], [-92.85380327277028, 34.627045495414514], [-92.85380327277028, 34.6720014385902], [-92.76389138641889, 34.6720014385902], [-92.76389138641889, 34.71695738176589], [-92.7189354432432, 34.71695738176589], [-92.7189354432432, 34.761913324941574], [-92.62902355689181, 34.761913324941574], [-92.62902355689181, 34.80686926811727], [-92.53911167054042, 34.80686926811727], [-92.53911167054042, 34.851825211292955], [-92.40424384101334, 34.851825211292955], [-92.40424384101334, 34.89678115446864], [-92.22442006831056, 34.89678115446864], [-92.22442006831056, 34.94173709764433], [-91.90972846608071, 34.94173709764433], [-91.90972846608071, 34.986693040820015], [-91.68494875020224, 34.986693040820015], [-91.68494875020224, 35.0316489839957], [-91.46016903432377, 35.0316489839957], [-91.46016903432377, 35.07660492717139], [-91.37025714797238, 35.07660492717139], [-91.37025714797238, 35.12156087034708], [-91.280345261621, 35.12156087034708], [-91.280345261621, 35.16651681352277], [-91.1904333752696, 35.16651681352277], [-91.1904333752696, 35.211472756698456], [-91.05556554574252, 35.211472756698456], [-91.05556554574252, 35.25642869987414], [-90.11149073905295, 35.25642869987414], [-90.11149073905295, 35.211472756698456], [-89.66193130729602, 35.211472756698456], [-89.61697536412032, 35.211472756698456], [-89.61697536412032, 35.16651681352277], [-89.30228376189046, 35.16651681352277], [-89.25732781871477, 35.16651681352277], [-89.25732781871477, 35.12156087034708], [-88.98759215966061, 35.12156087034708], [-88.94263621648491, 35.12156087034708], [-88.94263621648491, 35.07660492717139], [-88.80776838695783, 35.07660492717139], [-88.76281244378214, 35.07660492717139], [-88.76281244378214, 35.0316489839957], [-88.67290055743075, 35.0316489839957], [-88.62794461425506, 35.0316489839957], [-88.62794461425506, 34.986693040820015], [-88.58298867107936, 34.986693040820015], [-88.53803272790367, 34.986693040820015], [-88.53803272790367, 34.94173709764433], [-88.49307678472798, 34.94173709764433], [-88.44812084155228, 34.94173709764433], [-88.44812084155228, 34.89678115446864], [-88.40316489837659, 34.89678115446864], [-88.40316489837659, 34.851825211292955], [-88.3582089552009, 34.851825211292955], [-88.3582089552009, 34.80686926811727], [-88.3132530120252, 34.80686926811727], [-88.2682970688495, 34.80686926811727], [-88.2682970688495, 34.761913324941574], [-88.22334112567381, 34.761913324941574], [-88.22334112567381, 34.71695738176589], [-88.17838518249812, 34.71695738176589], [-88.17838518249812, 34.6720014385902], [-88.13342923932242, 34.6720014385902], [-88.13342923932242, 34.627045495414514], [-88.08847329614673, 34.627045495414514], [-88.08847329614673, 34.58208955223883], [-88.04351735297104, 34.58208955223883], [-88.04351735297104, 34.53713360906314], [-87.99856140979534, 34.53713360906314], [-87.99856140979534, 34.492177665887446], [-87.95360546661965, 34.492177665887446], [-87.95360546661965, 34.44722172271176], [-87.90864952344396, 34.44722172271176], [-87.90864952344396, 34.40226577953607], [-87.86369358026826, 34.40226577953607], [-87.81873763709257, 34.40226577953607], [-87.81873763709257, 34.357309836360386], [-87.77378169391687, 34.357309836360386], [-87.77378169391687, 34.3123538931847], [-87.72882575074118, 34.3123538931847], [-87.72882575074118, 34.26739795000901], [-87.68386980756549, 34.26739795000901], [-87.68386980756549, 34.22244200683332], [-87.63891386438979, 34.22244200683332], [-87.63891386438979, 34.132530120481945], [-87.5939579212141, 34.132530120481945], [-87.5939579212141, 34.08757417730626], [-87.5490019780384, 34.08757417730626], [-87.5490019780384, 33.997662290954885], [-87.50404603486271, 33.997662290954885], [-87.50404603486271, 33.907750404603505], [-87.45909009168702, 33.907750404603505], [-87.45909009168702, 33.86279446142782], [-87.41413414851132, 33.86279446142782], [-87.41413414851132, 33.772882575076444], [-87.36917820533563, 33.772882575076444], [-87.36917820533563, 33.72792663190076], [-87.32422226215994, 33.72792663190076], [-87.32422226215994, 33.63801474554938], [-87.27926631898424, 33.63801474554938], [-87.27926631898424, 33.59305880237369], [-87.23431037580855, 33.59305880237369], [-87.23431037580855, 33.50314691602232], [-87.18935443263285, 33.50314691602232], [-87.18935443263285, 33.45819097284663], [-87.14439848945716, 33.45819097284663], [-87.14439848945716, 33.36827908649525], [-87.09944254628147, 33.36827908649525], [-87.09944254628147, 33.278367200143876], [-87.05448660310577, 33.278367200143876], [-87.05448660310577, 33.23341125696819], [-87.00953065993008, 33.23341125696819], [-87.00953065993008, 33.143499370616816], [-86.96457471675438, 33.143499370616816], [-86.96457471675438, 33.053587484265435], [-86.91961877357869, 33.053587484265435], [-86.91961877357869, 32.96367559791406], [-86.874662830403, 32.96367559791406], [-86.874662830403, 32.87376371156269], [-86.8297068872273, 32.87376371156269], [-86.8297068872273, 32.783851825211315], [-86.78475094405161, 32.783851825211315], [-86.78475094405161, 32.693939938859934], [-86.73979500087592, 32.693939938859934], [-86.73979500087592, 32.60402805250856], [-86.69483905770022, 32.60402805250856], [-86.69483905770022, 32.51411616615718], [-86.64988311452453, 32.51411616615718], [-86.64988311452453, 32.37924833663012], [-86.60492717134883, 32.37924833663012], [-86.60492717134883, 32.24438050710306], [-86.55997122817314, 32.24438050710306], [-86.55997122817314, 32.10951267757599], [-86.51501528499745, 32.10951267757599], [-86.51501528499745, 31.97464484804893], [-86.47005934182175, 31.97464484804893], [-86.47005934182175, 31.884732961697555], [-86.42510339864606, 31.884732961697555], [-86.42510339864606, 31.794821075346178], [-86.38014745547036, 31.794821075346178], [-86.38014745547036, 31.7049091889948], [-86.33519151229467, 31.7049091889948], [-86.33519151229467, 31.614997302643427], [-86.29023556911898, 31.614997302643427], [-86.29023556911898, 31.52508541629205], [-86.24527962594328, 31.52508541629205], [-86.24527962594328, 31.390217586764987], [-86.20032368276759, 31.390217586764987], [-86.20032368276759, 31.255349757237923], [-86.1553677395919, 31.255349757237923], [-86.1553677395919, 31.16543787088655], [-86.1104117964162, 31.16543787088655], [-86.1104117964162, 31.030570041359486], [-86.06545585324051, 31.030570041359486], [-86.06545585324051, 30.850746268656735], [-86.02049991006481, 30.850746268656735], [-86.02049991006481, 30.625966552778294], [-85.97554396688912, 30.625966552778294], [-85.97554396688912, 30.49109872325123], [-85.93058802371343, 30.49109872325123], [-85.93058802371343, 30.401186836899853], [-85.88563208053773, 30.401186836899853], [-85.88563208053773, 30.31127495054848], [-85.84067613736204, 30.31127495054848], [-85.84067613736204, 30.221363064197103], [-85.79572019418634, 30.221363064197103], [-85.79572019418634, 30.131451177845726], [-85.75076425101065, 30.131451177845726], [-85.75076425101065, 29.996583348318666], [-85.70580830783496, 29.996583348318666], [-85.70580830783496, 29.861715518791602], [-85.66085236465926, 29.861715518791602], [-85.66085236465926, 29.771803632440225], [-85.61589642148357, 29.771803632440225], [-85.61589642148357, 29.726847689264538], [-85.57094047830788, 29.726847689264538], [-85.57094047830788, 29.63693580291316], [-85.52598453513218, 29.63693580291316], [-85.52598453513218, 29.591979859737474], [-85.48102859195649, 29.591979859737474], [-85.48102859195649, 28.917640712102155], [-85.4360726487808, 28.917640712102155], [-85.4360726487808, 28.647905053048028], [-85.3911167056051, 28.647905053048028], [-85.3911167056051, 28.468081280345277], [-85.3461607624294, 28.468081280345277], [-85.3461607624294, 28.3781693939939], [-85.30120481925371, 28.3781693939939], [-85.30120481925371, 28.243301564466837], [-85.25624887607802, 28.243301564466837], [-85.25624887607802, 28.108433734939773], [-85.21129293290232, 28.108433734939773], [-85.21129293290232, 27.973565905412713], [-85.16633698972663, 27.973565905412713], [-85.16633698972663, 27.79374213270996], [-85.12138104655094, 27.79374213270996], [-85.12138104655094, 27.56896241683152], [-85.07642510337524, 27.56896241683152], [-85.07642510337524, 27.434094587304457], [-85.03146916019955, 27.434094587304457], [-85.03146916019955, 27.389138644128767], [-84.98651321702386, 27.389138644128767], [-84.98651321702386, 27.34418270095308], [-84.94155727384816, 27.34418270095308], [-84.94155727384816, 27.254270814601703], [-84.89660133067247, 27.254270814601703], [-84.89660133067247, 27.209314871426017], [-84.85164538749677, 27.209314871426017], [-84.85164538749677, 27.16435892825033], [-84.80668944432108, 27.16435892825033], [-84.80668944432108, 27.074447041898953], [-84.76173350114539, 27.074447041898953], [-84.76173350114539, 27.029491098723266], [-84.71677755796969, 27.029491098723266], [-84.71677755796969, 26.98453515554758], [-84.671821614794, 26.98453515554758], [-84.671821614794, 26.93957921237189], [-84.6268656716183, 26.93957921237189], [-84.6268656716183, 26.849667326020516], [-84.58190972844261, 26.849667326020516], [-84.58190972844261, 26.804711382844825], [-84.53695378526692, 26.804711382844825], [-84.53695378526692, 26.75975543966914], [-84.49199784209122, 26.75975543966914], [-84.49199784209122, 26.714799496493452], [-84.44704189891553, 26.714799496493452], [-84.44704189891553, 26.66984355331776], [-84.40208595573984, 26.66984355331776], [-84.40208595573984, 26.624887610142075], [-84.35713001256414, 26.624887610142075], [-84.35713001256414, 26.579931666966388], [-84.31217406938845, 26.579931666966388], [-84.31217406938845, 26.49001978061501], [-84.26721812621275, 26.49001978061501], [-84.26721812621275, 26.445063837439324], [-84.22226218303706, 26.445063837439324], [-84.22226218303706, 26.400107894263638], [-84.17730623986137, 26.400107894263638], [-84.17730623986137, 26.355151951087947], [-84.13235029668567, 26.355151951087947], [-84.13235029668567, 26.265240064736574], [-84.08739435350998, 26.265240064736574], [-84.08739435350998, 26.220284121560884], [-84.04243841033428, 26.220284121560884], [-84.04243841033428, 26.175328178385197], [-83.99748246715859, 26.175328178385197], [-83.99748246715859, 26.08541629203382], [-83.9525265239829, 26.08541629203382], [-83.9525265239829, 26.040460348858133], [-83.9075705808072, 26.040460348858133], [-83.9075705808072, 25.950548462506756], [-83.86261463763151, 25.950548462506756], [-83.86261463763151, 25.860636576155382], [-83.81765869445582, 25.860636576155382], [-83.81765869445582, 25.72576874662832], [-83.77270275128012, 25.72576874662832], [-83.77270275128012, 25.590900917101255], [-83.72774680810443, 25.590900917101255], [-83.72774680810443, 25.411077144398504], [-83.68279086492873, 25.411077144398504], [-83.68279086492873, 25.09638554216869], [-83.63783492175304, 25.09638554216869], [-83.63783492175304, 24.511958280884745], [-83.68279086492873, 24.511958280884745], [-83.68279086492873, 24.287178565006307], [-83.72774680810443, 24.287178565006307], [-83.72774680810443, 24.107354792303557], [-83.77270275128012, 24.107354792303557], [-83.77270275128012, 23.927531019600803], [-83.81765869445582, 23.927531019600803], [-83.81765869445582, 23.83761913324943], [-83.86261463763151, 23.83761913324943], [-83.86261463763151, 23.747707246898052], [-83.9075705808072, 23.747707246898052], [-83.9075705808072, 23.65779536054668], [-83.9525265239829, 23.65779536054668], [-83.9525265239829, 23.61283941737099], [-83.99748246715859, 23.61283941737099], [-83.99748246715859, 23.567883474195302], [-84.04243841033428, 23.567883474195302], [-84.04243841033428, 23.522927531019615], [-84.08739435350998, 23.522927531019615], [-84.08739435350998, 23.477971587843925], [-84.13235029668567, 23.477971587843925], [-84.13235029668567, 23.433015644668238], [-84.17730623986137, 23.433015644668238], [-84.17730623986137, 23.38805970149255], [-84.22226218303706, 23.38805970149255], [-84.22226218303706, 23.34310375831686], [-84.31217406938845, 23.34310375831686], [-84.31217406938845, 23.298147815141174], [-84.35713001256414, 23.298147815141174], [-84.35713001256414, 23.253191871965488], [-84.44704189891553, 23.253191871965488], [-84.44704189891553, 23.208235928789797], [-84.53695378526692, 23.208235928789797], [-84.53695378526692, 23.16327998561411], [-84.6268656716183, 23.16327998561411], [-84.6268656716183, 23.118324042438424], [-84.71677755796969, 23.118324042438424], [-84.71677755796969, 23.073368099262733], [-84.80668944432108, 23.073368099262733], [-84.80668944432108, 23.028412156087047], [-84.89660133067247, 23.028412156087047], [-84.89660133067247, 22.98345621291136], [-84.98651321702386, 22.98345621291136], [-84.98651321702386, 22.93850026973567], [-85.16633698972663, 22.93850026973567], [-85.16633698972663, 22.893544326559983], [-85.79572019418634, 22.893544326559983]], [[-84.76173350114539, 26.75975543966914], [-84.76173350114539, 26.804711382844825], [-84.80668944432108, 26.804711382844825], [-84.80668944432108, 26.849667326020516], [-84.85164538749677, 26.849667326020516], [-84.85164538749677, 26.93957921237189], [-84.89660133067247, 26.93957921237189], [-84.89660133067247, 26.98453515554758], [-84.94155727384816, 26.98453515554758], [-84.94155727384816, 27.029491098723266], [-84.98651321702386, 27.029491098723266], [-84.98651321702386, 27.074447041898953], [-85.03146916019955, 27.074447041898953], [-85.03146916019955, 27.16435892825033], [-85.07642510337524, 27.16435892825033], [-85.07642510337524, 27.209314871426017], [-85.12138104655094, 27.209314871426017], [-85.12138104655094, 27.299226757777394], [-85.16633698972663, 27.299226757777394], [-85.16633698972663, 27.34418270095308], [-85.21129293290232, 27.34418270095308], [-85.21129293290232, 27.434094587304457], [-85.25624887607802, 27.434094587304457], [-85.25624887607802, 27.479050530480144], [-85.30120481925371, 27.479050530480144], [-85.30120481925371, 27.56896241683152], [-85.3461607624294, 27.56896241683152], [-85.3461607624294, 27.613918360007208], [-85.3911167056051, 27.613918360007208], [-85.3911167056051, 27.703830246358585], [-85.4360726487808, 27.703830246358585], [-85.4360726487808, 27.79374213270996], [-85.48102859195649, 27.79374213270996], [-85.48102859195649, 27.83869807588565], [-85.52598453513218, 27.83869807588565], [-85.52598453513218, 27.883654019061336], [-85.57094047830788, 27.883654019061336], [-85.57094047830788, 27.973565905412713], [-85.61589642148357, 27.973565905412713], [-85.61589642148357, 28.063477791764086], [-85.66085236465926, 28.063477791764086], [-85.66085236465926, 28.108433734939773], [-85.70580830783496, 28.108433734939773], [-85.70580830783496, 28.19834562129115], [-85.75076425101065, 28.19834562129115], [-85.75076425101065, 28.288257507642527], [-85.79572019418634, 28.288257507642527], [-85.79572019418634, 28.333213450818214], [-85.84067613736204, 28.333213450818214], [-85.84067613736204, 28.3781693939939], [-85.88563208053773, 28.3781693939939], [-85.88563208053773, 28.468081280345277], [-85.93058802371343, 28.468081280345277], [-85.93058802371343, 28.513037223520964], [-85.97554396688912, 28.513037223520964], [-85.97554396688912, 28.557993166696654], [-86.02049991006481, 28.557993166696654], [-86.02049991006481, 28.647905053048028], [-86.06545585324051, 28.647905053048028], [-86.06545585324051, 28.692860996223715], [-86.1104117964162, 28.692860996223715], [-86.1104117964162, 28.78277288257509], [-86.1553677395919, 28.78277288257509], [-86.1553677395919, 28.87268476892647], [-86.20032368276759, 28.87268476892647], [-86.20032368276759, 28.917640712102155], [-86.24527962594328, 28.917640712102155], [-86.24527962594328, 28.962596655277842], [-86.29023556911898, 28.962596655277842], [-86.29023556911898, 29.007552598453533], [-86.33519151229467, 29.007552598453533], [-86.33519151229467, 29.097464484804906], [-86.38014745547036, 29.097464484804906], [-86.38014745547036, 29.187376371156283], [-86.42510339864606, 29.187376371156283], [-86.42510339864606, 29.27728825750766], [-86.47005934182175, 29.27728825750766], [-86.47005934182175, 29.367200143859034], [-86.51501528499745, 29.367200143859034], [-86.51501528499745, 29.502067973386097], [-86.55997122817314, 29.502067973386097], [-86.55997122817314, 29.681891746088848], [-86.60492717134883, 29.681891746088848], [-86.60492717134883, 29.861715518791602], [-86.64988311452453, 29.861715518791602], [-86.64988311452453, 29.951627405142975], [-86.69483905770022, 29.951627405142975], [-86.69483905770022, 30.041539291494352], [-86.73979500087592, 30.041539291494352], [-86.73979500087592, 30.08649523467004], [-86.78475094405161, 30.08649523467004], [-86.78475094405161, 30.176407121021416], [-86.8297068872273, 30.176407121021416], [-86.8297068872273, 30.221363064197103], [-86.874662830403, 30.221363064197103], [-86.874662830403, 30.26631900737279], [-86.91961877357869, 30.26631900737279], [-86.91961877357869, 30.31127495054848], [-86.96457471675438, 30.31127495054848], [-86.96457471675438, 30.356230893724167], [-87.00953065993008, 30.356230893724167], [-87.00953065993008, 30.401186836899853], [-87.05448660310577, 30.401186836899853], [-87.05448660310577, 30.446142780075544], [-87.09944254628147, 30.446142780075544], [-87.09944254628147, 30.49109872325123], [-87.14439848945716, 30.49109872325123], [-87.14439848945716, 30.625966552778294], [-87.18935443263285, 30.625966552778294], [-87.18935443263285, 30.805790325481045], [-87.23431037580855, 30.805790325481045], [-87.23431037580855, 30.985614098183795], [-87.27926631898424, 30.985614098183795], [-87.27926631898424, 31.12048192771086], [-87.32422226215994, 31.12048192771086], [-87.32422226215994, 31.255349757237923], [-87.36917820533563, 31.255349757237923], [-87.36917820533563, 31.390217586764987], [-87.41413414851132, 31.390217586764987], [-87.41413414851132, 31.480129473116364], [-87.45909009168702, 31.480129473116364], [-87.45909009168702, 31.570041359467737], [-87.50404603486271, 31.570041359467737], [-87.50404603486271, 31.659953245819114], [-87.5490019780384, 31.659953245819114], [-87.5490019780384, 31.74986513217049], [-87.5939579212141, 31.74986513217049], [-87.5939579212141, 31.839777018521865], [-87.63891386438979, 31.839777018521865], [-87.63891386438979, 31.92968890487324], [-87.68386980756549, 31.92968890487324], [-87.68386980756549, 31.97464484804893], [-87.72882575074118, 31.97464484804893], [-87.72882575074118, 32.064556734400306], [-87.77378169391687, 32.064556734400306], [-87.77378169391687, 32.154468620751686], [-87.81873763709257, 32.154468620751686], [-87.81873763709257, 32.199424563927366], [-87.86369358026826, 32.199424563927366], [-87.86369358026826, 32.289336450278746], [-87.90864952344396, 32.289336450278746], [-87.90864952344396, 32.33429239345443], [-87.95360546661965, 32.33429239345443], [-87.95360546661965, 32.37924833663012], [-87.99856140979534, 32.37924833663012], [-87.99856140979534, 32.42420427980581], [-88.04351735297104, 32.42420427980581], [-88.04351735297104, 32.51411616615718], [-88.08847329614673, 32.51411616615718], [-88.08847329614673, 32.60402805250856], [-88.13342923932242, 32.60402805250856], [-88.13342923932242, 32.693939938859934], [-88.17838518249812, 32.693939938859934], [-88.17838518249812, 32.783851825211315], [-88.22334112567381, 32.783851825211315], [-88.22334112567381, 32.828807768386994], [-88.2682970688495, 32.828807768386994], [-88.2682970688495, 32.918719654738375], [-88.3132530120252, 32.918719654738375], [-88.3132530120252, 32.96367559791406], [-88.3582089552009, 32.96367559791406], [-88.3582089552009, 33.00863154108975], [-88.40316489837659, 33.00863154108975], [-88.40316489837659, 33.053587484265435], [-88.44812084155228, 33.053587484265435], [-88.44812084155228, 33.09854342744113], [-88.49307678472798, 33.09854342744113], [-88.49307678472798, 33.1884553137925], [-88.53803272790367, 33.1884553137925], [-88.53803272790367, 33.23341125696819], [-88.58298867107936, 33.23341125696819], [-88.58298867107936, 33.32332314331956], [-88.62794461425506, 33.32332314331956], [-88.62794461425506, 33.36827908649525], [-88.67290055743075, 33.36827908649525], [-88.67290055743075, 33.41323502967094], [-88.71785650060644, 33.41323502967094], [-88.71785650060644, 33.45819097284663], [-88.76281244378214, 33.45819097284663], [-88.76281244378214, 33.50314691602232], [-88.80776838695783, 33.50314691602232], [-88.85272433013353, 33.50314691602232], [-88.85272433013353, 33.548102859198], [-88.89768027330922, 33.548102859198], [-88.89768027330922, 33.59305880237369], [-88.94263621648491, 33.59305880237369], [-88.94263621648491, 33.63801474554938], [-88.98759215966061, 33.63801474554938], [-88.98759215966061, 33.72792663190076], [-89.0325481028363, 33.72792663190076], [-89.0325481028363, 33.772882575076444], [-89.077504046012, 33.772882575076444], [-89.077504046012, 33.81783851825213], [-89.12245998918769, 33.81783851825213], [-89.12245998918769, 33.86279446142782], [-89.16741593236338, 33.86279446142782], [-89.21237187553908, 33.86279446142782], [-89.21237187553908, 33.907750404603505], [-89.25732781871477, 33.907750404603505], [-89.30228376189046, 33.907750404603505], [-89.30228376189046, 33.9527063477792], [-89.34723970506616, 33.9527063477792], [-89.39219564824185, 33.9527063477792], [-89.39219564824185, 33.997662290954885], [-89.43715159141755, 33.997662290954885], [-89.52706347776893, 33.997662290954885], [-89.52706347776893, 34.04261823413057], [-89.57201942094463, 34.04261823413057], [-89.57201942094463, 34.08757417730626], [-89.61697536412032, 34.08757417730626], [-89.66193130729602, 34.08757417730626], [-89.66193130729602, 34.132530120481945], [-89.70688725047171, 34.132530120481945], [-89.7518431936474, 34.132530120481945], [-89.7518431936474, 34.17748606365763], [-89.7967991368231, 34.17748606365763], [-89.84175507999879, 34.17748606365763], [-89.84175507999879, 34.22244200683332], [-89.88671102317448, 34.22244200683332], [-89.93166696635018, 34.22244200683332], [-89.93166696635018, 34.26739795000901], [-89.97662290952587, 34.26739795000901], [-90.20140262540434, 34.26739795000901], [-90.20140262540434, 34.3123538931847], [-90.24635856858004, 34.3123538931847], [-90.60600611398559, 34.3123538931847], [-90.60600611398559, 34.357309836360386], [-91.14547743209391, 34.357309836360386], [-91.14547743209391, 34.3123538931847], [-91.41521309114808, 34.3123538931847], [-91.41521309114808, 34.26739795000901], [-91.59503686385085, 34.26739795000901], [-91.59503686385085, 34.22244200683332], [-91.72990469337793, 34.22244200683332], [-91.72990469337793, 34.17748606365763], [-91.86477252290501, 34.17748606365763], [-91.86477252290501, 34.132530120481945], [-91.9546844092564, 34.132530120481945], [-91.9546844092564, 34.08757417730626], [-92.08955223878348, 34.08757417730626], [-92.08955223878348, 34.04261823413057], [-92.17946412513487, 34.04261823413057], [-92.17946412513487, 33.997662290954885], [-92.31433195466195, 33.997662290954885], [-92.31433195466195, 33.9527063477792], [-92.44919978418903, 33.9527063477792], [-92.44919978418903, 33.907750404603505], [-92.53911167054042, 33.907750404603505], [-92.53911167054042, 33.86279446142782], [-92.62902355689181, 33.86279446142782], [-92.62902355689181, 33.81783851825213], [-92.6739795000675, 33.81783851825213], [-92.6739795000675, 33.772882575076444], [-92.76389138641889, 33.772882575076444], [-92.76389138641889, 33.72792663190076], [-92.85380327277028, 33.72792663190076], [-92.85380327277028, 33.68297068872507], [-92.89875921594597, 33.68297068872507], [-92.89875921594597, 33.63801474554938], [-92.94371515912167, 33.63801474554938], [-92.94371515912167, 33.59305880237369], [-93.03362704547305, 33.59305880237369], [-93.03362704547305, 33.548102859198], [-93.07858298864875, 33.548102859198], [-93.07858298864875, 33.50314691602232], [-93.12353893182444, 33.50314691602232], [-93.12353893182444, 33.45819097284663], [-93.21345081817583, 33.45819097284663], [-93.21345081817583, 33.41323502967094], [-93.25840676135152, 33.41323502967094], [-93.25840676135152, 33.36827908649525], [-93.30336270452722, 33.36827908649525], [-93.30336270452722, 33.32332314331956], [-93.3932745908786, 33.32332314331956], [-93.3932745908786, 33.278367200143876], [-93.4382305340543, 33.278367200143876], [-93.4382305340543, 33.23341125696819], [-93.48318647722999, 33.23341125696819], [-93.48318647722999, 33.1884553137925], [-93.52814242040569, 33.1884553137925], [-93.52814242040569, 33.143499370616816], [-93.57309836358138, 33.143499370616816], [-93.57309836358138, 33.09854342744113], [-93.61805430675707, 33.09854342744113], [-93.61805430675707, 33.053587484265435], [-93.66301024993277, 33.053587484265435], [-93.66301024993277, 33.00863154108975], [-93.70796619310846, 33.00863154108975], [-93.70796619310846, 32.96367559791406], [-93.75292213628416, 32.96367559791406], [-93.75292213628416, 32.918719654738375], [-93.79787807945985, 32.918719654738375], [-93.79787807945985, 32.87376371156269], [-93.84283402263554, 32.87376371156269], [-93.84283402263554, 32.783851825211315], [-93.88778996581124, 32.783851825211315], [-93.88778996581124, 32.73889588203562], [-93.93274590898693, 32.73889588203562], [-93.93274590898693, 32.64898399568425], [-93.97770185216262, 32.64898399568425], [-93.97770185216262, 32.559072109332874], [-94.02265779533832, 32.559072109332874], [-94.02265779533832, 32.51411616615718], [-94.06761373851401, 32.51411616615718], [-94.06761373851401, 32.4691602229815], [-94.1125696816897, 32.4691602229815], [-94.1125696816897, 32.42420427980581], [-94.1575256248654, 32.42420427980581], [-94.1575256248654, 32.33429239345443], [-94.2024815680411, 32.33429239345443], [-94.2024815680411, 32.289336450278746], [-94.24743751121679, 32.289336450278746], [-94.24743751121679, 32.199424563927366], [-94.29239345439248, 32.199424563927366], [-94.29239345439248, 32.10951267757599], [-94.33734939756818, 32.10951267757599], [-94.33734939756818, 32.01960079122462], [-94.38230534074387, 32.01960079122462], [-94.38230534074387, 31.92968890487324], [-94.42726128391956, 31.92968890487324], [-94.42726128391956, 31.794821075346178], [-94.47221722709526, 31.794821075346178], [-94.47221722709526, 31.659953245819114], [-94.51717317027095, 31.659953245819114], [-94.51717317027095, 31.570041359467737], [-94.56212911344664, 31.570041359467737], [-94.56212911344664, 31.390217586764987], [-94.60708505662234, 31.390217586764987], [-94.60708505662234, 31.210393814062236], [-94.65204099979803, 31.210393814062236], [-94.65204099979803, 30.985614098183795], [-94.69699694297373, 30.985614098183795], [-94.69699694297373, 30.356230893724167], [-94.65204099979803, 30.356230893724167], [-94.65204099979803, 30.041539291494352], [-94.60708505662234, 30.041539291494352], [-94.60708505662234, 29.90667146196729], [-94.56212911344664, 29.90667146196729], [-94.56212911344664, 29.771803632440225], [-94.51717317027095, 29.771803632440225], [-94.51717317027095, 29.681891746088848], [-94.47221722709526, 29.681891746088848], [-94.47221722709526, 29.45711203021041], [-94.42726128391956, 29.45711203021041], [-94.42726128391956, 29.142420427980596], [-94.38230534074387, 29.142420427980596], [-94.38230534074387, 28.962596655277842], [-94.33734939756818, 28.962596655277842], [-94.33734939756818, 28.82772882575078], [-94.29239345439248, 28.82772882575078], [-94.29239345439248, 28.737816939399405], [-94.24743751121679, 28.737816939399405], [-94.24743751121679, 28.692860996223715], [-94.2024815680411, 28.692860996223715], [-94.2024815680411, 28.60294910987234], [-94.1575256248654, 28.60294910987234], [-94.1575256248654, 28.557993166696654], [-94.1125696816897, 28.557993166696654], [-94.1125696816897, 28.513037223520964], [-94.06761373851401, 28.513037223520964], [-94.06761373851401, 28.468081280345277], [-94.02265779533832, 28.468081280345277], [-94.02265779533832, 28.42312533716959], [-93.97770185216262, 28.42312533716959], [-93.97770185216262, 28.333213450818214], [-93.93274590898693, 28.333213450818214], [-93.93274590898693, 28.243301564466837], [-93.88778996581124, 28.243301564466837], [-93.88778996581124, 28.153389678115463], [-93.84283402263554, 28.153389678115463], [-93.84283402263554, 28.108433734939773], [-93.79787807945985, 28.108433734939773], [-93.79787807945985, 28.063477791764086], [-93.75292213628416, 28.063477791764086], [-93.75292213628416, 28.0185218485884], [-93.70796619310846, 28.0185218485884], [-93.70796619310846, 27.928609962237022], [-93.66301024993277, 27.928609962237022], [-93.66301024993277, 27.883654019061336], [-93.61805430675707, 27.883654019061336], [-93.61805430675707, 27.83869807588565], [-93.57309836358138, 27.83869807588565], [-93.57309836358138, 27.79374213270996], [-93.52814242040569, 27.79374213270996], [-93.52814242040569, 27.748786189534272], [-93.48318647722999, 27.748786189534272], [-93.48318647722999, 27.703830246358585], [-93.4382305340543, 27.703830246358585], [-93.4382305340543, 27.658874303182895], [-93.3932745908786, 27.658874303182895], [-93.3932745908786, 27.613918360007208], [-93.34831864770291, 27.613918360007208], [-93.34831864770291, 27.56896241683152], [-93.30336270452722, 27.56896241683152], [-93.30336270452722, 27.52400647365583], [-93.25840676135152, 27.52400647365583], [-93.25840676135152, 27.479050530480144], [-93.21345081817583, 27.479050530480144], [-93.21345081817583, 27.434094587304457], [-93.16849487500014, 27.434094587304457], [-93.12353893182444, 27.434094587304457], [-93.12353893182444, 27.389138644128767], [-93.07858298864875, 27.389138644128767], [-93.07858298864875, 27.34418270095308], [-93.03362704547305, 27.34418270095308], [-93.03362704547305, 27.299226757777394], [-92.98867110229736, 27.299226757777394], [-92.94371515912167, 27.299226757777394], [-92.94371515912167, 27.209314871426017], [-92.89875921594597, 27.209314871426017], [-92.89875921594597, 27.16435892825033], [-92.85380327277028, 27.16435892825033], [-92.85380327277028, 27.119402985074643], [-92.80884732959458, 27.119402985074643], [-92.76389138641889, 27.119402985074643], [-92.76389138641889, 27.074447041898953], [-92.7189354432432, 27.074447041898953], [-92.7189354432432, 27.029491098723266], [-92.6739795000675, 27.029491098723266], [-92.6739795000675, 26.98453515554758], [-92.62902355689181, 26.98453515554758], [-92.62902355689181, 26.93957921237189], [-92.58406761371612, 26.93957921237189], [-92.53911167054042, 26.93957921237189], [-92.53911167054042, 26.894623269196202], [-92.49415572736473, 26.894623269196202], [-92.49415572736473, 26.849667326020516], [-92.44919978418903, 26.849667326020516], [-92.44919978418903, 26.804711382844825], [-92.40424384101334, 26.804711382844825], [-92.40424384101334, 26.75975543966914], [-92.35928789783765, 26.75975543966914], [-92.35928789783765, 26.714799496493452], [-92.31433195466195, 26.714799496493452], [-92.26937601148626, 26.714799496493452], [-92.26937601148626, 26.66984355331776], [-92.22442006831056, 26.66984355331776], [-92.22442006831056, 26.624887610142075], [-92.17946412513487, 26.624887610142075], [-92.13450818195918, 26.624887610142075], [-92.13450818195918, 26.579931666966388], [-92.08955223878348, 26.579931666966388], [-92.08955223878348, 26.5349757237907], [-92.04459629560779, 26.5349757237907], [-91.9996403524321, 26.5349757237907], [-91.9996403524321, 26.49001978061501], [-91.9546844092564, 26.49001978061501], [-91.9546844092564, 26.445063837439324], [-91.90972846608071, 26.445063837439324], [-91.90972846608071, 26.400107894263638], [-91.86477252290501, 26.400107894263638], [-91.86477252290501, 26.355151951087947], [-91.81981657972932, 26.355151951087947], [-91.77486063655363, 26.355151951087947], [-91.77486063655363, 26.31019600791226], [-91.72990469337793, 26.31019600791226], [-91.72990469337793, 26.265240064736574], [-91.68494875020224, 26.265240064736574], [-91.63999280702654, 26.265240064736574], [-91.63999280702654, 26.220284121560884], [-91.59503686385085, 26.220284121560884], [-91.55008092067516, 26.220284121560884], [-91.55008092067516, 26.175328178385197], [-91.50512497749946, 26.175328178385197], [-91.50512497749946, 26.13037223520951], [-91.46016903432377, 26.13037223520951], [-91.41521309114808, 26.13037223520951], [-91.41521309114808, 26.08541629203382], [-91.37025714797238, 26.08541629203382], [-91.32530120479669, 26.08541629203382], [-91.32530120479669, 26.040460348858133], [-91.280345261621, 26.040460348858133], [-91.280345261621, 25.995504405682446], [-91.2353893184453, 25.995504405682446], [-91.1904333752696, 25.995504405682446], [-91.1904333752696, 25.950548462506756], [-91.14547743209391, 25.950548462506756], [-91.14547743209391, 25.90559251933107], [-91.10052148891822, 25.90559251933107], [-91.05556554574252, 25.90559251933107], [-91.05556554574252, 25.860636576155382], [-91.01060960256683, 25.860636576155382], [-91.01060960256683, 25.815680632979692], [-90.96565365939114, 25.815680632979692], [-90.92069771621544, 25.815680632979692], [-90.92069771621544, 25.770724689804005], [-90.87574177303975, 25.770724689804005], [-90.83078582986406, 25.770724689804005], [-90.83078582986406, 25.72576874662832], [-90.78582988668836, 25.72576874662832], [-90.74087394351267, 25.72576874662832], [-90.74087394351267, 25.680812803452632], [-90.69591800033697, 25.680812803452632], [-90.65096205716128, 25.680812803452632], [-90.65096205716128, 25.63585686027694], [-90.60600611398559, 25.63585686027694], [-90.60600611398559, 25.590900917101255], [-90.56105017080989, 25.590900917101255], [-90.5160942276342, 25.590900917101255], [-90.5160942276342, 25.545944973925568], [-90.4711382844585, 25.545944973925568], [-90.42618234128281, 25.545944973925568], [-90.42618234128281, 25.500989030749878], [-90.38122639810712, 25.500989030749878], [-90.38122639810712, 25.45603308757419], [-90.33627045493142, 25.45603308757419], [-90.29131451175573, 25.45603308757419], [-90.29131451175573, 25.411077144398504], [-90.24635856858004, 25.411077144398504], [-90.24635856858004, 25.366121201222814], [-90.20140262540434, 25.366121201222814], [-90.15644668222865, 25.366121201222814], [-90.15644668222865, 25.321165258047127], [-90.11149073905295, 25.321165258047127], [-90.11149073905295, 25.27620931487144], [-90.06653479587726, 25.27620931487144], [-90.02157885270157, 25.27620931487144], [-90.02157885270157, 25.23125337169575], [-89.97662290952587, 25.23125337169575], [-89.93166696635018, 25.23125337169575], [-89.93166696635018, 25.186297428520064], [-89.88671102317448, 25.186297428520064], [-89.84175507999879, 25.186297428520064], [-89.84175507999879, 25.141341485344377], [-89.7967991368231, 25.141341485344377], [-89.7967991368231, 25.09638554216869], [-89.7518431936474, 25.09638554216869], [-89.70688725047171, 25.09638554216869], [-89.70688725047171, 25.051429598993], [-89.66193130729602, 25.051429598993], [-89.66193130729602, 25.006473655817313], [-89.61697536412032, 25.006473655817313], [-89.57201942094463, 25.006473655817313], [-89.57201942094463, 24.961517712641626], [-89.52706347776893, 24.961517712641626], [-89.48210753459324, 24.961517712641626], [-89.48210753459324, 24.916561769465936], [-89.43715159141755, 24.916561769465936], [-89.43715159141755, 24.87160582629025], [-89.39219564824185, 24.87160582629025], [-89.34723970506616, 24.87160582629025], [-89.34723970506616, 24.826649883114563], [-89.30228376189046, 24.826649883114563], [-89.25732781871477, 24.826649883114563], [-89.25732781871477, 24.781693939938872], [-89.21237187553908, 24.781693939938872], [-89.16741593236338, 24.781693939938872], [-89.16741593236338, 24.736737996763186], [-89.12245998918769, 24.736737996763186], [-89.077504046012, 24.736737996763186], [-89.077504046012, 24.6917820535875], [-89.0325481028363, 24.6917820535875], [-89.0325481028363, 24.64682611041181], [-88.98759215966061, 24.64682611041181], [-88.94263621648491, 24.64682611041181], [-88.94263621648491, 24.60187016723612], [-88.89768027330922, 24.60187016723612], [-88.85272433013353, 24.60187016723612], [-88.85272433013353, 24.556914224060435], [-88.80776838695783, 24.556914224060435], [-88.76281244378214, 24.556914224060435], [-88.76281244378214, 24.511958280884745], [-88.71785650060644, 24.511958280884745], [-88.71785650060644, 24.467002337709058], [-88.67290055743075, 24.467002337709058], [-88.62794461425506, 24.467002337709058], [-88.62794461425506, 24.42204639453337], [-88.58298867107936, 24.42204639453337], [-88.53803272790367, 24.42204639453337], [-88.53803272790367, 24.37709045135768], [-88.49307678472798, 24.37709045135768], [-88.44812084155228, 24.37709045135768], [-88.44812084155228, 24.332134508181994], [-88.40316489837659, 24.332134508181994], [-88.3582089552009, 24.332134508181994], [-88.3582089552009, 24.287178565006307], [-88.3132530120252, 24.287178565006307], [-88.2682970688495, 24.287178565006307], [-88.2682970688495, 24.24222262183062], [-88.22334112567381, 24.24222262183062], [-88.17838518249812, 24.24222262183062], [-88.17838518249812, 24.19726667865493], [-88.13342923932242, 24.19726667865493], [-88.08847329614673, 24.19726667865493], [-88.08847329614673, 24.152310735479244], [-88.04351735297104, 24.152310735479244], [-88.04351735297104, 24.107354792303557], [-87.99856140979534, 24.107354792303557], [-87.95360546661965, 24.107354792303557], [-87.95360546661965, 24.062398849127867], [-87.90864952344396, 24.062398849127867], [-87.86369358026826, 24.062398849127867], [-87.86369358026826, 24.01744290595218], [-87.81873763709257, 24.01744290595218], [-87.77378169391687, 24.01744290595218], [-87.77378169391687, 23.972486962776493], [-87.72882575074118, 23.972486962776493], [-87.68386980756549, 23.972486962776493], [-87.68386980756549, 23.927531019600803], [-87.63891386438979, 23.927531019600803], [-87.5939579212141, 23.927531019600803], [-87.5939579212141, 23.882575076425116], [-87.5490019780384, 23.882575076425116], [-87.5490019780384, 23.83761913324943], [-87.50404603486271, 23.83761913324943], [-87.45909009168702, 23.83761913324943], [-87.45909009168702, 23.79266319007374], [-87.41413414851132, 23.79266319007374], [-87.36917820533563, 23.79266319007374], [-87.36917820533563, 23.747707246898052], [-87.32422226215994, 23.747707246898052], [-87.27926631898424, 23.747707246898052], [-87.27926631898424, 23.702751303722366], [-87.23431037580855, 23.702751303722366], [-87.23431037580855, 23.65779536054668], [-87.18935443263285, 23.65779536054668], [-87.14439848945716, 23.65779536054668], [-87.14439848945716, 23.61283941737099], [-87.09944254628147, 23.61283941737099], [-87.05448660310577, 23.61283941737099], [-87.05448660310577, 23.567883474195302], [-87.00953065993008, 23.567883474195302], [-86.96457471675438, 23.567883474195302], [-86.96457471675438, 23.522927531019615], [-86.91961877357869, 23.522927531019615], [-86.874662830403, 23.522927531019615], [-86.874662830403, 23.477971587843925], [-86.8297068872273, 23.477971587843925], [-86.78475094405161, 23.477971587843925], [-86.78475094405161, 23.433015644668238], [-86.73979500087592, 23.433015644668238], [-86.69483905770022, 23.433015644668238], [-86.69483905770022, 23.38805970149255], [-86.64988311452453, 23.38805970149255], [-86.60492717134883, 23.38805970149255], [-86.60492717134883, 23.34310375831686], [-86.51501528499745, 23.34310375831686], [-86.47005934182175, 23.34310375831686], [-86.47005934182175, 23.298147815141174], [-86.42510339864606, 23.298147815141174], [-86.38014745547036, 23.298147815141174], [-86.38014745547036, 23.253191871965488], [-86.29023556911898, 23.253191871965488], [-86.24527962594328, 23.253191871965488], [-86.24527962594328, 23.208235928789797], [-86.20032368276759, 23.208235928789797], [-86.1553677395919, 23.208235928789797], [-86.1553677395919, 23.16327998561411], [-86.1104117964162, 23.16327998561411], [-86.06545585324051, 23.16327998561411], [-86.06545585324051, 23.118324042438424], [-85.97554396688912, 23.118324042438424], [-85.93058802371343, 23.118324042438424], [-85.93058802371343, 23.073368099262733], [-85.84067613736204, 23.073368099262733], [-85.79572019418634, 23.073368099262733], [-85.79572019418634, 23.028412156087047], [-85.57094047830788, 23.028412156087047], [-85.52598453513218, 23.028412156087047], [-85.52598453513218, 22.98345621291136], [-85.4360726487808, 22.98345621291136], [-85.4360726487808, 23.028412156087047], [-85.16633698972663, 23.028412156087047], [-85.16633698972663, 23.073368099262733], [-85.03146916019955, 23.073368099262733], [-85.03146916019955, 23.118324042438424], [-84.94155727384816, 23.118324042438424], [-84.94155727384816, 23.16327998561411], [-84.85164538749677, 23.16327998561411], [-84.85164538749677, 23.208235928789797], [-84.76173350114539, 23.208235928789797], [-84.76173350114539, 23.253191871965488], [-84.671821614794, 23.253191871965488], [-84.671821614794, 23.298147815141174], [-84.58190972844261, 23.298147815141174], [-84.58190972844261, 23.34310375831686], [-84.49199784209122, 23.34310375831686], [-84.49199784209122, 23.38805970149255], [-84.40208595573984, 23.38805970149255], [-84.40208595573984, 23.433015644668238], [-84.31217406938845, 23.433015644668238], [-84.31217406938845, 23.477971587843925], [-84.26721812621275, 23.477971587843925], [-84.26721812621275, 23.522927531019615], [-84.22226218303706, 23.522927531019615], [-84.22226218303706, 23.567883474195302], [-84.17730623986137, 23.567883474195302], [-84.17730623986137, 23.61283941737099], [-84.13235029668567, 23.61283941737099], [-84.13235029668567, 23.65779536054668], [-84.08739435350998, 23.65779536054668], [-84.08739435350998, 23.702751303722366], [-84.04243841033428, 23.702751303722366], [-84.04243841033428, 23.747707246898052], [-83.99748246715859, 23.747707246898052], [-83.99748246715859, 23.83761913324943], [-83.9525265239829, 23.83761913324943], [-83.9525265239829, 23.927531019600803], [-83.9075705808072, 23.927531019600803], [-83.9075705808072, 24.062398849127867], [-83.86261463763151, 24.062398849127867], [-83.86261463763151, 24.19726667865493], [-83.81765869445582, 24.19726667865493], [-83.81765869445582, 24.42204639453337], [-83.77270275128012, 24.42204639453337], [-83.77270275128012, 25.186297428520064], [-83.81765869445582, 25.186297428520064], [-83.81765869445582, 25.45603308757419], [-83.86261463763151, 25.45603308757419], [-83.86261463763151, 25.590900917101255], [-83.9075705808072, 25.590900917101255], [-83.9075705808072, 25.72576874662832], [-83.9525265239829, 25.72576874662832], [-83.9525265239829, 25.815680632979692], [-83.99748246715859, 25.815680632979692], [-83.99748246715859, 25.90559251933107], [-84.04243841033428, 25.90559251933107], [-84.04243841033428, 25.995504405682446], [-84.08739435350998, 25.995504405682446], [-84.08739435350998, 26.040460348858133], [-84.13235029668567, 26.040460348858133], [-84.13235029668567, 26.08541629203382], [-84.17730623986137, 26.08541629203382], [-84.17730623986137, 26.13037223520951], [-84.22226218303706, 26.13037223520951], [-84.22226218303706, 26.220284121560884], [-84.26721812621275, 26.220284121560884], [-84.26721812621275, 26.265240064736574], [-84.31217406938845, 26.265240064736574], [-84.31217406938845, 26.31019600791226], [-84.35713001256414, 26.31019600791226], [-84.35713001256414, 26.355151951087947], [-84.40208595573984, 26.355151951087947], [-84.40208595573984, 26.400107894263638], [-84.44704189891553, 26.400107894263638], [-84.44704189891553, 26.445063837439324], [-84.49199784209122, 26.445063837439324], [-84.49199784209122, 26.49001978061501], [-84.53695378526692, 26.49001978061501], [-84.53695378526692, 26.5349757237907], [-84.58190972844261, 26.5349757237907], [-84.58190972844261, 26.624887610142075], [-84.6268656716183, 26.624887610142075], [-84.6268656716183, 26.66984355331776], [-84.671821614794, 26.66984355331776], [-84.671821614794, 26.714799496493452], [-84.71677755796969, 26.714799496493452], [-84.71677755796969, 26.75975543966914], [-84.76173350114539, 26.75975543966914]]]]}}, {"type": "Feature", "properties": {"shapefile": "2021082812_wsp34knt120hr_5km", "PERCENTAGE": "20-30%"}, "geometry": {"type": "MultiPolygon", "coordinates": [[[[-85.52598453513218, 22.98345621291136], [-85.52598453513218, 23.028412156087047], [-85.57094047830788, 23.028412156087047], [-85.79572019418634, 23.028412156087047], [-85.79572019418634, 23.073368099262733], [-85.84067613736204, 23.073368099262733], [-85.93058802371343, 23.073368099262733], [-85.93058802371343, 23.118324042438424], [-85.97554396688912, 23.118324042438424], [-86.06545585324051, 23.118324042438424], [-86.06545585324051, 23.16327998561411], [-86.1104117964162, 23.16327998561411], [-86.1553677395919, 23.16327998561411], [-86.1553677395919, 23.208235928789797], [-86.20032368276759, 23.208235928789797], [-86.24527962594328, 23.208235928789797], [-86.24527962594328, 23.253191871965488], [-86.29023556911898, 23.253191871965488], [-86.38014745547036, 23.253191871965488], [-86.38014745547036, 23.298147815141174], [-86.42510339864606, 23.298147815141174], [-86.47005934182175, 23.298147815141174], [-86.47005934182175, 23.34310375831686], [-86.51501528499745, 23.34310375831686], [-86.60492717134883, 23.34310375831686], [-86.60492717134883, 23.38805970149255], [-86.64988311452453, 23.38805970149255], [-86.69483905770022, 23.38805970149255], [-86.69483905770022, 23.433015644668238], [-86.73979500087592, 23.433015644668238], [-86.78475094405161, 23.433015644668238], [-86.78475094405161, 23.477971587843925], [-86.8297068872273, 23.477971587843925], [-86.874662830403, 23.477971587843925], [-86.874662830403, 23.522927531019615], [-86.91961877357869, 23.522927531019615], [-86.96457471675438, 23.522927531019615], [-86.96457471675438, 23.567883474195302], [-87.00953065993008, 23.567883474195302], [-87.05448660310577, 23.567883474195302], [-87.05448660310577, 23.61283941737099], [-87.09944254628147, 23.61283941737099], [-87.14439848945716, 23.61283941737099], [-87.14439848945716, 23.65779536054668], [-87.18935443263285, 23.65779536054668], [-87.23431037580855, 23.65779536054668], [-87.23431037580855, 23.702751303722366], [-87.27926631898424, 23.702751303722366], [-87.27926631898424, 23.747707246898052], [-87.32422226215994, 23.747707246898052], [-87.36917820533563, 23.747707246898052], [-87.36917820533563, 23.79266319007374], [-87.41413414851132, 23.79266319007374], [-87.45909009168702, 23.79266319007374], [-87.45909009168702, 23.83761913324943], [-87.50404603486271, 23.83761913324943], [-87.5490019780384, 23.83761913324943], [-87.5490019780384, 23.882575076425116], [-87.5939579212141, 23.882575076425116], [-87.5939579212141, 23.927531019600803], [-87.63891386438979, 23.927531019600803], [-87.68386980756549, 23.927531019600803], [-87.68386980756549, 23.972486962776493], [-87.72882575074118, 23.972486962776493], [-87.77378169391687, 23.972486962776493], [-87.77378169391687, 24.01744290595218], [-87.81873763709257, 24.01744290595218], [-87.86369358026826, 24.01744290595218], [-87.86369358026826, 24.062398849127867], [-87.90864952344396, 24.062398849127867], [-87.95360546661965, 24.062398849127867], [-87.95360546661965, 24.107354792303557], [-87.99856140979534, 24.107354792303557], [-88.04351735297104, 24.107354792303557], [-88.04351735297104, 24.152310735479244], [-88.08847329614673, 24.152310735479244], [-88.08847329614673, 24.19726667865493], [-88.13342923932242, 24.19726667865493], [-88.17838518249812, 24.19726667865493], [-88.17838518249812, 24.24222262183062], [-88.22334112567381, 24.24222262183062], [-88.2682970688495, 24.24222262183062], [-88.2682970688495, 24.287178565006307], [-88.3132530120252, 24.287178565006307], [-88.3582089552009, 24.287178565006307], [-88.3582089552009, 24.332134508181994], [-88.40316489837659, 24.332134508181994], [-88.44812084155228, 24.332134508181994], [-88.44812084155228, 24.37709045135768], [-88.49307678472798, 24.37709045135768], [-88.53803272790367, 24.37709045135768], [-88.53803272790367, 24.42204639453337], [-88.58298867107936, 24.42204639453337], [-88.62794461425506, 24.42204639453337], [-88.62794461425506, 24.467002337709058], [-88.67290055743075, 24.467002337709058], [-88.71785650060644, 24.467002337709058], [-88.71785650060644, 24.511958280884745], [-88.76281244378214, 24.511958280884745], [-88.76281244378214, 24.556914224060435], [-88.80776838695783, 24.556914224060435], [-88.85272433013353, 24.556914224060435], [-88.85272433013353, 24.60187016723612], [-88.89768027330922, 24.60187016723612], [-88.94263621648491, 24.60187016723612], [-88.94263621648491, 24.64682611041181], [-88.98759215966061, 24.64682611041181], [-89.0325481028363, 24.64682611041181], [-89.0325481028363, 24.6917820535875], [-89.077504046012, 24.6917820535875], [-89.077504046012, 24.736737996763186], [-89.12245998918769, 24.736737996763186], [-89.16741593236338, 24.736737996763186], [-89.16741593236338, 24.781693939938872], [-89.21237187553908, 24.781693939938872], [-89.25732781871477, 24.781693939938872], [-89.25732781871477, 24.826649883114563], [-89.30228376189046, 24.826649883114563], [-89.34723970506616, 24.826649883114563], [-89.34723970506616, 24.87160582629025], [-89.39219564824185, 24.87160582629025], [-89.43715159141755, 24.87160582629025], [-89.43715159141755, 24.916561769465936], [-89.48210753459324, 24.916561769465936], [-89.48210753459324, 24.961517712641626], [-89.52706347776893, 24.961517712641626], [-89.57201942094463, 24.961517712641626], [-89.57201942094463, 25.006473655817313], [-89.61697536412032, 25.006473655817313], [-89.66193130729602, 25.006473655817313], [-89.66193130729602, 25.051429598993], [-89.70688725047171, 25.051429598993], [-89.70688725047171, 25.09638554216869], [-89.7518431936474, 25.09638554216869], [-89.7967991368231, 25.09638554216869], [-89.7967991368231, 25.141341485344377], [-89.84175507999879, 25.141341485344377], [-89.84175507999879, 25.186297428520064], [-89.88671102317448, 25.186297428520064], [-89.93166696635018, 25.186297428520064], [-89.93166696635018, 25.23125337169575], [-89.97662290952587, 25.23125337169575], [-90.02157885270157, 25.23125337169575], [-90.02157885270157, 25.27620931487144], [-90.06653479587726, 25.27620931487144], [-90.11149073905295, 25.27620931487144], [-90.11149073905295, 25.321165258047127], [-90.15644668222865, 25.321165258047127], [-90.15644668222865, 25.366121201222814], [-90.20140262540434, 25.366121201222814], [-90.24635856858004, 25.366121201222814], [-90.24635856858004, 25.411077144398504], [-90.29131451175573, 25.411077144398504], [-90.29131451175573, 25.45603308757419], [-90.33627045493142, 25.45603308757419], [-90.38122639810712, 25.45603308757419], [-90.38122639810712, 25.500989030749878], [-90.42618234128281, 25.500989030749878], [-90.42618234128281, 25.545944973925568], [-90.4711382844585, 25.545944973925568], [-90.5160942276342, 25.545944973925568], [-90.5160942276342, 25.590900917101255], [-90.56105017080989, 25.590900917101255], [-90.60600611398559, 25.590900917101255], [-90.60600611398559, 25.63585686027694], [-90.65096205716128, 25.63585686027694], [-90.65096205716128, 25.680812803452632], [-90.69591800033697, 25.680812803452632], [-90.74087394351267, 25.680812803452632], [-90.74087394351267, 25.72576874662832], [-90.78582988668836, 25.72576874662832], [-90.83078582986406, 25.72576874662832], [-90.83078582986406, 25.770724689804005], [-90.87574177303975, 25.770724689804005], [-90.92069771621544, 25.770724689804005], [-90.92069771621544, 25.815680632979692], [-90.96565365939114, 25.815680632979692], [-91.01060960256683, 25.815680632979692], [-91.01060960256683, 25.860636576155382], [-91.05556554574252, 25.860636576155382], [-91.05556554574252, 25.90559251933107], [-91.10052148891822, 25.90559251933107], [-91.14547743209391, 25.90559251933107], [-91.14547743209391, 25.950548462506756], [-91.1904333752696, 25.950548462506756], [-91.1904333752696, 25.995504405682446], [-91.2353893184453, 25.995504405682446], [-91.280345261621, 25.995504405682446], [-91.280345261621, 26.040460348858133], [-91.32530120479669, 26.040460348858133], [-91.32530120479669, 26.08541629203382], [-91.37025714797238, 26.08541629203382], [-91.41521309114808, 26.08541629203382], [-91.41521309114808, 26.13037223520951], [-91.46016903432377, 26.13037223520951], [-91.50512497749946, 26.13037223520951], [-91.50512497749946, 26.175328178385197], [-91.55008092067516, 26.175328178385197], [-91.55008092067516, 26.220284121560884], [-91.59503686385085, 26.220284121560884], [-91.63999280702654, 26.220284121560884], [-91.63999280702654, 26.265240064736574], [-91.68494875020224, 26.265240064736574], [-91.72990469337793, 26.265240064736574], [-91.72990469337793, 26.31019600791226], [-91.77486063655363, 26.31019600791226], [-91.77486063655363, 26.355151951087947], [-91.81981657972932, 26.355151951087947], [-91.86477252290501, 26.355151951087947], [-91.86477252290501, 26.400107894263638], [-91.90972846608071, 26.400107894263638], [-91.90972846608071, 26.445063837439324], [-91.9546844092564, 26.445063837439324], [-91.9546844092564, 26.49001978061501], [-91.9996403524321, 26.49001978061501], [-91.9996403524321, 26.5349757237907], [-92.04459629560779, 26.5349757237907], [-92.08955223878348, 26.5349757237907], [-92.08955223878348, 26.579931666966388], [-92.13450818195918, 26.579931666966388], [-92.13450818195918, 26.624887610142075], [-92.17946412513487, 26.624887610142075], [-92.22442006831056, 26.624887610142075], [-92.22442006831056, 26.66984355331776], [-92.26937601148626, 26.66984355331776], [-92.26937601148626, 26.714799496493452], [-92.31433195466195, 26.714799496493452], [-92.35928789783765, 26.714799496493452], [-92.35928789783765, 26.75975543966914], [-92.40424384101334, 26.75975543966914], [-92.40424384101334, 26.804711382844825], [-92.44919978418903, 26.804711382844825], [-92.44919978418903, 26.849667326020516], [-92.49415572736473, 26.849667326020516], [-92.49415572736473, 26.894623269196202], [-92.53911167054042, 26.894623269196202], [-92.53911167054042, 26.93957921237189], [-92.58406761371612, 26.93957921237189], [-92.62902355689181, 26.93957921237189], [-92.62902355689181, 26.98453515554758], [-92.6739795000675, 26.98453515554758], [-92.6739795000675, 27.029491098723266], [-92.7189354432432, 27.029491098723266], [-92.7189354432432, 27.074447041898953], [-92.76389138641889, 27.074447041898953], [-92.76389138641889, 27.119402985074643], [-92.80884732959458, 27.119402985074643], [-92.85380327277028, 27.119402985074643], [-92.85380327277028, 27.16435892825033], [-92.89875921594597, 27.16435892825033], [-92.89875921594597, 27.209314871426017], [-92.94371515912167, 27.209314871426017], [-92.94371515912167, 27.299226757777394], [-92.98867110229736, 27.299226757777394], [-93.03362704547305, 27.299226757777394], [-93.03362704547305, 27.34418270095308], [-93.07858298864875, 27.34418270095308], [-93.07858298864875, 27.389138644128767], [-93.12353893182444, 27.389138644128767], [-93.12353893182444, 27.434094587304457], [-93.16849487500014, 27.434094587304457], [-93.21345081817583, 27.434094587304457], [-93.21345081817583, 27.479050530480144], [-93.25840676135152, 27.479050530480144], [-93.25840676135152, 27.52400647365583], [-93.30336270452722, 27.52400647365583], [-93.30336270452722, 27.56896241683152], [-93.34831864770291, 27.56896241683152], [-93.34831864770291, 27.613918360007208], [-93.3932745908786, 27.613918360007208], [-93.3932745908786, 27.658874303182895], [-93.4382305340543, 27.658874303182895], [-93.4382305340543, 27.703830246358585], [-93.48318647722999, 27.703830246358585], [-93.48318647722999, 27.748786189534272], [-93.52814242040569, 27.748786189534272], [-93.52814242040569, 27.79374213270996], [-93.57309836358138, 27.79374213270996], [-93.57309836358138, 27.83869807588565], [-93.61805430675707, 27.83869807588565], [-93.61805430675707, 27.883654019061336], [-93.66301024993277, 27.883654019061336], [-93.66301024993277, 27.928609962237022], [-93.70796619310846, 27.928609962237022], [-93.70796619310846, 28.0185218485884], [-93.75292213628416, 28.0185218485884], [-93.75292213628416, 28.063477791764086], [-93.79787807945985, 28.063477791764086], [-93.79787807945985, 28.108433734939773], [-93.84283402263554, 28.108433734939773], [-93.84283402263554, 28.153389678115463], [-93.88778996581124, 28.153389678115463], [-93.88778996581124, 28.243301564466837], [-93.93274590898693, 28.243301564466837], [-93.93274590898693, 28.333213450818214], [-93.97770185216262, 28.333213450818214], [-93.97770185216262, 28.42312533716959], [-94.02265779533832, 28.42312533716959], [-94.02265779533832, 28.468081280345277], [-94.06761373851401, 28.468081280345277], [-94.06761373851401, 28.513037223520964], [-94.1125696816897, 28.513037223520964], [-94.1125696816897, 28.557993166696654], [-94.1575256248654, 28.557993166696654], [-94.1575256248654, 28.60294910987234], [-94.2024815680411, 28.60294910987234], [-94.2024815680411, 28.692860996223715], [-94.24743751121679, 28.692860996223715], [-94.24743751121679, 28.737816939399405], [-94.29239345439248, 28.737816939399405], [-94.29239345439248, 28.82772882575078], [-94.33734939756818, 28.82772882575078], [-94.33734939756818, 28.962596655277842], [-94.38230534074387, 28.962596655277842], [-94.38230534074387, 29.142420427980596], [-94.42726128391956, 29.142420427980596], [-94.42726128391956, 29.45711203021041], [-94.47221722709526, 29.45711203021041], [-94.47221722709526, 29.681891746088848], [-94.51717317027095, 29.681891746088848], [-94.51717317027095, 29.771803632440225], [-94.56212911344664, 29.771803632440225], [-94.56212911344664, 29.90667146196729], [-94.60708505662234, 29.90667146196729], [-94.60708505662234, 30.041539291494352], [-94.65204099979803, 30.041539291494352], [-94.65204099979803, 30.356230893724167], [-94.69699694297373, 30.356230893724167], [-94.69699694297373, 30.985614098183795], [-94.65204099979803, 30.985614098183795], [-94.65204099979803, 31.210393814062236], [-94.60708505662234, 31.210393814062236], [-94.60708505662234, 31.390217586764987], [-94.56212911344664, 31.390217586764987], [-94.56212911344664, 31.570041359467737], [-94.51717317027095, 31.570041359467737], [-94.51717317027095, 31.659953245819114], [-94.47221722709526, 31.659953245819114], [-94.47221722709526, 31.794821075346178], [-94.42726128391956, 31.794821075346178], [-94.42726128391956, 31.92968890487324], [-94.38230534074387, 31.92968890487324], [-94.38230534074387, 32.01960079122462], [-94.33734939756818, 32.01960079122462], [-94.33734939756818, 32.10951267757599], [-94.29239345439248, 32.10951267757599], [-94.29239345439248, 32.199424563927366], [-94.24743751121679, 32.199424563927366], [-94.24743751121679, 32.289336450278746], [-94.2024815680411, 32.289336450278746], [-94.2024815680411, 32.33429239345443], [-94.1575256248654, 32.33429239345443], [-94.1575256248654, 32.42420427980581], [-94.1125696816897, 32.42420427980581], [-94.1125696816897, 32.4691602229815], [-94.06761373851401, 32.4691602229815], [-94.06761373851401, 32.51411616615718], [-94.02265779533832, 32.51411616615718], [-94.02265779533832, 32.559072109332874], [-93.97770185216262, 32.559072109332874], [-93.97770185216262, 32.64898399568425], [-93.93274590898693, 32.64898399568425], [-93.93274590898693, 32.73889588203562], [-93.88778996581124, 32.73889588203562], [-93.88778996581124, 32.783851825211315], [-93.84283402263554, 32.783851825211315], [-93.84283402263554, 32.87376371156269], [-93.79787807945985, 32.87376371156269], [-93.79787807945985, 32.918719654738375], [-93.75292213628416, 32.918719654738375], [-93.75292213628416, 32.96367559791406], [-93.70796619310846, 32.96367559791406], [-93.70796619310846, 33.00863154108975], [-93.66301024993277, 33.00863154108975], [-93.66301024993277, 33.053587484265435], [-93.61805430675707, 33.053587484265435], [-93.61805430675707, 33.09854342744113], [-93.57309836358138, 33.09854342744113], [-93.57309836358138, 33.143499370616816], [-93.52814242040569, 33.143499370616816], [-93.52814242040569, 33.1884553137925], [-93.48318647722999, 33.1884553137925], [-93.48318647722999, 33.23341125696819], [-93.4382305340543, 33.23341125696819], [-93.4382305340543, 33.278367200143876], [-93.3932745908786, 33.278367200143876], [-93.3932745908786, 33.32332314331956], [-93.30336270452722, 33.32332314331956], [-93.30336270452722, 33.36827908649525], [-93.25840676135152, 33.36827908649525], [-93.25840676135152, 33.41323502967094], [-93.21345081817583, 33.41323502967094], [-93.21345081817583, 33.45819097284663], [-93.12353893182444, 33.45819097284663], [-93.12353893182444, 33.50314691602232], [-93.07858298864875, 33.50314691602232], [-93.07858298864875, 33.548102859198], [-93.03362704547305, 33.548102859198], [-93.03362704547305, 33.59305880237369], [-92.94371515912167, 33.59305880237369], [-92.94371515912167, 33.63801474554938], [-92.89875921594597, 33.63801474554938], [-92.89875921594597, 33.68297068872507], [-92.85380327277028, 33.68297068872507], [-92.85380327277028, 33.72792663190076], [-92.76389138641889, 33.72792663190076], [-92.76389138641889, 33.772882575076444], [-92.6739795000675, 33.772882575076444], [-92.6739795000675, 33.81783851825213], [-92.62902355689181, 33.81783851825213], [-92.62902355689181, 33.86279446142782], [-92.53911167054042, 33.86279446142782], [-92.53911167054042, 33.907750404603505], [-92.44919978418903, 33.907750404603505], [-92.44919978418903, 33.9527063477792], [-92.31433195466195, 33.9527063477792], [-92.31433195466195, 33.997662290954885], [-92.17946412513487, 33.997662290954885], [-92.17946412513487, 34.04261823413057], [-92.08955223878348, 34.04261823413057], [-92.08955223878348, 34.08757417730626], [-91.9546844092564, 34.08757417730626], [-91.9546844092564, 34.132530120481945], [-91.86477252290501, 34.132530120481945], [-91.86477252290501, 34.17748606365763], [-91.72990469337793, 34.17748606365763], [-91.72990469337793, 34.22244200683332], [-91.59503686385085, 34.22244200683332], [-91.59503686385085, 34.26739795000901], [-91.41521309114808, 34.26739795000901], [-91.41521309114808, 34.3123538931847], [-91.14547743209391, 34.3123538931847], [-91.14547743209391, 34.357309836360386], [-90.60600611398559, 34.357309836360386], [-90.60600611398559, 34.3123538931847], [-90.24635856858004, 34.3123538931847], [-90.20140262540434, 34.3123538931847], [-90.20140262540434, 34.26739795000901], [-89.97662290952587, 34.26739795000901], [-89.93166696635018, 34.26739795000901], [-89.93166696635018, 34.22244200683332], [-89.88671102317448, 34.22244200683332], [-89.84175507999879, 34.22244200683332], [-89.84175507999879, 34.17748606365763], [-89.7967991368231, 34.17748606365763], [-89.7518431936474, 34.17748606365763], [-89.7518431936474, 34.132530120481945], [-89.70688725047171, 34.132530120481945], [-89.66193130729602, 34.132530120481945], [-89.66193130729602, 34.08757417730626], [-89.61697536412032, 34.08757417730626], [-89.57201942094463, 34.08757417730626], [-89.57201942094463, 34.04261823413057], [-89.52706347776893, 34.04261823413057], [-89.52706347776893, 33.997662290954885], [-89.43715159141755, 33.997662290954885], [-89.39219564824185, 33.997662290954885], [-89.39219564824185, 33.9527063477792], [-89.34723970506616, 33.9527063477792], [-89.30228376189046, 33.9527063477792], [-89.30228376189046, 33.907750404603505], [-89.25732781871477, 33.907750404603505], [-89.21237187553908, 33.907750404603505], [-89.21237187553908, 33.86279446142782], [-89.16741593236338, 33.86279446142782], [-89.12245998918769, 33.86279446142782], [-89.12245998918769, 33.81783851825213], [-89.077504046012, 33.81783851825213], [-89.077504046012, 33.772882575076444], [-89.0325481028363, 33.772882575076444], [-89.0325481028363, 33.72792663190076], [-88.98759215966061, 33.72792663190076], [-88.98759215966061, 33.63801474554938], [-88.94263621648491, 33.63801474554938], [-88.94263621648491, 33.59305880237369], [-88.89768027330922, 33.59305880237369], [-88.89768027330922, 33.548102859198], [-88.85272433013353, 33.548102859198], [-88.85272433013353, 33.50314691602232], [-88.80776838695783, 33.50314691602232], [-88.76281244378214, 33.50314691602232], [-88.76281244378214, 33.45819097284663], [-88.71785650060644, 33.45819097284663], [-88.71785650060644, 33.41323502967094], [-88.67290055743075, 33.41323502967094], [-88.67290055743075, 33.36827908649525], [-88.62794461425506, 33.36827908649525], [-88.62794461425506, 33.32332314331956], [-88.58298867107936, 33.32332314331956], [-88.58298867107936, 33.23341125696819], [-88.53803272790367, 33.23341125696819], [-88.53803272790367, 33.1884553137925], [-88.49307678472798, 33.1884553137925], [-88.49307678472798, 33.09854342744113], [-88.44812084155228, 33.09854342744113], [-88.44812084155228, 33.053587484265435], [-88.40316489837659, 33.053587484265435], [-88.40316489837659, 33.00863154108975], [-88.3582089552009, 33.00863154108975], [-88.3582089552009, 32.96367559791406], [-88.3132530120252, 32.96367559791406], [-88.3132530120252, 32.918719654738375], [-88.2682970688495, 32.918719654738375], [-88.2682970688495, 32.828807768386994], [-88.22334112567381, 32.828807768386994], [-88.22334112567381, 32.783851825211315], [-88.17838518249812, 32.783851825211315], [-88.17838518249812, 32.693939938859934], [-88.13342923932242, 32.693939938859934], [-88.13342923932242, 32.60402805250856], [-88.08847329614673, 32.60402805250856], [-88.08847329614673, 32.51411616615718], [-88.04351735297104, 32.51411616615718], [-88.04351735297104, 32.42420427980581], [-87.99856140979534, 32.42420427980581], [-87.99856140979534, 32.37924833663012], [-87.95360546661965, 32.37924833663012], [-87.95360546661965, 32.33429239345443], [-87.90864952344396, 32.33429239345443], [-87.90864952344396, 32.289336450278746], [-87.86369358026826, 32.289336450278746], [-87.86369358026826, 32.199424563927366], [-87.81873763709257, 32.199424563927366], [-87.81873763709257, 32.154468620751686], [-87.77378169391687, 32.154468620751686], [-87.77378169391687, 32.064556734400306], [-87.72882575074118, 32.064556734400306], [-87.72882575074118, 31.97464484804893], [-87.68386980756549, 31.97464484804893], [-87.68386980756549, 31.92968890487324], [-87.63891386438979, 31.92968890487324], [-87.63891386438979, 31.839777018521865], [-87.5939579212141, 31.839777018521865], [-87.5939579212141, 31.74986513217049], [-87.5490019780384, 31.74986513217049], [-87.5490019780384, 31.659953245819114], [-87.50404603486271, 31.659953245819114], [-87.50404603486271, 31.570041359467737], [-87.45909009168702, 31.570041359467737], [-87.45909009168702, 31.480129473116364], [-87.41413414851132, 31.480129473116364], [-87.41413414851132, 31.390217586764987], [-87.36917820533563, 31.390217586764987], [-87.36917820533563, 31.255349757237923], [-87.32422226215994, 31.255349757237923], [-87.32422226215994, 31.12048192771086], [-87.27926631898424, 31.12048192771086], [-87.27926631898424, 30.985614098183795], [-87.23431037580855, 30.985614098183795], [-87.23431037580855, 30.805790325481045], [-87.18935443263285, 30.805790325481045], [-87.18935443263285, 30.625966552778294], [-87.14439848945716, 30.625966552778294], [-87.14439848945716, 30.49109872325123], [-87.09944254628147, 30.49109872325123], [-87.09944254628147, 30.446142780075544], [-87.05448660310577, 30.446142780075544], [-87.05448660310577, 30.401186836899853], [-87.00953065993008, 30.401186836899853], [-87.00953065993008, 30.356230893724167], [-86.96457471675438, 30.356230893724167], [-86.96457471675438, 30.31127495054848], [-86.91961877357869, 30.31127495054848], [-86.91961877357869, 30.26631900737279], [-86.874662830403, 30.26631900737279], [-86.874662830403, 30.221363064197103], [-86.8297068872273, 30.221363064197103], [-86.8297068872273, 30.176407121021416], [-86.78475094405161, 30.176407121021416], [-86.78475094405161, 30.08649523467004], [-86.73979500087592, 30.08649523467004], [-86.73979500087592, 30.041539291494352], [-86.69483905770022, 30.041539291494352], [-86.69483905770022, 29.951627405142975], [-86.64988311452453, 29.951627405142975], [-86.64988311452453, 29.861715518791602], [-86.60492717134883, 29.861715518791602], [-86.60492717134883, 29.681891746088848], [-86.55997122817314, 29.681891746088848], [-86.55997122817314, 29.502067973386097], [-86.51501528499745, 29.502067973386097], [-86.51501528499745, 29.367200143859034], [-86.47005934182175, 29.367200143859034], [-86.47005934182175, 29.27728825750766], [-86.42510339864606, 29.27728825750766], [-86.42510339864606, 29.187376371156283], [-86.38014745547036, 29.187376371156283], [-86.38014745547036, 29.097464484804906], [-86.33519151229467, 29.097464484804906], [-86.33519151229467, 29.007552598453533], [-86.29023556911898, 29.007552598453533], [-86.29023556911898, 28.962596655277842], [-86.24527962594328, 28.962596655277842], [-86.24527962594328, 28.917640712102155], [-86.20032368276759, 28.917640712102155], [-86.20032368276759, 28.87268476892647], [-86.1553677395919, 28.87268476892647], [-86.1553677395919, 28.78277288257509], [-86.1104117964162, 28.78277288257509], [-86.1104117964162, 28.692860996223715], [-86.06545585324051, 28.692860996223715], [-86.06545585324051, 28.647905053048028], [-86.02049991006481, 28.647905053048028], [-86.02049991006481, 28.557993166696654], [-85.97554396688912, 28.557993166696654], [-85.97554396688912, 28.513037223520964], [-85.93058802371343, 28.513037223520964], [-85.93058802371343, 28.468081280345277], [-85.88563208053773, 28.468081280345277], [-85.88563208053773, 28.3781693939939], [-85.84067613736204, 28.3781693939939], [-85.84067613736204, 28.333213450818214], [-85.79572019418634, 28.333213450818214], [-85.79572019418634, 28.288257507642527], [-85.75076425101065, 28.288257507642527], [-85.75076425101065, 28.19834562129115], [-85.70580830783496, 28.19834562129115], [-85.70580830783496, 28.108433734939773], [-85.66085236465926, 28.108433734939773], [-85.66085236465926, 28.063477791764086], [-85.61589642148357, 28.063477791764086], [-85.61589642148357, 27.973565905412713], [-85.57094047830788, 27.973565905412713], [-85.57094047830788, 27.883654019061336], [-85.52598453513218, 27.883654019061336], [-85.52598453513218, 27.83869807588565], [-85.48102859195649, 27.83869807588565], [-85.48102859195649, 27.79374213270996], [-85.4360726487808, 27.79374213270996], [-85.4360726487808, 27.703830246358585], [-85.3911167056051, 27.703830246358585], [-85.3911167056051, 27.613918360007208], [-85.3461607624294, 27.613918360007208], [-85.3461607624294, 27.56896241683152], [-85.30120481925371, 27.56896241683152], [-85.30120481925371, 27.479050530480144], [-85.25624887607802, 27.479050530480144], [-85.25624887607802, 27.434094587304457], [-85.21129293290232, 27.434094587304457], [-85.21129293290232, 27.34418270095308], [-85.16633698972663, 27.34418270095308], [-85.16633698972663, 27.299226757777394], [-85.12138104655094, 27.299226757777394], [-85.12138104655094, 27.209314871426017], [-85.07642510337524, 27.209314871426017], [-85.07642510337524, 27.16435892825033], [-85.03146916019955, 27.16435892825033], [-85.03146916019955, 27.074447041898953], [-84.98651321702386, 27.074447041898953], [-84.98651321702386, 27.029491098723266], [-84.94155727384816, 27.029491098723266], [-84.94155727384816, 26.98453515554758], [-84.89660133067247, 26.98453515554758], [-84.89660133067247, 26.93957921237189], [-84.85164538749677, 26.93957921237189], [-84.85164538749677, 26.849667326020516], [-84.80668944432108, 26.849667326020516], [-84.80668944432108, 26.804711382844825], [-84.76173350114539, 26.804711382844825], [-84.76173350114539, 26.75975543966914], [-84.71677755796969, 26.75975543966914], [-84.71677755796969, 26.714799496493452], [-84.671821614794, 26.714799496493452], [-84.671821614794, 26.66984355331776], [-84.6268656716183, 26.66984355331776], [-84.6268656716183, 26.624887610142075], [-84.58190972844261, 26.624887610142075], [-84.58190972844261, 26.5349757237907], [-84.53695378526692, 26.5349757237907], [-84.53695378526692, 26.49001978061501], [-84.49199784209122, 26.49001978061501], [-84.49199784209122, 26.445063837439324], [-84.44704189891553, 26.445063837439324], [-84.44704189891553, 26.400107894263638], [-84.40208595573984, 26.400107894263638], [-84.40208595573984, 26.355151951087947], [-84.35713001256414, 26.355151951087947], [-84.35713001256414, 26.31019600791226], [-84.31217406938845, 26.31019600791226], [-84.31217406938845, 26.265240064736574], [-84.26721812621275, 26.265240064736574], [-84.26721812621275, 26.220284121560884], [-84.22226218303706, 26.220284121560884], [-84.22226218303706, 26.13037223520951], [-84.17730623986137, 26.13037223520951], [-84.17730623986137, 26.08541629203382], [-84.13235029668567, 26.08541629203382], [-84.13235029668567, 26.040460348858133], [-84.08739435350998, 26.040460348858133], [-84.08739435350998, 25.995504405682446], [-84.04243841033428, 25.995504405682446], [-84.04243841033428, 25.90559251933107], [-83.99748246715859, 25.90559251933107], [-83.99748246715859, 25.815680632979692], [-83.9525265239829, 25.815680632979692], [-83.9525265239829, 25.72576874662832], [-83.9075705808072, 25.72576874662832], [-83.9075705808072, 25.590900917101255], [-83.86261463763151, 25.590900917101255], [-83.86261463763151, 25.45603308757419], [-83.81765869445582, 25.45603308757419], [-83.81765869445582, 25.186297428520064], [-83.77270275128012, 25.186297428520064], [-83.77270275128012, 24.42204639453337], [-83.81765869445582, 24.42204639453337], [-83.81765869445582, 24.19726667865493], [-83.86261463763151, 24.19726667865493], [-83.86261463763151, 24.062398849127867], [-83.9075705808072, 24.062398849127867], [-83.9075705808072, 23.927531019600803], [-83.9525265239829, 23.927531019600803], [-83.9525265239829, 23.83761913324943], [-83.99748246715859, 23.83761913324943], [-83.99748246715859, 23.747707246898052], [-84.04243841033428, 23.747707246898052], [-84.04243841033428, 23.702751303722366], [-84.08739435350998, 23.702751303722366], [-84.08739435350998, 23.65779536054668], [-84.13235029668567, 23.65779536054668], [-84.13235029668567, 23.61283941737099], [-84.17730623986137, 23.61283941737099], [-84.17730623986137, 23.567883474195302], [-84.22226218303706, 23.567883474195302], [-84.22226218303706, 23.522927531019615], [-84.26721812621275, 23.522927531019615], [-84.26721812621275, 23.477971587843925], [-84.31217406938845, 23.477971587843925], [-84.31217406938845, 23.433015644668238], [-84.40208595573984, 23.433015644668238], [-84.40208595573984, 23.38805970149255], [-84.49199784209122, 23.38805970149255], [-84.49199784209122, 23.34310375831686], [-84.58190972844261, 23.34310375831686], [-84.58190972844261, 23.298147815141174], [-84.671821614794, 23.298147815141174], [-84.671821614794, 23.253191871965488], [-84.76173350114539, 23.253191871965488], [-84.76173350114539, 23.208235928789797], [-84.85164538749677, 23.208235928789797], [-84.85164538749677, 23.16327998561411], [-84.94155727384816, 23.16327998561411], [-84.94155727384816, 23.118324042438424], [-85.03146916019955, 23.118324042438424], [-85.03146916019955, 23.073368099262733], [-85.16633698972663, 23.073368099262733], [-85.16633698972663, 23.028412156087047], [-85.4360726487808, 23.028412156087047], [-85.4360726487808, 22.98345621291136], [-85.52598453513218, 22.98345621291136]], [[-92.08955223878348, 26.804711382844825], [-92.04459629560779, 26.804711382844825], [-91.9996403524321, 26.804711382844825], [-91.9996403524321, 26.75975543966914], [-91.9546844092564, 26.75975543966914], [-91.9546844092564, 26.714799496493452], [-91.90972846608071, 26.714799496493452], [-91.90972846608071, 26.66984355331776], [-91.86477252290501, 26.66984355331776], [-91.81981657972932, 26.66984355331776], [-91.81981657972932, 26.624887610142075], [-91.77486063655363, 26.624887610142075], [-91.77486063655363, 26.579931666966388], [-91.72990469337793, 26.579931666966388], [-91.72990469337793, 26.5349757237907], [-91.68494875020224, 26.5349757237907], [-91.63999280702654, 26.5349757237907], [-91.63999280702654, 26.49001978061501], [-91.59503686385085, 26.49001978061501], [-91.59503686385085, 26.445063837439324], [-91.55008092067516, 26.445063837439324], [-91.50512497749946, 26.445063837439324], [-91.50512497749946, 26.400107894263638], [-91.46016903432377, 26.400107894263638], [-91.46016903432377, 26.355151951087947], [-91.41521309114808, 26.355151951087947], [-91.37025714797238, 26.355151951087947], [-91.37025714797238, 26.31019600791226], [-91.32530120479669, 26.31019600791226], [-91.32530120479669, 26.265240064736574], [-91.280345261621, 26.265240064736574], [-91.2353893184453, 26.265240064736574], [-91.2353893184453, 26.220284121560884], [-91.1904333752696, 26.220284121560884], [-91.1904333752696, 26.175328178385197], [-91.14547743209391, 26.175328178385197], [-91.10052148891822, 26.175328178385197], [-91.10052148891822, 26.13037223520951], [-91.05556554574252, 26.13037223520951], [-91.01060960256683, 26.13037223520951], [-91.01060960256683, 26.08541629203382], [-90.96565365939114, 26.08541629203382], [-90.96565365939114, 26.040460348858133], [-90.92069771621544, 26.040460348858133], [-90.87574177303975, 26.040460348858133], [-90.87574177303975, 25.995504405682446], [-90.83078582986406, 25.995504405682446], [-90.83078582986406, 25.950548462506756], [-90.78582988668836, 25.950548462506756], [-90.74087394351267, 25.950548462506756], [-90.74087394351267, 25.90559251933107], [-90.69591800033697, 25.90559251933107], [-90.65096205716128, 25.90559251933107], [-90.65096205716128, 25.860636576155382], [-90.60600611398559, 25.860636576155382], [-90.60600611398559, 25.815680632979692], [-90.56105017080989, 25.815680632979692], [-90.5160942276342, 25.815680632979692], [-90.5160942276342, 25.770724689804005], [-90.4711382844585, 25.770724689804005], [-90.42618234128281, 25.770724689804005], [-90.42618234128281, 25.72576874662832], [-90.38122639810712, 25.72576874662832], [-90.38122639810712, 25.680812803452632], [-90.33627045493142, 25.680812803452632], [-90.29131451175573, 25.680812803452632], [-90.29131451175573, 25.63585686027694], [-90.24635856858004, 25.63585686027694], [-90.24635856858004, 25.590900917101255], [-90.20140262540434, 25.590900917101255], [-90.15644668222865, 25.590900917101255], [-90.15644668222865, 25.545944973925568], [-90.11149073905295, 25.545944973925568], [-90.11149073905295, 25.500989030749878], [-90.06653479587726, 25.500989030749878], [-90.02157885270157, 25.500989030749878], [-90.02157885270157, 25.45603308757419], [-89.97662290952587, 25.45603308757419], [-89.97662290952587, 25.411077144398504], [-89.93166696635018, 25.411077144398504], [-89.88671102317448, 25.411077144398504], [-89.88671102317448, 25.366121201222814], [-89.84175507999879, 25.366121201222814], [-89.7967991368231, 25.366121201222814], [-89.7967991368231, 25.321165258047127], [-89.7518431936474, 25.321165258047127], [-89.7518431936474, 25.27620931487144], [-89.70688725047171, 25.27620931487144], [-89.66193130729602, 25.27620931487144], [-89.66193130729602, 25.23125337169575], [-89.61697536412032, 25.23125337169575], [-89.61697536412032, 25.186297428520064], [-89.57201942094463, 25.186297428520064], [-89.52706347776893, 25.186297428520064], [-89.52706347776893, 25.141341485344377], [-89.48210753459324, 25.141341485344377], [-89.43715159141755, 25.141341485344377], [-89.43715159141755, 25.09638554216869], [-89.39219564824185, 25.09638554216869], [-89.39219564824185, 25.051429598993], [-89.34723970506616, 25.051429598993], [-89.30228376189046, 25.051429598993], [-89.30228376189046, 25.006473655817313], [-89.25732781871477, 25.006473655817313], [-89.21237187553908, 25.006473655817313], [-89.21237187553908, 24.961517712641626], [-89.16741593236338, 24.961517712641626], [-89.16741593236338, 24.916561769465936], [-89.12245998918769, 24.916561769465936], [-89.077504046012, 24.916561769465936], [-89.077504046012, 24.87160582629025], [-89.0325481028363, 24.87160582629025], [-88.98759215966061, 24.87160582629025], [-88.98759215966061, 24.826649883114563], [-88.94263621648491, 24.826649883114563], [-88.89768027330922, 24.826649883114563], [-88.89768027330922, 24.781693939938872], [-88.85272433013353, 24.781693939938872], [-88.85272433013353, 24.736737996763186], [-88.80776838695783, 24.736737996763186], [-88.76281244378214, 24.736737996763186], [-88.76281244378214, 24.6917820535875], [-88.71785650060644, 24.6917820535875], [-88.67290055743075, 24.6917820535875], [-88.67290055743075, 24.64682611041181], [-88.62794461425506, 24.64682611041181], [-88.58298867107936, 24.64682611041181], [-88.58298867107936, 24.60187016723612], [-88.53803272790367, 24.60187016723612], [-88.53803272790367, 24.556914224060435], [-88.49307678472798, 24.556914224060435], [-88.44812084155228, 24.556914224060435], [-88.44812084155228, 24.511958280884745], [-88.40316489837659, 24.511958280884745], [-88.3582089552009, 24.511958280884745], [-88.3582089552009, 24.467002337709058], [-88.3132530120252, 24.467002337709058], [-88.2682970688495, 24.467002337709058], [-88.2682970688495, 24.42204639453337], [-88.22334112567381, 24.42204639453337], [-88.17838518249812, 24.42204639453337], [-88.17838518249812, 24.37709045135768], [-88.13342923932242, 24.37709045135768], [-88.13342923932242, 24.332134508181994], [-88.08847329614673, 24.332134508181994], [-88.04351735297104, 24.332134508181994], [-88.04351735297104, 24.287178565006307], [-87.99856140979534, 24.287178565006307], [-87.95360546661965, 24.287178565006307], [-87.95360546661965, 24.24222262183062], [-87.90864952344396, 24.24222262183062], [-87.86369358026826, 24.24222262183062], [-87.86369358026826, 24.19726667865493], [-87.81873763709257, 24.19726667865493], [-87.77378169391687, 24.19726667865493], [-87.77378169391687, 24.152310735479244], [-87.72882575074118, 24.152310735479244], [-87.72882575074118, 24.107354792303557], [-87.68386980756549, 24.107354792303557], [-87.63891386438979, 24.107354792303557], [-87.63891386438979, 24.062398849127867], [-87.5939579212141, 24.062398849127867], [-87.5490019780384, 24.062398849127867], [-87.5490019780384, 24.01744290595218], [-87.50404603486271, 24.01744290595218], [-87.45909009168702, 24.01744290595218], [-87.45909009168702, 23.972486962776493], [-87.41413414851132, 23.972486962776493], [-87.41413414851132, 23.927531019600803], [-87.36917820533563, 23.927531019600803], [-87.32422226215994, 23.927531019600803], [-87.32422226215994, 23.882575076425116], [-87.27926631898424, 23.882575076425116], [-87.23431037580855, 23.882575076425116], [-87.23431037580855, 23.83761913324943], [-87.18935443263285, 23.83761913324943], [-87.14439848945716, 23.83761913324943], [-87.14439848945716, 23.79266319007374], [-87.09944254628147, 23.79266319007374], [-87.09944254628147, 23.747707246898052], [-87.05448660310577, 23.747707246898052], [-87.00953065993008, 23.747707246898052], [-87.00953065993008, 23.702751303722366], [-86.96457471675438, 23.702751303722366], [-86.91961877357869, 23.702751303722366], [-86.91961877357869, 23.65779536054668], [-86.874662830403, 23.65779536054668], [-86.874662830403, 23.61283941737099], [-86.8297068872273, 23.61283941737099], [-86.78475094405161, 23.61283941737099], [-86.78475094405161, 23.567883474195302], [-86.73979500087592, 23.567883474195302], [-86.69483905770022, 23.567883474195302], [-86.69483905770022, 23.522927531019615], [-86.64988311452453, 23.522927531019615], [-86.60492717134883, 23.522927531019615], [-86.60492717134883, 23.477971587843925], [-86.51501528499745, 23.477971587843925], [-86.47005934182175, 23.477971587843925], [-86.47005934182175, 23.433015644668238], [-86.42510339864606, 23.433015644668238], [-86.38014745547036, 23.433015644668238], [-86.38014745547036, 23.38805970149255], [-86.29023556911898, 23.38805970149255], [-86.24527962594328, 23.38805970149255], [-86.24527962594328, 23.34310375831686], [-86.20032368276759, 23.34310375831686], [-86.1553677395919, 23.34310375831686], [-86.1553677395919, 23.298147815141174], [-86.1104117964162, 23.298147815141174], [-86.06545585324051, 23.298147815141174], [-86.06545585324051, 23.253191871965488], [-85.97554396688912, 23.253191871965488], [-85.93058802371343, 23.253191871965488], [-85.93058802371343, 23.208235928789797], [-85.88563208053773, 23.208235928789797], [-85.84067613736204, 23.208235928789797], [-85.84067613736204, 23.16327998561411], [-85.75076425101065, 23.16327998561411], [-85.70580830783496, 23.16327998561411], [-85.70580830783496, 23.118324042438424], [-85.25624887607802, 23.118324042438424], [-85.25624887607802, 23.16327998561411], [-85.12138104655094, 23.16327998561411], [-85.12138104655094, 23.208235928789797], [-85.03146916019955, 23.208235928789797], [-85.03146916019955, 23.253191871965488], [-84.94155727384816, 23.253191871965488], [-84.94155727384816, 23.298147815141174], [-84.85164538749677, 23.298147815141174], [-84.85164538749677, 23.34310375831686], [-84.76173350114539, 23.34310375831686], [-84.76173350114539, 23.38805970149255], [-84.6268656716183, 23.38805970149255], [-84.6268656716183, 23.433015644668238], [-84.53695378526692, 23.433015644668238], [-84.53695378526692, 23.477971587843925], [-84.49199784209122, 23.477971587843925], [-84.49199784209122, 23.522927531019615], [-84.40208595573984, 23.522927531019615], [-84.40208595573984, 23.567883474195302], [-84.31217406938845, 23.567883474195302], [-84.31217406938845, 23.61283941737099], [-84.26721812621275, 23.61283941737099], [-84.26721812621275, 23.65779536054668], [-84.22226218303706, 23.65779536054668], [-84.22226218303706, 23.702751303722366], [-84.17730623986137, 23.702751303722366], [-84.17730623986137, 23.747707246898052], [-84.13235029668567, 23.747707246898052], [-84.13235029668567, 23.79266319007374], [-84.08739435350998, 23.79266319007374], [-84.08739435350998, 23.882575076425116], [-84.04243841033428, 23.882575076425116], [-84.04243841033428, 23.972486962776493], [-83.99748246715859, 23.972486962776493], [-83.99748246715859, 24.107354792303557], [-83.9525265239829, 24.107354792303557], [-83.9525265239829, 24.287178565006307], [-83.9075705808072, 24.287178565006307], [-83.9075705808072, 25.321165258047127], [-83.9525265239829, 25.321165258047127], [-83.9525265239829, 25.545944973925568], [-83.99748246715859, 25.545944973925568], [-83.99748246715859, 25.63585686027694], [-84.04243841033428, 25.63585686027694], [-84.04243841033428, 25.72576874662832], [-84.08739435350998, 25.72576874662832], [-84.08739435350998, 25.815680632979692], [-84.13235029668567, 25.815680632979692], [-84.13235029668567, 25.90559251933107], [-84.17730623986137, 25.90559251933107], [-84.17730623986137, 25.950548462506756], [-84.22226218303706, 25.950548462506756], [-84.22226218303706, 25.995504405682446], [-84.26721812621275, 25.995504405682446], [-84.26721812621275, 26.040460348858133], [-84.31217406938845, 26.040460348858133], [-84.31217406938845, 26.08541629203382], [-84.35713001256414, 26.08541629203382], [-84.35713001256414, 26.13037223520951], [-84.40208595573984, 26.13037223520951], [-84.40208595573984, 26.175328178385197], [-84.44704189891553, 26.175328178385197], [-84.44704189891553, 26.220284121560884], [-84.49199784209122, 26.220284121560884], [-84.49199784209122, 26.265240064736574], [-84.53695378526692, 26.265240064736574], [-84.53695378526692, 26.355151951087947], [-84.58190972844261, 26.355151951087947], [-84.58190972844261, 26.400107894263638], [-84.6268656716183, 26.400107894263638], [-84.6268656716183, 26.445063837439324], [-84.671821614794, 26.445063837439324], [-84.671821614794, 26.49001978061501], [-84.71677755796969, 26.49001978061501], [-84.71677755796969, 26.5349757237907], [-84.76173350114539, 26.5349757237907], [-84.76173350114539, 26.579931666966388], [-84.80668944432108, 26.579931666966388], [-84.80668944432108, 26.624887610142075], [-84.85164538749677, 26.624887610142075], [-84.85164538749677, 26.66984355331776], [-84.89660133067247, 26.66984355331776], [-84.89660133067247, 26.714799496493452], [-84.94155727384816, 26.714799496493452], [-84.94155727384816, 26.75975543966914], [-84.98651321702386, 26.75975543966914], [-84.98651321702386, 26.849667326020516], [-85.03146916019955, 26.849667326020516], [-85.03146916019955, 26.894623269196202], [-85.07642510337524, 26.894623269196202], [-85.07642510337524, 26.93957921237189], [-85.12138104655094, 26.93957921237189], [-85.12138104655094, 26.98453515554758], [-85.16633698972663, 26.98453515554758], [-85.16633698972663, 27.074447041898953], [-85.21129293290232, 27.074447041898953], [-85.21129293290232, 27.119402985074643], [-85.25624887607802, 27.119402985074643], [-85.25624887607802, 27.16435892825033], [-85.30120481925371, 27.16435892825033], [-85.30120481925371, 27.254270814601703], [-85.3461607624294, 27.254270814601703], [-85.3461607624294, 27.299226757777394], [-85.3911167056051, 27.299226757777394], [-85.3911167056051, 27.389138644128767], [-85.4360726487808, 27.389138644128767], [-85.4360726487808, 27.434094587304457], [-85.48102859195649, 27.434094587304457], [-85.48102859195649, 27.52400647365583], [-85.52598453513218, 27.52400647365583], [-85.52598453513218, 27.56896241683152], [-85.57094047830788, 27.56896241683152], [-85.57094047830788, 27.658874303182895], [-85.61589642148357, 27.658874303182895], [-85.61589642148357, 27.703830246358585], [-85.66085236465926, 27.703830246358585], [-85.66085236465926, 27.79374213270996], [-85.70580830783496, 27.79374213270996], [-85.70580830783496, 27.83869807588565], [-85.75076425101065, 27.83869807588565], [-85.75076425101065, 27.928609962237022], [-85.79572019418634, 27.928609962237022], [-85.79572019418634, 27.973565905412713], [-85.84067613736204, 27.973565905412713], [-85.84067613736204, 28.063477791764086], [-85.88563208053773, 28.063477791764086], [-85.88563208053773, 28.108433734939773], [-85.93058802371343, 28.108433734939773], [-85.93058802371343, 28.153389678115463], [-85.97554396688912, 28.153389678115463], [-85.97554396688912, 28.243301564466837], [-86.02049991006481, 28.243301564466837], [-86.02049991006481, 28.288257507642527], [-86.06545585324051, 28.288257507642527], [-86.06545585324051, 28.3781693939939], [-86.1104117964162, 28.3781693939939], [-86.1104117964162, 28.42312533716959], [-86.1553677395919, 28.42312533716959], [-86.1553677395919, 28.468081280345277], [-86.20032368276759, 28.468081280345277], [-86.20032368276759, 28.557993166696654], [-86.24527962594328, 28.557993166696654], [-86.24527962594328, 28.60294910987234], [-86.29023556911898, 28.60294910987234], [-86.29023556911898, 28.647905053048028], [-86.33519151229467, 28.647905053048028], [-86.33519151229467, 28.737816939399405], [-86.38014745547036, 28.737816939399405], [-86.38014745547036, 28.78277288257509], [-86.42510339864606, 28.78277288257509], [-86.42510339864606, 28.87268476892647], [-86.47005934182175, 28.87268476892647], [-86.47005934182175, 28.917640712102155], [-86.51501528499745, 28.917640712102155], [-86.51501528499745, 28.962596655277842], [-86.55997122817314, 28.962596655277842], [-86.55997122817314, 29.05250854162922], [-86.60492717134883, 29.05250854162922], [-86.60492717134883, 29.097464484804906], [-86.64988311452453, 29.097464484804906], [-86.64988311452453, 29.187376371156283], [-86.69483905770022, 29.187376371156283], [-86.69483905770022, 29.23233231433197], [-86.73979500087592, 29.23233231433197], [-86.73979500087592, 29.322244200683347], [-86.78475094405161, 29.322244200683347], [-86.78475094405161, 29.412156087034724], [-86.8297068872273, 29.412156087034724], [-86.8297068872273, 29.45711203021041], [-86.874662830403, 29.45711203021041], [-86.874662830403, 29.547023916561784], [-86.91961877357869, 29.547023916561784], [-86.91961877357869, 29.591979859737474], [-86.96457471675438, 29.591979859737474], [-86.96457471675438, 29.681891746088848], [-87.00953065993008, 29.681891746088848], [-87.00953065993008, 29.771803632440225], [-87.05448660310577, 29.771803632440225], [-87.05448660310577, 29.81675957561591], [-87.09944254628147, 29.81675957561591], [-87.09944254628147, 29.90667146196729], [-87.14439848945716, 29.90667146196729], [-87.14439848945716, 29.951627405142975], [-87.18935443263285, 29.951627405142975], [-87.18935443263285, 30.041539291494352], [-87.23431037580855, 30.041539291494352], [-87.23431037580855, 30.08649523467004], [-87.27926631898424, 30.08649523467004], [-87.27926631898424, 30.131451177845726], [-87.32422226215994, 30.131451177845726], [-87.32422226215994, 30.176407121021416], [-87.36917820533563, 30.176407121021416], [-87.36917820533563, 30.221363064197103], [-87.41413414851132, 30.221363064197103], [-87.41413414851132, 30.26631900737279], [-87.45909009168702, 30.26631900737279], [-87.45909009168702, 30.356230893724167], [-87.50404603486271, 30.356230893724167], [-87.50404603486271, 30.401186836899853], [-87.5490019780384, 30.401186836899853], [-87.5490019780384, 30.446142780075544], [-87.5939579212141, 30.446142780075544], [-87.5939579212141, 30.536054666426917], [-87.63891386438979, 30.536054666426917], [-87.63891386438979, 30.67092249595398], [-87.68386980756549, 30.67092249595398], [-87.68386980756549, 30.760834382305358], [-87.72882575074118, 30.760834382305358], [-87.72882575074118, 30.850746268656735], [-87.77378169391687, 30.850746268656735], [-87.77378169391687, 30.94065815500811], [-87.81873763709257, 30.94065815500811], [-87.81873763709257, 30.985614098183795], [-87.86369358026826, 30.985614098183795], [-87.86369358026826, 31.075525984535172], [-87.90864952344396, 31.075525984535172], [-87.90864952344396, 31.16543787088655], [-87.95360546661965, 31.16543787088655], [-87.95360546661965, 31.255349757237923], [-87.99856140979534, 31.255349757237923], [-87.99856140979534, 31.390217586764987], [-88.04351735297104, 31.390217586764987], [-88.04351735297104, 31.52508541629205], [-88.08847329614673, 31.52508541629205], [-88.08847329614673, 31.614997302643427], [-88.13342923932242, 31.614997302643427], [-88.13342923932242, 31.7049091889948], [-88.17838518249812, 31.7049091889948], [-88.17838518249812, 31.74986513217049], [-88.22334112567381, 31.74986513217049], [-88.22334112567381, 31.839777018521865], [-88.2682970688495, 31.839777018521865], [-88.2682970688495, 31.884732961697555], [-88.3132530120252, 31.884732961697555], [-88.3132530120252, 31.97464484804893], [-88.3582089552009, 31.97464484804893], [-88.3582089552009, 32.01960079122462], [-88.40316489837659, 32.01960079122462], [-88.40316489837659, 32.10951267757599], [-88.44812084155228, 32.10951267757599], [-88.44812084155228, 32.154468620751686], [-88.49307678472798, 32.154468620751686], [-88.49307678472798, 32.24438050710306], [-88.53803272790367, 32.24438050710306], [-88.53803272790367, 32.33429239345443], [-88.58298867107936, 32.33429239345443], [-88.58298867107936, 32.37924833663012], [-88.62794461425506, 32.37924833663012], [-88.62794461425506, 32.4691602229815], [-88.67290055743075, 32.4691602229815], [-88.67290055743075, 32.51411616615718], [-88.71785650060644, 32.51411616615718], [-88.71785650060644, 32.60402805250856], [-88.76281244378214, 32.60402805250856], [-88.76281244378214, 32.64898399568425], [-88.80776838695783, 32.64898399568425], [-88.80776838695783, 32.693939938859934], [-88.85272433013353, 32.693939938859934], [-88.85272433013353, 32.73889588203562], [-88.89768027330922, 32.73889588203562], [-88.89768027330922, 32.783851825211315], [-88.94263621648491, 32.783851825211315], [-88.94263621648491, 32.828807768386994], [-88.98759215966061, 32.828807768386994], [-88.98759215966061, 32.87376371156269], [-89.0325481028363, 32.87376371156269], [-89.0325481028363, 32.918719654738375], [-89.077504046012, 32.918719654738375], [-89.077504046012, 32.96367559791406], [-89.12245998918769, 32.96367559791406], [-89.16741593236338, 32.96367559791406], [-89.16741593236338, 33.00863154108975], [-89.21237187553908, 33.00863154108975], [-89.21237187553908, 33.053587484265435], [-89.25732781871477, 33.053587484265435], [-89.25732781871477, 33.09854342744113], [-89.30228376189046, 33.09854342744113], [-89.30228376189046, 33.143499370616816], [-89.34723970506616, 33.143499370616816], [-89.34723970506616, 33.1884553137925], [-89.39219564824185, 33.1884553137925], [-89.39219564824185, 33.23341125696819], [-89.43715159141755, 33.23341125696819], [-89.48210753459324, 33.23341125696819], [-89.48210753459324, 33.278367200143876], [-89.52706347776893, 33.278367200143876], [-89.52706347776893, 33.32332314331956], [-89.57201942094463, 33.32332314331956], [-89.57201942094463, 33.36827908649525], [-89.61697536412032, 33.36827908649525], [-89.61697536412032, 33.41323502967094], [-89.66193130729602, 33.41323502967094], [-89.66193130729602, 33.45819097284663], [-89.70688725047171, 33.45819097284663], [-89.7518431936474, 33.45819097284663], [-89.7518431936474, 33.50314691602232], [-89.7967991368231, 33.50314691602232], [-89.84175507999879, 33.50314691602232], [-89.84175507999879, 33.548102859198], [-89.88671102317448, 33.548102859198], [-89.88671102317448, 33.59305880237369], [-89.93166696635018, 33.59305880237369], [-89.97662290952587, 33.59305880237369], [-89.97662290952587, 33.63801474554938], [-90.02157885270157, 33.63801474554938], [-90.11149073905295, 33.63801474554938], [-90.11149073905295, 33.68297068872507], [-90.15644668222865, 33.68297068872507], [-90.24635856858004, 33.68297068872507], [-90.24635856858004, 33.72792663190076], [-90.29131451175573, 33.72792663190076], [-90.42618234128281, 33.72792663190076], [-90.42618234128281, 33.772882575076444], [-90.4711382844585, 33.772882575076444], [-90.65096205716128, 33.772882575076444], [-90.65096205716128, 33.81783851825213], [-91.50512497749946, 33.81783851825213], [-91.50512497749946, 33.772882575076444], [-91.63999280702654, 33.772882575076444], [-91.63999280702654, 33.72792663190076], [-91.81981657972932, 33.72792663190076], [-91.81981657972932, 33.68297068872507], [-91.9546844092564, 33.68297068872507], [-91.9546844092564, 33.63801474554938], [-92.04459629560779, 33.63801474554938], [-92.04459629560779, 33.59305880237369], [-92.13450818195918, 33.59305880237369], [-92.13450818195918, 33.548102859198], [-92.22442006831056, 33.548102859198], [-92.22442006831056, 33.50314691602232], [-92.31433195466195, 33.50314691602232], [-92.31433195466195, 33.45819097284663], [-92.40424384101334, 33.45819097284663], [-92.40424384101334, 33.41323502967094], [-92.49415572736473, 33.41323502967094], [-92.49415572736473, 33.36827908649525], [-92.58406761371612, 33.36827908649525], [-92.58406761371612, 33.32332314331956], [-92.62902355689181, 33.32332314331956], [-92.62902355689181, 33.278367200143876], [-92.7189354432432, 33.278367200143876], [-92.7189354432432, 33.23341125696819], [-92.80884732959458, 33.23341125696819], [-92.80884732959458, 33.1884553137925], [-92.85380327277028, 33.1884553137925], [-92.85380327277028, 33.143499370616816], [-92.89875921594597, 33.143499370616816], [-92.89875921594597, 33.09854342744113], [-92.94371515912167, 33.09854342744113], [-92.94371515912167, 33.053587484265435], [-92.98867110229736, 33.053587484265435], [-92.98867110229736, 33.00863154108975], [-93.07858298864875, 33.00863154108975], [-93.07858298864875, 32.96367559791406], [-93.12353893182444, 32.96367559791406], [-93.12353893182444, 32.918719654738375], [-93.16849487500014, 32.918719654738375], [-93.16849487500014, 32.87376371156269], [-93.21345081817583, 32.87376371156269], [-93.21345081817583, 32.828807768386994], [-93.25840676135152, 32.828807768386994], [-93.25840676135152, 32.783851825211315], [-93.30336270452722, 32.783851825211315], [-93.30336270452722, 32.73889588203562], [-93.34831864770291, 32.73889588203562], [-93.34831864770291, 32.693939938859934], [-93.3932745908786, 32.693939938859934], [-93.3932745908786, 32.64898399568425], [-93.4382305340543, 32.64898399568425], [-93.4382305340543, 32.60402805250856], [-93.48318647722999, 32.60402805250856], [-93.48318647722999, 32.51411616615718], [-93.52814242040569, 32.51411616615718], [-93.52814242040569, 32.4691602229815], [-93.57309836358138, 32.4691602229815], [-93.57309836358138, 32.42420427980581], [-93.61805430675707, 32.42420427980581], [-93.61805430675707, 32.33429239345443], [-93.66301024993277, 32.33429239345443], [-93.66301024993277, 32.289336450278746], [-93.70796619310846, 32.289336450278746], [-93.70796619310846, 32.24438050710306], [-93.75292213628416, 32.24438050710306], [-93.75292213628416, 32.154468620751686], [-93.79787807945985, 32.154468620751686], [-93.79787807945985, 32.10951267757599], [-93.84283402263554, 32.10951267757599], [-93.84283402263554, 32.01960079122462], [-93.88778996581124, 32.01960079122462], [-93.88778996581124, 31.92968890487324], [-93.93274590898693, 31.92968890487324], [-93.93274590898693, 31.794821075346178], [-93.97770185216262, 31.794821075346178], [-93.97770185216262, 31.7049091889948], [-94.02265779533832, 31.7049091889948], [-94.02265779533832, 31.614997302643427], [-94.06761373851401, 31.614997302643427], [-94.06761373851401, 31.52508541629205], [-94.1125696816897, 31.52508541629205], [-94.1125696816897, 31.3452616435893], [-94.1575256248654, 31.3452616435893], [-94.1575256248654, 31.12048192771086], [-94.2024815680411, 31.12048192771086], [-94.2024815680411, 30.71587843912967], [-94.24743751121679, 30.71587843912967], [-94.24743751121679, 30.401186836899853], [-94.2024815680411, 30.401186836899853], [-94.2024815680411, 29.90667146196729], [-94.1575256248654, 29.90667146196729], [-94.1575256248654, 29.502067973386097], [-94.1125696816897, 29.502067973386097], [-94.1125696816897, 29.322244200683347], [-94.06761373851401, 29.322244200683347], [-94.06761373851401, 29.187376371156283], [-94.02265779533832, 29.187376371156283], [-94.02265779533832, 29.097464484804906], [-93.97770185216262, 29.097464484804906], [-93.97770185216262, 28.962596655277842], [-93.93274590898693, 28.962596655277842], [-93.93274590898693, 28.917640712102155], [-93.88778996581124, 28.917640712102155], [-93.88778996581124, 28.82772882575078], [-93.84283402263554, 28.82772882575078], [-93.84283402263554, 28.737816939399405], [-93.79787807945985, 28.737816939399405], [-93.79787807945985, 28.647905053048028], [-93.75292213628416, 28.647905053048028], [-93.75292213628416, 28.60294910987234], [-93.70796619310846, 28.60294910987234], [-93.70796619310846, 28.513037223520964], [-93.66301024993277, 28.513037223520964], [-93.66301024993277, 28.42312533716959], [-93.61805430675707, 28.42312533716959], [-93.61805430675707, 28.3781693939939], [-93.57309836358138, 28.3781693939939], [-93.57309836358138, 28.333213450818214], [-93.52814242040569, 28.333213450818214], [-93.52814242040569, 28.243301564466837], [-93.48318647722999, 28.243301564466837], [-93.48318647722999, 28.19834562129115], [-93.4382305340543, 28.19834562129115], [-93.4382305340543, 28.153389678115463], [-93.3932745908786, 28.153389678115463], [-93.3932745908786, 28.108433734939773], [-93.34831864770291, 28.108433734939773], [-93.34831864770291, 28.0185218485884], [-93.30336270452722, 28.0185218485884], [-93.30336270452722, 27.973565905412713], [-93.25840676135152, 27.973565905412713], [-93.25840676135152, 27.928609962237022], [-93.21345081817583, 27.928609962237022], [-93.21345081817583, 27.883654019061336], [-93.16849487500014, 27.883654019061336], [-93.16849487500014, 27.83869807588565], [-93.12353893182444, 27.83869807588565], [-93.12353893182444, 27.79374213270996], [-93.07858298864875, 27.79374213270996], [-93.07858298864875, 27.748786189534272], [-93.03362704547305, 27.748786189534272], [-93.03362704547305, 27.703830246358585], [-92.98867110229736, 27.703830246358585], [-92.98867110229736, 27.658874303182895], [-92.94371515912167, 27.658874303182895], [-92.94371515912167, 27.613918360007208], [-92.89875921594597, 27.613918360007208], [-92.89875921594597, 27.56896241683152], [-92.85380327277028, 27.56896241683152], [-92.85380327277028, 27.52400647365583], [-92.80884732959458, 27.52400647365583], [-92.80884732959458, 27.479050530480144], [-92.76389138641889, 27.479050530480144], [-92.76389138641889, 27.434094587304457], [-92.7189354432432, 27.434094587304457], [-92.7189354432432, 27.389138644128767], [-92.6739795000675, 27.389138644128767], [-92.6739795000675, 27.34418270095308], [-92.62902355689181, 27.34418270095308], [-92.62902355689181, 27.299226757777394], [-92.58406761371612, 27.299226757777394], [-92.58406761371612, 27.254270814601703], [-92.53911167054042, 27.254270814601703], [-92.53911167054042, 27.209314871426017], [-92.49415572736473, 27.209314871426017], [-92.49415572736473, 27.16435892825033], [-92.44919978418903, 27.16435892825033], [-92.44919978418903, 27.119402985074643], [-92.40424384101334, 27.119402985074643], [-92.40424384101334, 27.074447041898953], [-92.35928789783765, 27.074447041898953], [-92.35928789783765, 27.029491098723266], [-92.31433195466195, 27.029491098723266], [-92.31433195466195, 26.98453515554758], [-92.26937601148626, 26.98453515554758], [-92.22442006831056, 26.98453515554758], [-92.22442006831056, 26.93957921237189], [-92.17946412513487, 26.93957921237189], [-92.17946412513487, 26.894623269196202], [-92.13450818195918, 26.894623269196202], [-92.13450818195918, 26.849667326020516], [-92.08955223878348, 26.849667326020516], [-92.08955223878348, 26.804711382844825]]]]}}, {"type": "Feature", "properties": {"shapefile": "2021082812_wsp34knt120hr_5km", "PERCENTAGE": "30-40%"}, "geometry": {"type": "MultiPolygon", "coordinates": [[[[-85.70580830783496, 23.118324042438424], [-85.70580830783496, 23.16327998561411], [-85.75076425101065, 23.16327998561411], [-85.84067613736204, 23.16327998561411], [-85.84067613736204, 23.208235928789797], [-85.88563208053773, 23.208235928789797], [-85.93058802371343, 23.208235928789797], [-85.93058802371343, 23.253191871965488], [-85.97554396688912, 23.253191871965488], [-86.06545585324051, 23.253191871965488], [-86.06545585324051, 23.298147815141174], [-86.1104117964162, 23.298147815141174], [-86.1553677395919, 23.298147815141174], [-86.1553677395919, 23.34310375831686], [-86.20032368276759, 23.34310375831686], [-86.24527962594328, 23.34310375831686], [-86.24527962594328, 23.38805970149255], [-86.29023556911898, 23.38805970149255], [-86.38014745547036, 23.38805970149255], [-86.38014745547036, 23.433015644668238], [-86.42510339864606, 23.433015644668238], [-86.47005934182175, 23.433015644668238], [-86.47005934182175, 23.477971587843925], [-86.51501528499745, 23.477971587843925], [-86.60492717134883, 23.477971587843925], [-86.60492717134883, 23.522927531019615], [-86.64988311452453, 23.522927531019615], [-86.69483905770022, 23.522927531019615], [-86.69483905770022, 23.567883474195302], [-86.73979500087592, 23.567883474195302], [-86.78475094405161, 23.567883474195302], [-86.78475094405161, 23.61283941737099], [-86.8297068872273, 23.61283941737099], [-86.874662830403, 23.61283941737099], [-86.874662830403, 23.65779536054668], [-86.91961877357869, 23.65779536054668], [-86.91961877357869, 23.702751303722366], [-86.96457471675438, 23.702751303722366], [-87.00953065993008, 23.702751303722366], [-87.00953065993008, 23.747707246898052], [-87.05448660310577, 23.747707246898052], [-87.09944254628147, 23.747707246898052], [-87.09944254628147, 23.79266319007374], [-87.14439848945716, 23.79266319007374], [-87.14439848945716, 23.83761913324943], [-87.18935443263285, 23.83761913324943], [-87.23431037580855, 23.83761913324943], [-87.23431037580855, 23.882575076425116], [-87.27926631898424, 23.882575076425116], [-87.32422226215994, 23.882575076425116], [-87.32422226215994, 23.927531019600803], [-87.36917820533563, 23.927531019600803], [-87.41413414851132, 23.927531019600803], [-87.41413414851132, 23.972486962776493], [-87.45909009168702, 23.972486962776493], [-87.45909009168702, 24.01744290595218], [-87.50404603486271, 24.01744290595218], [-87.5490019780384, 24.01744290595218], [-87.5490019780384, 24.062398849127867], [-87.5939579212141, 24.062398849127867], [-87.63891386438979, 24.062398849127867], [-87.63891386438979, 24.107354792303557], [-87.68386980756549, 24.107354792303557], [-87.72882575074118, 24.107354792303557], [-87.72882575074118, 24.152310735479244], [-87.77378169391687, 24.152310735479244], [-87.77378169391687, 24.19726667865493], [-87.81873763709257, 24.19726667865493], [-87.86369358026826, 24.19726667865493], [-87.86369358026826, 24.24222262183062], [-87.90864952344396, 24.24222262183062], [-87.95360546661965, 24.24222262183062], [-87.95360546661965, 24.287178565006307], [-87.99856140979534, 24.287178565006307], [-88.04351735297104, 24.287178565006307], [-88.04351735297104, 24.332134508181994], [-88.08847329614673, 24.332134508181994], [-88.13342923932242, 24.332134508181994], [-88.13342923932242, 24.37709045135768], [-88.17838518249812, 24.37709045135768], [-88.17838518249812, 24.42204639453337], [-88.22334112567381, 24.42204639453337], [-88.2682970688495, 24.42204639453337], [-88.2682970688495, 24.467002337709058], [-88.3132530120252, 24.467002337709058], [-88.3582089552009, 24.467002337709058], [-88.3582089552009, 24.511958280884745], [-88.40316489837659, 24.511958280884745], [-88.44812084155228, 24.511958280884745], [-88.44812084155228, 24.556914224060435], [-88.49307678472798, 24.556914224060435], [-88.53803272790367, 24.556914224060435], [-88.53803272790367, 24.60187016723612], [-88.58298867107936, 24.60187016723612], [-88.58298867107936, 24.64682611041181], [-88.62794461425506, 24.64682611041181], [-88.67290055743075, 24.64682611041181], [-88.67290055743075, 24.6917820535875], [-88.71785650060644, 24.6917820535875], [-88.76281244378214, 24.6917820535875], [-88.76281244378214, 24.736737996763186], [-88.80776838695783, 24.736737996763186], [-88.85272433013353, 24.736737996763186], [-88.85272433013353, 24.781693939938872], [-88.89768027330922, 24.781693939938872], [-88.89768027330922, 24.826649883114563], [-88.94263621648491, 24.826649883114563], [-88.98759215966061, 24.826649883114563], [-88.98759215966061, 24.87160582629025], [-89.0325481028363, 24.87160582629025], [-89.077504046012, 24.87160582629025], [-89.077504046012, 24.916561769465936], [-89.12245998918769, 24.916561769465936], [-89.16741593236338, 24.916561769465936], [-89.16741593236338, 24.961517712641626], [-89.21237187553908, 24.961517712641626], [-89.21237187553908, 25.006473655817313], [-89.25732781871477, 25.006473655817313], [-89.30228376189046, 25.006473655817313], [-89.30228376189046, 25.051429598993], [-89.34723970506616, 25.051429598993], [-89.39219564824185, 25.051429598993], [-89.39219564824185, 25.09638554216869], [-89.43715159141755, 25.09638554216869], [-89.43715159141755, 25.141341485344377], [-89.48210753459324, 25.141341485344377], [-89.52706347776893, 25.141341485344377], [-89.52706347776893, 25.186297428520064], [-89.57201942094463, 25.186297428520064], [-89.61697536412032, 25.186297428520064], [-89.61697536412032, 25.23125337169575], [-89.66193130729602, 25.23125337169575], [-89.66193130729602, 25.27620931487144], [-89.70688725047171, 25.27620931487144], [-89.7518431936474, 25.27620931487144], [-89.7518431936474, 25.321165258047127], [-89.7967991368231, 25.321165258047127], [-89.7967991368231, 25.366121201222814], [-89.84175507999879, 25.366121201222814], [-89.88671102317448, 25.366121201222814], [-89.88671102317448, 25.411077144398504], [-89.93166696635018, 25.411077144398504], [-89.97662290952587, 25.411077144398504], [-89.97662290952587, 25.45603308757419], [-90.02157885270157, 25.45603308757419], [-90.02157885270157, 25.500989030749878], [-90.06653479587726, 25.500989030749878], [-90.11149073905295, 25.500989030749878], [-90.11149073905295, 25.545944973925568], [-90.15644668222865, 25.545944973925568], [-90.15644668222865, 25.590900917101255], [-90.20140262540434, 25.590900917101255], [-90.24635856858004, 25.590900917101255], [-90.24635856858004, 25.63585686027694], [-90.29131451175573, 25.63585686027694], [-90.29131451175573, 25.680812803452632], [-90.33627045493142, 25.680812803452632], [-90.38122639810712, 25.680812803452632], [-90.38122639810712, 25.72576874662832], [-90.42618234128281, 25.72576874662832], [-90.42618234128281, 25.770724689804005], [-90.4711382844585, 25.770724689804005], [-90.5160942276342, 25.770724689804005], [-90.5160942276342, 25.815680632979692], [-90.56105017080989, 25.815680632979692], [-90.60600611398559, 25.815680632979692], [-90.60600611398559, 25.860636576155382], [-90.65096205716128, 25.860636576155382], [-90.65096205716128, 25.90559251933107], [-90.69591800033697, 25.90559251933107], [-90.74087394351267, 25.90559251933107], [-90.74087394351267, 25.950548462506756], [-90.78582988668836, 25.950548462506756], [-90.83078582986406, 25.950548462506756], [-90.83078582986406, 25.995504405682446], [-90.87574177303975, 25.995504405682446], [-90.87574177303975, 26.040460348858133], [-90.92069771621544, 26.040460348858133], [-90.96565365939114, 26.040460348858133], [-90.96565365939114, 26.08541629203382], [-91.01060960256683, 26.08541629203382], [-91.01060960256683, 26.13037223520951], [-91.05556554574252, 26.13037223520951], [-91.10052148891822, 26.13037223520951], [-91.10052148891822, 26.175328178385197], [-91.14547743209391, 26.175328178385197], [-91.1904333752696, 26.175328178385197], [-91.1904333752696, 26.220284121560884], [-91.2353893184453, 26.220284121560884], [-91.2353893184453, 26.265240064736574], [-91.280345261621, 26.265240064736574], [-91.32530120479669, 26.265240064736574], [-91.32530120479669, 26.31019600791226], [-91.37025714797238, 26.31019600791226], [-91.37025714797238, 26.355151951087947], [-91.41521309114808, 26.355151951087947], [-91.46016903432377, 26.355151951087947], [-91.46016903432377, 26.400107894263638], [-91.50512497749946, 26.400107894263638], [-91.50512497749946, 26.445063837439324], [-91.55008092067516, 26.445063837439324], [-91.59503686385085, 26.445063837439324], [-91.59503686385085, 26.49001978061501], [-91.63999280702654, 26.49001978061501], [-91.63999280702654, 26.5349757237907], [-91.68494875020224, 26.5349757237907], [-91.72990469337793, 26.5349757237907], [-91.72990469337793, 26.579931666966388], [-91.77486063655363, 26.579931666966388], [-91.77486063655363, 26.624887610142075], [-91.81981657972932, 26.624887610142075], [-91.81981657972932, 26.66984355331776], [-91.86477252290501, 26.66984355331776], [-91.90972846608071, 26.66984355331776], [-91.90972846608071, 26.714799496493452], [-91.9546844092564, 26.714799496493452], [-91.9546844092564, 26.75975543966914], [-91.9996403524321, 26.75975543966914], [-91.9996403524321, 26.804711382844825], [-92.04459629560779, 26.804711382844825], [-92.08955223878348, 26.804711382844825], [-92.08955223878348, 26.849667326020516], [-92.13450818195918, 26.849667326020516], [-92.13450818195918, 26.894623269196202], [-92.17946412513487, 26.894623269196202], [-92.17946412513487, 26.93957921237189], [-92.22442006831056, 26.93957921237189], [-92.22442006831056, 26.98453515554758], [-92.26937601148626, 26.98453515554758], [-92.31433195466195, 26.98453515554758], [-92.31433195466195, 27.029491098723266], [-92.35928789783765, 27.029491098723266], [-92.35928789783765, 27.074447041898953], [-92.40424384101334, 27.074447041898953], [-92.40424384101334, 27.119402985074643], [-92.44919978418903, 27.119402985074643], [-92.44919978418903, 27.16435892825033], [-92.49415572736473, 27.16435892825033], [-92.49415572736473, 27.209314871426017], [-92.53911167054042, 27.209314871426017], [-92.53911167054042, 27.254270814601703], [-92.58406761371612, 27.254270814601703], [-92.58406761371612, 27.299226757777394], [-92.62902355689181, 27.299226757777394], [-92.62902355689181, 27.34418270095308], [-92.6739795000675, 27.34418270095308], [-92.6739795000675, 27.389138644128767], [-92.7189354432432, 27.389138644128767], [-92.7189354432432, 27.434094587304457], [-92.76389138641889, 27.434094587304457], [-92.76389138641889, 27.479050530480144], [-92.80884732959458, 27.479050530480144], [-92.80884732959458, 27.52400647365583], [-92.85380327277028, 27.52400647365583], [-92.85380327277028, 27.56896241683152], [-92.89875921594597, 27.56896241683152], [-92.89875921594597, 27.613918360007208], [-92.94371515912167, 27.613918360007208], [-92.94371515912167, 27.658874303182895], [-92.98867110229736, 27.658874303182895], [-92.98867110229736, 27.703830246358585], [-93.03362704547305, 27.703830246358585], [-93.03362704547305, 27.748786189534272], [-93.07858298864875, 27.748786189534272], [-93.07858298864875, 27.79374213270996], [-93.12353893182444, 27.79374213270996], [-93.12353893182444, 27.83869807588565], [-93.16849487500014, 27.83869807588565], [-93.16849487500014, 27.883654019061336], [-93.21345081817583, 27.883654019061336], [-93.21345081817583, 27.928609962237022], [-93.25840676135152, 27.928609962237022], [-93.25840676135152, 27.973565905412713], [-93.30336270452722, 27.973565905412713], [-93.30336270452722, 28.0185218485884], [-93.34831864770291, 28.0185218485884], [-93.34831864770291, 28.108433734939773], [-93.3932745908786, 28.108433734939773], [-93.3932745908786, 28.153389678115463], [-93.4382305340543, 28.153389678115463], [-93.4382305340543, 28.19834562129115], [-93.48318647722999, 28.19834562129115], [-93.48318647722999, 28.243301564466837], [-93.52814242040569, 28.243301564466837], [-93.52814242040569, 28.333213450818214], [-93.57309836358138, 28.333213450818214], [-93.57309836358138, 28.3781693939939], [-93.61805430675707, 28.3781693939939], [-93.61805430675707, 28.42312533716959], [-93.66301024993277, 28.42312533716959], [-93.66301024993277, 28.513037223520964], [-93.70796619310846, 28.513037223520964], [-93.70796619310846, 28.60294910987234], [-93.75292213628416, 28.60294910987234], [-93.75292213628416, 28.647905053048028], [-93.79787807945985, 28.647905053048028], [-93.79787807945985, 28.737816939399405], [-93.84283402263554, 28.737816939399405], [-93.84283402263554, 28.82772882575078], [-93.88778996581124, 28.82772882575078], [-93.88778996581124, 28.917640712102155], [-93.93274590898693, 28.917640712102155], [-93.93274590898693, 28.962596655277842], [-93.97770185216262, 28.962596655277842], [-93.97770185216262, 29.097464484804906], [-94.02265779533832, 29.097464484804906], [-94.02265779533832, 29.187376371156283], [-94.06761373851401, 29.187376371156283], [-94.06761373851401, 29.322244200683347], [-94.1125696816897, 29.322244200683347], [-94.1125696816897, 29.502067973386097], [-94.1575256248654, 29.502067973386097], [-94.1575256248654, 29.90667146196729], [-94.2024815680411, 29.90667146196729], [-94.2024815680411, 30.401186836899853], [-94.24743751121679, 30.401186836899853], [-94.24743751121679, 30.71587843912967], [-94.2024815680411, 30.71587843912967], [-94.2024815680411, 31.12048192771086], [-94.1575256248654, 31.12048192771086], [-94.1575256248654, 31.3452616435893], [-94.1125696816897, 31.3452616435893], [-94.1125696816897, 31.52508541629205], [-94.06761373851401, 31.52508541629205], [-94.06761373851401, 31.614997302643427], [-94.02265779533832, 31.614997302643427], [-94.02265779533832, 31.7049091889948], [-93.97770185216262, 31.7049091889948], [-93.97770185216262, 31.794821075346178], [-93.93274590898693, 31.794821075346178], [-93.93274590898693, 31.92968890487324], [-93.88778996581124, 31.92968890487324], [-93.88778996581124, 32.01960079122462], [-93.84283402263554, 32.01960079122462], [-93.84283402263554, 32.10951267757599], [-93.79787807945985, 32.10951267757599], [-93.79787807945985, 32.154468620751686], [-93.75292213628416, 32.154468620751686], [-93.75292213628416, 32.24438050710306], [-93.70796619310846, 32.24438050710306], [-93.70796619310846, 32.289336450278746], [-93.66301024993277, 32.289336450278746], [-93.66301024993277, 32.33429239345443], [-93.61805430675707, 32.33429239345443], [-93.61805430675707, 32.42420427980581], [-93.57309836358138, 32.42420427980581], [-93.57309836358138, 32.4691602229815], [-93.52814242040569, 32.4691602229815], [-93.52814242040569, 32.51411616615718], [-93.48318647722999, 32.51411616615718], [-93.48318647722999, 32.60402805250856], [-93.4382305340543, 32.60402805250856], [-93.4382305340543, 32.64898399568425], [-93.3932745908786, 32.64898399568425], [-93.3932745908786, 32.693939938859934], [-93.34831864770291, 32.693939938859934], [-93.34831864770291, 32.73889588203562], [-93.30336270452722, 32.73889588203562], [-93.30336270452722, 32.783851825211315], [-93.25840676135152, 32.783851825211315], [-93.25840676135152, 32.828807768386994], [-93.21345081817583, 32.828807768386994], [-93.21345081817583, 32.87376371156269], [-93.16849487500014, 32.87376371156269], [-93.16849487500014, 32.918719654738375], [-93.12353893182444, 32.918719654738375], [-93.12353893182444, 32.96367559791406], [-93.07858298864875, 32.96367559791406], [-93.07858298864875, 33.00863154108975], [-92.98867110229736, 33.00863154108975], [-92.98867110229736, 33.053587484265435], [-92.94371515912167, 33.053587484265435], [-92.94371515912167, 33.09854342744113], [-92.89875921594597, 33.09854342744113], [-92.89875921594597, 33.143499370616816], [-92.85380327277028, 33.143499370616816], [-92.85380327277028, 33.1884553137925], [-92.80884732959458, 33.1884553137925], [-92.80884732959458, 33.23341125696819], [-92.7189354432432, 33.23341125696819], [-92.7189354432432, 33.278367200143876], [-92.62902355689181, 33.278367200143876], [-92.62902355689181, 33.32332314331956], [-92.58406761371612, 33.32332314331956], [-92.58406761371612, 33.36827908649525], [-92.49415572736473, 33.36827908649525], [-92.49415572736473, 33.41323502967094], [-92.40424384101334, 33.41323502967094], [-92.40424384101334, 33.45819097284663], [-92.31433195466195, 33.45819097284663], [-92.31433195466195, 33.50314691602232], [-92.22442006831056, 33.50314691602232], [-92.22442006831056, 33.548102859198], [-92.13450818195918, 33.548102859198], [-92.13450818195918, 33.59305880237369], [-92.04459629560779, 33.59305880237369], [-92.04459629560779, 33.63801474554938], [-91.9546844092564, 33.63801474554938], [-91.9546844092564, 33.68297068872507], [-91.81981657972932, 33.68297068872507], [-91.81981657972932, 33.72792663190076], [-91.63999280702654, 33.72792663190076], [-91.63999280702654, 33.772882575076444], [-91.50512497749946, 33.772882575076444], [-91.50512497749946, 33.81783851825213], [-90.65096205716128, 33.81783851825213], [-90.65096205716128, 33.772882575076444], [-90.4711382844585, 33.772882575076444], [-90.42618234128281, 33.772882575076444], [-90.42618234128281, 33.72792663190076], [-90.29131451175573, 33.72792663190076], [-90.24635856858004, 33.72792663190076], [-90.24635856858004, 33.68297068872507], [-90.15644668222865, 33.68297068872507], [-90.11149073905295, 33.68297068872507], [-90.11149073905295, 33.63801474554938], [-90.02157885270157, 33.63801474554938], [-89.97662290952587, 33.63801474554938], [-89.97662290952587, 33.59305880237369], [-89.93166696635018, 33.59305880237369], [-89.88671102317448, 33.59305880237369], [-89.88671102317448, 33.548102859198], [-89.84175507999879, 33.548102859198], [-89.84175507999879, 33.50314691602232], [-89.7967991368231, 33.50314691602232], [-89.7518431936474, 33.50314691602232], [-89.7518431936474, 33.45819097284663], [-89.70688725047171, 33.45819097284663], [-89.66193130729602, 33.45819097284663], [-89.66193130729602, 33.41323502967094], [-89.61697536412032, 33.41323502967094], [-89.61697536412032, 33.36827908649525], [-89.57201942094463, 33.36827908649525], [-89.57201942094463, 33.32332314331956], [-89.52706347776893, 33.32332314331956], [-89.52706347776893, 33.278367200143876], [-89.48210753459324, 33.278367200143876], [-89.48210753459324, 33.23341125696819], [-89.43715159141755, 33.23341125696819], [-89.39219564824185, 33.23341125696819], [-89.39219564824185, 33.1884553137925], [-89.34723970506616, 33.1884553137925], [-89.34723970506616, 33.143499370616816], [-89.30228376189046, 33.143499370616816], [-89.30228376189046, 33.09854342744113], [-89.25732781871477, 33.09854342744113], [-89.25732781871477, 33.053587484265435], [-89.21237187553908, 33.053587484265435], [-89.21237187553908, 33.00863154108975], [-89.16741593236338, 33.00863154108975], [-89.16741593236338, 32.96367559791406], [-89.12245998918769, 32.96367559791406], [-89.077504046012, 32.96367559791406], [-89.077504046012, 32.918719654738375], [-89.0325481028363, 32.918719654738375], [-89.0325481028363, 32.87376371156269], [-88.98759215966061, 32.87376371156269], [-88.98759215966061, 32.828807768386994], [-88.94263621648491, 32.828807768386994], [-88.94263621648491, 32.783851825211315], [-88.89768027330922, 32.783851825211315], [-88.89768027330922, 32.73889588203562], [-88.85272433013353, 32.73889588203562], [-88.85272433013353, 32.693939938859934], [-88.80776838695783, 32.693939938859934], [-88.80776838695783, 32.64898399568425], [-88.76281244378214, 32.64898399568425], [-88.76281244378214, 32.60402805250856], [-88.71785650060644, 32.60402805250856], [-88.71785650060644, 32.51411616615718], [-88.67290055743075, 32.51411616615718], [-88.67290055743075, 32.4691602229815], [-88.62794461425506, 32.4691602229815], [-88.62794461425506, 32.37924833663012], [-88.58298867107936, 32.37924833663012], [-88.58298867107936, 32.33429239345443], [-88.53803272790367, 32.33429239345443], [-88.53803272790367, 32.24438050710306], [-88.49307678472798, 32.24438050710306], [-88.49307678472798, 32.154468620751686], [-88.44812084155228, 32.154468620751686], [-88.44812084155228, 32.10951267757599], [-88.40316489837659, 32.10951267757599], [-88.40316489837659, 32.01960079122462], [-88.3582089552009, 32.01960079122462], [-88.3582089552009, 31.97464484804893], [-88.3132530120252, 31.97464484804893], [-88.3132530120252, 31.884732961697555], [-88.2682970688495, 31.884732961697555], [-88.2682970688495, 31.839777018521865], [-88.22334112567381, 31.839777018521865], [-88.22334112567381, 31.74986513217049], [-88.17838518249812, 31.74986513217049], [-88.17838518249812, 31.7049091889948], [-88.13342923932242, 31.7049091889948], [-88.13342923932242, 31.614997302643427], [-88.08847329614673, 31.614997302643427], [-88.08847329614673, 31.52508541629205], [-88.04351735297104, 31.52508541629205], [-88.04351735297104, 31.390217586764987], [-87.99856140979534, 31.390217586764987], [-87.99856140979534, 31.255349757237923], [-87.95360546661965, 31.255349757237923], [-87.95360546661965, 31.16543787088655], [-87.90864952344396, 31.16543787088655], [-87.90864952344396, 31.075525984535172], [-87.86369358026826, 31.075525984535172], [-87.86369358026826, 30.985614098183795], [-87.81873763709257, 30.985614098183795], [-87.81873763709257, 30.94065815500811], [-87.77378169391687, 30.94065815500811], [-87.77378169391687, 30.850746268656735], [-87.72882575074118, 30.850746268656735], [-87.72882575074118, 30.760834382305358], [-87.68386980756549, 30.760834382305358], [-87.68386980756549, 30.67092249595398], [-87.63891386438979, 30.67092249595398], [-87.63891386438979, 30.536054666426917], [-87.5939579212141, 30.536054666426917], [-87.5939579212141, 30.446142780075544], [-87.5490019780384, 30.446142780075544], [-87.5490019780384, 30.401186836899853], [-87.50404603486271, 30.401186836899853], [-87.50404603486271, 30.356230893724167], [-87.45909009168702, 30.356230893724167], [-87.45909009168702, 30.26631900737279], [-87.41413414851132, 30.26631900737279], [-87.41413414851132, 30.221363064197103], [-87.36917820533563, 30.221363064197103], [-87.36917820533563, 30.176407121021416], [-87.32422226215994, 30.176407121021416], [-87.32422226215994, 30.131451177845726], [-87.27926631898424, 30.131451177845726], [-87.27926631898424, 30.08649523467004], [-87.23431037580855, 30.08649523467004], [-87.23431037580855, 30.041539291494352], [-87.18935443263285, 30.041539291494352], [-87.18935443263285, 29.951627405142975], [-87.14439848945716, 29.951627405142975], [-87.14439848945716, 29.90667146196729], [-87.09944254628147, 29.90667146196729], [-87.09944254628147, 29.81675957561591], [-87.05448660310577, 29.81675957561591], [-87.05448660310577, 29.771803632440225], [-87.00953065993008, 29.771803632440225], [-87.00953065993008, 29.681891746088848], [-86.96457471675438, 29.681891746088848], [-86.96457471675438, 29.591979859737474], [-86.91961877357869, 29.591979859737474], [-86.91961877357869, 29.547023916561784], [-86.874662830403, 29.547023916561784], [-86.874662830403, 29.45711203021041], [-86.8297068872273, 29.45711203021041], [-86.8297068872273, 29.412156087034724], [-86.78475094405161, 29.412156087034724], [-86.78475094405161, 29.322244200683347], [-86.73979500087592, 29.322244200683347], [-86.73979500087592, 29.23233231433197], [-86.69483905770022, 29.23233231433197], [-86.69483905770022, 29.187376371156283], [-86.64988311452453, 29.187376371156283], [-86.64988311452453, 29.097464484804906], [-86.60492717134883, 29.097464484804906], [-86.60492717134883, 29.05250854162922], [-86.55997122817314, 29.05250854162922], [-86.55997122817314, 28.962596655277842], [-86.51501528499745, 28.962596655277842], [-86.51501528499745, 28.917640712102155], [-86.47005934182175, 28.917640712102155], [-86.47005934182175, 28.87268476892647], [-86.42510339864606, 28.87268476892647], [-86.42510339864606, 28.78277288257509], [-86.38014745547036, 28.78277288257509], [-86.38014745547036, 28.737816939399405], [-86.33519151229467, 28.737816939399405], [-86.33519151229467, 28.647905053048028], [-86.29023556911898, 28.647905053048028], [-86.29023556911898, 28.60294910987234], [-86.24527962594328, 28.60294910987234], [-86.24527962594328, 28.557993166696654], [-86.20032368276759, 28.557993166696654], [-86.20032368276759, 28.468081280345277], [-86.1553677395919, 28.468081280345277], [-86.1553677395919, 28.42312533716959], [-86.1104117964162, 28.42312533716959], [-86.1104117964162, 28.3781693939939], [-86.06545585324051, 28.3781693939939], [-86.06545585324051, 28.288257507642527], [-86.02049991006481, 28.288257507642527], [-86.02049991006481, 28.243301564466837], [-85.97554396688912, 28.243301564466837], [-85.97554396688912, 28.153389678115463], [-85.93058802371343, 28.153389678115463], [-85.93058802371343, 28.108433734939773], [-85.88563208053773, 28.108433734939773], [-85.88563208053773, 28.063477791764086], [-85.84067613736204, 28.063477791764086], [-85.84067613736204, 27.973565905412713], [-85.79572019418634, 27.973565905412713], [-85.79572019418634, 27.928609962237022], [-85.75076425101065, 27.928609962237022], [-85.75076425101065, 27.83869807588565], [-85.70580830783496, 27.83869807588565], [-85.70580830783496, 27.79374213270996], [-85.66085236465926, 27.79374213270996], [-85.66085236465926, 27.703830246358585], [-85.61589642148357, 27.703830246358585], [-85.61589642148357, 27.658874303182895], [-85.57094047830788, 27.658874303182895], [-85.57094047830788, 27.56896241683152], [-85.52598453513218, 27.56896241683152], [-85.52598453513218, 27.52400647365583], [-85.48102859195649, 27.52400647365583], [-85.48102859195649, 27.434094587304457], [-85.4360726487808, 27.434094587304457], [-85.4360726487808, 27.389138644128767], [-85.3911167056051, 27.389138644128767], [-85.3911167056051, 27.299226757777394], [-85.3461607624294, 27.299226757777394], [-85.3461607624294, 27.254270814601703], [-85.30120481925371, 27.254270814601703], [-85.30120481925371, 27.16435892825033], [-85.25624887607802, 27.16435892825033], [-85.25624887607802, 27.119402985074643], [-85.21129293290232, 27.119402985074643], [-85.21129293290232, 27.074447041898953], [-85.16633698972663, 27.074447041898953], [-85.16633698972663, 26.98453515554758], [-85.12138104655094, 26.98453515554758], [-85.12138104655094, 26.93957921237189], [-85.07642510337524, 26.93957921237189], [-85.07642510337524, 26.894623269196202], [-85.03146916019955, 26.894623269196202], [-85.03146916019955, 26.849667326020516], [-84.98651321702386, 26.849667326020516], [-84.98651321702386, 26.75975543966914], [-84.94155727384816, 26.75975543966914], [-84.94155727384816, 26.714799496493452], [-84.89660133067247, 26.714799496493452], [-84.89660133067247, 26.66984355331776], [-84.85164538749677, 26.66984355331776], [-84.85164538749677, 26.624887610142075], [-84.80668944432108, 26.624887610142075], [-84.80668944432108, 26.579931666966388], [-84.76173350114539, 26.579931666966388], [-84.76173350114539, 26.5349757237907], [-84.71677755796969, 26.5349757237907], [-84.71677755796969, 26.49001978061501], [-84.671821614794, 26.49001978061501], [-84.671821614794, 26.445063837439324], [-84.6268656716183, 26.445063837439324], [-84.6268656716183, 26.400107894263638], [-84.58190972844261, 26.400107894263638], [-84.58190972844261, 26.355151951087947], [-84.53695378526692, 26.355151951087947], [-84.53695378526692, 26.265240064736574], [-84.49199784209122, 26.265240064736574], [-84.49199784209122, 26.220284121560884], [-84.44704189891553, 26.220284121560884], [-84.44704189891553, 26.175328178385197], [-84.40208595573984, 26.175328178385197], [-84.40208595573984, 26.13037223520951], [-84.35713001256414, 26.13037223520951], [-84.35713001256414, 26.08541629203382], [-84.31217406938845, 26.08541629203382], [-84.31217406938845, 26.040460348858133], [-84.26721812621275, 26.040460348858133], [-84.26721812621275, 25.995504405682446], [-84.22226218303706, 25.995504405682446], [-84.22226218303706, 25.950548462506756], [-84.17730623986137, 25.950548462506756], [-84.17730623986137, 25.90559251933107], [-84.13235029668567, 25.90559251933107], [-84.13235029668567, 25.815680632979692], [-84.08739435350998, 25.815680632979692], [-84.08739435350998, 25.72576874662832], [-84.04243841033428, 25.72576874662832], [-84.04243841033428, 25.63585686027694], [-83.99748246715859, 25.63585686027694], [-83.99748246715859, 25.545944973925568], [-83.9525265239829, 25.545944973925568], [-83.9525265239829, 25.321165258047127], [-83.9075705808072, 25.321165258047127], [-83.9075705808072, 24.287178565006307], [-83.9525265239829, 24.287178565006307], [-83.9525265239829, 24.107354792303557], [-83.99748246715859, 24.107354792303557], [-83.99748246715859, 23.972486962776493], [-84.04243841033428, 23.972486962776493], [-84.04243841033428, 23.882575076425116], [-84.08739435350998, 23.882575076425116], [-84.08739435350998, 23.79266319007374], [-84.13235029668567, 23.79266319007374], [-84.13235029668567, 23.747707246898052], [-84.17730623986137, 23.747707246898052], [-84.17730623986137, 23.702751303722366], [-84.22226218303706, 23.702751303722366], [-84.22226218303706, 23.65779536054668], [-84.26721812621275, 23.65779536054668], [-84.26721812621275, 23.61283941737099], [-84.31217406938845, 23.61283941737099], [-84.31217406938845, 23.567883474195302], [-84.40208595573984, 23.567883474195302], [-84.40208595573984, 23.522927531019615], [-84.49199784209122, 23.522927531019615], [-84.49199784209122, 23.477971587843925], [-84.53695378526692, 23.477971587843925], [-84.53695378526692, 23.433015644668238], [-84.6268656716183, 23.433015644668238], [-84.6268656716183, 23.38805970149255], [-84.76173350114539, 23.38805970149255], [-84.76173350114539, 23.34310375831686], [-84.85164538749677, 23.34310375831686], [-84.85164538749677, 23.298147815141174], [-84.94155727384816, 23.298147815141174], [-84.94155727384816, 23.253191871965488], [-85.03146916019955, 23.253191871965488], [-85.03146916019955, 23.208235928789797], [-85.12138104655094, 23.208235928789797], [-85.12138104655094, 23.16327998561411], [-85.25624887607802, 23.16327998561411], [-85.25624887607802, 23.118324042438424], [-85.70580830783496, 23.118324042438424]], [[-85.25624887607802, 26.849667326020516], [-85.25624887607802, 26.93957921237189], [-85.30120481925371, 26.93957921237189], [-85.30120481925371, 26.98453515554758], [-85.3461607624294, 26.98453515554758], [-85.3461607624294, 27.029491098723266], [-85.3911167056051, 27.029491098723266], [-85.3911167056051, 27.074447041898953], [-85.4360726487808, 27.074447041898953], [-85.4360726487808, 27.16435892825033], [-85.48102859195649, 27.16435892825033], [-85.48102859195649, 27.209314871426017], [-85.52598453513218, 27.209314871426017], [-85.52598453513218, 27.299226757777394], [-85.57094047830788, 27.299226757777394], [-85.57094047830788, 27.34418270095308], [-85.61589642148357, 27.34418270095308], [-85.61589642148357, 27.389138644128767], [-85.66085236465926, 27.389138644128767], [-85.66085236465926, 27.479050530480144], [-85.70580830783496, 27.479050530480144], [-85.70580830783496, 27.52400647365583], [-85.75076425101065, 27.52400647365583], [-85.75076425101065, 27.613918360007208], [-85.79572019418634, 27.613918360007208], [-85.79572019418634, 27.658874303182895], [-85.84067613736204, 27.658874303182895], [-85.84067613736204, 27.703830246358585], [-85.88563208053773, 27.703830246358585], [-85.88563208053773, 27.79374213270996], [-85.93058802371343, 27.79374213270996], [-85.93058802371343, 27.83869807588565], [-85.97554396688912, 27.83869807588565], [-85.97554396688912, 27.928609962237022], [-86.02049991006481, 27.928609962237022], [-86.02049991006481, 27.973565905412713], [-86.06545585324051, 27.973565905412713], [-86.06545585324051, 28.0185218485884], [-86.1104117964162, 28.0185218485884], [-86.1104117964162, 28.108433734939773], [-86.1553677395919, 28.108433734939773], [-86.1553677395919, 28.153389678115463], [-86.20032368276759, 28.153389678115463], [-86.20032368276759, 28.19834562129115], [-86.24527962594328, 28.19834562129115], [-86.24527962594328, 28.288257507642527], [-86.29023556911898, 28.288257507642527], [-86.29023556911898, 28.333213450818214], [-86.33519151229467, 28.333213450818214], [-86.33519151229467, 28.3781693939939], [-86.38014745547036, 28.3781693939939], [-86.38014745547036, 28.468081280345277], [-86.42510339864606, 28.468081280345277], [-86.42510339864606, 28.513037223520964], [-86.47005934182175, 28.513037223520964], [-86.47005934182175, 28.557993166696654], [-86.51501528499745, 28.557993166696654], [-86.51501528499745, 28.60294910987234], [-86.55997122817314, 28.60294910987234], [-86.55997122817314, 28.692860996223715], [-86.60492717134883, 28.692860996223715], [-86.60492717134883, 28.737816939399405], [-86.64988311452453, 28.737816939399405], [-86.64988311452453, 28.78277288257509], [-86.69483905770022, 28.78277288257509], [-86.69483905770022, 28.87268476892647], [-86.73979500087592, 28.87268476892647], [-86.73979500087592, 28.917640712102155], [-86.78475094405161, 28.917640712102155], [-86.78475094405161, 28.962596655277842], [-86.8297068872273, 28.962596655277842], [-86.8297068872273, 29.05250854162922], [-86.874662830403, 29.05250854162922], [-86.874662830403, 29.097464484804906], [-86.91961877357869, 29.097464484804906], [-86.91961877357869, 29.187376371156283], [-86.96457471675438, 29.187376371156283], [-86.96457471675438, 29.23233231433197], [-87.00953065993008, 29.23233231433197], [-87.00953065993008, 29.27728825750766], [-87.05448660310577, 29.27728825750766], [-87.05448660310577, 29.367200143859034], [-87.09944254628147, 29.367200143859034], [-87.09944254628147, 29.412156087034724], [-87.14439848945716, 29.412156087034724], [-87.14439848945716, 29.502067973386097], [-87.18935443263285, 29.502067973386097], [-87.18935443263285, 29.547023916561784], [-87.23431037580855, 29.547023916561784], [-87.23431037580855, 29.63693580291316], [-87.27926631898424, 29.63693580291316], [-87.27926631898424, 29.681891746088848], [-87.32422226215994, 29.681891746088848], [-87.32422226215994, 29.771803632440225], [-87.36917820533563, 29.771803632440225], [-87.36917820533563, 29.81675957561591], [-87.41413414851132, 29.81675957561591], [-87.41413414851132, 29.90667146196729], [-87.45909009168702, 29.90667146196729], [-87.45909009168702, 29.951627405142975], [-87.50404603486271, 29.951627405142975], [-87.50404603486271, 29.996583348318666], [-87.5490019780384, 29.996583348318666], [-87.5490019780384, 30.08649523467004], [-87.5939579212141, 30.08649523467004], [-87.5939579212141, 30.131451177845726], [-87.63891386438979, 30.131451177845726], [-87.63891386438979, 30.176407121021416], [-87.68386980756549, 30.176407121021416], [-87.68386980756549, 30.26631900737279], [-87.72882575074118, 30.26631900737279], [-87.72882575074118, 30.31127495054848], [-87.77378169391687, 30.31127495054848], [-87.77378169391687, 30.401186836899853], [-87.81873763709257, 30.401186836899853], [-87.81873763709257, 30.446142780075544], [-87.86369358026826, 30.446142780075544], [-87.86369358026826, 30.536054666426917], [-87.90864952344396, 30.536054666426917], [-87.90864952344396, 30.625966552778294], [-87.95360546661965, 30.625966552778294], [-87.95360546661965, 30.67092249595398], [-87.99856140979534, 30.67092249595398], [-87.99856140979534, 30.71587843912967], [-88.04351735297104, 30.71587843912967], [-88.04351735297104, 30.805790325481045], [-88.08847329614673, 30.805790325481045], [-88.08847329614673, 30.850746268656735], [-88.13342923932242, 30.850746268656735], [-88.13342923932242, 30.895702211832422], [-88.17838518249812, 30.895702211832422], [-88.17838518249812, 30.985614098183795], [-88.22334112567381, 30.985614098183795], [-88.22334112567381, 31.030570041359486], [-88.2682970688495, 31.030570041359486], [-88.2682970688495, 31.12048192771086], [-88.3132530120252, 31.12048192771086], [-88.3132530120252, 31.210393814062236], [-88.3582089552009, 31.210393814062236], [-88.3582089552009, 31.300305700413613], [-88.40316489837659, 31.300305700413613], [-88.40316489837659, 31.390217586764987], [-88.44812084155228, 31.390217586764987], [-88.44812084155228, 31.435173529940677], [-88.49307678472798, 31.435173529940677], [-88.49307678472798, 31.52508541629205], [-88.53803272790367, 31.52508541629205], [-88.53803272790367, 31.614997302643427], [-88.58298867107936, 31.614997302643427], [-88.58298867107936, 31.7049091889948], [-88.62794461425506, 31.7049091889948], [-88.62794461425506, 31.794821075346178], [-88.67290055743075, 31.794821075346178], [-88.67290055743075, 31.839777018521865], [-88.71785650060644, 31.839777018521865], [-88.71785650060644, 31.92968890487324], [-88.76281244378214, 31.92968890487324], [-88.76281244378214, 31.97464484804893], [-88.80776838695783, 31.97464484804893], [-88.80776838695783, 32.064556734400306], [-88.85272433013353, 32.064556734400306], [-88.85272433013353, 32.154468620751686], [-88.89768027330922, 32.154468620751686], [-88.89768027330922, 32.199424563927366], [-88.94263621648491, 32.199424563927366], [-88.94263621648491, 32.24438050710306], [-88.98759215966061, 32.24438050710306], [-88.98759215966061, 32.33429239345443], [-89.0325481028363, 32.33429239345443], [-89.0325481028363, 32.37924833663012], [-89.077504046012, 32.37924833663012], [-89.077504046012, 32.42420427980581], [-89.12245998918769, 32.42420427980581], [-89.12245998918769, 32.4691602229815], [-89.16741593236338, 32.4691602229815], [-89.21237187553908, 32.4691602229815], [-89.21237187553908, 32.51411616615718], [-89.25732781871477, 32.51411616615718], [-89.25732781871477, 32.559072109332874], [-89.30228376189046, 32.559072109332874], [-89.30228376189046, 32.60402805250856], [-89.34723970506616, 32.60402805250856], [-89.34723970506616, 32.64898399568425], [-89.39219564824185, 32.64898399568425], [-89.43715159141755, 32.64898399568425], [-89.43715159141755, 32.693939938859934], [-89.48210753459324, 32.693939938859934], [-89.48210753459324, 32.73889588203562], [-89.52706347776893, 32.73889588203562], [-89.52706347776893, 32.783851825211315], [-89.57201942094463, 32.783851825211315], [-89.57201942094463, 32.828807768386994], [-89.61697536412032, 32.828807768386994], [-89.61697536412032, 32.87376371156269], [-89.66193130729602, 32.87376371156269], [-89.66193130729602, 32.918719654738375], [-89.70688725047171, 32.918719654738375], [-89.7518431936474, 32.918719654738375], [-89.7518431936474, 32.96367559791406], [-89.7967991368231, 32.96367559791406], [-89.7967991368231, 33.00863154108975], [-89.84175507999879, 33.00863154108975], [-89.84175507999879, 33.053587484265435], [-89.88671102317448, 33.053587484265435], [-89.88671102317448, 33.09854342744113], [-89.93166696635018, 33.09854342744113], [-89.93166696635018, 33.143499370616816], [-89.97662290952587, 33.143499370616816], [-90.02157885270157, 33.143499370616816], [-90.02157885270157, 33.1884553137925], [-90.06653479587726, 33.1884553137925], [-90.15644668222865, 33.1884553137925], [-90.15644668222865, 33.23341125696819], [-90.20140262540434, 33.23341125696819], [-90.24635856858004, 33.23341125696819], [-90.24635856858004, 33.278367200143876], [-90.29131451175573, 33.278367200143876], [-90.38122639810712, 33.278367200143876], [-90.38122639810712, 33.32332314331956], [-90.42618234128281, 33.32332314331956], [-90.5160942276342, 33.32332314331956], [-90.5160942276342, 33.36827908649525], [-90.56105017080989, 33.36827908649525], [-90.74087394351267, 33.36827908649525], [-90.74087394351267, 33.41323502967094], [-91.59503686385085, 33.41323502967094], [-91.59503686385085, 33.36827908649525], [-91.72990469337793, 33.36827908649525], [-91.72990469337793, 33.32332314331956], [-91.90972846608071, 33.32332314331956], [-91.90972846608071, 33.278367200143876], [-92.04459629560779, 33.278367200143876], [-92.04459629560779, 33.23341125696819], [-92.13450818195918, 33.23341125696819], [-92.13450818195918, 33.1884553137925], [-92.22442006831056, 33.1884553137925], [-92.22442006831056, 33.143499370616816], [-92.31433195466195, 33.143499370616816], [-92.31433195466195, 33.09854342744113], [-92.40424384101334, 33.09854342744113], [-92.40424384101334, 33.053587484265435], [-92.44919978418903, 33.053587484265435], [-92.44919978418903, 33.00863154108975], [-92.53911167054042, 33.00863154108975], [-92.53911167054042, 32.96367559791406], [-92.58406761371612, 32.96367559791406], [-92.58406761371612, 32.918719654738375], [-92.6739795000675, 32.918719654738375], [-92.6739795000675, 32.87376371156269], [-92.7189354432432, 32.87376371156269], [-92.7189354432432, 32.828807768386994], [-92.76389138641889, 32.828807768386994], [-92.76389138641889, 32.783851825211315], [-92.80884732959458, 32.783851825211315], [-92.80884732959458, 32.73889588203562], [-92.89875921594597, 32.73889588203562], [-92.89875921594597, 32.693939938859934], [-92.94371515912167, 32.693939938859934], [-92.94371515912167, 32.64898399568425], [-92.98867110229736, 32.64898399568425], [-92.98867110229736, 32.60402805250856], [-93.03362704547305, 32.60402805250856], [-93.03362704547305, 32.559072109332874], [-93.07858298864875, 32.559072109332874], [-93.07858298864875, 32.51411616615718], [-93.12353893182444, 32.51411616615718], [-93.12353893182444, 32.42420427980581], [-93.16849487500014, 32.42420427980581], [-93.16849487500014, 32.37924833663012], [-93.21345081817583, 32.37924833663012], [-93.21345081817583, 32.33429239345443], [-93.25840676135152, 32.33429239345443], [-93.25840676135152, 32.24438050710306], [-93.30336270452722, 32.24438050710306], [-93.30336270452722, 32.199424563927366], [-93.34831864770291, 32.199424563927366], [-93.34831864770291, 32.10951267757599], [-93.3932745908786, 32.10951267757599], [-93.3932745908786, 32.064556734400306], [-93.4382305340543, 32.064556734400306], [-93.4382305340543, 31.97464484804893], [-93.48318647722999, 31.97464484804893], [-93.48318647722999, 31.884732961697555], [-93.52814242040569, 31.884732961697555], [-93.52814242040569, 31.839777018521865], [-93.57309836358138, 31.839777018521865], [-93.57309836358138, 31.74986513217049], [-93.61805430675707, 31.74986513217049], [-93.61805430675707, 31.659953245819114], [-93.66301024993277, 31.659953245819114], [-93.66301024993277, 31.570041359467737], [-93.70796619310846, 31.570041359467737], [-93.70796619310846, 31.435173529940677], [-93.75292213628416, 31.435173529940677], [-93.75292213628416, 31.300305700413613], [-93.79787807945985, 31.300305700413613], [-93.79787807945985, 31.12048192771086], [-93.84283402263554, 31.12048192771086], [-93.84283402263554, 30.850746268656735], [-93.88778996581124, 30.850746268656735], [-93.88778996581124, 29.861715518791602], [-93.84283402263554, 29.861715518791602], [-93.84283402263554, 29.45711203021041], [-93.79787807945985, 29.45711203021041], [-93.79787807945985, 29.322244200683347], [-93.75292213628416, 29.322244200683347], [-93.75292213628416, 29.187376371156283], [-93.70796619310846, 29.187376371156283], [-93.70796619310846, 29.05250854162922], [-93.66301024993277, 29.05250854162922], [-93.66301024993277, 28.962596655277842], [-93.61805430675707, 28.962596655277842], [-93.61805430675707, 28.87268476892647], [-93.57309836358138, 28.87268476892647], [-93.57309836358138, 28.78277288257509], [-93.52814242040569, 28.78277288257509], [-93.52814242040569, 28.737816939399405], [-93.48318647722999, 28.737816939399405], [-93.48318647722999, 28.647905053048028], [-93.4382305340543, 28.647905053048028], [-93.4382305340543, 28.557993166696654], [-93.3932745908786, 28.557993166696654], [-93.3932745908786, 28.513037223520964], [-93.34831864770291, 28.513037223520964], [-93.34831864770291, 28.468081280345277], [-93.30336270452722, 28.468081280345277], [-93.30336270452722, 28.3781693939939], [-93.25840676135152, 28.3781693939939], [-93.25840676135152, 28.333213450818214], [-93.21345081817583, 28.333213450818214], [-93.21345081817583, 28.243301564466837], [-93.16849487500014, 28.243301564466837], [-93.16849487500014, 28.19834562129115], [-93.12353893182444, 28.19834562129115], [-93.12353893182444, 28.153389678115463], [-93.07858298864875, 28.153389678115463], [-93.07858298864875, 28.108433734939773], [-93.03362704547305, 28.108433734939773], [-93.03362704547305, 28.063477791764086], [-92.98867110229736, 28.063477791764086], [-92.98867110229736, 27.973565905412713], [-92.94371515912167, 27.973565905412713], [-92.94371515912167, 27.928609962237022], [-92.89875921594597, 27.928609962237022], [-92.89875921594597, 27.883654019061336], [-92.85380327277028, 27.883654019061336], [-92.85380327277028, 27.83869807588565], [-92.80884732959458, 27.83869807588565], [-92.80884732959458, 27.79374213270996], [-92.76389138641889, 27.79374213270996], [-92.76389138641889, 27.748786189534272], [-92.7189354432432, 27.748786189534272], [-92.7189354432432, 27.703830246358585], [-92.6739795000675, 27.703830246358585], [-92.6739795000675, 27.658874303182895], [-92.62902355689181, 27.658874303182895], [-92.62902355689181, 27.613918360007208], [-92.58406761371612, 27.613918360007208], [-92.58406761371612, 27.56896241683152], [-92.53911167054042, 27.56896241683152], [-92.53911167054042, 27.52400647365583], [-92.49415572736473, 27.52400647365583], [-92.49415572736473, 27.479050530480144], [-92.44919978418903, 27.479050530480144], [-92.44919978418903, 27.434094587304457], [-92.40424384101334, 27.434094587304457], [-92.40424384101334, 27.389138644128767], [-92.35928789783765, 27.389138644128767], [-92.35928789783765, 27.34418270095308], [-92.31433195466195, 27.34418270095308], [-92.31433195466195, 27.299226757777394], [-92.26937601148626, 27.299226757777394], [-92.26937601148626, 27.254270814601703], [-92.22442006831056, 27.254270814601703], [-92.22442006831056, 27.209314871426017], [-92.17946412513487, 27.209314871426017], [-92.17946412513487, 27.16435892825033], [-92.13450818195918, 27.16435892825033], [-92.08955223878348, 27.16435892825033], [-92.08955223878348, 27.119402985074643], [-92.04459629560779, 27.119402985074643], [-92.04459629560779, 27.074447041898953], [-91.9996403524321, 27.074447041898953], [-91.9996403524321, 27.029491098723266], [-91.9546844092564, 27.029491098723266], [-91.9546844092564, 26.98453515554758], [-91.90972846608071, 26.98453515554758], [-91.90972846608071, 26.93957921237189], [-91.86477252290501, 26.93957921237189], [-91.81981657972932, 26.93957921237189], [-91.81981657972932, 26.894623269196202], [-91.77486063655363, 26.894623269196202], [-91.77486063655363, 26.849667326020516], [-91.72990469337793, 26.849667326020516], [-91.72990469337793, 26.804711382844825], [-91.68494875020224, 26.804711382844825], [-91.63999280702654, 26.804711382844825], [-91.63999280702654, 26.75975543966914], [-91.59503686385085, 26.75975543966914], [-91.59503686385085, 26.714799496493452], [-91.55008092067516, 26.714799496493452], [-91.55008092067516, 26.66984355331776], [-91.50512497749946, 26.66984355331776], [-91.46016903432377, 26.66984355331776], [-91.46016903432377, 26.624887610142075], [-91.41521309114808, 26.624887610142075], [-91.41521309114808, 26.579931666966388], [-91.37025714797238, 26.579931666966388], [-91.32530120479669, 26.579931666966388], [-91.32530120479669, 26.5349757237907], [-91.280345261621, 26.5349757237907], [-91.280345261621, 26.49001978061501], [-91.2353893184453, 26.49001978061501], [-91.2353893184453, 26.445063837439324], [-91.1904333752696, 26.445063837439324], [-91.14547743209391, 26.445063837439324], [-91.14547743209391, 26.400107894263638], [-91.10052148891822, 26.400107894263638], [-91.10052148891822, 26.355151951087947], [-91.05556554574252, 26.355151951087947], [-91.01060960256683, 26.355151951087947], [-91.01060960256683, 26.31019600791226], [-90.96565365939114, 26.31019600791226], [-90.96565365939114, 26.265240064736574], [-90.92069771621544, 26.265240064736574], [-90.87574177303975, 26.265240064736574], [-90.87574177303975, 26.220284121560884], [-90.83078582986406, 26.220284121560884], [-90.78582988668836, 26.220284121560884], [-90.78582988668836, 26.175328178385197], [-90.74087394351267, 26.175328178385197], [-90.74087394351267, 26.13037223520951], [-90.69591800033697, 26.13037223520951], [-90.65096205716128, 26.13037223520951], [-90.65096205716128, 26.08541629203382], [-90.60600611398559, 26.08541629203382], [-90.60600611398559, 26.040460348858133], [-90.56105017080989, 26.040460348858133], [-90.5160942276342, 26.040460348858133], [-90.5160942276342, 25.995504405682446], [-90.4711382844585, 25.995504405682446], [-90.4711382844585, 25.950548462506756], [-90.42618234128281, 25.950548462506756], [-90.38122639810712, 25.950548462506756], [-90.38122639810712, 25.90559251933107], [-90.33627045493142, 25.90559251933107], [-90.33627045493142, 25.860636576155382], [-90.29131451175573, 25.860636576155382], [-90.24635856858004, 25.860636576155382], [-90.24635856858004, 25.815680632979692], [-90.20140262540434, 25.815680632979692], [-90.20140262540434, 25.770724689804005], [-90.15644668222865, 25.770724689804005], [-90.11149073905295, 25.770724689804005], [-90.11149073905295, 25.72576874662832], [-90.06653479587726, 25.72576874662832], [-90.06653479587726, 25.680812803452632], [-90.02157885270157, 25.680812803452632], [-89.97662290952587, 25.680812803452632], [-89.97662290952587, 25.63585686027694], [-89.93166696635018, 25.63585686027694], [-89.93166696635018, 25.590900917101255], [-89.88671102317448, 25.590900917101255], [-89.84175507999879, 25.590900917101255], [-89.84175507999879, 25.545944973925568], [-89.7967991368231, 25.545944973925568], [-89.7967991368231, 25.500989030749878], [-89.7518431936474, 25.500989030749878], [-89.70688725047171, 25.500989030749878], [-89.70688725047171, 25.45603308757419], [-89.66193130729602, 25.45603308757419], [-89.66193130729602, 25.411077144398504], [-89.61697536412032, 25.411077144398504], [-89.57201942094463, 25.411077144398504], [-89.57201942094463, 25.366121201222814], [-89.52706347776893, 25.366121201222814], [-89.48210753459324, 25.366121201222814], [-89.48210753459324, 25.321165258047127], [-89.43715159141755, 25.321165258047127], [-89.43715159141755, 25.27620931487144], [-89.39219564824185, 25.27620931487144], [-89.34723970506616, 25.27620931487144], [-89.34723970506616, 25.23125337169575], [-89.30228376189046, 25.23125337169575], [-89.30228376189046, 25.186297428520064], [-89.25732781871477, 25.186297428520064], [-89.21237187553908, 25.186297428520064], [-89.21237187553908, 25.141341485344377], [-89.16741593236338, 25.141341485344377], [-89.16741593236338, 25.09638554216869], [-89.12245998918769, 25.09638554216869], [-89.077504046012, 25.09638554216869], [-89.077504046012, 25.051429598993], [-89.0325481028363, 25.051429598993], [-88.98759215966061, 25.051429598993], [-88.98759215966061, 25.006473655817313], [-88.94263621648491, 25.006473655817313], [-88.89768027330922, 25.006473655817313], [-88.89768027330922, 24.961517712641626], [-88.85272433013353, 24.961517712641626], [-88.85272433013353, 24.916561769465936], [-88.80776838695783, 24.916561769465936], [-88.76281244378214, 24.916561769465936], [-88.76281244378214, 24.87160582629025], [-88.71785650060644, 24.87160582629025], [-88.67290055743075, 24.87160582629025], [-88.67290055743075, 24.826649883114563], [-88.62794461425506, 24.826649883114563], [-88.62794461425506, 24.781693939938872], [-88.58298867107936, 24.781693939938872], [-88.53803272790367, 24.781693939938872], [-88.53803272790367, 24.736737996763186], [-88.49307678472798, 24.736737996763186], [-88.44812084155228, 24.736737996763186], [-88.44812084155228, 24.6917820535875], [-88.40316489837659, 24.6917820535875], [-88.3582089552009, 24.6917820535875], [-88.3582089552009, 24.64682611041181], [-88.3132530120252, 24.64682611041181], [-88.3132530120252, 24.60187016723612], [-88.2682970688495, 24.60187016723612], [-88.22334112567381, 24.60187016723612], [-88.22334112567381, 24.556914224060435], [-88.17838518249812, 24.556914224060435], [-88.13342923932242, 24.556914224060435], [-88.13342923932242, 24.511958280884745], [-88.08847329614673, 24.511958280884745], [-88.04351735297104, 24.511958280884745], [-88.04351735297104, 24.467002337709058], [-87.99856140979534, 24.467002337709058], [-87.99856140979534, 24.42204639453337], [-87.95360546661965, 24.42204639453337], [-87.90864952344396, 24.42204639453337], [-87.90864952344396, 24.37709045135768], [-87.86369358026826, 24.37709045135768], [-87.81873763709257, 24.37709045135768], [-87.81873763709257, 24.332134508181994], [-87.77378169391687, 24.332134508181994], [-87.77378169391687, 24.287178565006307], [-87.72882575074118, 24.287178565006307], [-87.68386980756549, 24.287178565006307], [-87.68386980756549, 24.24222262183062], [-87.63891386438979, 24.24222262183062], [-87.5939579212141, 24.24222262183062], [-87.5939579212141, 24.19726667865493], [-87.5490019780384, 24.19726667865493], [-87.5490019780384, 24.152310735479244], [-87.50404603486271, 24.152310735479244], [-87.45909009168702, 24.152310735479244], [-87.45909009168702, 24.107354792303557], [-87.41413414851132, 24.107354792303557], [-87.36917820533563, 24.107354792303557], [-87.36917820533563, 24.062398849127867], [-87.32422226215994, 24.062398849127867], [-87.27926631898424, 24.062398849127867], [-87.27926631898424, 24.01744290595218], [-87.23431037580855, 24.01744290595218], [-87.23431037580855, 23.972486962776493], [-87.18935443263285, 23.972486962776493], [-87.14439848945716, 23.972486962776493], [-87.14439848945716, 23.927531019600803], [-87.09944254628147, 23.927531019600803], [-87.05448660310577, 23.927531019600803], [-87.05448660310577, 23.882575076425116], [-87.00953065993008, 23.882575076425116], [-87.00953065993008, 23.83761913324943], [-86.96457471675438, 23.83761913324943], [-86.91961877357869, 23.83761913324943], [-86.91961877357869, 23.79266319007374], [-86.874662830403, 23.79266319007374], [-86.874662830403, 23.747707246898052], [-86.8297068872273, 23.747707246898052], [-86.78475094405161, 23.747707246898052], [-86.78475094405161, 23.702751303722366], [-86.73979500087592, 23.702751303722366], [-86.69483905770022, 23.702751303722366], [-86.69483905770022, 23.65779536054668], [-86.64988311452453, 23.65779536054668], [-86.60492717134883, 23.65779536054668], [-86.60492717134883, 23.61283941737099], [-86.55997122817314, 23.61283941737099], [-86.51501528499745, 23.61283941737099], [-86.51501528499745, 23.567883474195302], [-86.47005934182175, 23.567883474195302], [-86.42510339864606, 23.567883474195302], [-86.42510339864606, 23.522927531019615], [-86.33519151229467, 23.522927531019615], [-86.29023556911898, 23.522927531019615], [-86.29023556911898, 23.477971587843925], [-86.24527962594328, 23.477971587843925], [-86.20032368276759, 23.477971587843925], [-86.20032368276759, 23.433015644668238], [-86.1104117964162, 23.433015644668238], [-86.06545585324051, 23.433015644668238], [-86.06545585324051, 23.38805970149255], [-86.02049991006481, 23.38805970149255], [-85.97554396688912, 23.38805970149255], [-85.97554396688912, 23.34310375831686], [-85.93058802371343, 23.34310375831686], [-85.88563208053773, 23.34310375831686], [-85.88563208053773, 23.298147815141174], [-85.84067613736204, 23.298147815141174], [-85.79572019418634, 23.298147815141174], [-85.79572019418634, 23.253191871965488], [-85.70580830783496, 23.253191871965488], [-85.66085236465926, 23.253191871965488], [-85.66085236465926, 23.208235928789797], [-85.30120481925371, 23.208235928789797], [-85.30120481925371, 23.253191871965488], [-85.16633698972663, 23.253191871965488], [-85.16633698972663, 23.298147815141174], [-85.07642510337524, 23.298147815141174], [-85.07642510337524, 23.34310375831686], [-84.98651321702386, 23.34310375831686], [-84.98651321702386, 23.38805970149255], [-84.89660133067247, 23.38805970149255], [-84.89660133067247, 23.433015644668238], [-84.80668944432108, 23.433015644668238], [-84.80668944432108, 23.477971587843925], [-84.71677755796969, 23.477971587843925], [-84.71677755796969, 23.522927531019615], [-84.6268656716183, 23.522927531019615], [-84.6268656716183, 23.567883474195302], [-84.53695378526692, 23.567883474195302], [-84.53695378526692, 23.61283941737099], [-84.44704189891553, 23.61283941737099], [-84.44704189891553, 23.65779536054668], [-84.35713001256414, 23.65779536054668], [-84.35713001256414, 23.702751303722366], [-84.31217406938845, 23.702751303722366], [-84.31217406938845, 23.747707246898052], [-84.26721812621275, 23.747707246898052], [-84.26721812621275, 23.79266319007374], [-84.22226218303706, 23.79266319007374], [-84.22226218303706, 23.83761913324943], [-84.17730623986137, 23.83761913324943], [-84.17730623986137, 23.927531019600803], [-84.13235029668567, 23.927531019600803], [-84.13235029668567, 24.01744290595218], [-84.08739435350998, 24.01744290595218], [-84.08739435350998, 24.107354792303557], [-84.04243841033428, 24.107354792303557], [-84.04243841033428, 24.332134508181994], [-83.99748246715859, 24.332134508181994], [-83.99748246715859, 25.27620931487144], [-84.04243841033428, 25.27620931487144], [-84.04243841033428, 25.500989030749878], [-84.08739435350998, 25.500989030749878], [-84.08739435350998, 25.590900917101255], [-84.13235029668567, 25.590900917101255], [-84.13235029668567, 25.680812803452632], [-84.17730623986137, 25.680812803452632], [-84.17730623986137, 25.770724689804005], [-84.22226218303706, 25.770724689804005], [-84.22226218303706, 25.815680632979692], [-84.26721812621275, 25.815680632979692], [-84.26721812621275, 25.90559251933107], [-84.31217406938845, 25.90559251933107], [-84.31217406938845, 25.950548462506756], [-84.35713001256414, 25.950548462506756], [-84.35713001256414, 25.995504405682446], [-84.40208595573984, 25.995504405682446], [-84.40208595573984, 26.040460348858133], [-84.44704189891553, 26.040460348858133], [-84.44704189891553, 26.08541629203382], [-84.49199784209122, 26.08541629203382], [-84.49199784209122, 26.13037223520951], [-84.53695378526692, 26.13037223520951], [-84.58190972844261, 26.13037223520951], [-84.58190972844261, 26.175328178385197], [-84.6268656716183, 26.175328178385197], [-84.6268656716183, 26.220284121560884], [-84.671821614794, 26.220284121560884], [-84.671821614794, 26.265240064736574], [-84.71677755796969, 26.265240064736574], [-84.71677755796969, 26.31019600791226], [-84.76173350114539, 26.31019600791226], [-84.76173350114539, 26.355151951087947], [-84.80668944432108, 26.355151951087947], [-84.80668944432108, 26.400107894263638], [-84.85164538749677, 26.400107894263638], [-84.85164538749677, 26.445063837439324], [-84.89660133067247, 26.445063837439324], [-84.89660133067247, 26.49001978061501], [-84.94155727384816, 26.49001978061501], [-84.94155727384816, 26.579931666966388], [-84.98651321702386, 26.579931666966388], [-84.98651321702386, 26.624887610142075], [-85.03146916019955, 26.624887610142075], [-85.03146916019955, 26.66984355331776], [-85.07642510337524, 26.66984355331776], [-85.07642510337524, 26.714799496493452], [-85.12138104655094, 26.714799496493452], [-85.12138104655094, 26.75975543966914], [-85.16633698972663, 26.75975543966914], [-85.16633698972663, 26.804711382844825], [-85.21129293290232, 26.804711382844825], [-85.21129293290232, 26.849667326020516], [-85.25624887607802, 26.849667326020516]]]]}}, {"type": "Feature", "properties": {"shapefile": "2021082812_wsp34knt120hr_5km", "PERCENTAGE": "40-50%"}, "geometry": {"type": "MultiPolygon", "coordinates": [[[[-85.66085236465926, 23.208235928789797], [-85.66085236465926, 23.253191871965488], [-85.70580830783496, 23.253191871965488], [-85.79572019418634, 23.253191871965488], [-85.79572019418634, 23.298147815141174], [-85.84067613736204, 23.298147815141174], [-85.88563208053773, 23.298147815141174], [-85.88563208053773, 23.34310375831686], [-85.93058802371343, 23.34310375831686], [-85.97554396688912, 23.34310375831686], [-85.97554396688912, 23.38805970149255], [-86.02049991006481, 23.38805970149255], [-86.06545585324051, 23.38805970149255], [-86.06545585324051, 23.433015644668238], [-86.1104117964162, 23.433015644668238], [-86.20032368276759, 23.433015644668238], [-86.20032368276759, 23.477971587843925], [-86.24527962594328, 23.477971587843925], [-86.29023556911898, 23.477971587843925], [-86.29023556911898, 23.522927531019615], [-86.33519151229467, 23.522927531019615], [-86.42510339864606, 23.522927531019615], [-86.42510339864606, 23.567883474195302], [-86.47005934182175, 23.567883474195302], [-86.51501528499745, 23.567883474195302], [-86.51501528499745, 23.61283941737099], [-86.55997122817314, 23.61283941737099], [-86.60492717134883, 23.61283941737099], [-86.60492717134883, 23.65779536054668], [-86.64988311452453, 23.65779536054668], [-86.69483905770022, 23.65779536054668], [-86.69483905770022, 23.702751303722366], [-86.73979500087592, 23.702751303722366], [-86.78475094405161, 23.702751303722366], [-86.78475094405161, 23.747707246898052], [-86.8297068872273, 23.747707246898052], [-86.874662830403, 23.747707246898052], [-86.874662830403, 23.79266319007374], [-86.91961877357869, 23.79266319007374], [-86.91961877357869, 23.83761913324943], [-86.96457471675438, 23.83761913324943], [-87.00953065993008, 23.83761913324943], [-87.00953065993008, 23.882575076425116], [-87.05448660310577, 23.882575076425116], [-87.05448660310577, 23.927531019600803], [-87.09944254628147, 23.927531019600803], [-87.14439848945716, 23.927531019600803], [-87.14439848945716, 23.972486962776493], [-87.18935443263285, 23.972486962776493], [-87.23431037580855, 23.972486962776493], [-87.23431037580855, 24.01744290595218], [-87.27926631898424, 24.01744290595218], [-87.27926631898424, 24.062398849127867], [-87.32422226215994, 24.062398849127867], [-87.36917820533563, 24.062398849127867], [-87.36917820533563, 24.107354792303557], [-87.41413414851132, 24.107354792303557], [-87.45909009168702, 24.107354792303557], [-87.45909009168702, 24.152310735479244], [-87.50404603486271, 24.152310735479244], [-87.5490019780384, 24.152310735479244], [-87.5490019780384, 24.19726667865493], [-87.5939579212141, 24.19726667865493], [-87.5939579212141, 24.24222262183062], [-87.63891386438979, 24.24222262183062], [-87.68386980756549, 24.24222262183062], [-87.68386980756549, 24.287178565006307], [-87.72882575074118, 24.287178565006307], [-87.77378169391687, 24.287178565006307], [-87.77378169391687, 24.332134508181994], [-87.81873763709257, 24.332134508181994], [-87.81873763709257, 24.37709045135768], [-87.86369358026826, 24.37709045135768], [-87.90864952344396, 24.37709045135768], [-87.90864952344396, 24.42204639453337], [-87.95360546661965, 24.42204639453337], [-87.99856140979534, 24.42204639453337], [-87.99856140979534, 24.467002337709058], [-88.04351735297104, 24.467002337709058], [-88.04351735297104, 24.511958280884745], [-88.08847329614673, 24.511958280884745], [-88.13342923932242, 24.511958280884745], [-88.13342923932242, 24.556914224060435], [-88.17838518249812, 24.556914224060435], [-88.22334112567381, 24.556914224060435], [-88.22334112567381, 24.60187016723612], [-88.2682970688495, 24.60187016723612], [-88.3132530120252, 24.60187016723612], [-88.3132530120252, 24.64682611041181], [-88.3582089552009, 24.64682611041181], [-88.3582089552009, 24.6917820535875], [-88.40316489837659, 24.6917820535875], [-88.44812084155228, 24.6917820535875], [-88.44812084155228, 24.736737996763186], [-88.49307678472798, 24.736737996763186], [-88.53803272790367, 24.736737996763186], [-88.53803272790367, 24.781693939938872], [-88.58298867107936, 24.781693939938872], [-88.62794461425506, 24.781693939938872], [-88.62794461425506, 24.826649883114563], [-88.67290055743075, 24.826649883114563], [-88.67290055743075, 24.87160582629025], [-88.71785650060644, 24.87160582629025], [-88.76281244378214, 24.87160582629025], [-88.76281244378214, 24.916561769465936], [-88.80776838695783, 24.916561769465936], [-88.85272433013353, 24.916561769465936], [-88.85272433013353, 24.961517712641626], [-88.89768027330922, 24.961517712641626], [-88.89768027330922, 25.006473655817313], [-88.94263621648491, 25.006473655817313], [-88.98759215966061, 25.006473655817313], [-88.98759215966061, 25.051429598993], [-89.0325481028363, 25.051429598993], [-89.077504046012, 25.051429598993], [-89.077504046012, 25.09638554216869], [-89.12245998918769, 25.09638554216869], [-89.16741593236338, 25.09638554216869], [-89.16741593236338, 25.141341485344377], [-89.21237187553908, 25.141341485344377], [-89.21237187553908, 25.186297428520064], [-89.25732781871477, 25.186297428520064], [-89.30228376189046, 25.186297428520064], [-89.30228376189046, 25.23125337169575], [-89.34723970506616, 25.23125337169575], [-89.34723970506616, 25.27620931487144], [-89.39219564824185, 25.27620931487144], [-89.43715159141755, 25.27620931487144], [-89.43715159141755, 25.321165258047127], [-89.48210753459324, 25.321165258047127], [-89.48210753459324, 25.366121201222814], [-89.52706347776893, 25.366121201222814], [-89.57201942094463, 25.366121201222814], [-89.57201942094463, 25.411077144398504], [-89.61697536412032, 25.411077144398504], [-89.66193130729602, 25.411077144398504], [-89.66193130729602, 25.45603308757419], [-89.70688725047171, 25.45603308757419], [-89.70688725047171, 25.500989030749878], [-89.7518431936474, 25.500989030749878], [-89.7967991368231, 25.500989030749878], [-89.7967991368231, 25.545944973925568], [-89.84175507999879, 25.545944973925568], [-89.84175507999879, 25.590900917101255], [-89.88671102317448, 25.590900917101255], [-89.93166696635018, 25.590900917101255], [-89.93166696635018, 25.63585686027694], [-89.97662290952587, 25.63585686027694], [-89.97662290952587, 25.680812803452632], [-90.02157885270157, 25.680812803452632], [-90.06653479587726, 25.680812803452632], [-90.06653479587726, 25.72576874662832], [-90.11149073905295, 25.72576874662832], [-90.11149073905295, 25.770724689804005], [-90.15644668222865, 25.770724689804005], [-90.20140262540434, 25.770724689804005], [-90.20140262540434, 25.815680632979692], [-90.24635856858004, 25.815680632979692], [-90.24635856858004, 25.860636576155382], [-90.29131451175573, 25.860636576155382], [-90.33627045493142, 25.860636576155382], [-90.33627045493142, 25.90559251933107], [-90.38122639810712, 25.90559251933107], [-90.38122639810712, 25.950548462506756], [-90.42618234128281, 25.950548462506756], [-90.4711382844585, 25.950548462506756], [-90.4711382844585, 25.995504405682446], [-90.5160942276342, 25.995504405682446], [-90.5160942276342, 26.040460348858133], [-90.56105017080989, 26.040460348858133], [-90.60600611398559, 26.040460348858133], [-90.60600611398559, 26.08541629203382], [-90.65096205716128, 26.08541629203382], [-90.65096205716128, 26.13037223520951], [-90.69591800033697, 26.13037223520951], [-90.74087394351267, 26.13037223520951], [-90.74087394351267, 26.175328178385197], [-90.78582988668836, 26.175328178385197], [-90.78582988668836, 26.220284121560884], [-90.83078582986406, 26.220284121560884], [-90.87574177303975, 26.220284121560884], [-90.87574177303975, 26.265240064736574], [-90.92069771621544, 26.265240064736574], [-90.96565365939114, 26.265240064736574], [-90.96565365939114, 26.31019600791226], [-91.01060960256683, 26.31019600791226], [-91.01060960256683, 26.355151951087947], [-91.05556554574252, 26.355151951087947], [-91.10052148891822, 26.355151951087947], [-91.10052148891822, 26.400107894263638], [-91.14547743209391, 26.400107894263638], [-91.14547743209391, 26.445063837439324], [-91.1904333752696, 26.445063837439324], [-91.2353893184453, 26.445063837439324], [-91.2353893184453, 26.49001978061501], [-91.280345261621, 26.49001978061501], [-91.280345261621, 26.5349757237907], [-91.32530120479669, 26.5349757237907], [-91.32530120479669, 26.579931666966388], [-91.37025714797238, 26.579931666966388], [-91.41521309114808, 26.579931666966388], [-91.41521309114808, 26.624887610142075], [-91.46016903432377, 26.624887610142075], [-91.46016903432377, 26.66984355331776], [-91.50512497749946, 26.66984355331776], [-91.55008092067516, 26.66984355331776], [-91.55008092067516, 26.714799496493452], [-91.59503686385085, 26.714799496493452], [-91.59503686385085, 26.75975543966914], [-91.63999280702654, 26.75975543966914], [-91.63999280702654, 26.804711382844825], [-91.68494875020224, 26.804711382844825], [-91.72990469337793, 26.804711382844825], [-91.72990469337793, 26.849667326020516], [-91.77486063655363, 26.849667326020516], [-91.77486063655363, 26.894623269196202], [-91.81981657972932, 26.894623269196202], [-91.81981657972932, 26.93957921237189], [-91.86477252290501, 26.93957921237189], [-91.90972846608071, 26.93957921237189], [-91.90972846608071, 26.98453515554758], [-91.9546844092564, 26.98453515554758], [-91.9546844092564, 27.029491098723266], [-91.9996403524321, 27.029491098723266], [-91.9996403524321, 27.074447041898953], [-92.04459629560779, 27.074447041898953], [-92.04459629560779, 27.119402985074643], [-92.08955223878348, 27.119402985074643], [-92.08955223878348, 27.16435892825033], [-92.13450818195918, 27.16435892825033], [-92.17946412513487, 27.16435892825033], [-92.17946412513487, 27.209314871426017], [-92.22442006831056, 27.209314871426017], [-92.22442006831056, 27.254270814601703], [-92.26937601148626, 27.254270814601703], [-92.26937601148626, 27.299226757777394], [-92.31433195466195, 27.299226757777394], [-92.31433195466195, 27.34418270095308], [-92.35928789783765, 27.34418270095308], [-92.35928789783765, 27.389138644128767], [-92.40424384101334, 27.389138644128767], [-92.40424384101334, 27.434094587304457], [-92.44919978418903, 27.434094587304457], [-92.44919978418903, 27.479050530480144], [-92.49415572736473, 27.479050530480144], [-92.49415572736473, 27.52400647365583], [-92.53911167054042, 27.52400647365583], [-92.53911167054042, 27.56896241683152], [-92.58406761371612, 27.56896241683152], [-92.58406761371612, 27.613918360007208], [-92.62902355689181, 27.613918360007208], [-92.62902355689181, 27.658874303182895], [-92.6739795000675, 27.658874303182895], [-92.6739795000675, 27.703830246358585], [-92.7189354432432, 27.703830246358585], [-92.7189354432432, 27.748786189534272], [-92.76389138641889, 27.748786189534272], [-92.76389138641889, 27.79374213270996], [-92.80884732959458, 27.79374213270996], [-92.80884732959458, 27.83869807588565], [-92.85380327277028, 27.83869807588565], [-92.85380327277028, 27.883654019061336], [-92.89875921594597, 27.883654019061336], [-92.89875921594597, 27.928609962237022], [-92.94371515912167, 27.928609962237022], [-92.94371515912167, 27.973565905412713], [-92.98867110229736, 27.973565905412713], [-92.98867110229736, 28.063477791764086], [-93.03362704547305, 28.063477791764086], [-93.03362704547305, 28.108433734939773], [-93.07858298864875, 28.108433734939773], [-93.07858298864875, 28.153389678115463], [-93.12353893182444, 28.153389678115463], [-93.12353893182444, 28.19834562129115], [-93.16849487500014, 28.19834562129115], [-93.16849487500014, 28.243301564466837], [-93.21345081817583, 28.243301564466837], [-93.21345081817583, 28.333213450818214], [-93.25840676135152, 28.333213450818214], [-93.25840676135152, 28.3781693939939], [-93.30336270452722, 28.3781693939939], [-93.30336270452722, 28.468081280345277], [-93.34831864770291, 28.468081280345277], [-93.34831864770291, 28.513037223520964], [-93.3932745908786, 28.513037223520964], [-93.3932745908786, 28.557993166696654], [-93.4382305340543, 28.557993166696654], [-93.4382305340543, 28.647905053048028], [-93.48318647722999, 28.647905053048028], [-93.48318647722999, 28.737816939399405], [-93.52814242040569, 28.737816939399405], [-93.52814242040569, 28.78277288257509], [-93.57309836358138, 28.78277288257509], [-93.57309836358138, 28.87268476892647], [-93.61805430675707, 28.87268476892647], [-93.61805430675707, 28.962596655277842], [-93.66301024993277, 28.962596655277842], [-93.66301024993277, 29.05250854162922], [-93.70796619310846, 29.05250854162922], [-93.70796619310846, 29.187376371156283], [-93.75292213628416, 29.187376371156283], [-93.75292213628416, 29.322244200683347], [-93.79787807945985, 29.322244200683347], [-93.79787807945985, 29.45711203021041], [-93.84283402263554, 29.45711203021041], [-93.84283402263554, 29.861715518791602], [-93.88778996581124, 29.861715518791602], [-93.88778996581124, 30.850746268656735], [-93.84283402263554, 30.850746268656735], [-93.84283402263554, 31.12048192771086], [-93.79787807945985, 31.12048192771086], [-93.79787807945985, 31.300305700413613], [-93.75292213628416, 31.300305700413613], [-93.75292213628416, 31.435173529940677], [-93.70796619310846, 31.435173529940677], [-93.70796619310846, 31.570041359467737], [-93.66301024993277, 31.570041359467737], [-93.66301024993277, 31.659953245819114], [-93.61805430675707, 31.659953245819114], [-93.61805430675707, 31.74986513217049], [-93.57309836358138, 31.74986513217049], [-93.57309836358138, 31.839777018521865], [-93.52814242040569, 31.839777018521865], [-93.52814242040569, 31.884732961697555], [-93.48318647722999, 31.884732961697555], [-93.48318647722999, 31.97464484804893], [-93.4382305340543, 31.97464484804893], [-93.4382305340543, 32.064556734400306], [-93.3932745908786, 32.064556734400306], [-93.3932745908786, 32.10951267757599], [-93.34831864770291, 32.10951267757599], [-93.34831864770291, 32.199424563927366], [-93.30336270452722, 32.199424563927366], [-93.30336270452722, 32.24438050710306], [-93.25840676135152, 32.24438050710306], [-93.25840676135152, 32.33429239345443], [-93.21345081817583, 32.33429239345443], [-93.21345081817583, 32.37924833663012], [-93.16849487500014, 32.37924833663012], [-93.16849487500014, 32.42420427980581], [-93.12353893182444, 32.42420427980581], [-93.12353893182444, 32.51411616615718], [-93.07858298864875, 32.51411616615718], [-93.07858298864875, 32.559072109332874], [-93.03362704547305, 32.559072109332874], [-93.03362704547305, 32.60402805250856], [-92.98867110229736, 32.60402805250856], [-92.98867110229736, 32.64898399568425], [-92.94371515912167, 32.64898399568425], [-92.94371515912167, 32.693939938859934], [-92.89875921594597, 32.693939938859934], [-92.89875921594597, 32.73889588203562], [-92.80884732959458, 32.73889588203562], [-92.80884732959458, 32.783851825211315], [-92.76389138641889, 32.783851825211315], [-92.76389138641889, 32.828807768386994], [-92.7189354432432, 32.828807768386994], [-92.7189354432432, 32.87376371156269], [-92.6739795000675, 32.87376371156269], [-92.6739795000675, 32.918719654738375], [-92.58406761371612, 32.918719654738375], [-92.58406761371612, 32.96367559791406], [-92.53911167054042, 32.96367559791406], [-92.53911167054042, 33.00863154108975], [-92.44919978418903, 33.00863154108975], [-92.44919978418903, 33.053587484265435], [-92.40424384101334, 33.053587484265435], [-92.40424384101334, 33.09854342744113], [-92.31433195466195, 33.09854342744113], [-92.31433195466195, 33.143499370616816], [-92.22442006831056, 33.143499370616816], [-92.22442006831056, 33.1884553137925], [-92.13450818195918, 33.1884553137925], [-92.13450818195918, 33.23341125696819], [-92.04459629560779, 33.23341125696819], [-92.04459629560779, 33.278367200143876], [-91.90972846608071, 33.278367200143876], [-91.90972846608071, 33.32332314331956], [-91.72990469337793, 33.32332314331956], [-91.72990469337793, 33.36827908649525], [-91.59503686385085, 33.36827908649525], [-91.59503686385085, 33.41323502967094], [-90.74087394351267, 33.41323502967094], [-90.74087394351267, 33.36827908649525], [-90.56105017080989, 33.36827908649525], [-90.5160942276342, 33.36827908649525], [-90.5160942276342, 33.32332314331956], [-90.42618234128281, 33.32332314331956], [-90.38122639810712, 33.32332314331956], [-90.38122639810712, 33.278367200143876], [-90.29131451175573, 33.278367200143876], [-90.24635856858004, 33.278367200143876], [-90.24635856858004, 33.23341125696819], [-90.20140262540434, 33.23341125696819], [-90.15644668222865, 33.23341125696819], [-90.15644668222865, 33.1884553137925], [-90.06653479587726, 33.1884553137925], [-90.02157885270157, 33.1884553137925], [-90.02157885270157, 33.143499370616816], [-89.97662290952587, 33.143499370616816], [-89.93166696635018, 33.143499370616816], [-89.93166696635018, 33.09854342744113], [-89.88671102317448, 33.09854342744113], [-89.88671102317448, 33.053587484265435], [-89.84175507999879, 33.053587484265435], [-89.84175507999879, 33.00863154108975], [-89.7967991368231, 33.00863154108975], [-89.7967991368231, 32.96367559791406], [-89.7518431936474, 32.96367559791406], [-89.7518431936474, 32.918719654738375], [-89.70688725047171, 32.918719654738375], [-89.66193130729602, 32.918719654738375], [-89.66193130729602, 32.87376371156269], [-89.61697536412032, 32.87376371156269], [-89.61697536412032, 32.828807768386994], [-89.57201942094463, 32.828807768386994], [-89.57201942094463, 32.783851825211315], [-89.52706347776893, 32.783851825211315], [-89.52706347776893, 32.73889588203562], [-89.48210753459324, 32.73889588203562], [-89.48210753459324, 32.693939938859934], [-89.43715159141755, 32.693939938859934], [-89.43715159141755, 32.64898399568425], [-89.39219564824185, 32.64898399568425], [-89.34723970506616, 32.64898399568425], [-89.34723970506616, 32.60402805250856], [-89.30228376189046, 32.60402805250856], [-89.30228376189046, 32.559072109332874], [-89.25732781871477, 32.559072109332874], [-89.25732781871477, 32.51411616615718], [-89.21237187553908, 32.51411616615718], [-89.21237187553908, 32.4691602229815], [-89.16741593236338, 32.4691602229815], [-89.12245998918769, 32.4691602229815], [-89.12245998918769, 32.42420427980581], [-89.077504046012, 32.42420427980581], [-89.077504046012, 32.37924833663012], [-89.0325481028363, 32.37924833663012], [-89.0325481028363, 32.33429239345443], [-88.98759215966061, 32.33429239345443], [-88.98759215966061, 32.24438050710306], [-88.94263621648491, 32.24438050710306], [-88.94263621648491, 32.199424563927366], [-88.89768027330922, 32.199424563927366], [-88.89768027330922, 32.154468620751686], [-88.85272433013353, 32.154468620751686], [-88.85272433013353, 32.064556734400306], [-88.80776838695783, 32.064556734400306], [-88.80776838695783, 31.97464484804893], [-88.76281244378214, 31.97464484804893], [-88.76281244378214, 31.92968890487324], [-88.71785650060644, 31.92968890487324], [-88.71785650060644, 31.839777018521865], [-88.67290055743075, 31.839777018521865], [-88.67290055743075, 31.794821075346178], [-88.62794461425506, 31.794821075346178], [-88.62794461425506, 31.7049091889948], [-88.58298867107936, 31.7049091889948], [-88.58298867107936, 31.614997302643427], [-88.53803272790367, 31.614997302643427], [-88.53803272790367, 31.52508541629205], [-88.49307678472798, 31.52508541629205], [-88.49307678472798, 31.435173529940677], [-88.44812084155228, 31.435173529940677], [-88.44812084155228, 31.390217586764987], [-88.40316489837659, 31.390217586764987], [-88.40316489837659, 31.300305700413613], [-88.3582089552009, 31.300305700413613], [-88.3582089552009, 31.210393814062236], [-88.3132530120252, 31.210393814062236], [-88.3132530120252, 31.12048192771086], [-88.2682970688495, 31.12048192771086], [-88.2682970688495, 31.030570041359486], [-88.22334112567381, 31.030570041359486], [-88.22334112567381, 30.985614098183795], [-88.17838518249812, 30.985614098183795], [-88.17838518249812, 30.895702211832422], [-88.13342923932242, 30.895702211832422], [-88.13342923932242, 30.850746268656735], [-88.08847329614673, 30.850746268656735], [-88.08847329614673, 30.805790325481045], [-88.04351735297104, 30.805790325481045], [-88.04351735297104, 30.71587843912967], [-87.99856140979534, 30.71587843912967], [-87.99856140979534, 30.67092249595398], [-87.95360546661965, 30.67092249595398], [-87.95360546661965, 30.625966552778294], [-87.90864952344396, 30.625966552778294], [-87.90864952344396, 30.536054666426917], [-87.86369358026826, 30.536054666426917], [-87.86369358026826, 30.446142780075544], [-87.81873763709257, 30.446142780075544], [-87.81873763709257, 30.401186836899853], [-87.77378169391687, 30.401186836899853], [-87.77378169391687, 30.31127495054848], [-87.72882575074118, 30.31127495054848], [-87.72882575074118, 30.26631900737279], [-87.68386980756549, 30.26631900737279], [-87.68386980756549, 30.176407121021416], [-87.63891386438979, 30.176407121021416], [-87.63891386438979, 30.131451177845726], [-87.5939579212141, 30.131451177845726], [-87.5939579212141, 30.08649523467004], [-87.5490019780384, 30.08649523467004], [-87.5490019780384, 29.996583348318666], [-87.50404603486271, 29.996583348318666], [-87.50404603486271, 29.951627405142975], [-87.45909009168702, 29.951627405142975], [-87.45909009168702, 29.90667146196729], [-87.41413414851132, 29.90667146196729], [-87.41413414851132, 29.81675957561591], [-87.36917820533563, 29.81675957561591], [-87.36917820533563, 29.771803632440225], [-87.32422226215994, 29.771803632440225], [-87.32422226215994, 29.681891746088848], [-87.27926631898424, 29.681891746088848], [-87.27926631898424, 29.63693580291316], [-87.23431037580855, 29.63693580291316], [-87.23431037580855, 29.547023916561784], [-87.18935443263285, 29.547023916561784], [-87.18935443263285, 29.502067973386097], [-87.14439848945716, 29.502067973386097], [-87.14439848945716, 29.412156087034724], [-87.09944254628147, 29.412156087034724], [-87.09944254628147, 29.367200143859034], [-87.05448660310577, 29.367200143859034], [-87.05448660310577, 29.27728825750766], [-87.00953065993008, 29.27728825750766], [-87.00953065993008, 29.23233231433197], [-86.96457471675438, 29.23233231433197], [-86.96457471675438, 29.187376371156283], [-86.91961877357869, 29.187376371156283], [-86.91961877357869, 29.097464484804906], [-86.874662830403, 29.097464484804906], [-86.874662830403, 29.05250854162922], [-86.8297068872273, 29.05250854162922], [-86.8297068872273, 28.962596655277842], [-86.78475094405161, 28.962596655277842], [-86.78475094405161, 28.917640712102155], [-86.73979500087592, 28.917640712102155], [-86.73979500087592, 28.87268476892647], [-86.69483905770022, 28.87268476892647], [-86.69483905770022, 28.78277288257509], [-86.64988311452453, 28.78277288257509], [-86.64988311452453, 28.737816939399405], [-86.60492717134883, 28.737816939399405], [-86.60492717134883, 28.692860996223715], [-86.55997122817314, 28.692860996223715], [-86.55997122817314, 28.60294910987234], [-86.51501528499745, 28.60294910987234], [-86.51501528499745, 28.557993166696654], [-86.47005934182175, 28.557993166696654], [-86.47005934182175, 28.513037223520964], [-86.42510339864606, 28.513037223520964], [-86.42510339864606, 28.468081280345277], [-86.38014745547036, 28.468081280345277], [-86.38014745547036, 28.3781693939939], [-86.33519151229467, 28.3781693939939], [-86.33519151229467, 28.333213450818214], [-86.29023556911898, 28.333213450818214], [-86.29023556911898, 28.288257507642527], [-86.24527962594328, 28.288257507642527], [-86.24527962594328, 28.19834562129115], [-86.20032368276759, 28.19834562129115], [-86.20032368276759, 28.153389678115463], [-86.1553677395919, 28.153389678115463], [-86.1553677395919, 28.108433734939773], [-86.1104117964162, 28.108433734939773], [-86.1104117964162, 28.0185218485884], [-86.06545585324051, 28.0185218485884], [-86.06545585324051, 27.973565905412713], [-86.02049991006481, 27.973565905412713], [-86.02049991006481, 27.928609962237022], [-85.97554396688912, 27.928609962237022], [-85.97554396688912, 27.83869807588565], [-85.93058802371343, 27.83869807588565], [-85.93058802371343, 27.79374213270996], [-85.88563208053773, 27.79374213270996], [-85.88563208053773, 27.703830246358585], [-85.84067613736204, 27.703830246358585], [-85.84067613736204, 27.658874303182895], [-85.79572019418634, 27.658874303182895], [-85.79572019418634, 27.613918360007208], [-85.75076425101065, 27.613918360007208], [-85.75076425101065, 27.52400647365583], [-85.70580830783496, 27.52400647365583], [-85.70580830783496, 27.479050530480144], [-85.66085236465926, 27.479050530480144], [-85.66085236465926, 27.389138644128767], [-85.61589642148357, 27.389138644128767], [-85.61589642148357, 27.34418270095308], [-85.57094047830788, 27.34418270095308], [-85.57094047830788, 27.299226757777394], [-85.52598453513218, 27.299226757777394], [-85.52598453513218, 27.209314871426017], [-85.48102859195649, 27.209314871426017], [-85.48102859195649, 27.16435892825033], [-85.4360726487808, 27.16435892825033], [-85.4360726487808, 27.074447041898953], [-85.3911167056051, 27.074447041898953], [-85.3911167056051, 27.029491098723266], [-85.3461607624294, 27.029491098723266], [-85.3461607624294, 26.98453515554758], [-85.30120481925371, 26.98453515554758], [-85.30120481925371, 26.93957921237189], [-85.25624887607802, 26.93957921237189], [-85.25624887607802, 26.849667326020516], [-85.21129293290232, 26.849667326020516], [-85.21129293290232, 26.804711382844825], [-85.16633698972663, 26.804711382844825], [-85.16633698972663, 26.75975543966914], [-85.12138104655094, 26.75975543966914], [-85.12138104655094, 26.714799496493452], [-85.07642510337524, 26.714799496493452], [-85.07642510337524, 26.66984355331776], [-85.03146916019955, 26.66984355331776], [-85.03146916019955, 26.624887610142075], [-84.98651321702386, 26.624887610142075], [-84.98651321702386, 26.579931666966388], [-84.94155727384816, 26.579931666966388], [-84.94155727384816, 26.49001978061501], [-84.89660133067247, 26.49001978061501], [-84.89660133067247, 26.445063837439324], [-84.85164538749677, 26.445063837439324], [-84.85164538749677, 26.400107894263638], [-84.80668944432108, 26.400107894263638], [-84.80668944432108, 26.355151951087947], [-84.76173350114539, 26.355151951087947], [-84.76173350114539, 26.31019600791226], [-84.71677755796969, 26.31019600791226], [-84.71677755796969, 26.265240064736574], [-84.671821614794, 26.265240064736574], [-84.671821614794, 26.220284121560884], [-84.6268656716183, 26.220284121560884], [-84.6268656716183, 26.175328178385197], [-84.58190972844261, 26.175328178385197], [-84.58190972844261, 26.13037223520951], [-84.53695378526692, 26.13037223520951], [-84.49199784209122, 26.13037223520951], [-84.49199784209122, 26.08541629203382], [-84.44704189891553, 26.08541629203382], [-84.44704189891553, 26.040460348858133], [-84.40208595573984, 26.040460348858133], [-84.40208595573984, 25.995504405682446], [-84.35713001256414, 25.995504405682446], [-84.35713001256414, 25.950548462506756], [-84.31217406938845, 25.950548462506756], [-84.31217406938845, 25.90559251933107], [-84.26721812621275, 25.90559251933107], [-84.26721812621275, 25.815680632979692], [-84.22226218303706, 25.815680632979692], [-84.22226218303706, 25.770724689804005], [-84.17730623986137, 25.770724689804005], [-84.17730623986137, 25.680812803452632], [-84.13235029668567, 25.680812803452632], [-84.13235029668567, 25.590900917101255], [-84.08739435350998, 25.590900917101255], [-84.08739435350998, 25.500989030749878], [-84.04243841033428, 25.500989030749878], [-84.04243841033428, 25.27620931487144], [-83.99748246715859, 25.27620931487144], [-83.99748246715859, 24.332134508181994], [-84.04243841033428, 24.332134508181994], [-84.04243841033428, 24.107354792303557], [-84.08739435350998, 24.107354792303557], [-84.08739435350998, 24.01744290595218], [-84.13235029668567, 24.01744290595218], [-84.13235029668567, 23.927531019600803], [-84.17730623986137, 23.927531019600803], [-84.17730623986137, 23.83761913324943], [-84.22226218303706, 23.83761913324943], [-84.22226218303706, 23.79266319007374], [-84.26721812621275, 23.79266319007374], [-84.26721812621275, 23.747707246898052], [-84.31217406938845, 23.747707246898052], [-84.31217406938845, 23.702751303722366], [-84.35713001256414, 23.702751303722366], [-84.35713001256414, 23.65779536054668], [-84.44704189891553, 23.65779536054668], [-84.44704189891553, 23.61283941737099], [-84.53695378526692, 23.61283941737099], [-84.53695378526692, 23.567883474195302], [-84.6268656716183, 23.567883474195302], [-84.6268656716183, 23.522927531019615], [-84.71677755796969, 23.522927531019615], [-84.71677755796969, 23.477971587843925], [-84.80668944432108, 23.477971587843925], [-84.80668944432108, 23.433015644668238], [-84.89660133067247, 23.433015644668238], [-84.89660133067247, 23.38805970149255], [-84.98651321702386, 23.38805970149255], [-84.98651321702386, 23.34310375831686], [-85.07642510337524, 23.34310375831686], [-85.07642510337524, 23.298147815141174], [-85.16633698972663, 23.298147815141174], [-85.16633698972663, 23.253191871965488], [-85.30120481925371, 23.253191871965488], [-85.30120481925371, 23.208235928789797], [-85.66085236465926, 23.208235928789797]], [[-87.72882575074118, 29.81675957561591], [-87.72882575074118, 29.90667146196729], [-87.77378169391687, 29.90667146196729], [-87.77378169391687, 29.951627405142975], [-87.81873763709257, 29.951627405142975], [-87.81873763709257, 29.996583348318666], [-87.86369358026826, 29.996583348318666], [-87.86369358026826, 30.08649523467004], [-87.90864952344396, 30.08649523467004], [-87.90864952344396, 30.131451177845726], [-87.95360546661965, 30.131451177845726], [-87.95360546661965, 30.221363064197103], [-87.99856140979534, 30.221363064197103], [-87.99856140979534, 30.26631900737279], [-88.04351735297104, 30.26631900737279], [-88.04351735297104, 30.356230893724167], [-88.08847329614673, 30.356230893724167], [-88.08847329614673, 30.401186836899853], [-88.13342923932242, 30.401186836899853], [-88.13342923932242, 30.446142780075544], [-88.17838518249812, 30.446142780075544], [-88.17838518249812, 30.49109872325123], [-88.22334112567381, 30.49109872325123], [-88.22334112567381, 30.581010609602608], [-88.2682970688495, 30.581010609602608], [-88.2682970688495, 30.625966552778294], [-88.3132530120252, 30.625966552778294], [-88.3132530120252, 30.67092249595398], [-88.3582089552009, 30.67092249595398], [-88.3582089552009, 30.71587843912967], [-88.40316489837659, 30.71587843912967], [-88.40316489837659, 30.805790325481045], [-88.44812084155228, 30.805790325481045], [-88.44812084155228, 30.850746268656735], [-88.49307678472798, 30.850746268656735], [-88.49307678472798, 30.94065815500811], [-88.53803272790367, 30.94065815500811], [-88.53803272790367, 30.985614098183795], [-88.58298867107936, 30.985614098183795], [-88.58298867107936, 31.075525984535172], [-88.62794461425506, 31.075525984535172], [-88.62794461425506, 31.12048192771086], [-88.67290055743075, 31.12048192771086], [-88.67290055743075, 31.210393814062236], [-88.71785650060644, 31.210393814062236], [-88.71785650060644, 31.300305700413613], [-88.76281244378214, 31.300305700413613], [-88.76281244378214, 31.390217586764987], [-88.80776838695783, 31.390217586764987], [-88.80776838695783, 31.480129473116364], [-88.85272433013353, 31.480129473116364], [-88.85272433013353, 31.570041359467737], [-88.89768027330922, 31.570041359467737], [-88.89768027330922, 31.614997302643427], [-88.94263621648491, 31.614997302643427], [-88.94263621648491, 31.7049091889948], [-88.98759215966061, 31.7049091889948], [-88.98759215966061, 31.74986513217049], [-89.0325481028363, 31.74986513217049], [-89.0325481028363, 31.794821075346178], [-89.077504046012, 31.794821075346178], [-89.077504046012, 31.884732961697555], [-89.12245998918769, 31.884732961697555], [-89.12245998918769, 31.92968890487324], [-89.16741593236338, 31.92968890487324], [-89.16741593236338, 31.97464484804893], [-89.21237187553908, 31.97464484804893], [-89.21237187553908, 32.01960079122462], [-89.25732781871477, 32.01960079122462], [-89.25732781871477, 32.064556734400306], [-89.30228376189046, 32.064556734400306], [-89.30228376189046, 32.10951267757599], [-89.34723970506616, 32.10951267757599], [-89.34723970506616, 32.154468620751686], [-89.39219564824185, 32.154468620751686], [-89.39219564824185, 32.199424563927366], [-89.43715159141755, 32.199424563927366], [-89.43715159141755, 32.24438050710306], [-89.48210753459324, 32.24438050710306], [-89.48210753459324, 32.289336450278746], [-89.52706347776893, 32.289336450278746], [-89.52706347776893, 32.33429239345443], [-89.57201942094463, 32.33429239345443], [-89.57201942094463, 32.37924833663012], [-89.61697536412032, 32.37924833663012], [-89.66193130729602, 32.37924833663012], [-89.66193130729602, 32.42420427980581], [-89.70688725047171, 32.42420427980581], [-89.70688725047171, 32.4691602229815], [-89.7518431936474, 32.4691602229815], [-89.7518431936474, 32.51411616615718], [-89.7967991368231, 32.51411616615718], [-89.7967991368231, 32.559072109332874], [-89.84175507999879, 32.559072109332874], [-89.84175507999879, 32.60402805250856], [-89.88671102317448, 32.60402805250856], [-89.88671102317448, 32.64898399568425], [-89.93166696635018, 32.64898399568425], [-89.93166696635018, 32.693939938859934], [-89.97662290952587, 32.693939938859934], [-90.02157885270157, 32.693939938859934], [-90.02157885270157, 32.73889588203562], [-90.06653479587726, 32.73889588203562], [-90.11149073905295, 32.73889588203562], [-90.11149073905295, 32.783851825211315], [-90.15644668222865, 32.783851825211315], [-90.20140262540434, 32.783851825211315], [-90.20140262540434, 32.828807768386994], [-90.24635856858004, 32.828807768386994], [-90.29131451175573, 32.828807768386994], [-90.29131451175573, 32.87376371156269], [-90.33627045493142, 32.87376371156269], [-90.38122639810712, 32.87376371156269], [-90.38122639810712, 32.918719654738375], [-90.42618234128281, 32.918719654738375], [-90.5160942276342, 32.918719654738375], [-90.5160942276342, 32.96367559791406], [-90.56105017080989, 32.96367559791406], [-90.74087394351267, 32.96367559791406], [-90.74087394351267, 33.00863154108975], [-90.78582988668836, 33.00863154108975], [-90.96565365939114, 33.00863154108975], [-90.96565365939114, 33.053587484265435], [-91.59503686385085, 33.053587484265435], [-91.59503686385085, 33.00863154108975], [-91.77486063655363, 33.00863154108975], [-91.77486063655363, 32.96367559791406], [-91.9546844092564, 32.96367559791406], [-91.9546844092564, 32.918719654738375], [-92.04459629560779, 32.918719654738375], [-92.04459629560779, 32.87376371156269], [-92.13450818195918, 32.87376371156269], [-92.13450818195918, 32.828807768386994], [-92.17946412513487, 32.828807768386994], [-92.17946412513487, 32.783851825211315], [-92.26937601148626, 32.783851825211315], [-92.26937601148626, 32.73889588203562], [-92.35928789783765, 32.73889588203562], [-92.35928789783765, 32.693939938859934], [-92.44919978418903, 32.693939938859934], [-92.44919978418903, 32.64898399568425], [-92.53911167054042, 32.64898399568425], [-92.53911167054042, 32.60402805250856], [-92.58406761371612, 32.60402805250856], [-92.58406761371612, 32.559072109332874], [-92.62902355689181, 32.559072109332874], [-92.62902355689181, 32.51411616615718], [-92.6739795000675, 32.51411616615718], [-92.6739795000675, 32.4691602229815], [-92.7189354432432, 32.4691602229815], [-92.7189354432432, 32.42420427980581], [-92.76389138641889, 32.42420427980581], [-92.76389138641889, 32.37924833663012], [-92.80884732959458, 32.37924833663012], [-92.80884732959458, 32.289336450278746], [-92.85380327277028, 32.289336450278746], [-92.85380327277028, 32.24438050710306], [-92.89875921594597, 32.24438050710306], [-92.89875921594597, 32.199424563927366], [-92.94371515912167, 32.199424563927366], [-92.94371515912167, 32.154468620751686], [-92.98867110229736, 32.154468620751686], [-92.98867110229736, 32.064556734400306], [-93.03362704547305, 32.064556734400306], [-93.03362704547305, 32.01960079122462], [-93.07858298864875, 32.01960079122462], [-93.07858298864875, 31.97464484804893], [-93.12353893182444, 31.97464484804893], [-93.12353893182444, 31.884732961697555], [-93.16849487500014, 31.884732961697555], [-93.16849487500014, 31.839777018521865], [-93.21345081817583, 31.839777018521865], [-93.21345081817583, 31.74986513217049], [-93.25840676135152, 31.74986513217049], [-93.25840676135152, 31.659953245819114], [-93.30336270452722, 31.659953245819114], [-93.30336270452722, 31.570041359467737], [-93.34831864770291, 31.570041359467737], [-93.34831864770291, 31.480129473116364], [-93.3932745908786, 31.480129473116364], [-93.3932745908786, 31.390217586764987], [-93.4382305340543, 31.390217586764987], [-93.4382305340543, 31.255349757237923], [-93.48318647722999, 31.255349757237923], [-93.48318647722999, 31.16543787088655], [-93.52814242040569, 31.16543787088655], [-93.52814242040569, 31.030570041359486], [-93.57309836358138, 31.030570041359486], [-93.57309836358138, 30.760834382305358], [-93.61805430675707, 30.760834382305358], [-93.61805430675707, 29.681891746088848], [-93.57309836358138, 29.681891746088848], [-93.57309836358138, 29.45711203021041], [-93.52814242040569, 29.45711203021041], [-93.52814242040569, 29.322244200683347], [-93.48318647722999, 29.322244200683347], [-93.48318647722999, 29.187376371156283], [-93.4382305340543, 29.187376371156283], [-93.4382305340543, 29.097464484804906], [-93.3932745908786, 29.097464484804906], [-93.3932745908786, 29.007552598453533], [-93.34831864770291, 29.007552598453533], [-93.34831864770291, 28.917640712102155], [-93.30336270452722, 28.917640712102155], [-93.30336270452722, 28.82772882575078], [-93.25840676135152, 28.82772882575078], [-93.25840676135152, 28.737816939399405], [-93.21345081817583, 28.737816939399405], [-93.21345081817583, 28.692860996223715], [-93.16849487500014, 28.692860996223715], [-93.16849487500014, 28.60294910987234], [-93.12353893182444, 28.60294910987234], [-93.12353893182444, 28.557993166696654], [-93.07858298864875, 28.557993166696654], [-93.07858298864875, 28.468081280345277], [-93.03362704547305, 28.468081280345277], [-93.03362704547305, 28.42312533716959], [-92.98867110229736, 28.42312533716959], [-92.98867110229736, 28.333213450818214], [-92.94371515912167, 28.333213450818214], [-92.94371515912167, 28.288257507642527], [-92.89875921594597, 28.288257507642527], [-92.89875921594597, 28.243301564466837], [-92.85380327277028, 28.243301564466837], [-92.85380327277028, 28.19834562129115], [-92.80884732959458, 28.19834562129115], [-92.80884732959458, 28.153389678115463], [-92.76389138641889, 28.153389678115463], [-92.76389138641889, 28.063477791764086], [-92.7189354432432, 28.063477791764086], [-92.7189354432432, 28.0185218485884], [-92.6739795000675, 28.0185218485884], [-92.6739795000675, 27.973565905412713], [-92.62902355689181, 27.973565905412713], [-92.62902355689181, 27.928609962237022], [-92.58406761371612, 27.928609962237022], [-92.58406761371612, 27.883654019061336], [-92.53911167054042, 27.883654019061336], [-92.53911167054042, 27.83869807588565], [-92.49415572736473, 27.83869807588565], [-92.49415572736473, 27.79374213270996], [-92.44919978418903, 27.79374213270996], [-92.44919978418903, 27.748786189534272], [-92.40424384101334, 27.748786189534272], [-92.40424384101334, 27.703830246358585], [-92.35928789783765, 27.703830246358585], [-92.35928789783765, 27.658874303182895], [-92.31433195466195, 27.658874303182895], [-92.31433195466195, 27.613918360007208], [-92.26937601148626, 27.613918360007208], [-92.26937601148626, 27.56896241683152], [-92.22442006831056, 27.56896241683152], [-92.22442006831056, 27.52400647365583], [-92.17946412513487, 27.52400647365583], [-92.17946412513487, 27.479050530480144], [-92.13450818195918, 27.479050530480144], [-92.13450818195918, 27.434094587304457], [-92.08955223878348, 27.434094587304457], [-92.08955223878348, 27.389138644128767], [-92.04459629560779, 27.389138644128767], [-92.04459629560779, 27.34418270095308], [-91.9996403524321, 27.34418270095308], [-91.9996403524321, 27.299226757777394], [-91.9546844092564, 27.299226757777394], [-91.9546844092564, 27.254270814601703], [-91.90972846608071, 27.254270814601703], [-91.90972846608071, 27.209314871426017], [-91.86477252290501, 27.209314871426017], [-91.86477252290501, 27.16435892825033], [-91.81981657972932, 27.16435892825033], [-91.77486063655363, 27.16435892825033], [-91.77486063655363, 27.119402985074643], [-91.72990469337793, 27.119402985074643], [-91.72990469337793, 27.074447041898953], [-91.68494875020224, 27.074447041898953], [-91.68494875020224, 27.029491098723266], [-91.63999280702654, 27.029491098723266], [-91.63999280702654, 26.98453515554758], [-91.59503686385085, 26.98453515554758], [-91.55008092067516, 26.98453515554758], [-91.55008092067516, 26.93957921237189], [-91.50512497749946, 26.93957921237189], [-91.50512497749946, 26.894623269196202], [-91.46016903432377, 26.894623269196202], [-91.46016903432377, 26.849667326020516], [-91.41521309114808, 26.849667326020516], [-91.37025714797238, 26.849667326020516], [-91.37025714797238, 26.804711382844825], [-91.32530120479669, 26.804711382844825], [-91.32530120479669, 26.75975543966914], [-91.280345261621, 26.75975543966914], [-91.280345261621, 26.714799496493452], [-91.2353893184453, 26.714799496493452], [-91.1904333752696, 26.714799496493452], [-91.1904333752696, 26.66984355331776], [-91.14547743209391, 26.66984355331776], [-91.14547743209391, 26.624887610142075], [-91.10052148891822, 26.624887610142075], [-91.05556554574252, 26.624887610142075], [-91.05556554574252, 26.579931666966388], [-91.01060960256683, 26.579931666966388], [-91.01060960256683, 26.5349757237907], [-90.96565365939114, 26.5349757237907], [-90.96565365939114, 26.49001978061501], [-90.92069771621544, 26.49001978061501], [-90.87574177303975, 26.49001978061501], [-90.87574177303975, 26.445063837439324], [-90.83078582986406, 26.445063837439324], [-90.83078582986406, 26.400107894263638], [-90.78582988668836, 26.400107894263638], [-90.74087394351267, 26.400107894263638], [-90.74087394351267, 26.355151951087947], [-90.69591800033697, 26.355151951087947], [-90.69591800033697, 26.31019600791226], [-90.65096205716128, 26.31019600791226], [-90.60600611398559, 26.31019600791226], [-90.60600611398559, 26.265240064736574], [-90.56105017080989, 26.265240064736574], [-90.56105017080989, 26.220284121560884], [-90.5160942276342, 26.220284121560884], [-90.4711382844585, 26.220284121560884], [-90.4711382844585, 26.175328178385197], [-90.42618234128281, 26.175328178385197], [-90.42618234128281, 26.13037223520951], [-90.38122639810712, 26.13037223520951], [-90.33627045493142, 26.13037223520951], [-90.33627045493142, 26.08541629203382], [-90.29131451175573, 26.08541629203382], [-90.29131451175573, 26.040460348858133], [-90.24635856858004, 26.040460348858133], [-90.20140262540434, 26.040460348858133], [-90.20140262540434, 25.995504405682446], [-90.15644668222865, 25.995504405682446], [-90.15644668222865, 25.950548462506756], [-90.11149073905295, 25.950548462506756], [-90.06653479587726, 25.950548462506756], [-90.06653479587726, 25.90559251933107], [-90.02157885270157, 25.90559251933107], [-90.02157885270157, 25.860636576155382], [-89.97662290952587, 25.860636576155382], [-89.93166696635018, 25.860636576155382], [-89.93166696635018, 25.815680632979692], [-89.88671102317448, 25.815680632979692], [-89.88671102317448, 25.770724689804005], [-89.84175507999879, 25.770724689804005], [-89.84175507999879, 25.72576874662832], [-89.7967991368231, 25.72576874662832], [-89.7518431936474, 25.72576874662832], [-89.7518431936474, 25.680812803452632], [-89.70688725047171, 25.680812803452632], [-89.70688725047171, 25.63585686027694], [-89.66193130729602, 25.63585686027694], [-89.61697536412032, 25.63585686027694], [-89.61697536412032, 25.590900917101255], [-89.57201942094463, 25.590900917101255], [-89.57201942094463, 25.545944973925568], [-89.52706347776893, 25.545944973925568], [-89.48210753459324, 25.545944973925568], [-89.48210753459324, 25.500989030749878], [-89.43715159141755, 25.500989030749878], [-89.43715159141755, 25.45603308757419], [-89.39219564824185, 25.45603308757419], [-89.34723970506616, 25.45603308757419], [-89.34723970506616, 25.411077144398504], [-89.30228376189046, 25.411077144398504], [-89.30228376189046, 25.366121201222814], [-89.25732781871477, 25.366121201222814], [-89.21237187553908, 25.366121201222814], [-89.21237187553908, 25.321165258047127], [-89.16741593236338, 25.321165258047127], [-89.16741593236338, 25.27620931487144], [-89.12245998918769, 25.27620931487144], [-89.077504046012, 25.27620931487144], [-89.077504046012, 25.23125337169575], [-89.0325481028363, 25.23125337169575], [-89.0325481028363, 25.186297428520064], [-88.98759215966061, 25.186297428520064], [-88.94263621648491, 25.186297428520064], [-88.94263621648491, 25.141341485344377], [-88.89768027330922, 25.141341485344377], [-88.85272433013353, 25.141341485344377], [-88.85272433013353, 25.09638554216869], [-88.80776838695783, 25.09638554216869], [-88.80776838695783, 25.051429598993], [-88.76281244378214, 25.051429598993], [-88.71785650060644, 25.051429598993], [-88.71785650060644, 25.006473655817313], [-88.67290055743075, 25.006473655817313], [-88.62794461425506, 25.006473655817313], [-88.62794461425506, 24.961517712641626], [-88.58298867107936, 24.961517712641626], [-88.53803272790367, 24.961517712641626], [-88.53803272790367, 24.916561769465936], [-88.49307678472798, 24.916561769465936], [-88.49307678472798, 24.87160582629025], [-88.44812084155228, 24.87160582629025], [-88.40316489837659, 24.87160582629025], [-88.40316489837659, 24.826649883114563], [-88.3582089552009, 24.826649883114563], [-88.3582089552009, 24.781693939938872], [-88.3132530120252, 24.781693939938872], [-88.2682970688495, 24.781693939938872], [-88.2682970688495, 24.736737996763186], [-88.22334112567381, 24.736737996763186], [-88.17838518249812, 24.736737996763186], [-88.17838518249812, 24.6917820535875], [-88.13342923932242, 24.6917820535875], [-88.13342923932242, 24.64682611041181], [-88.08847329614673, 24.64682611041181], [-88.04351735297104, 24.64682611041181], [-88.04351735297104, 24.60187016723612], [-87.99856140979534, 24.60187016723612], [-87.95360546661965, 24.60187016723612], [-87.95360546661965, 24.556914224060435], [-87.90864952344396, 24.556914224060435], [-87.86369358026826, 24.556914224060435], [-87.86369358026826, 24.511958280884745], [-87.81873763709257, 24.511958280884745], [-87.81873763709257, 24.467002337709058], [-87.77378169391687, 24.467002337709058], [-87.72882575074118, 24.467002337709058], [-87.72882575074118, 24.42204639453337], [-87.68386980756549, 24.42204639453337], [-87.68386980756549, 24.37709045135768], [-87.63891386438979, 24.37709045135768], [-87.5939579212141, 24.37709045135768], [-87.5939579212141, 24.332134508181994], [-87.5490019780384, 24.332134508181994], [-87.50404603486271, 24.332134508181994], [-87.50404603486271, 24.287178565006307], [-87.45909009168702, 24.287178565006307], [-87.45909009168702, 24.24222262183062], [-87.41413414851132, 24.24222262183062], [-87.36917820533563, 24.24222262183062], [-87.36917820533563, 24.19726667865493], [-87.32422226215994, 24.19726667865493], [-87.27926631898424, 24.19726667865493], [-87.27926631898424, 24.152310735479244], [-87.23431037580855, 24.152310735479244], [-87.23431037580855, 24.107354792303557], [-87.18935443263285, 24.107354792303557], [-87.14439848945716, 24.107354792303557], [-87.14439848945716, 24.062398849127867], [-87.09944254628147, 24.062398849127867], [-87.05448660310577, 24.062398849127867], [-87.05448660310577, 24.01744290595218], [-87.00953065993008, 24.01744290595218], [-87.00953065993008, 23.972486962776493], [-86.96457471675438, 23.972486962776493], [-86.91961877357869, 23.972486962776493], [-86.91961877357869, 23.927531019600803], [-86.874662830403, 23.927531019600803], [-86.874662830403, 23.882575076425116], [-86.8297068872273, 23.882575076425116], [-86.8297068872273, 23.83761913324943], [-86.78475094405161, 23.83761913324943], [-86.73979500087592, 23.83761913324943], [-86.73979500087592, 23.79266319007374], [-86.69483905770022, 23.79266319007374], [-86.64988311452453, 23.79266319007374], [-86.64988311452453, 23.747707246898052], [-86.60492717134883, 23.747707246898052], [-86.60492717134883, 23.702751303722366], [-86.51501528499745, 23.702751303722366], [-86.47005934182175, 23.702751303722366], [-86.47005934182175, 23.65779536054668], [-86.42510339864606, 23.65779536054668], [-86.38014745547036, 23.65779536054668], [-86.38014745547036, 23.61283941737099], [-86.29023556911898, 23.61283941737099], [-86.24527962594328, 23.61283941737099], [-86.24527962594328, 23.567883474195302], [-86.1553677395919, 23.567883474195302], [-86.1104117964162, 23.567883474195302], [-86.1104117964162, 23.522927531019615], [-86.06545585324051, 23.522927531019615], [-86.02049991006481, 23.522927531019615], [-86.02049991006481, 23.477971587843925], [-85.97554396688912, 23.477971587843925], [-85.93058802371343, 23.477971587843925], [-85.93058802371343, 23.433015644668238], [-85.88563208053773, 23.433015644668238], [-85.84067613736204, 23.433015644668238], [-85.84067613736204, 23.38805970149255], [-85.79572019418634, 23.38805970149255], [-85.75076425101065, 23.38805970149255], [-85.75076425101065, 23.34310375831686], [-85.70580830783496, 23.34310375831686], [-85.66085236465926, 23.34310375831686], [-85.66085236465926, 23.298147815141174], [-85.57094047830788, 23.298147815141174], [-85.52598453513218, 23.298147815141174], [-85.52598453513218, 23.253191871965488], [-85.4360726487808, 23.253191871965488], [-85.4360726487808, 23.298147815141174], [-85.30120481925371, 23.298147815141174], [-85.30120481925371, 23.34310375831686], [-85.21129293290232, 23.34310375831686], [-85.21129293290232, 23.38805970149255], [-85.12138104655094, 23.38805970149255], [-85.12138104655094, 23.433015644668238], [-85.03146916019955, 23.433015644668238], [-85.03146916019955, 23.477971587843925], [-84.94155727384816, 23.477971587843925], [-84.94155727384816, 23.522927531019615], [-84.85164538749677, 23.522927531019615], [-84.85164538749677, 23.567883474195302], [-84.76173350114539, 23.567883474195302], [-84.76173350114539, 23.61283941737099], [-84.6268656716183, 23.61283941737099], [-84.6268656716183, 23.65779536054668], [-84.53695378526692, 23.65779536054668], [-84.53695378526692, 23.702751303722366], [-84.44704189891553, 23.702751303722366], [-84.44704189891553, 23.747707246898052], [-84.40208595573984, 23.747707246898052], [-84.40208595573984, 23.79266319007374], [-84.31217406938845, 23.79266319007374], [-84.31217406938845, 23.83761913324943], [-84.26721812621275, 23.83761913324943], [-84.26721812621275, 23.927531019600803], [-84.22226218303706, 23.927531019600803], [-84.22226218303706, 23.972486962776493], [-84.17730623986137, 23.972486962776493], [-84.17730623986137, 24.107354792303557], [-84.13235029668567, 24.107354792303557], [-84.13235029668567, 24.332134508181994], [-84.08739435350998, 24.332134508181994], [-84.08739435350998, 25.27620931487144], [-84.13235029668567, 25.27620931487144], [-84.13235029668567, 25.500989030749878], [-84.17730623986137, 25.500989030749878], [-84.17730623986137, 25.590900917101255], [-84.22226218303706, 25.590900917101255], [-84.22226218303706, 25.680812803452632], [-84.26721812621275, 25.680812803452632], [-84.26721812621275, 25.72576874662832], [-84.31217406938845, 25.72576874662832], [-84.31217406938845, 25.815680632979692], [-84.35713001256414, 25.815680632979692], [-84.35713001256414, 25.860636576155382], [-84.40208595573984, 25.860636576155382], [-84.44704189891553, 25.860636576155382], [-84.44704189891553, 25.90559251933107], [-84.49199784209122, 25.90559251933107], [-84.49199784209122, 25.950548462506756], [-84.53695378526692, 25.950548462506756], [-84.53695378526692, 25.995504405682446], [-84.58190972844261, 25.995504405682446], [-84.58190972844261, 26.040460348858133], [-84.6268656716183, 26.040460348858133], [-84.6268656716183, 26.08541629203382], [-84.671821614794, 26.08541629203382], [-84.671821614794, 26.13037223520951], [-84.71677755796969, 26.13037223520951], [-84.71677755796969, 26.175328178385197], [-84.76173350114539, 26.175328178385197], [-84.76173350114539, 26.220284121560884], [-84.80668944432108, 26.220284121560884], [-84.80668944432108, 26.265240064736574], [-84.85164538749677, 26.265240064736574], [-84.85164538749677, 26.31019600791226], [-84.89660133067247, 26.31019600791226], [-84.94155727384816, 26.31019600791226], [-84.94155727384816, 26.355151951087947], [-84.98651321702386, 26.355151951087947], [-84.98651321702386, 26.400107894263638], [-85.03146916019955, 26.400107894263638], [-85.03146916019955, 26.445063837439324], [-85.07642510337524, 26.445063837439324], [-85.07642510337524, 26.5349757237907], [-85.12138104655094, 26.5349757237907], [-85.12138104655094, 26.579931666966388], [-85.16633698972663, 26.579931666966388], [-85.16633698972663, 26.624887610142075], [-85.21129293290232, 26.624887610142075], [-85.21129293290232, 26.66984355331776], [-85.25624887607802, 26.66984355331776], [-85.25624887607802, 26.714799496493452], [-85.30120481925371, 26.714799496493452], [-85.30120481925371, 26.75975543966914], [-85.3461607624294, 26.75975543966914], [-85.3461607624294, 26.804711382844825], [-85.3911167056051, 26.804711382844825], [-85.3911167056051, 26.849667326020516], [-85.4360726487808, 26.849667326020516], [-85.4360726487808, 26.93957921237189], [-85.48102859195649, 26.93957921237189], [-85.48102859195649, 26.98453515554758], [-85.52598453513218, 26.98453515554758], [-85.52598453513218, 27.029491098723266], [-85.57094047830788, 27.029491098723266], [-85.57094047830788, 27.074447041898953], [-85.61589642148357, 27.074447041898953], [-85.61589642148357, 27.16435892825033], [-85.66085236465926, 27.16435892825033], [-85.66085236465926, 27.209314871426017], [-85.70580830783496, 27.209314871426017], [-85.70580830783496, 27.254270814601703], [-85.75076425101065, 27.254270814601703], [-85.75076425101065, 27.34418270095308], [-85.79572019418634, 27.34418270095308], [-85.79572019418634, 27.389138644128767], [-85.84067613736204, 27.389138644128767], [-85.84067613736204, 27.434094587304457], [-85.88563208053773, 27.434094587304457], [-85.88563208053773, 27.479050530480144], [-85.93058802371343, 27.479050530480144], [-85.93058802371343, 27.56896241683152], [-85.97554396688912, 27.56896241683152], [-85.97554396688912, 27.613918360007208], [-86.02049991006481, 27.613918360007208], [-86.02049991006481, 27.658874303182895], [-86.06545585324051, 27.658874303182895], [-86.06545585324051, 27.748786189534272], [-86.1104117964162, 27.748786189534272], [-86.1104117964162, 27.79374213270996], [-86.1553677395919, 27.79374213270996], [-86.1553677395919, 27.883654019061336], [-86.20032368276759, 27.883654019061336], [-86.20032368276759, 27.928609962237022], [-86.24527962594328, 27.928609962237022], [-86.24527962594328, 27.973565905412713], [-86.29023556911898, 27.973565905412713], [-86.29023556911898, 28.063477791764086], [-86.33519151229467, 28.063477791764086], [-86.33519151229467, 28.108433734939773], [-86.38014745547036, 28.108433734939773], [-86.38014745547036, 28.153389678115463], [-86.42510339864606, 28.153389678115463], [-86.42510339864606, 28.19834562129115], [-86.47005934182175, 28.19834562129115], [-86.47005934182175, 28.243301564466837], [-86.51501528499745, 28.243301564466837], [-86.51501528499745, 28.333213450818214], [-86.55997122817314, 28.333213450818214], [-86.55997122817314, 28.3781693939939], [-86.60492717134883, 28.3781693939939], [-86.60492717134883, 28.42312533716959], [-86.64988311452453, 28.42312533716959], [-86.64988311452453, 28.468081280345277], [-86.69483905770022, 28.468081280345277], [-86.69483905770022, 28.513037223520964], [-86.73979500087592, 28.513037223520964], [-86.73979500087592, 28.60294910987234], [-86.78475094405161, 28.60294910987234], [-86.78475094405161, 28.647905053048028], [-86.8297068872273, 28.647905053048028], [-86.8297068872273, 28.692860996223715], [-86.874662830403, 28.692860996223715], [-86.874662830403, 28.737816939399405], [-86.91961877357869, 28.737816939399405], [-86.91961877357869, 28.78277288257509], [-86.96457471675438, 28.78277288257509], [-86.96457471675438, 28.87268476892647], [-87.00953065993008, 28.87268476892647], [-87.00953065993008, 28.917640712102155], [-87.05448660310577, 28.917640712102155], [-87.05448660310577, 28.962596655277842], [-87.09944254628147, 28.962596655277842], [-87.09944254628147, 29.05250854162922], [-87.14439848945716, 29.05250854162922], [-87.14439848945716, 29.097464484804906], [-87.18935443263285, 29.097464484804906], [-87.18935443263285, 29.142420427980596], [-87.23431037580855, 29.142420427980596], [-87.23431037580855, 29.187376371156283], [-87.27926631898424, 29.187376371156283], [-87.27926631898424, 29.27728825750766], [-87.32422226215994, 29.27728825750766], [-87.32422226215994, 29.322244200683347], [-87.36917820533563, 29.322244200683347], [-87.36917820533563, 29.367200143859034], [-87.41413414851132, 29.367200143859034], [-87.41413414851132, 29.45711203021041], [-87.45909009168702, 29.45711203021041], [-87.45909009168702, 29.502067973386097], [-87.50404603486271, 29.502067973386097], [-87.50404603486271, 29.591979859737474], [-87.5490019780384, 29.591979859737474], [-87.5490019780384, 29.63693580291316], [-87.5939579212141, 29.63693580291316], [-87.5939579212141, 29.681891746088848], [-87.63891386438979, 29.681891746088848], [-87.63891386438979, 29.771803632440225], [-87.68386980756549, 29.771803632440225], [-87.68386980756549, 29.81675957561591], [-87.72882575074118, 29.81675957561591]]]]}}, {"type": "Feature", "properties": {"shapefile": "2021082812_wsp34knt120hr_5km", "PERCENTAGE": "50-60%"}, "geometry": {"type": "MultiPolygon", "coordinates": [[[[-85.52598453513218, 23.253191871965488], [-85.52598453513218, 23.298147815141174], [-85.57094047830788, 23.298147815141174], [-85.66085236465926, 23.298147815141174], [-85.66085236465926, 23.34310375831686], [-85.70580830783496, 23.34310375831686], [-85.75076425101065, 23.34310375831686], [-85.75076425101065, 23.38805970149255], [-85.79572019418634, 23.38805970149255], [-85.84067613736204, 23.38805970149255], [-85.84067613736204, 23.433015644668238], [-85.88563208053773, 23.433015644668238], [-85.93058802371343, 23.433015644668238], [-85.93058802371343, 23.477971587843925], [-85.97554396688912, 23.477971587843925], [-86.02049991006481, 23.477971587843925], [-86.02049991006481, 23.522927531019615], [-86.06545585324051, 23.522927531019615], [-86.1104117964162, 23.522927531019615], [-86.1104117964162, 23.567883474195302], [-86.1553677395919, 23.567883474195302], [-86.24527962594328, 23.567883474195302], [-86.24527962594328, 23.61283941737099], [-86.29023556911898, 23.61283941737099], [-86.38014745547036, 23.61283941737099], [-86.38014745547036, 23.65779536054668], [-86.42510339864606, 23.65779536054668], [-86.47005934182175, 23.65779536054668], [-86.47005934182175, 23.702751303722366], [-86.51501528499745, 23.702751303722366], [-86.60492717134883, 23.702751303722366], [-86.60492717134883, 23.747707246898052], [-86.64988311452453, 23.747707246898052], [-86.64988311452453, 23.79266319007374], [-86.69483905770022, 23.79266319007374], [-86.73979500087592, 23.79266319007374], [-86.73979500087592, 23.83761913324943], [-86.78475094405161, 23.83761913324943], [-86.8297068872273, 23.83761913324943], [-86.8297068872273, 23.882575076425116], [-86.874662830403, 23.882575076425116], [-86.874662830403, 23.927531019600803], [-86.91961877357869, 23.927531019600803], [-86.91961877357869, 23.972486962776493], [-86.96457471675438, 23.972486962776493], [-87.00953065993008, 23.972486962776493], [-87.00953065993008, 24.01744290595218], [-87.05448660310577, 24.01744290595218], [-87.05448660310577, 24.062398849127867], [-87.09944254628147, 24.062398849127867], [-87.14439848945716, 24.062398849127867], [-87.14439848945716, 24.107354792303557], [-87.18935443263285, 24.107354792303557], [-87.23431037580855, 24.107354792303557], [-87.23431037580855, 24.152310735479244], [-87.27926631898424, 24.152310735479244], [-87.27926631898424, 24.19726667865493], [-87.32422226215994, 24.19726667865493], [-87.36917820533563, 24.19726667865493], [-87.36917820533563, 24.24222262183062], [-87.41413414851132, 24.24222262183062], [-87.45909009168702, 24.24222262183062], [-87.45909009168702, 24.287178565006307], [-87.50404603486271, 24.287178565006307], [-87.50404603486271, 24.332134508181994], [-87.5490019780384, 24.332134508181994], [-87.5939579212141, 24.332134508181994], [-87.5939579212141, 24.37709045135768], [-87.63891386438979, 24.37709045135768], [-87.68386980756549, 24.37709045135768], [-87.68386980756549, 24.42204639453337], [-87.72882575074118, 24.42204639453337], [-87.72882575074118, 24.467002337709058], [-87.77378169391687, 24.467002337709058], [-87.81873763709257, 24.467002337709058], [-87.81873763709257, 24.511958280884745], [-87.86369358026826, 24.511958280884745], [-87.86369358026826, 24.556914224060435], [-87.90864952344396, 24.556914224060435], [-87.95360546661965, 24.556914224060435], [-87.95360546661965, 24.60187016723612], [-87.99856140979534, 24.60187016723612], [-88.04351735297104, 24.60187016723612], [-88.04351735297104, 24.64682611041181], [-88.08847329614673, 24.64682611041181], [-88.13342923932242, 24.64682611041181], [-88.13342923932242, 24.6917820535875], [-88.17838518249812, 24.6917820535875], [-88.17838518249812, 24.736737996763186], [-88.22334112567381, 24.736737996763186], [-88.2682970688495, 24.736737996763186], [-88.2682970688495, 24.781693939938872], [-88.3132530120252, 24.781693939938872], [-88.3582089552009, 24.781693939938872], [-88.3582089552009, 24.826649883114563], [-88.40316489837659, 24.826649883114563], [-88.40316489837659, 24.87160582629025], [-88.44812084155228, 24.87160582629025], [-88.49307678472798, 24.87160582629025], [-88.49307678472798, 24.916561769465936], [-88.53803272790367, 24.916561769465936], [-88.53803272790367, 24.961517712641626], [-88.58298867107936, 24.961517712641626], [-88.62794461425506, 24.961517712641626], [-88.62794461425506, 25.006473655817313], [-88.67290055743075, 25.006473655817313], [-88.71785650060644, 25.006473655817313], [-88.71785650060644, 25.051429598993], [-88.76281244378214, 25.051429598993], [-88.80776838695783, 25.051429598993], [-88.80776838695783, 25.09638554216869], [-88.85272433013353, 25.09638554216869], [-88.85272433013353, 25.141341485344377], [-88.89768027330922, 25.141341485344377], [-88.94263621648491, 25.141341485344377], [-88.94263621648491, 25.186297428520064], [-88.98759215966061, 25.186297428520064], [-89.0325481028363, 25.186297428520064], [-89.0325481028363, 25.23125337169575], [-89.077504046012, 25.23125337169575], [-89.077504046012, 25.27620931487144], [-89.12245998918769, 25.27620931487144], [-89.16741593236338, 25.27620931487144], [-89.16741593236338, 25.321165258047127], [-89.21237187553908, 25.321165258047127], [-89.21237187553908, 25.366121201222814], [-89.25732781871477, 25.366121201222814], [-89.30228376189046, 25.366121201222814], [-89.30228376189046, 25.411077144398504], [-89.34723970506616, 25.411077144398504], [-89.34723970506616, 25.45603308757419], [-89.39219564824185, 25.45603308757419], [-89.43715159141755, 25.45603308757419], [-89.43715159141755, 25.500989030749878], [-89.48210753459324, 25.500989030749878], [-89.48210753459324, 25.545944973925568], [-89.52706347776893, 25.545944973925568], [-89.57201942094463, 25.545944973925568], [-89.57201942094463, 25.590900917101255], [-89.61697536412032, 25.590900917101255], [-89.61697536412032, 25.63585686027694], [-89.66193130729602, 25.63585686027694], [-89.70688725047171, 25.63585686027694], [-89.70688725047171, 25.680812803452632], [-89.7518431936474, 25.680812803452632], [-89.7518431936474, 25.72576874662832], [-89.7967991368231, 25.72576874662832], [-89.84175507999879, 25.72576874662832], [-89.84175507999879, 25.770724689804005], [-89.88671102317448, 25.770724689804005], [-89.88671102317448, 25.815680632979692], [-89.93166696635018, 25.815680632979692], [-89.93166696635018, 25.860636576155382], [-89.97662290952587, 25.860636576155382], [-90.02157885270157, 25.860636576155382], [-90.02157885270157, 25.90559251933107], [-90.06653479587726, 25.90559251933107], [-90.06653479587726, 25.950548462506756], [-90.11149073905295, 25.950548462506756], [-90.15644668222865, 25.950548462506756], [-90.15644668222865, 25.995504405682446], [-90.20140262540434, 25.995504405682446], [-90.20140262540434, 26.040460348858133], [-90.24635856858004, 26.040460348858133], [-90.29131451175573, 26.040460348858133], [-90.29131451175573, 26.08541629203382], [-90.33627045493142, 26.08541629203382], [-90.33627045493142, 26.13037223520951], [-90.38122639810712, 26.13037223520951], [-90.42618234128281, 26.13037223520951], [-90.42618234128281, 26.175328178385197], [-90.4711382844585, 26.175328178385197], [-90.4711382844585, 26.220284121560884], [-90.5160942276342, 26.220284121560884], [-90.56105017080989, 26.220284121560884], [-90.56105017080989, 26.265240064736574], [-90.60600611398559, 26.265240064736574], [-90.60600611398559, 26.31019600791226], [-90.65096205716128, 26.31019600791226], [-90.69591800033697, 26.31019600791226], [-90.69591800033697, 26.355151951087947], [-90.74087394351267, 26.355151951087947], [-90.74087394351267, 26.400107894263638], [-90.78582988668836, 26.400107894263638], [-90.83078582986406, 26.400107894263638], [-90.83078582986406, 26.445063837439324], [-90.87574177303975, 26.445063837439324], [-90.87574177303975, 26.49001978061501], [-90.92069771621544, 26.49001978061501], [-90.96565365939114, 26.49001978061501], [-90.96565365939114, 26.5349757237907], [-91.01060960256683, 26.5349757237907], [-91.01060960256683, 26.579931666966388], [-91.05556554574252, 26.579931666966388], [-91.05556554574252, 26.624887610142075], [-91.10052148891822, 26.624887610142075], [-91.14547743209391, 26.624887610142075], [-91.14547743209391, 26.66984355331776], [-91.1904333752696, 26.66984355331776], [-91.1904333752696, 26.714799496493452], [-91.2353893184453, 26.714799496493452], [-91.280345261621, 26.714799496493452], [-91.280345261621, 26.75975543966914], [-91.32530120479669, 26.75975543966914], [-91.32530120479669, 26.804711382844825], [-91.37025714797238, 26.804711382844825], [-91.37025714797238, 26.849667326020516], [-91.41521309114808, 26.849667326020516], [-91.46016903432377, 26.849667326020516], [-91.46016903432377, 26.894623269196202], [-91.50512497749946, 26.894623269196202], [-91.50512497749946, 26.93957921237189], [-91.55008092067516, 26.93957921237189], [-91.55008092067516, 26.98453515554758], [-91.59503686385085, 26.98453515554758], [-91.63999280702654, 26.98453515554758], [-91.63999280702654, 27.029491098723266], [-91.68494875020224, 27.029491098723266], [-91.68494875020224, 27.074447041898953], [-91.72990469337793, 27.074447041898953], [-91.72990469337793, 27.119402985074643], [-91.77486063655363, 27.119402985074643], [-91.77486063655363, 27.16435892825033], [-91.81981657972932, 27.16435892825033], [-91.86477252290501, 27.16435892825033], [-91.86477252290501, 27.209314871426017], [-91.90972846608071, 27.209314871426017], [-91.90972846608071, 27.254270814601703], [-91.9546844092564, 27.254270814601703], [-91.9546844092564, 27.299226757777394], [-91.9996403524321, 27.299226757777394], [-91.9996403524321, 27.34418270095308], [-92.04459629560779, 27.34418270095308], [-92.04459629560779, 27.389138644128767], [-92.08955223878348, 27.389138644128767], [-92.08955223878348, 27.434094587304457], [-92.13450818195918, 27.434094587304457], [-92.13450818195918, 27.479050530480144], [-92.17946412513487, 27.479050530480144], [-92.17946412513487, 27.52400647365583], [-92.22442006831056, 27.52400647365583], [-92.22442006831056, 27.56896241683152], [-92.26937601148626, 27.56896241683152], [-92.26937601148626, 27.613918360007208], [-92.31433195466195, 27.613918360007208], [-92.31433195466195, 27.658874303182895], [-92.35928789783765, 27.658874303182895], [-92.35928789783765, 27.703830246358585], [-92.40424384101334, 27.703830246358585], [-92.40424384101334, 27.748786189534272], [-92.44919978418903, 27.748786189534272], [-92.44919978418903, 27.79374213270996], [-92.49415572736473, 27.79374213270996], [-92.49415572736473, 27.83869807588565], [-92.53911167054042, 27.83869807588565], [-92.53911167054042, 27.883654019061336], [-92.58406761371612, 27.883654019061336], [-92.58406761371612, 27.928609962237022], [-92.62902355689181, 27.928609962237022], [-92.62902355689181, 27.973565905412713], [-92.6739795000675, 27.973565905412713], [-92.6739795000675, 28.0185218485884], [-92.7189354432432, 28.0185218485884], [-92.7189354432432, 28.063477791764086], [-92.76389138641889, 28.063477791764086], [-92.76389138641889, 28.153389678115463], [-92.80884732959458, 28.153389678115463], [-92.80884732959458, 28.19834562129115], [-92.85380327277028, 28.19834562129115], [-92.85380327277028, 28.243301564466837], [-92.89875921594597, 28.243301564466837], [-92.89875921594597, 28.288257507642527], [-92.94371515912167, 28.288257507642527], [-92.94371515912167, 28.333213450818214], [-92.98867110229736, 28.333213450818214], [-92.98867110229736, 28.42312533716959], [-93.03362704547305, 28.42312533716959], [-93.03362704547305, 28.468081280345277], [-93.07858298864875, 28.468081280345277], [-93.07858298864875, 28.557993166696654], [-93.12353893182444, 28.557993166696654], [-93.12353893182444, 28.60294910987234], [-93.16849487500014, 28.60294910987234], [-93.16849487500014, 28.692860996223715], [-93.21345081817583, 28.692860996223715], [-93.21345081817583, 28.737816939399405], [-93.25840676135152, 28.737816939399405], [-93.25840676135152, 28.82772882575078], [-93.30336270452722, 28.82772882575078], [-93.30336270452722, 28.917640712102155], [-93.34831864770291, 28.917640712102155], [-93.34831864770291, 29.007552598453533], [-93.3932745908786, 29.007552598453533], [-93.3932745908786, 29.097464484804906], [-93.4382305340543, 29.097464484804906], [-93.4382305340543, 29.187376371156283], [-93.48318647722999, 29.187376371156283], [-93.48318647722999, 29.322244200683347], [-93.52814242040569, 29.322244200683347], [-93.52814242040569, 29.45711203021041], [-93.57309836358138, 29.45711203021041], [-93.57309836358138, 29.681891746088848], [-93.61805430675707, 29.681891746088848], [-93.61805430675707, 30.760834382305358], [-93.57309836358138, 30.760834382305358], [-93.57309836358138, 31.030570041359486], [-93.52814242040569, 31.030570041359486], [-93.52814242040569, 31.16543787088655], [-93.48318647722999, 31.16543787088655], [-93.48318647722999, 31.255349757237923], [-93.4382305340543, 31.255349757237923], [-93.4382305340543, 31.390217586764987], [-93.3932745908786, 31.390217586764987], [-93.3932745908786, 31.480129473116364], [-93.34831864770291, 31.480129473116364], [-93.34831864770291, 31.570041359467737], [-93.30336270452722, 31.570041359467737], [-93.30336270452722, 31.659953245819114], [-93.25840676135152, 31.659953245819114], [-93.25840676135152, 31.74986513217049], [-93.21345081817583, 31.74986513217049], [-93.21345081817583, 31.839777018521865], [-93.16849487500014, 31.839777018521865], [-93.16849487500014, 31.884732961697555], [-93.12353893182444, 31.884732961697555], [-93.12353893182444, 31.97464484804893], [-93.07858298864875, 31.97464484804893], [-93.07858298864875, 32.01960079122462], [-93.03362704547305, 32.01960079122462], [-93.03362704547305, 32.064556734400306], [-92.98867110229736, 32.064556734400306], [-92.98867110229736, 32.154468620751686], [-92.94371515912167, 32.154468620751686], [-92.94371515912167, 32.199424563927366], [-92.89875921594597, 32.199424563927366], [-92.89875921594597, 32.24438050710306], [-92.85380327277028, 32.24438050710306], [-92.85380327277028, 32.289336450278746], [-92.80884732959458, 32.289336450278746], [-92.80884732959458, 32.37924833663012], [-92.76389138641889, 32.37924833663012], [-92.76389138641889, 32.42420427980581], [-92.7189354432432, 32.42420427980581], [-92.7189354432432, 32.4691602229815], [-92.6739795000675, 32.4691602229815], [-92.6739795000675, 32.51411616615718], [-92.62902355689181, 32.51411616615718], [-92.62902355689181, 32.559072109332874], [-92.58406761371612, 32.559072109332874], [-92.58406761371612, 32.60402805250856], [-92.53911167054042, 32.60402805250856], [-92.53911167054042, 32.64898399568425], [-92.44919978418903, 32.64898399568425], [-92.44919978418903, 32.693939938859934], [-92.35928789783765, 32.693939938859934], [-92.35928789783765, 32.73889588203562], [-92.26937601148626, 32.73889588203562], [-92.26937601148626, 32.783851825211315], [-92.17946412513487, 32.783851825211315], [-92.17946412513487, 32.828807768386994], [-92.13450818195918, 32.828807768386994], [-92.13450818195918, 32.87376371156269], [-92.04459629560779, 32.87376371156269], [-92.04459629560779, 32.918719654738375], [-91.9546844092564, 32.918719654738375], [-91.9546844092564, 32.96367559791406], [-91.77486063655363, 32.96367559791406], [-91.77486063655363, 33.00863154108975], [-91.59503686385085, 33.00863154108975], [-91.59503686385085, 33.053587484265435], [-90.96565365939114, 33.053587484265435], [-90.96565365939114, 33.00863154108975], [-90.78582988668836, 33.00863154108975], [-90.74087394351267, 33.00863154108975], [-90.74087394351267, 32.96367559791406], [-90.56105017080989, 32.96367559791406], [-90.5160942276342, 32.96367559791406], [-90.5160942276342, 32.918719654738375], [-90.42618234128281, 32.918719654738375], [-90.38122639810712, 32.918719654738375], [-90.38122639810712, 32.87376371156269], [-90.33627045493142, 32.87376371156269], [-90.29131451175573, 32.87376371156269], [-90.29131451175573, 32.828807768386994], [-90.24635856858004, 32.828807768386994], [-90.20140262540434, 32.828807768386994], [-90.20140262540434, 32.783851825211315], [-90.15644668222865, 32.783851825211315], [-90.11149073905295, 32.783851825211315], [-90.11149073905295, 32.73889588203562], [-90.06653479587726, 32.73889588203562], [-90.02157885270157, 32.73889588203562], [-90.02157885270157, 32.693939938859934], [-89.97662290952587, 32.693939938859934], [-89.93166696635018, 32.693939938859934], [-89.93166696635018, 32.64898399568425], [-89.88671102317448, 32.64898399568425], [-89.88671102317448, 32.60402805250856], [-89.84175507999879, 32.60402805250856], [-89.84175507999879, 32.559072109332874], [-89.7967991368231, 32.559072109332874], [-89.7967991368231, 32.51411616615718], [-89.7518431936474, 32.51411616615718], [-89.7518431936474, 32.4691602229815], [-89.70688725047171, 32.4691602229815], [-89.70688725047171, 32.42420427980581], [-89.66193130729602, 32.42420427980581], [-89.66193130729602, 32.37924833663012], [-89.61697536412032, 32.37924833663012], [-89.57201942094463, 32.37924833663012], [-89.57201942094463, 32.33429239345443], [-89.52706347776893, 32.33429239345443], [-89.52706347776893, 32.289336450278746], [-89.48210753459324, 32.289336450278746], [-89.48210753459324, 32.24438050710306], [-89.43715159141755, 32.24438050710306], [-89.43715159141755, 32.199424563927366], [-89.39219564824185, 32.199424563927366], [-89.39219564824185, 32.154468620751686], [-89.34723970506616, 32.154468620751686], [-89.34723970506616, 32.10951267757599], [-89.30228376189046, 32.10951267757599], [-89.30228376189046, 32.064556734400306], [-89.25732781871477, 32.064556734400306], [-89.25732781871477, 32.01960079122462], [-89.21237187553908, 32.01960079122462], [-89.21237187553908, 31.97464484804893], [-89.16741593236338, 31.97464484804893], [-89.16741593236338, 31.92968890487324], [-89.12245998918769, 31.92968890487324], [-89.12245998918769, 31.884732961697555], [-89.077504046012, 31.884732961697555], [-89.077504046012, 31.794821075346178], [-89.0325481028363, 31.794821075346178], [-89.0325481028363, 31.74986513217049], [-88.98759215966061, 31.74986513217049], [-88.98759215966061, 31.7049091889948], [-88.94263621648491, 31.7049091889948], [-88.94263621648491, 31.614997302643427], [-88.89768027330922, 31.614997302643427], [-88.89768027330922, 31.570041359467737], [-88.85272433013353, 31.570041359467737], [-88.85272433013353, 31.480129473116364], [-88.80776838695783, 31.480129473116364], [-88.80776838695783, 31.390217586764987], [-88.76281244378214, 31.390217586764987], [-88.76281244378214, 31.300305700413613], [-88.71785650060644, 31.300305700413613], [-88.71785650060644, 31.210393814062236], [-88.67290055743075, 31.210393814062236], [-88.67290055743075, 31.12048192771086], [-88.62794461425506, 31.12048192771086], [-88.62794461425506, 31.075525984535172], [-88.58298867107936, 31.075525984535172], [-88.58298867107936, 30.985614098183795], [-88.53803272790367, 30.985614098183795], [-88.53803272790367, 30.94065815500811], [-88.49307678472798, 30.94065815500811], [-88.49307678472798, 30.850746268656735], [-88.44812084155228, 30.850746268656735], [-88.44812084155228, 30.805790325481045], [-88.40316489837659, 30.805790325481045], [-88.40316489837659, 30.71587843912967], [-88.3582089552009, 30.71587843912967], [-88.3582089552009, 30.67092249595398], [-88.3132530120252, 30.67092249595398], [-88.3132530120252, 30.625966552778294], [-88.2682970688495, 30.625966552778294], [-88.2682970688495, 30.581010609602608], [-88.22334112567381, 30.581010609602608], [-88.22334112567381, 30.49109872325123], [-88.17838518249812, 30.49109872325123], [-88.17838518249812, 30.446142780075544], [-88.13342923932242, 30.446142780075544], [-88.13342923932242, 30.401186836899853], [-88.08847329614673, 30.401186836899853], [-88.08847329614673, 30.356230893724167], [-88.04351735297104, 30.356230893724167], [-88.04351735297104, 30.26631900737279], [-87.99856140979534, 30.26631900737279], [-87.99856140979534, 30.221363064197103], [-87.95360546661965, 30.221363064197103], [-87.95360546661965, 30.131451177845726], [-87.90864952344396, 30.131451177845726], [-87.90864952344396, 30.08649523467004], [-87.86369358026826, 30.08649523467004], [-87.86369358026826, 29.996583348318666], [-87.81873763709257, 29.996583348318666], [-87.81873763709257, 29.951627405142975], [-87.77378169391687, 29.951627405142975], [-87.77378169391687, 29.90667146196729], [-87.72882575074118, 29.90667146196729], [-87.72882575074118, 29.81675957561591], [-87.68386980756549, 29.81675957561591], [-87.68386980756549, 29.771803632440225], [-87.63891386438979, 29.771803632440225], [-87.63891386438979, 29.681891746088848], [-87.5939579212141, 29.681891746088848], [-87.5939579212141, 29.63693580291316], [-87.5490019780384, 29.63693580291316], [-87.5490019780384, 29.591979859737474], [-87.50404603486271, 29.591979859737474], [-87.50404603486271, 29.502067973386097], [-87.45909009168702, 29.502067973386097], [-87.45909009168702, 29.45711203021041], [-87.41413414851132, 29.45711203021041], [-87.41413414851132, 29.367200143859034], [-87.36917820533563, 29.367200143859034], [-87.36917820533563, 29.322244200683347], [-87.32422226215994, 29.322244200683347], [-87.32422226215994, 29.27728825750766], [-87.27926631898424, 29.27728825750766], [-87.27926631898424, 29.187376371156283], [-87.23431037580855, 29.187376371156283], [-87.23431037580855, 29.142420427980596], [-87.18935443263285, 29.142420427980596], [-87.18935443263285, 29.097464484804906], [-87.14439848945716, 29.097464484804906], [-87.14439848945716, 29.05250854162922], [-87.09944254628147, 29.05250854162922], [-87.09944254628147, 28.962596655277842], [-87.05448660310577, 28.962596655277842], [-87.05448660310577, 28.917640712102155], [-87.00953065993008, 28.917640712102155], [-87.00953065993008, 28.87268476892647], [-86.96457471675438, 28.87268476892647], [-86.96457471675438, 28.78277288257509], [-86.91961877357869, 28.78277288257509], [-86.91961877357869, 28.737816939399405], [-86.874662830403, 28.737816939399405], [-86.874662830403, 28.692860996223715], [-86.8297068872273, 28.692860996223715], [-86.8297068872273, 28.647905053048028], [-86.78475094405161, 28.647905053048028], [-86.78475094405161, 28.60294910987234], [-86.73979500087592, 28.60294910987234], [-86.73979500087592, 28.513037223520964], [-86.69483905770022, 28.513037223520964], [-86.69483905770022, 28.468081280345277], [-86.64988311452453, 28.468081280345277], [-86.64988311452453, 28.42312533716959], [-86.60492717134883, 28.42312533716959], [-86.60492717134883, 28.3781693939939], [-86.55997122817314, 28.3781693939939], [-86.55997122817314, 28.333213450818214], [-86.51501528499745, 28.333213450818214], [-86.51501528499745, 28.243301564466837], [-86.47005934182175, 28.243301564466837], [-86.47005934182175, 28.19834562129115], [-86.42510339864606, 28.19834562129115], [-86.42510339864606, 28.153389678115463], [-86.38014745547036, 28.153389678115463], [-86.38014745547036, 28.108433734939773], [-86.33519151229467, 28.108433734939773], [-86.33519151229467, 28.063477791764086], [-86.29023556911898, 28.063477791764086], [-86.29023556911898, 27.973565905412713], [-86.24527962594328, 27.973565905412713], [-86.24527962594328, 27.928609962237022], [-86.20032368276759, 27.928609962237022], [-86.20032368276759, 27.883654019061336], [-86.1553677395919, 27.883654019061336], [-86.1553677395919, 27.79374213270996], [-86.1104117964162, 27.79374213270996], [-86.1104117964162, 27.748786189534272], [-86.06545585324051, 27.748786189534272], [-86.06545585324051, 27.658874303182895], [-86.02049991006481, 27.658874303182895], [-86.02049991006481, 27.613918360007208], [-85.97554396688912, 27.613918360007208], [-85.97554396688912, 27.56896241683152], [-85.93058802371343, 27.56896241683152], [-85.93058802371343, 27.479050530480144], [-85.88563208053773, 27.479050530480144], [-85.88563208053773, 27.434094587304457], [-85.84067613736204, 27.434094587304457], [-85.84067613736204, 27.389138644128767], [-85.79572019418634, 27.389138644128767], [-85.79572019418634, 27.34418270095308], [-85.75076425101065, 27.34418270095308], [-85.75076425101065, 27.254270814601703], [-85.70580830783496, 27.254270814601703], [-85.70580830783496, 27.209314871426017], [-85.66085236465926, 27.209314871426017], [-85.66085236465926, 27.16435892825033], [-85.61589642148357, 27.16435892825033], [-85.61589642148357, 27.074447041898953], [-85.57094047830788, 27.074447041898953], [-85.57094047830788, 27.029491098723266], [-85.52598453513218, 27.029491098723266], [-85.52598453513218, 26.98453515554758], [-85.48102859195649, 26.98453515554758], [-85.48102859195649, 26.93957921237189], [-85.4360726487808, 26.93957921237189], [-85.4360726487808, 26.849667326020516], [-85.3911167056051, 26.849667326020516], [-85.3911167056051, 26.804711382844825], [-85.3461607624294, 26.804711382844825], [-85.3461607624294, 26.75975543966914], [-85.30120481925371, 26.75975543966914], [-85.30120481925371, 26.714799496493452], [-85.25624887607802, 26.714799496493452], [-85.25624887607802, 26.66984355331776], [-85.21129293290232, 26.66984355331776], [-85.21129293290232, 26.624887610142075], [-85.16633698972663, 26.624887610142075], [-85.16633698972663, 26.579931666966388], [-85.12138104655094, 26.579931666966388], [-85.12138104655094, 26.5349757237907], [-85.07642510337524, 26.5349757237907], [-85.07642510337524, 26.445063837439324], [-85.03146916019955, 26.445063837439324], [-85.03146916019955, 26.400107894263638], [-84.98651321702386, 26.400107894263638], [-84.98651321702386, 26.355151951087947], [-84.94155727384816, 26.355151951087947], [-84.94155727384816, 26.31019600791226], [-84.89660133067247, 26.31019600791226], [-84.85164538749677, 26.31019600791226], [-84.85164538749677, 26.265240064736574], [-84.80668944432108, 26.265240064736574], [-84.80668944432108, 26.220284121560884], [-84.76173350114539, 26.220284121560884], [-84.76173350114539, 26.175328178385197], [-84.71677755796969, 26.175328178385197], [-84.71677755796969, 26.13037223520951], [-84.671821614794, 26.13037223520951], [-84.671821614794, 26.08541629203382], [-84.6268656716183, 26.08541629203382], [-84.6268656716183, 26.040460348858133], [-84.58190972844261, 26.040460348858133], [-84.58190972844261, 25.995504405682446], [-84.53695378526692, 25.995504405682446], [-84.53695378526692, 25.950548462506756], [-84.49199784209122, 25.950548462506756], [-84.49199784209122, 25.90559251933107], [-84.44704189891553, 25.90559251933107], [-84.44704189891553, 25.860636576155382], [-84.40208595573984, 25.860636576155382], [-84.35713001256414, 25.860636576155382], [-84.35713001256414, 25.815680632979692], [-84.31217406938845, 25.815680632979692], [-84.31217406938845, 25.72576874662832], [-84.26721812621275, 25.72576874662832], [-84.26721812621275, 25.680812803452632], [-84.22226218303706, 25.680812803452632], [-84.22226218303706, 25.590900917101255], [-84.17730623986137, 25.590900917101255], [-84.17730623986137, 25.500989030749878], [-84.13235029668567, 25.500989030749878], [-84.13235029668567, 25.27620931487144], [-84.08739435350998, 25.27620931487144], [-84.08739435350998, 24.332134508181994], [-84.13235029668567, 24.332134508181994], [-84.13235029668567, 24.107354792303557], [-84.17730623986137, 24.107354792303557], [-84.17730623986137, 23.972486962776493], [-84.22226218303706, 23.972486962776493], [-84.22226218303706, 23.927531019600803], [-84.26721812621275, 23.927531019600803], [-84.26721812621275, 23.83761913324943], [-84.31217406938845, 23.83761913324943], [-84.31217406938845, 23.79266319007374], [-84.40208595573984, 23.79266319007374], [-84.40208595573984, 23.747707246898052], [-84.44704189891553, 23.747707246898052], [-84.44704189891553, 23.702751303722366], [-84.53695378526692, 23.702751303722366], [-84.53695378526692, 23.65779536054668], [-84.6268656716183, 23.65779536054668], [-84.6268656716183, 23.61283941737099], [-84.76173350114539, 23.61283941737099], [-84.76173350114539, 23.567883474195302], [-84.85164538749677, 23.567883474195302], [-84.85164538749677, 23.522927531019615], [-84.94155727384816, 23.522927531019615], [-84.94155727384816, 23.477971587843925], [-85.03146916019955, 23.477971587843925], [-85.03146916019955, 23.433015644668238], [-85.12138104655094, 23.433015644668238], [-85.12138104655094, 23.38805970149255], [-85.21129293290232, 23.38805970149255], [-85.21129293290232, 23.34310375831686], [-85.30120481925371, 23.34310375831686], [-85.30120481925371, 23.298147815141174], [-85.4360726487808, 23.298147815141174], [-85.4360726487808, 23.253191871965488], [-85.52598453513218, 23.253191871965488]], [[-91.68494875020224, 27.299226757777394], [-91.63999280702654, 27.299226757777394], [-91.63999280702654, 27.254270814601703], [-91.59503686385085, 27.254270814601703], [-91.59503686385085, 27.209314871426017], [-91.55008092067516, 27.209314871426017], [-91.55008092067516, 27.16435892825033], [-91.50512497749946, 27.16435892825033], [-91.50512497749946, 27.119402985074643], [-91.46016903432377, 27.119402985074643], [-91.41521309114808, 27.119402985074643], [-91.41521309114808, 27.074447041898953], [-91.37025714797238, 27.074447041898953], [-91.37025714797238, 27.029491098723266], [-91.32530120479669, 27.029491098723266], [-91.32530120479669, 26.98453515554758], [-91.280345261621, 26.98453515554758], [-91.280345261621, 26.93957921237189], [-91.2353893184453, 26.93957921237189], [-91.1904333752696, 26.93957921237189], [-91.1904333752696, 26.894623269196202], [-91.14547743209391, 26.894623269196202], [-91.14547743209391, 26.849667326020516], [-91.10052148891822, 26.849667326020516], [-91.10052148891822, 26.804711382844825], [-91.05556554574252, 26.804711382844825], [-91.01060960256683, 26.804711382844825], [-91.01060960256683, 26.75975543966914], [-90.96565365939114, 26.75975543966914], [-90.96565365939114, 26.714799496493452], [-90.92069771621544, 26.714799496493452], [-90.87574177303975, 26.714799496493452], [-90.87574177303975, 26.66984355331776], [-90.83078582986406, 26.66984355331776], [-90.83078582986406, 26.624887610142075], [-90.78582988668836, 26.624887610142075], [-90.74087394351267, 26.624887610142075], [-90.74087394351267, 26.579931666966388], [-90.69591800033697, 26.579931666966388], [-90.69591800033697, 26.5349757237907], [-90.65096205716128, 26.5349757237907], [-90.65096205716128, 26.49001978061501], [-90.60600611398559, 26.49001978061501], [-90.56105017080989, 26.49001978061501], [-90.56105017080989, 26.445063837439324], [-90.5160942276342, 26.445063837439324], [-90.5160942276342, 26.400107894263638], [-90.4711382844585, 26.400107894263638], [-90.42618234128281, 26.400107894263638], [-90.42618234128281, 26.355151951087947], [-90.38122639810712, 26.355151951087947], [-90.38122639810712, 26.31019600791226], [-90.33627045493142, 26.31019600791226], [-90.33627045493142, 26.265240064736574], [-90.29131451175573, 26.265240064736574], [-90.24635856858004, 26.265240064736574], [-90.24635856858004, 26.220284121560884], [-90.20140262540434, 26.220284121560884], [-90.20140262540434, 26.175328178385197], [-90.15644668222865, 26.175328178385197], [-90.11149073905295, 26.175328178385197], [-90.11149073905295, 26.13037223520951], [-90.06653479587726, 26.13037223520951], [-90.06653479587726, 26.08541629203382], [-90.02157885270157, 26.08541629203382], [-89.97662290952587, 26.08541629203382], [-89.97662290952587, 26.040460348858133], [-89.93166696635018, 26.040460348858133], [-89.93166696635018, 25.995504405682446], [-89.88671102317448, 25.995504405682446], [-89.88671102317448, 25.950548462506756], [-89.84175507999879, 25.950548462506756], [-89.7967991368231, 25.950548462506756], [-89.7967991368231, 25.90559251933107], [-89.7518431936474, 25.90559251933107], [-89.7518431936474, 25.860636576155382], [-89.70688725047171, 25.860636576155382], [-89.70688725047171, 25.815680632979692], [-89.66193130729602, 25.815680632979692], [-89.61697536412032, 25.815680632979692], [-89.61697536412032, 25.770724689804005], [-89.57201942094463, 25.770724689804005], [-89.57201942094463, 25.72576874662832], [-89.52706347776893, 25.72576874662832], [-89.48210753459324, 25.72576874662832], [-89.48210753459324, 25.680812803452632], [-89.43715159141755, 25.680812803452632], [-89.43715159141755, 25.63585686027694], [-89.39219564824185, 25.63585686027694], [-89.39219564824185, 25.590900917101255], [-89.34723970506616, 25.590900917101255], [-89.30228376189046, 25.590900917101255], [-89.30228376189046, 25.545944973925568], [-89.25732781871477, 25.545944973925568], [-89.25732781871477, 25.500989030749878], [-89.21237187553908, 25.500989030749878], [-89.16741593236338, 25.500989030749878], [-89.16741593236338, 25.45603308757419], [-89.12245998918769, 25.45603308757419], [-89.12245998918769, 25.411077144398504], [-89.077504046012, 25.411077144398504], [-89.0325481028363, 25.411077144398504], [-89.0325481028363, 25.366121201222814], [-88.98759215966061, 25.366121201222814], [-88.98759215966061, 25.321165258047127], [-88.94263621648491, 25.321165258047127], [-88.89768027330922, 25.321165258047127], [-88.89768027330922, 25.27620931487144], [-88.85272433013353, 25.27620931487144], [-88.85272433013353, 25.23125337169575], [-88.80776838695783, 25.23125337169575], [-88.76281244378214, 25.23125337169575], [-88.76281244378214, 25.186297428520064], [-88.71785650060644, 25.186297428520064], [-88.67290055743075, 25.186297428520064], [-88.67290055743075, 25.141341485344377], [-88.62794461425506, 25.141341485344377], [-88.58298867107936, 25.141341485344377], [-88.58298867107936, 25.09638554216869], [-88.53803272790367, 25.09638554216869], [-88.53803272790367, 25.051429598993], [-88.49307678472798, 25.051429598993], [-88.44812084155228, 25.051429598993], [-88.44812084155228, 25.006473655817313], [-88.40316489837659, 25.006473655817313], [-88.3582089552009, 25.006473655817313], [-88.3582089552009, 24.961517712641626], [-88.3132530120252, 24.961517712641626], [-88.3132530120252, 24.916561769465936], [-88.2682970688495, 24.916561769465936], [-88.2682970688495, 24.87160582629025], [-88.22334112567381, 24.87160582629025], [-88.17838518249812, 24.87160582629025], [-88.17838518249812, 24.826649883114563], [-88.13342923932242, 24.826649883114563], [-88.08847329614673, 24.826649883114563], [-88.08847329614673, 24.781693939938872], [-88.04351735297104, 24.781693939938872], [-88.04351735297104, 24.736737996763186], [-87.99856140979534, 24.736737996763186], [-87.95360546661965, 24.736737996763186], [-87.95360546661965, 24.6917820535875], [-87.90864952344396, 24.6917820535875], [-87.86369358026826, 24.6917820535875], [-87.86369358026826, 24.64682611041181], [-87.81873763709257, 24.64682611041181], [-87.81873763709257, 24.60187016723612], [-87.77378169391687, 24.60187016723612], [-87.72882575074118, 24.60187016723612], [-87.72882575074118, 24.556914224060435], [-87.68386980756549, 24.556914224060435], [-87.63891386438979, 24.556914224060435], [-87.63891386438979, 24.511958280884745], [-87.5939579212141, 24.511958280884745], [-87.5939579212141, 24.467002337709058], [-87.5490019780384, 24.467002337709058], [-87.50404603486271, 24.467002337709058], [-87.50404603486271, 24.42204639453337], [-87.45909009168702, 24.42204639453337], [-87.45909009168702, 24.37709045135768], [-87.41413414851132, 24.37709045135768], [-87.36917820533563, 24.37709045135768], [-87.36917820533563, 24.332134508181994], [-87.32422226215994, 24.332134508181994], [-87.32422226215994, 24.287178565006307], [-87.27926631898424, 24.287178565006307], [-87.23431037580855, 24.287178565006307], [-87.23431037580855, 24.24222262183062], [-87.18935443263285, 24.24222262183062], [-87.14439848945716, 24.24222262183062], [-87.14439848945716, 24.19726667865493], [-87.09944254628147, 24.19726667865493], [-87.09944254628147, 24.152310735479244], [-87.05448660310577, 24.152310735479244], [-87.00953065993008, 24.152310735479244], [-87.00953065993008, 24.107354792303557], [-86.96457471675438, 24.107354792303557], [-86.96457471675438, 24.062398849127867], [-86.91961877357869, 24.062398849127867], [-86.874662830403, 24.062398849127867], [-86.874662830403, 24.01744290595218], [-86.8297068872273, 24.01744290595218], [-86.8297068872273, 23.972486962776493], [-86.78475094405161, 23.972486962776493], [-86.78475094405161, 23.927531019600803], [-86.73979500087592, 23.927531019600803], [-86.69483905770022, 23.927531019600803], [-86.69483905770022, 23.882575076425116], [-86.64988311452453, 23.882575076425116], [-86.64988311452453, 23.83761913324943], [-86.60492717134883, 23.83761913324943], [-86.55997122817314, 23.83761913324943], [-86.55997122817314, 23.79266319007374], [-86.51501528499745, 23.79266319007374], [-86.47005934182175, 23.79266319007374], [-86.47005934182175, 23.747707246898052], [-86.38014745547036, 23.747707246898052], [-86.33519151229467, 23.747707246898052], [-86.33519151229467, 23.702751303722366], [-86.24527962594328, 23.702751303722366], [-86.20032368276759, 23.702751303722366], [-86.20032368276759, 23.65779536054668], [-86.1104117964162, 23.65779536054668], [-86.06545585324051, 23.65779536054668], [-86.06545585324051, 23.61283941737099], [-86.02049991006481, 23.61283941737099], [-85.97554396688912, 23.61283941737099], [-85.97554396688912, 23.567883474195302], [-85.93058802371343, 23.567883474195302], [-85.88563208053773, 23.567883474195302], [-85.88563208053773, 23.522927531019615], [-85.84067613736204, 23.522927531019615], [-85.79572019418634, 23.522927531019615], [-85.79572019418634, 23.477971587843925], [-85.75076425101065, 23.477971587843925], [-85.75076425101065, 23.433015644668238], [-85.70580830783496, 23.433015644668238], [-85.66085236465926, 23.433015644668238], [-85.66085236465926, 23.38805970149255], [-85.61589642148357, 23.38805970149255], [-85.61589642148357, 23.34310375831686], [-85.3461607624294, 23.34310375831686], [-85.3461607624294, 23.38805970149255], [-85.30120481925371, 23.38805970149255], [-85.30120481925371, 23.433015644668238], [-85.21129293290232, 23.433015644668238], [-85.21129293290232, 23.477971587843925], [-85.16633698972663, 23.477971587843925], [-85.16633698972663, 23.522927531019615], [-85.07642510337524, 23.522927531019615], [-85.07642510337524, 23.567883474195302], [-84.98651321702386, 23.567883474195302], [-84.98651321702386, 23.61283941737099], [-84.89660133067247, 23.61283941737099], [-84.89660133067247, 23.65779536054668], [-84.80668944432108, 23.65779536054668], [-84.80668944432108, 23.702751303722366], [-84.671821614794, 23.702751303722366], [-84.671821614794, 23.747707246898052], [-84.53695378526692, 23.747707246898052], [-84.53695378526692, 23.79266319007374], [-84.44704189891553, 23.79266319007374], [-84.44704189891553, 23.83761913324943], [-84.40208595573984, 23.83761913324943], [-84.40208595573984, 23.882575076425116], [-84.35713001256414, 23.882575076425116], [-84.35713001256414, 23.927531019600803], [-84.31217406938845, 23.927531019600803], [-84.31217406938845, 23.972486962776493], [-84.26721812621275, 23.972486962776493], [-84.26721812621275, 24.062398849127867], [-84.22226218303706, 24.062398849127867], [-84.22226218303706, 24.287178565006307], [-84.17730623986137, 24.287178565006307], [-84.17730623986137, 25.321165258047127], [-84.22226218303706, 25.321165258047127], [-84.22226218303706, 25.500989030749878], [-84.26721812621275, 25.500989030749878], [-84.26721812621275, 25.590900917101255], [-84.31217406938845, 25.590900917101255], [-84.31217406938845, 25.680812803452632], [-84.35713001256414, 25.680812803452632], [-84.35713001256414, 25.72576874662832], [-84.40208595573984, 25.72576874662832], [-84.40208595573984, 25.770724689804005], [-84.44704189891553, 25.770724689804005], [-84.44704189891553, 25.815680632979692], [-84.49199784209122, 25.815680632979692], [-84.53695378526692, 25.815680632979692], [-84.53695378526692, 25.860636576155382], [-84.58190972844261, 25.860636576155382], [-84.58190972844261, 25.90559251933107], [-84.6268656716183, 25.90559251933107], [-84.6268656716183, 25.950548462506756], [-84.671821614794, 25.950548462506756], [-84.671821614794, 25.995504405682446], [-84.71677755796969, 25.995504405682446], [-84.76173350114539, 25.995504405682446], [-84.76173350114539, 26.040460348858133], [-84.80668944432108, 26.040460348858133], [-84.80668944432108, 26.08541629203382], [-84.85164538749677, 26.08541629203382], [-84.85164538749677, 26.13037223520951], [-84.89660133067247, 26.13037223520951], [-84.89660133067247, 26.175328178385197], [-84.94155727384816, 26.175328178385197], [-84.94155727384816, 26.220284121560884], [-84.98651321702386, 26.220284121560884], [-84.98651321702386, 26.265240064736574], [-85.03146916019955, 26.265240064736574], [-85.03146916019955, 26.31019600791226], [-85.07642510337524, 26.31019600791226], [-85.07642510337524, 26.355151951087947], [-85.12138104655094, 26.355151951087947], [-85.12138104655094, 26.400107894263638], [-85.16633698972663, 26.400107894263638], [-85.16633698972663, 26.445063837439324], [-85.21129293290232, 26.445063837439324], [-85.21129293290232, 26.49001978061501], [-85.25624887607802, 26.49001978061501], [-85.25624887607802, 26.5349757237907], [-85.30120481925371, 26.5349757237907], [-85.30120481925371, 26.579931666966388], [-85.3461607624294, 26.579931666966388], [-85.3461607624294, 26.624887610142075], [-85.3911167056051, 26.624887610142075], [-85.3911167056051, 26.66984355331776], [-85.4360726487808, 26.66984355331776], [-85.4360726487808, 26.714799496493452], [-85.48102859195649, 26.714799496493452], [-85.48102859195649, 26.75975543966914], [-85.52598453513218, 26.75975543966914], [-85.52598453513218, 26.804711382844825], [-85.57094047830788, 26.804711382844825], [-85.57094047830788, 26.849667326020516], [-85.61589642148357, 26.849667326020516], [-85.61589642148357, 26.93957921237189], [-85.66085236465926, 26.93957921237189], [-85.66085236465926, 26.98453515554758], [-85.70580830783496, 26.98453515554758], [-85.70580830783496, 27.029491098723266], [-85.75076425101065, 27.029491098723266], [-85.75076425101065, 27.074447041898953], [-85.79572019418634, 27.074447041898953], [-85.79572019418634, 27.16435892825033], [-85.84067613736204, 27.16435892825033], [-85.84067613736204, 27.209314871426017], [-85.88563208053773, 27.209314871426017], [-85.88563208053773, 27.254270814601703], [-85.93058802371343, 27.254270814601703], [-85.93058802371343, 27.299226757777394], [-85.97554396688912, 27.299226757777394], [-85.97554396688912, 27.34418270095308], [-86.02049991006481, 27.34418270095308], [-86.02049991006481, 27.434094587304457], [-86.06545585324051, 27.434094587304457], [-86.06545585324051, 27.479050530480144], [-86.1104117964162, 27.479050530480144], [-86.1104117964162, 27.52400647365583], [-86.1553677395919, 27.52400647365583], [-86.1553677395919, 27.56896241683152], [-86.20032368276759, 27.56896241683152], [-86.20032368276759, 27.658874303182895], [-86.24527962594328, 27.658874303182895], [-86.24527962594328, 27.703830246358585], [-86.29023556911898, 27.703830246358585], [-86.29023556911898, 27.748786189534272], [-86.33519151229467, 27.748786189534272], [-86.33519151229467, 27.83869807588565], [-86.38014745547036, 27.83869807588565], [-86.38014745547036, 27.883654019061336], [-86.42510339864606, 27.883654019061336], [-86.42510339864606, 27.928609962237022], [-86.47005934182175, 27.928609962237022], [-86.47005934182175, 28.0185218485884], [-86.51501528499745, 28.0185218485884], [-86.51501528499745, 28.063477791764086], [-86.55997122817314, 28.063477791764086], [-86.55997122817314, 28.108433734939773], [-86.60492717134883, 28.108433734939773], [-86.60492717134883, 28.153389678115463], [-86.64988311452453, 28.153389678115463], [-86.64988311452453, 28.19834562129115], [-86.69483905770022, 28.19834562129115], [-86.69483905770022, 28.243301564466837], [-86.73979500087592, 28.243301564466837], [-86.73979500087592, 28.288257507642527], [-86.78475094405161, 28.288257507642527], [-86.78475094405161, 28.333213450818214], [-86.8297068872273, 28.333213450818214], [-86.8297068872273, 28.3781693939939], [-86.874662830403, 28.3781693939939], [-86.874662830403, 28.468081280345277], [-86.91961877357869, 28.468081280345277], [-86.91961877357869, 28.513037223520964], [-86.96457471675438, 28.513037223520964], [-86.96457471675438, 28.557993166696654], [-87.00953065993008, 28.557993166696654], [-87.00953065993008, 28.60294910987234], [-87.05448660310577, 28.60294910987234], [-87.05448660310577, 28.647905053048028], [-87.09944254628147, 28.647905053048028], [-87.09944254628147, 28.692860996223715], [-87.14439848945716, 28.692860996223715], [-87.14439848945716, 28.737816939399405], [-87.18935443263285, 28.737816939399405], [-87.18935443263285, 28.78277288257509], [-87.23431037580855, 28.78277288257509], [-87.23431037580855, 28.87268476892647], [-87.27926631898424, 28.87268476892647], [-87.27926631898424, 28.917640712102155], [-87.32422226215994, 28.917640712102155], [-87.32422226215994, 28.962596655277842], [-87.36917820533563, 28.962596655277842], [-87.36917820533563, 29.007552598453533], [-87.41413414851132, 29.007552598453533], [-87.41413414851132, 29.05250854162922], [-87.45909009168702, 29.05250854162922], [-87.45909009168702, 29.142420427980596], [-87.50404603486271, 29.142420427980596], [-87.50404603486271, 29.187376371156283], [-87.5490019780384, 29.187376371156283], [-87.5490019780384, 29.23233231433197], [-87.5939579212141, 29.23233231433197], [-87.5939579212141, 29.27728825750766], [-87.63891386438979, 29.27728825750766], [-87.63891386438979, 29.367200143859034], [-87.68386980756549, 29.367200143859034], [-87.68386980756549, 29.412156087034724], [-87.72882575074118, 29.412156087034724], [-87.72882575074118, 29.45711203021041], [-87.77378169391687, 29.45711203021041], [-87.77378169391687, 29.547023916561784], [-87.81873763709257, 29.547023916561784], [-87.81873763709257, 29.591979859737474], [-87.86369358026826, 29.591979859737474], [-87.86369358026826, 29.63693580291316], [-87.90864952344396, 29.63693580291316], [-87.90864952344396, 29.726847689264538], [-87.95360546661965, 29.726847689264538], [-87.95360546661965, 29.771803632440225], [-87.99856140979534, 29.771803632440225], [-87.99856140979534, 29.81675957561591], [-88.04351735297104, 29.81675957561591], [-88.04351735297104, 29.90667146196729], [-88.08847329614673, 29.90667146196729], [-88.08847329614673, 29.951627405142975], [-88.13342923932242, 29.951627405142975], [-88.13342923932242, 29.996583348318666], [-88.17838518249812, 29.996583348318666], [-88.17838518249812, 30.08649523467004], [-88.22334112567381, 30.08649523467004], [-88.22334112567381, 30.131451177845726], [-88.2682970688495, 30.131451177845726], [-88.2682970688495, 30.176407121021416], [-88.3132530120252, 30.176407121021416], [-88.3132530120252, 30.26631900737279], [-88.3582089552009, 30.26631900737279], [-88.3582089552009, 30.31127495054848], [-88.40316489837659, 30.31127495054848], [-88.40316489837659, 30.356230893724167], [-88.44812084155228, 30.356230893724167], [-88.44812084155228, 30.401186836899853], [-88.49307678472798, 30.401186836899853], [-88.49307678472798, 30.446142780075544], [-88.53803272790367, 30.446142780075544], [-88.53803272790367, 30.49109872325123], [-88.58298867107936, 30.49109872325123], [-88.58298867107936, 30.536054666426917], [-88.62794461425506, 30.536054666426917], [-88.62794461425506, 30.625966552778294], [-88.67290055743075, 30.625966552778294], [-88.67290055743075, 30.67092249595398], [-88.71785650060644, 30.67092249595398], [-88.71785650060644, 30.71587843912967], [-88.76281244378214, 30.71587843912967], [-88.76281244378214, 30.760834382305358], [-88.80776838695783, 30.760834382305358], [-88.80776838695783, 30.850746268656735], [-88.85272433013353, 30.850746268656735], [-88.85272433013353, 30.895702211832422], [-88.89768027330922, 30.895702211832422], [-88.89768027330922, 30.985614098183795], [-88.94263621648491, 30.985614098183795], [-88.94263621648491, 31.030570041359486], [-88.98759215966061, 31.030570041359486], [-88.98759215966061, 31.12048192771086], [-89.0325481028363, 31.12048192771086], [-89.0325481028363, 31.210393814062236], [-89.077504046012, 31.210393814062236], [-89.077504046012, 31.300305700413613], [-89.12245998918769, 31.300305700413613], [-89.12245998918769, 31.3452616435893], [-89.16741593236338, 31.3452616435893], [-89.16741593236338, 31.435173529940677], [-89.21237187553908, 31.435173529940677], [-89.21237187553908, 31.52508541629205], [-89.25732781871477, 31.52508541629205], [-89.25732781871477, 31.570041359467737], [-89.30228376189046, 31.570041359467737], [-89.30228376189046, 31.614997302643427], [-89.34723970506616, 31.614997302643427], [-89.34723970506616, 31.659953245819114], [-89.39219564824185, 31.659953245819114], [-89.39219564824185, 31.74986513217049], [-89.43715159141755, 31.74986513217049], [-89.43715159141755, 31.794821075346178], [-89.48210753459324, 31.794821075346178], [-89.48210753459324, 31.839777018521865], [-89.52706347776893, 31.839777018521865], [-89.52706347776893, 31.884732961697555], [-89.57201942094463, 31.884732961697555], [-89.57201942094463, 31.92968890487324], [-89.61697536412032, 31.92968890487324], [-89.61697536412032, 31.97464484804893], [-89.66193130729602, 31.97464484804893], [-89.66193130729602, 32.01960079122462], [-89.70688725047171, 32.01960079122462], [-89.7518431936474, 32.01960079122462], [-89.7518431936474, 32.064556734400306], [-89.7967991368231, 32.064556734400306], [-89.7967991368231, 32.10951267757599], [-89.84175507999879, 32.10951267757599], [-89.84175507999879, 32.154468620751686], [-89.88671102317448, 32.154468620751686], [-89.88671102317448, 32.199424563927366], [-89.93166696635018, 32.199424563927366], [-89.93166696635018, 32.24438050710306], [-89.97662290952587, 32.24438050710306], [-89.97662290952587, 32.289336450278746], [-90.02157885270157, 32.289336450278746], [-90.06653479587726, 32.289336450278746], [-90.06653479587726, 32.33429239345443], [-90.11149073905295, 32.33429239345443], [-90.15644668222865, 32.33429239345443], [-90.15644668222865, 32.37924833663012], [-90.20140262540434, 32.37924833663012], [-90.20140262540434, 32.42420427980581], [-90.24635856858004, 32.42420427980581], [-90.29131451175573, 32.42420427980581], [-90.29131451175573, 32.4691602229815], [-90.33627045493142, 32.4691602229815], [-90.38122639810712, 32.4691602229815], [-90.38122639810712, 32.51411616615718], [-90.42618234128281, 32.51411616615718], [-90.42618234128281, 32.559072109332874], [-90.4711382844585, 32.559072109332874], [-90.56105017080989, 32.559072109332874], [-90.56105017080989, 32.60402805250856], [-90.60600611398559, 32.60402805250856], [-90.74087394351267, 32.60402805250856], [-90.74087394351267, 32.64898399568425], [-90.78582988668836, 32.64898399568425], [-90.92069771621544, 32.64898399568425], [-90.92069771621544, 32.693939938859934], [-90.96565365939114, 32.693939938859934], [-91.41521309114808, 32.693939938859934], [-91.41521309114808, 32.73889588203562], [-91.50512497749946, 32.73889588203562], [-91.50512497749946, 32.693939938859934], [-91.63999280702654, 32.693939938859934], [-91.63999280702654, 32.64898399568425], [-91.72990469337793, 32.64898399568425], [-91.72990469337793, 32.60402805250856], [-91.86477252290501, 32.60402805250856], [-91.86477252290501, 32.559072109332874], [-91.9546844092564, 32.559072109332874], [-91.9546844092564, 32.51411616615718], [-92.04459629560779, 32.51411616615718], [-92.04459629560779, 32.4691602229815], [-92.13450818195918, 32.4691602229815], [-92.13450818195918, 32.42420427980581], [-92.22442006831056, 32.42420427980581], [-92.22442006831056, 32.37924833663012], [-92.26937601148626, 32.37924833663012], [-92.26937601148626, 32.33429239345443], [-92.35928789783765, 32.33429239345443], [-92.35928789783765, 32.289336450278746], [-92.40424384101334, 32.289336450278746], [-92.40424384101334, 32.24438050710306], [-92.44919978418903, 32.24438050710306], [-92.44919978418903, 32.199424563927366], [-92.49415572736473, 32.199424563927366], [-92.49415572736473, 32.154468620751686], [-92.53911167054042, 32.154468620751686], [-92.53911167054042, 32.10951267757599], [-92.58406761371612, 32.10951267757599], [-92.58406761371612, 32.064556734400306], [-92.62902355689181, 32.064556734400306], [-92.62902355689181, 32.01960079122462], [-92.6739795000675, 32.01960079122462], [-92.6739795000675, 31.97464484804893], [-92.7189354432432, 31.97464484804893], [-92.7189354432432, 31.92968890487324], [-92.76389138641889, 31.92968890487324], [-92.76389138641889, 31.839777018521865], [-92.80884732959458, 31.839777018521865], [-92.80884732959458, 31.794821075346178], [-92.85380327277028, 31.794821075346178], [-92.85380327277028, 31.74986513217049], [-92.89875921594597, 31.74986513217049], [-92.89875921594597, 31.7049091889948], [-92.94371515912167, 31.7049091889948], [-92.94371515912167, 31.659953245819114], [-92.98867110229736, 31.659953245819114], [-92.98867110229736, 31.570041359467737], [-93.03362704547305, 31.570041359467737], [-93.03362704547305, 31.480129473116364], [-93.07858298864875, 31.480129473116364], [-93.07858298864875, 31.390217586764987], [-93.12353893182444, 31.390217586764987], [-93.12353893182444, 31.300305700413613], [-93.16849487500014, 31.300305700413613], [-93.16849487500014, 31.16543787088655], [-93.21345081817583, 31.16543787088655], [-93.21345081817583, 31.075525984535172], [-93.25840676135152, 31.075525984535172], [-93.25840676135152, 30.895702211832422], [-93.30336270452722, 30.895702211832422], [-93.30336270452722, 30.71587843912967], [-93.34831864770291, 30.71587843912967], [-93.34831864770291, 30.49109872325123], [-93.3932745908786, 30.49109872325123], [-93.3932745908786, 29.90667146196729], [-93.34831864770291, 29.90667146196729], [-93.34831864770291, 29.591979859737474], [-93.30336270452722, 29.591979859737474], [-93.30336270452722, 29.412156087034724], [-93.25840676135152, 29.412156087034724], [-93.25840676135152, 29.322244200683347], [-93.21345081817583, 29.322244200683347], [-93.21345081817583, 29.187376371156283], [-93.16849487500014, 29.187376371156283], [-93.16849487500014, 29.097464484804906], [-93.12353893182444, 29.097464484804906], [-93.12353893182444, 29.007552598453533], [-93.07858298864875, 29.007552598453533], [-93.07858298864875, 28.917640712102155], [-93.03362704547305, 28.917640712102155], [-93.03362704547305, 28.82772882575078], [-92.98867110229736, 28.82772882575078], [-92.98867110229736, 28.78277288257509], [-92.94371515912167, 28.78277288257509], [-92.94371515912167, 28.692860996223715], [-92.89875921594597, 28.692860996223715], [-92.89875921594597, 28.60294910987234], [-92.85380327277028, 28.60294910987234], [-92.85380327277028, 28.557993166696654], [-92.80884732959458, 28.557993166696654], [-92.80884732959458, 28.468081280345277], [-92.76389138641889, 28.468081280345277], [-92.76389138641889, 28.42312533716959], [-92.7189354432432, 28.42312533716959], [-92.7189354432432, 28.3781693939939], [-92.6739795000675, 28.3781693939939], [-92.6739795000675, 28.333213450818214], [-92.62902355689181, 28.333213450818214], [-92.62902355689181, 28.288257507642527], [-92.58406761371612, 28.288257507642527], [-92.58406761371612, 28.19834562129115], [-92.53911167054042, 28.19834562129115], [-92.53911167054042, 28.153389678115463], [-92.49415572736473, 28.153389678115463], [-92.49415572736473, 28.108433734939773], [-92.44919978418903, 28.108433734939773], [-92.44919978418903, 28.063477791764086], [-92.40424384101334, 28.063477791764086], [-92.40424384101334, 28.0185218485884], [-92.35928789783765, 28.0185218485884], [-92.35928789783765, 27.973565905412713], [-92.31433195466195, 27.973565905412713], [-92.31433195466195, 27.883654019061336], [-92.26937601148626, 27.883654019061336], [-92.26937601148626, 27.83869807588565], [-92.22442006831056, 27.83869807588565], [-92.22442006831056, 27.79374213270996], [-92.17946412513487, 27.79374213270996], [-92.17946412513487, 27.748786189534272], [-92.13450818195918, 27.748786189534272], [-92.13450818195918, 27.703830246358585], [-92.08955223878348, 27.703830246358585], [-92.08955223878348, 27.658874303182895], [-92.04459629560779, 27.658874303182895], [-92.04459629560779, 27.613918360007208], [-91.9996403524321, 27.613918360007208], [-91.9996403524321, 27.56896241683152], [-91.9546844092564, 27.56896241683152], [-91.9546844092564, 27.52400647365583], [-91.90972846608071, 27.52400647365583], [-91.90972846608071, 27.479050530480144], [-91.86477252290501, 27.479050530480144], [-91.86477252290501, 27.434094587304457], [-91.81981657972932, 27.434094587304457], [-91.81981657972932, 27.389138644128767], [-91.77486063655363, 27.389138644128767], [-91.77486063655363, 27.34418270095308], [-91.72990469337793, 27.34418270095308], [-91.68494875020224, 27.34418270095308], [-91.68494875020224, 27.299226757777394]]]]}}, {"type": "Feature", "properties": {"shapefile": "2021082812_wsp34knt120hr_5km", "PERCENTAGE": "60-70%"}, "geometry": {"type": "MultiPolygon", "coordinates": [[[[-84.40208595573984, 23.882575076425116], [-84.40208595573984, 23.927531019600803], [-84.35713001256414, 23.927531019600803], [-84.35713001256414, 23.882575076425116], [-84.40208595573984, 23.882575076425116]]], [[[-85.61589642148357, 23.34310375831686], [-85.61589642148357, 23.38805970149255], [-85.66085236465926, 23.38805970149255], [-85.66085236465926, 23.433015644668238], [-85.70580830783496, 23.433015644668238], [-85.75076425101065, 23.433015644668238], [-85.75076425101065, 23.477971587843925], [-85.79572019418634, 23.477971587843925], [-85.79572019418634, 23.522927531019615], [-85.84067613736204, 23.522927531019615], [-85.88563208053773, 23.522927531019615], [-85.88563208053773, 23.567883474195302], [-85.93058802371343, 23.567883474195302], [-85.97554396688912, 23.567883474195302], [-85.97554396688912, 23.61283941737099], [-86.02049991006481, 23.61283941737099], [-86.06545585324051, 23.61283941737099], [-86.06545585324051, 23.65779536054668], [-86.1104117964162, 23.65779536054668], [-86.20032368276759, 23.65779536054668], [-86.20032368276759, 23.702751303722366], [-86.24527962594328, 23.702751303722366], [-86.33519151229467, 23.702751303722366], [-86.33519151229467, 23.747707246898052], [-86.38014745547036, 23.747707246898052], [-86.47005934182175, 23.747707246898052], [-86.47005934182175, 23.79266319007374], [-86.51501528499745, 23.79266319007374], [-86.55997122817314, 23.79266319007374], [-86.55997122817314, 23.83761913324943], [-86.60492717134883, 23.83761913324943], [-86.64988311452453, 23.83761913324943], [-86.64988311452453, 23.882575076425116], [-86.69483905770022, 23.882575076425116], [-86.69483905770022, 23.927531019600803], [-86.73979500087592, 23.927531019600803], [-86.78475094405161, 23.927531019600803], [-86.78475094405161, 23.972486962776493], [-86.8297068872273, 23.972486962776493], [-86.8297068872273, 24.01744290595218], [-86.874662830403, 24.01744290595218], [-86.874662830403, 24.062398849127867], [-86.91961877357869, 24.062398849127867], [-86.96457471675438, 24.062398849127867], [-86.96457471675438, 24.107354792303557], [-87.00953065993008, 24.107354792303557], [-87.00953065993008, 24.152310735479244], [-87.05448660310577, 24.152310735479244], [-87.09944254628147, 24.152310735479244], [-87.09944254628147, 24.19726667865493], [-87.14439848945716, 24.19726667865493], [-87.14439848945716, 24.24222262183062], [-87.18935443263285, 24.24222262183062], [-87.23431037580855, 24.24222262183062], [-87.23431037580855, 24.287178565006307], [-87.27926631898424, 24.287178565006307], [-87.32422226215994, 24.287178565006307], [-87.32422226215994, 24.332134508181994], [-87.36917820533563, 24.332134508181994], [-87.36917820533563, 24.37709045135768], [-87.41413414851132, 24.37709045135768], [-87.45909009168702, 24.37709045135768], [-87.45909009168702, 24.42204639453337], [-87.50404603486271, 24.42204639453337], [-87.50404603486271, 24.467002337709058], [-87.5490019780384, 24.467002337709058], [-87.5939579212141, 24.467002337709058], [-87.5939579212141, 24.511958280884745], [-87.63891386438979, 24.511958280884745], [-87.63891386438979, 24.556914224060435], [-87.68386980756549, 24.556914224060435], [-87.72882575074118, 24.556914224060435], [-87.72882575074118, 24.60187016723612], [-87.77378169391687, 24.60187016723612], [-87.81873763709257, 24.60187016723612], [-87.81873763709257, 24.64682611041181], [-87.86369358026826, 24.64682611041181], [-87.86369358026826, 24.6917820535875], [-87.90864952344396, 24.6917820535875], [-87.95360546661965, 24.6917820535875], [-87.95360546661965, 24.736737996763186], [-87.99856140979534, 24.736737996763186], [-88.04351735297104, 24.736737996763186], [-88.04351735297104, 24.781693939938872], [-88.08847329614673, 24.781693939938872], [-88.08847329614673, 24.826649883114563], [-88.13342923932242, 24.826649883114563], [-88.17838518249812, 24.826649883114563], [-88.17838518249812, 24.87160582629025], [-88.22334112567381, 24.87160582629025], [-88.2682970688495, 24.87160582629025], [-88.2682970688495, 24.916561769465936], [-88.3132530120252, 24.916561769465936], [-88.3132530120252, 24.961517712641626], [-88.3582089552009, 24.961517712641626], [-88.3582089552009, 25.006473655817313], [-88.40316489837659, 25.006473655817313], [-88.44812084155228, 25.006473655817313], [-88.44812084155228, 25.051429598993], [-88.49307678472798, 25.051429598993], [-88.53803272790367, 25.051429598993], [-88.53803272790367, 25.09638554216869], [-88.58298867107936, 25.09638554216869], [-88.58298867107936, 25.141341485344377], [-88.62794461425506, 25.141341485344377], [-88.67290055743075, 25.141341485344377], [-88.67290055743075, 25.186297428520064], [-88.71785650060644, 25.186297428520064], [-88.76281244378214, 25.186297428520064], [-88.76281244378214, 25.23125337169575], [-88.80776838695783, 25.23125337169575], [-88.85272433013353, 25.23125337169575], [-88.85272433013353, 25.27620931487144], [-88.89768027330922, 25.27620931487144], [-88.89768027330922, 25.321165258047127], [-88.94263621648491, 25.321165258047127], [-88.98759215966061, 25.321165258047127], [-88.98759215966061, 25.366121201222814], [-89.0325481028363, 25.366121201222814], [-89.0325481028363, 25.411077144398504], [-89.077504046012, 25.411077144398504], [-89.12245998918769, 25.411077144398504], [-89.12245998918769, 25.45603308757419], [-89.16741593236338, 25.45603308757419], [-89.16741593236338, 25.500989030749878], [-89.21237187553908, 25.500989030749878], [-89.25732781871477, 25.500989030749878], [-89.25732781871477, 25.545944973925568], [-89.30228376189046, 25.545944973925568], [-89.30228376189046, 25.590900917101255], [-89.34723970506616, 25.590900917101255], [-89.39219564824185, 25.590900917101255], [-89.39219564824185, 25.63585686027694], [-89.43715159141755, 25.63585686027694], [-89.43715159141755, 25.680812803452632], [-89.48210753459324, 25.680812803452632], [-89.48210753459324, 25.72576874662832], [-89.52706347776893, 25.72576874662832], [-89.57201942094463, 25.72576874662832], [-89.57201942094463, 25.770724689804005], [-89.61697536412032, 25.770724689804005], [-89.61697536412032, 25.815680632979692], [-89.66193130729602, 25.815680632979692], [-89.70688725047171, 25.815680632979692], [-89.70688725047171, 25.860636576155382], [-89.7518431936474, 25.860636576155382], [-89.7518431936474, 25.90559251933107], [-89.7967991368231, 25.90559251933107], [-89.7967991368231, 25.950548462506756], [-89.84175507999879, 25.950548462506756], [-89.88671102317448, 25.950548462506756], [-89.88671102317448, 25.995504405682446], [-89.93166696635018, 25.995504405682446], [-89.93166696635018, 26.040460348858133], [-89.97662290952587, 26.040460348858133], [-89.97662290952587, 26.08541629203382], [-90.02157885270157, 26.08541629203382], [-90.06653479587726, 26.08541629203382], [-90.06653479587726, 26.13037223520951], [-90.11149073905295, 26.13037223520951], [-90.11149073905295, 26.175328178385197], [-90.15644668222865, 26.175328178385197], [-90.20140262540434, 26.175328178385197], [-90.20140262540434, 26.220284121560884], [-90.24635856858004, 26.220284121560884], [-90.24635856858004, 26.265240064736574], [-90.29131451175573, 26.265240064736574], [-90.33627045493142, 26.265240064736574], [-90.33627045493142, 26.31019600791226], [-90.38122639810712, 26.31019600791226], [-90.38122639810712, 26.355151951087947], [-90.42618234128281, 26.355151951087947], [-90.42618234128281, 26.400107894263638], [-90.4711382844585, 26.400107894263638], [-90.5160942276342, 26.400107894263638], [-90.5160942276342, 26.445063837439324], [-90.56105017080989, 26.445063837439324], [-90.56105017080989, 26.49001978061501], [-90.60600611398559, 26.49001978061501], [-90.65096205716128, 26.49001978061501], [-90.65096205716128, 26.5349757237907], [-90.69591800033697, 26.5349757237907], [-90.69591800033697, 26.579931666966388], [-90.74087394351267, 26.579931666966388], [-90.74087394351267, 26.624887610142075], [-90.78582988668836, 26.624887610142075], [-90.83078582986406, 26.624887610142075], [-90.83078582986406, 26.66984355331776], [-90.87574177303975, 26.66984355331776], [-90.87574177303975, 26.714799496493452], [-90.92069771621544, 26.714799496493452], [-90.96565365939114, 26.714799496493452], [-90.96565365939114, 26.75975543966914], [-91.01060960256683, 26.75975543966914], [-91.01060960256683, 26.804711382844825], [-91.05556554574252, 26.804711382844825], [-91.10052148891822, 26.804711382844825], [-91.10052148891822, 26.849667326020516], [-91.14547743209391, 26.849667326020516], [-91.14547743209391, 26.894623269196202], [-91.1904333752696, 26.894623269196202], [-91.1904333752696, 26.93957921237189], [-91.2353893184453, 26.93957921237189], [-91.280345261621, 26.93957921237189], [-91.280345261621, 26.98453515554758], [-91.32530120479669, 26.98453515554758], [-91.32530120479669, 27.029491098723266], [-91.37025714797238, 27.029491098723266], [-91.37025714797238, 27.074447041898953], [-91.41521309114808, 27.074447041898953], [-91.41521309114808, 27.119402985074643], [-91.46016903432377, 27.119402985074643], [-91.50512497749946, 27.119402985074643], [-91.50512497749946, 27.16435892825033], [-91.55008092067516, 27.16435892825033], [-91.55008092067516, 27.209314871426017], [-91.59503686385085, 27.209314871426017], [-91.59503686385085, 27.254270814601703], [-91.63999280702654, 27.254270814601703], [-91.63999280702654, 27.299226757777394], [-91.68494875020224, 27.299226757777394], [-91.68494875020224, 27.34418270095308], [-91.72990469337793, 27.34418270095308], [-91.77486063655363, 27.34418270095308], [-91.77486063655363, 27.389138644128767], [-91.81981657972932, 27.389138644128767], [-91.81981657972932, 27.434094587304457], [-91.86477252290501, 27.434094587304457], [-91.86477252290501, 27.479050530480144], [-91.90972846608071, 27.479050530480144], [-91.90972846608071, 27.52400647365583], [-91.9546844092564, 27.52400647365583], [-91.9546844092564, 27.56896241683152], [-91.9996403524321, 27.56896241683152], [-91.9996403524321, 27.613918360007208], [-92.04459629560779, 27.613918360007208], [-92.04459629560779, 27.658874303182895], [-92.08955223878348, 27.658874303182895], [-92.08955223878348, 27.703830246358585], [-92.13450818195918, 27.703830246358585], [-92.13450818195918, 27.748786189534272], [-92.17946412513487, 27.748786189534272], [-92.17946412513487, 27.79374213270996], [-92.22442006831056, 27.79374213270996], [-92.22442006831056, 27.83869807588565], [-92.26937601148626, 27.83869807588565], [-92.26937601148626, 27.883654019061336], [-92.31433195466195, 27.883654019061336], [-92.31433195466195, 27.973565905412713], [-92.35928789783765, 27.973565905412713], [-92.35928789783765, 28.0185218485884], [-92.40424384101334, 28.0185218485884], [-92.40424384101334, 28.063477791764086], [-92.44919978418903, 28.063477791764086], [-92.44919978418903, 28.108433734939773], [-92.49415572736473, 28.108433734939773], [-92.49415572736473, 28.153389678115463], [-92.53911167054042, 28.153389678115463], [-92.53911167054042, 28.19834562129115], [-92.58406761371612, 28.19834562129115], [-92.58406761371612, 28.288257507642527], [-92.62902355689181, 28.288257507642527], [-92.62902355689181, 28.333213450818214], [-92.6739795000675, 28.333213450818214], [-92.6739795000675, 28.3781693939939], [-92.7189354432432, 28.3781693939939], [-92.7189354432432, 28.42312533716959], [-92.76389138641889, 28.42312533716959], [-92.76389138641889, 28.468081280345277], [-92.80884732959458, 28.468081280345277], [-92.80884732959458, 28.557993166696654], [-92.85380327277028, 28.557993166696654], [-92.85380327277028, 28.60294910987234], [-92.89875921594597, 28.60294910987234], [-92.89875921594597, 28.692860996223715], [-92.94371515912167, 28.692860996223715], [-92.94371515912167, 28.78277288257509], [-92.98867110229736, 28.78277288257509], [-92.98867110229736, 28.82772882575078], [-93.03362704547305, 28.82772882575078], [-93.03362704547305, 28.917640712102155], [-93.07858298864875, 28.917640712102155], [-93.07858298864875, 29.007552598453533], [-93.12353893182444, 29.007552598453533], [-93.12353893182444, 29.097464484804906], [-93.16849487500014, 29.097464484804906], [-93.16849487500014, 29.187376371156283], [-93.21345081817583, 29.187376371156283], [-93.21345081817583, 29.322244200683347], [-93.25840676135152, 29.322244200683347], [-93.25840676135152, 29.412156087034724], [-93.30336270452722, 29.412156087034724], [-93.30336270452722, 29.591979859737474], [-93.34831864770291, 29.591979859737474], [-93.34831864770291, 29.90667146196729], [-93.3932745908786, 29.90667146196729], [-93.3932745908786, 30.49109872325123], [-93.34831864770291, 30.49109872325123], [-93.34831864770291, 30.71587843912967], [-93.30336270452722, 30.71587843912967], [-93.30336270452722, 30.895702211832422], [-93.25840676135152, 30.895702211832422], [-93.25840676135152, 31.075525984535172], [-93.21345081817583, 31.075525984535172], [-93.21345081817583, 31.16543787088655], [-93.16849487500014, 31.16543787088655], [-93.16849487500014, 31.300305700413613], [-93.12353893182444, 31.300305700413613], [-93.12353893182444, 31.390217586764987], [-93.07858298864875, 31.390217586764987], [-93.07858298864875, 31.480129473116364], [-93.03362704547305, 31.480129473116364], [-93.03362704547305, 31.570041359467737], [-92.98867110229736, 31.570041359467737], [-92.98867110229736, 31.659953245819114], [-92.94371515912167, 31.659953245819114], [-92.94371515912167, 31.7049091889948], [-92.89875921594597, 31.7049091889948], [-92.89875921594597, 31.74986513217049], [-92.85380327277028, 31.74986513217049], [-92.85380327277028, 31.794821075346178], [-92.80884732959458, 31.794821075346178], [-92.80884732959458, 31.839777018521865], [-92.76389138641889, 31.839777018521865], [-92.76389138641889, 31.92968890487324], [-92.7189354432432, 31.92968890487324], [-92.7189354432432, 31.97464484804893], [-92.6739795000675, 31.97464484804893], [-92.6739795000675, 32.01960079122462], [-92.62902355689181, 32.01960079122462], [-92.62902355689181, 32.064556734400306], [-92.58406761371612, 32.064556734400306], [-92.58406761371612, 32.10951267757599], [-92.53911167054042, 32.10951267757599], [-92.53911167054042, 32.154468620751686], [-92.49415572736473, 32.154468620751686], [-92.49415572736473, 32.199424563927366], [-92.44919978418903, 32.199424563927366], [-92.44919978418903, 32.24438050710306], [-92.40424384101334, 32.24438050710306], [-92.40424384101334, 32.289336450278746], [-92.35928789783765, 32.289336450278746], [-92.35928789783765, 32.33429239345443], [-92.26937601148626, 32.33429239345443], [-92.26937601148626, 32.37924833663012], [-92.22442006831056, 32.37924833663012], [-92.22442006831056, 32.42420427980581], [-92.13450818195918, 32.42420427980581], [-92.13450818195918, 32.4691602229815], [-92.04459629560779, 32.4691602229815], [-92.04459629560779, 32.51411616615718], [-91.9546844092564, 32.51411616615718], [-91.9546844092564, 32.559072109332874], [-91.86477252290501, 32.559072109332874], [-91.86477252290501, 32.60402805250856], [-91.72990469337793, 32.60402805250856], [-91.72990469337793, 32.64898399568425], [-91.63999280702654, 32.64898399568425], [-91.63999280702654, 32.693939938859934], [-91.50512497749946, 32.693939938859934], [-91.50512497749946, 32.73889588203562], [-91.41521309114808, 32.73889588203562], [-91.41521309114808, 32.693939938859934], [-90.96565365939114, 32.693939938859934], [-90.92069771621544, 32.693939938859934], [-90.92069771621544, 32.64898399568425], [-90.78582988668836, 32.64898399568425], [-90.74087394351267, 32.64898399568425], [-90.74087394351267, 32.60402805250856], [-90.60600611398559, 32.60402805250856], [-90.56105017080989, 32.60402805250856], [-90.56105017080989, 32.559072109332874], [-90.4711382844585, 32.559072109332874], [-90.42618234128281, 32.559072109332874], [-90.42618234128281, 32.51411616615718], [-90.38122639810712, 32.51411616615718], [-90.38122639810712, 32.4691602229815], [-90.33627045493142, 32.4691602229815], [-90.29131451175573, 32.4691602229815], [-90.29131451175573, 32.42420427980581], [-90.24635856858004, 32.42420427980581], [-90.20140262540434, 32.42420427980581], [-90.20140262540434, 32.37924833663012], [-90.15644668222865, 32.37924833663012], [-90.15644668222865, 32.33429239345443], [-90.11149073905295, 32.33429239345443], [-90.06653479587726, 32.33429239345443], [-90.06653479587726, 32.289336450278746], [-90.02157885270157, 32.289336450278746], [-89.97662290952587, 32.289336450278746], [-89.97662290952587, 32.24438050710306], [-89.93166696635018, 32.24438050710306], [-89.93166696635018, 32.199424563927366], [-89.88671102317448, 32.199424563927366], [-89.88671102317448, 32.154468620751686], [-89.84175507999879, 32.154468620751686], [-89.84175507999879, 32.10951267757599], [-89.7967991368231, 32.10951267757599], [-89.7967991368231, 32.064556734400306], [-89.7518431936474, 32.064556734400306], [-89.7518431936474, 32.01960079122462], [-89.70688725047171, 32.01960079122462], [-89.66193130729602, 32.01960079122462], [-89.66193130729602, 31.97464484804893], [-89.61697536412032, 31.97464484804893], [-89.61697536412032, 31.92968890487324], [-89.57201942094463, 31.92968890487324], [-89.57201942094463, 31.884732961697555], [-89.52706347776893, 31.884732961697555], [-89.52706347776893, 31.839777018521865], [-89.48210753459324, 31.839777018521865], [-89.48210753459324, 31.794821075346178], [-89.43715159141755, 31.794821075346178], [-89.43715159141755, 31.74986513217049], [-89.39219564824185, 31.74986513217049], [-89.39219564824185, 31.659953245819114], [-89.34723970506616, 31.659953245819114], [-89.34723970506616, 31.614997302643427], [-89.30228376189046, 31.614997302643427], [-89.30228376189046, 31.570041359467737], [-89.25732781871477, 31.570041359467737], [-89.25732781871477, 31.52508541629205], [-89.21237187553908, 31.52508541629205], [-89.21237187553908, 31.435173529940677], [-89.16741593236338, 31.435173529940677], [-89.16741593236338, 31.3452616435893], [-89.12245998918769, 31.3452616435893], [-89.12245998918769, 31.300305700413613], [-89.077504046012, 31.300305700413613], [-89.077504046012, 31.210393814062236], [-89.0325481028363, 31.210393814062236], [-89.0325481028363, 31.12048192771086], [-88.98759215966061, 31.12048192771086], [-88.98759215966061, 31.030570041359486], [-88.94263621648491, 31.030570041359486], [-88.94263621648491, 30.985614098183795], [-88.89768027330922, 30.985614098183795], [-88.89768027330922, 30.895702211832422], [-88.85272433013353, 30.895702211832422], [-88.85272433013353, 30.850746268656735], [-88.80776838695783, 30.850746268656735], [-88.80776838695783, 30.760834382305358], [-88.76281244378214, 30.760834382305358], [-88.76281244378214, 30.71587843912967], [-88.71785650060644, 30.71587843912967], [-88.71785650060644, 30.67092249595398], [-88.67290055743075, 30.67092249595398], [-88.67290055743075, 30.625966552778294], [-88.62794461425506, 30.625966552778294], [-88.62794461425506, 30.536054666426917], [-88.58298867107936, 30.536054666426917], [-88.58298867107936, 30.49109872325123], [-88.53803272790367, 30.49109872325123], [-88.53803272790367, 30.446142780075544], [-88.49307678472798, 30.446142780075544], [-88.49307678472798, 30.401186836899853], [-88.44812084155228, 30.401186836899853], [-88.44812084155228, 30.356230893724167], [-88.40316489837659, 30.356230893724167], [-88.40316489837659, 30.31127495054848], [-88.3582089552009, 30.31127495054848], [-88.3582089552009, 30.26631900737279], [-88.3132530120252, 30.26631900737279], [-88.3132530120252, 30.176407121021416], [-88.2682970688495, 30.176407121021416], [-88.2682970688495, 30.131451177845726], [-88.22334112567381, 30.131451177845726], [-88.22334112567381, 30.08649523467004], [-88.17838518249812, 30.08649523467004], [-88.17838518249812, 29.996583348318666], [-88.13342923932242, 29.996583348318666], [-88.13342923932242, 29.951627405142975], [-88.08847329614673, 29.951627405142975], [-88.08847329614673, 29.90667146196729], [-88.04351735297104, 29.90667146196729], [-88.04351735297104, 29.81675957561591], [-87.99856140979534, 29.81675957561591], [-87.99856140979534, 29.771803632440225], [-87.95360546661965, 29.771803632440225], [-87.95360546661965, 29.726847689264538], [-87.90864952344396, 29.726847689264538], [-87.90864952344396, 29.63693580291316], [-87.86369358026826, 29.63693580291316], [-87.86369358026826, 29.591979859737474], [-87.81873763709257, 29.591979859737474], [-87.81873763709257, 29.547023916561784], [-87.77378169391687, 29.547023916561784], [-87.77378169391687, 29.45711203021041], [-87.72882575074118, 29.45711203021041], [-87.72882575074118, 29.412156087034724], [-87.68386980756549, 29.412156087034724], [-87.68386980756549, 29.367200143859034], [-87.63891386438979, 29.367200143859034], [-87.63891386438979, 29.27728825750766], [-87.5939579212141, 29.27728825750766], [-87.5939579212141, 29.23233231433197], [-87.5490019780384, 29.23233231433197], [-87.5490019780384, 29.187376371156283], [-87.50404603486271, 29.187376371156283], [-87.50404603486271, 29.142420427980596], [-87.45909009168702, 29.142420427980596], [-87.45909009168702, 29.05250854162922], [-87.41413414851132, 29.05250854162922], [-87.41413414851132, 29.007552598453533], [-87.36917820533563, 29.007552598453533], [-87.36917820533563, 28.962596655277842], [-87.32422226215994, 28.962596655277842], [-87.32422226215994, 28.917640712102155], [-87.27926631898424, 28.917640712102155], [-87.27926631898424, 28.87268476892647], [-87.23431037580855, 28.87268476892647], [-87.23431037580855, 28.78277288257509], [-87.18935443263285, 28.78277288257509], [-87.18935443263285, 28.737816939399405], [-87.14439848945716, 28.737816939399405], [-87.14439848945716, 28.692860996223715], [-87.09944254628147, 28.692860996223715], [-87.09944254628147, 28.647905053048028], [-87.05448660310577, 28.647905053048028], [-87.05448660310577, 28.60294910987234], [-87.00953065993008, 28.60294910987234], [-87.00953065993008, 28.557993166696654], [-86.96457471675438, 28.557993166696654], [-86.96457471675438, 28.513037223520964], [-86.91961877357869, 28.513037223520964], [-86.91961877357869, 28.468081280345277], [-86.874662830403, 28.468081280345277], [-86.874662830403, 28.3781693939939], [-86.8297068872273, 28.3781693939939], [-86.8297068872273, 28.333213450818214], [-86.78475094405161, 28.333213450818214], [-86.78475094405161, 28.288257507642527], [-86.73979500087592, 28.288257507642527], [-86.73979500087592, 28.243301564466837], [-86.69483905770022, 28.243301564466837], [-86.69483905770022, 28.19834562129115], [-86.64988311452453, 28.19834562129115], [-86.64988311452453, 28.153389678115463], [-86.60492717134883, 28.153389678115463], [-86.60492717134883, 28.108433734939773], [-86.55997122817314, 28.108433734939773], [-86.55997122817314, 28.063477791764086], [-86.51501528499745, 28.063477791764086], [-86.51501528499745, 28.0185218485884], [-86.47005934182175, 28.0185218485884], [-86.47005934182175, 27.928609962237022], [-86.42510339864606, 27.928609962237022], [-86.42510339864606, 27.883654019061336], [-86.38014745547036, 27.883654019061336], [-86.38014745547036, 27.83869807588565], [-86.33519151229467, 27.83869807588565], [-86.33519151229467, 27.748786189534272], [-86.29023556911898, 27.748786189534272], [-86.29023556911898, 27.703830246358585], [-86.24527962594328, 27.703830246358585], [-86.24527962594328, 27.658874303182895], [-86.20032368276759, 27.658874303182895], [-86.20032368276759, 27.56896241683152], [-86.1553677395919, 27.56896241683152], [-86.1553677395919, 27.52400647365583], [-86.1104117964162, 27.52400647365583], [-86.1104117964162, 27.479050530480144], [-86.06545585324051, 27.479050530480144], [-86.06545585324051, 27.434094587304457], [-86.02049991006481, 27.434094587304457], [-86.02049991006481, 27.34418270095308], [-85.97554396688912, 27.34418270095308], [-85.97554396688912, 27.299226757777394], [-85.93058802371343, 27.299226757777394], [-85.93058802371343, 27.254270814601703], [-85.88563208053773, 27.254270814601703], [-85.88563208053773, 27.209314871426017], [-85.84067613736204, 27.209314871426017], [-85.84067613736204, 27.16435892825033], [-85.79572019418634, 27.16435892825033], [-85.79572019418634, 27.074447041898953], [-85.75076425101065, 27.074447041898953], [-85.75076425101065, 27.029491098723266], [-85.70580830783496, 27.029491098723266], [-85.70580830783496, 26.98453515554758], [-85.66085236465926, 26.98453515554758], [-85.66085236465926, 26.93957921237189], [-85.61589642148357, 26.93957921237189], [-85.61589642148357, 26.849667326020516], [-85.57094047830788, 26.849667326020516], [-85.57094047830788, 26.804711382844825], [-85.52598453513218, 26.804711382844825], [-85.52598453513218, 26.75975543966914], [-85.48102859195649, 26.75975543966914], [-85.48102859195649, 26.714799496493452], [-85.4360726487808, 26.714799496493452], [-85.4360726487808, 26.66984355331776], [-85.3911167056051, 26.66984355331776], [-85.3911167056051, 26.624887610142075], [-85.3461607624294, 26.624887610142075], [-85.3461607624294, 26.579931666966388], [-85.30120481925371, 26.579931666966388], [-85.30120481925371, 26.5349757237907], [-85.25624887607802, 26.5349757237907], [-85.25624887607802, 26.49001978061501], [-85.21129293290232, 26.49001978061501], [-85.21129293290232, 26.445063837439324], [-85.16633698972663, 26.445063837439324], [-85.16633698972663, 26.400107894263638], [-85.12138104655094, 26.400107894263638], [-85.12138104655094, 26.355151951087947], [-85.07642510337524, 26.355151951087947], [-85.07642510337524, 26.31019600791226], [-85.03146916019955, 26.31019600791226], [-85.03146916019955, 26.265240064736574], [-84.98651321702386, 26.265240064736574], [-84.98651321702386, 26.220284121560884], [-84.94155727384816, 26.220284121560884], [-84.94155727384816, 26.175328178385197], [-84.89660133067247, 26.175328178385197], [-84.89660133067247, 26.13037223520951], [-84.85164538749677, 26.13037223520951], [-84.85164538749677, 26.08541629203382], [-84.80668944432108, 26.08541629203382], [-84.80668944432108, 26.040460348858133], [-84.76173350114539, 26.040460348858133], [-84.76173350114539, 25.995504405682446], [-84.71677755796969, 25.995504405682446], [-84.671821614794, 25.995504405682446], [-84.671821614794, 25.950548462506756], [-84.6268656716183, 25.950548462506756], [-84.6268656716183, 25.90559251933107], [-84.58190972844261, 25.90559251933107], [-84.58190972844261, 25.860636576155382], [-84.53695378526692, 25.860636576155382], [-84.53695378526692, 25.815680632979692], [-84.49199784209122, 25.815680632979692], [-84.44704189891553, 25.815680632979692], [-84.44704189891553, 25.770724689804005], [-84.40208595573984, 25.770724689804005], [-84.40208595573984, 25.72576874662832], [-84.35713001256414, 25.72576874662832], [-84.35713001256414, 25.680812803452632], [-84.31217406938845, 25.680812803452632], [-84.31217406938845, 25.590900917101255], [-84.26721812621275, 25.590900917101255], [-84.26721812621275, 25.500989030749878], [-84.22226218303706, 25.500989030749878], [-84.22226218303706, 25.321165258047127], [-84.17730623986137, 25.321165258047127], [-84.17730623986137, 24.287178565006307], [-84.22226218303706, 24.287178565006307], [-84.22226218303706, 24.062398849127867], [-84.26721812621275, 24.062398849127867], [-84.26721812621275, 23.972486962776493], [-84.31217406938845, 23.972486962776493], [-84.31217406938845, 23.927531019600803], [-84.35713001256414, 23.927531019600803], [-84.35713001256414, 24.01744290595218], [-84.31217406938845, 24.01744290595218], [-84.31217406938845, 24.152310735479244], [-84.26721812621275, 24.152310735479244], [-84.26721812621275, 25.411077144398504], [-84.31217406938845, 25.411077144398504], [-84.31217406938845, 25.545944973925568], [-84.35713001256414, 25.545944973925568], [-84.35713001256414, 25.63585686027694], [-84.40208595573984, 25.63585686027694], [-84.40208595573984, 25.680812803452632], [-84.44704189891553, 25.680812803452632], [-84.49199784209122, 25.680812803452632], [-84.49199784209122, 25.72576874662832], [-84.53695378526692, 25.72576874662832], [-84.53695378526692, 25.770724689804005], [-84.58190972844261, 25.770724689804005], [-84.6268656716183, 25.770724689804005], [-84.6268656716183, 25.815680632979692], [-84.671821614794, 25.815680632979692], [-84.671821614794, 25.860636576155382], [-84.71677755796969, 25.860636576155382], [-84.76173350114539, 25.860636576155382], [-84.76173350114539, 25.90559251933107], [-84.80668944432108, 25.90559251933107], [-84.80668944432108, 25.950548462506756], [-84.85164538749677, 25.950548462506756], [-84.85164538749677, 25.995504405682446], [-84.89660133067247, 25.995504405682446], [-84.89660133067247, 26.040460348858133], [-84.94155727384816, 26.040460348858133], [-84.94155727384816, 26.08541629203382], [-84.98651321702386, 26.08541629203382], [-84.98651321702386, 26.13037223520951], [-85.03146916019955, 26.13037223520951], [-85.07642510337524, 26.13037223520951], [-85.07642510337524, 26.175328178385197], [-85.12138104655094, 26.175328178385197], [-85.12138104655094, 26.220284121560884], [-85.16633698972663, 26.220284121560884], [-85.16633698972663, 26.265240064736574], [-85.21129293290232, 26.265240064736574], [-85.21129293290232, 26.31019600791226], [-85.25624887607802, 26.31019600791226], [-85.25624887607802, 26.355151951087947], [-85.30120481925371, 26.355151951087947], [-85.30120481925371, 26.400107894263638], [-85.3461607624294, 26.400107894263638], [-85.3461607624294, 26.445063837439324], [-85.3911167056051, 26.445063837439324], [-85.3911167056051, 26.49001978061501], [-85.4360726487808, 26.49001978061501], [-85.4360726487808, 26.579931666966388], [-85.48102859195649, 26.579931666966388], [-85.52598453513218, 26.579931666966388], [-85.52598453513218, 26.624887610142075], [-85.57094047830788, 26.624887610142075], [-85.57094047830788, 26.66984355331776], [-85.61589642148357, 26.66984355331776], [-85.61589642148357, 26.714799496493452], [-85.66085236465926, 26.714799496493452], [-85.66085236465926, 26.75975543966914], [-85.70580830783496, 26.75975543966914], [-85.70580830783496, 26.804711382844825], [-85.75076425101065, 26.804711382844825], [-85.75076425101065, 26.849667326020516], [-85.79572019418634, 26.849667326020516], [-85.79572019418634, 26.93957921237189], [-85.84067613736204, 26.93957921237189], [-85.84067613736204, 26.98453515554758], [-85.88563208053773, 26.98453515554758], [-85.88563208053773, 27.029491098723266], [-85.93058802371343, 27.029491098723266], [-85.93058802371343, 27.074447041898953], [-85.97554396688912, 27.074447041898953], [-85.97554396688912, 27.16435892825033], [-86.02049991006481, 27.16435892825033], [-86.06545585324051, 27.16435892825033], [-86.06545585324051, 27.209314871426017], [-86.1104117964162, 27.209314871426017], [-86.1104117964162, 27.254270814601703], [-86.1553677395919, 27.254270814601703], [-86.1553677395919, 27.299226757777394], [-86.20032368276759, 27.299226757777394], [-86.20032368276759, 27.389138644128767], [-86.24527962594328, 27.389138644128767], [-86.24527962594328, 27.434094587304457], [-86.29023556911898, 27.434094587304457], [-86.29023556911898, 27.479050530480144], [-86.33519151229467, 27.479050530480144], [-86.33519151229467, 27.56896241683152], [-86.38014745547036, 27.56896241683152], [-86.38014745547036, 27.613918360007208], [-86.42510339864606, 27.613918360007208], [-86.42510339864606, 27.658874303182895], [-86.47005934182175, 27.658874303182895], [-86.47005934182175, 27.748786189534272], [-86.51501528499745, 27.748786189534272], [-86.51501528499745, 27.79374213270996], [-86.55997122817314, 27.79374213270996], [-86.55997122817314, 27.83869807588565], [-86.60492717134883, 27.83869807588565], [-86.60492717134883, 27.883654019061336], [-86.64988311452453, 27.883654019061336], [-86.64988311452453, 27.928609962237022], [-86.69483905770022, 27.928609962237022], [-86.69483905770022, 27.973565905412713], [-86.73979500087592, 27.973565905412713], [-86.73979500087592, 28.0185218485884], [-86.78475094405161, 28.0185218485884], [-86.78475094405161, 28.063477791764086], [-86.8297068872273, 28.063477791764086], [-86.8297068872273, 28.153389678115463], [-86.874662830403, 28.153389678115463], [-86.874662830403, 28.19834562129115], [-86.91961877357869, 28.19834562129115], [-86.91961877357869, 28.243301564466837], [-86.96457471675438, 28.243301564466837], [-86.96457471675438, 28.288257507642527], [-87.00953065993008, 28.288257507642527], [-87.00953065993008, 28.333213450818214], [-87.05448660310577, 28.333213450818214], [-87.05448660310577, 28.3781693939939], [-87.09944254628147, 28.3781693939939], [-87.09944254628147, 28.42312533716959], [-87.14439848945716, 28.42312533716959], [-87.14439848945716, 28.468081280345277], [-87.18935443263285, 28.468081280345277], [-87.18935443263285, 28.513037223520964], [-87.23431037580855, 28.513037223520964], [-87.23431037580855, 28.557993166696654], [-87.27926631898424, 28.557993166696654], [-87.27926631898424, 28.60294910987234], [-87.32422226215994, 28.60294910987234], [-87.32422226215994, 28.647905053048028], [-87.36917820533563, 28.647905053048028], [-87.36917820533563, 28.692860996223715], [-87.41413414851132, 28.692860996223715], [-87.41413414851132, 28.737816939399405], [-87.45909009168702, 28.737816939399405], [-87.45909009168702, 28.78277288257509], [-87.50404603486271, 28.78277288257509], [-87.50404603486271, 28.82772882575078], [-87.5490019780384, 28.82772882575078], [-87.5490019780384, 28.87268476892647], [-87.5939579212141, 28.87268476892647], [-87.5939579212141, 28.917640712102155], [-87.63891386438979, 28.917640712102155], [-87.63891386438979, 28.962596655277842], [-87.68386980756549, 28.962596655277842], [-87.68386980756549, 29.05250854162922], [-87.72882575074118, 29.05250854162922], [-87.72882575074118, 29.097464484804906], [-87.77378169391687, 29.097464484804906], [-87.77378169391687, 29.142420427980596], [-87.81873763709257, 29.142420427980596], [-87.81873763709257, 29.187376371156283], [-87.86369358026826, 29.187376371156283], [-87.86369358026826, 29.27728825750766], [-87.90864952344396, 29.27728825750766], [-87.90864952344396, 29.322244200683347], [-87.95360546661965, 29.322244200683347], [-87.95360546661965, 29.367200143859034], [-87.99856140979534, 29.367200143859034], [-87.99856140979534, 29.412156087034724], [-88.04351735297104, 29.412156087034724], [-88.04351735297104, 29.45711203021041], [-88.08847329614673, 29.45711203021041], [-88.08847329614673, 29.547023916561784], [-88.13342923932242, 29.547023916561784], [-88.13342923932242, 29.591979859737474], [-88.17838518249812, 29.591979859737474], [-88.17838518249812, 29.63693580291316], [-88.22334112567381, 29.63693580291316], [-88.22334112567381, 29.726847689264538], [-88.2682970688495, 29.726847689264538], [-88.2682970688495, 29.771803632440225], [-88.3132530120252, 29.771803632440225], [-88.3132530120252, 29.81675957561591], [-88.3582089552009, 29.81675957561591], [-88.3582089552009, 29.90667146196729], [-88.40316489837659, 29.90667146196729], [-88.40316489837659, 29.951627405142975], [-88.44812084155228, 29.951627405142975], [-88.44812084155228, 30.041539291494352], [-88.49307678472798, 30.041539291494352], [-88.49307678472798, 30.08649523467004], [-88.53803272790367, 30.08649523467004], [-88.53803272790367, 30.131451177845726], [-88.58298867107936, 30.131451177845726], [-88.58298867107936, 30.176407121021416], [-88.62794461425506, 30.176407121021416], [-88.62794461425506, 30.221363064197103], [-88.67290055743075, 30.221363064197103], [-88.67290055743075, 30.26631900737279], [-88.71785650060644, 30.26631900737279], [-88.76281244378214, 30.26631900737279], [-88.76281244378214, 30.31127495054848], [-88.80776838695783, 30.31127495054848], [-88.80776838695783, 30.356230893724167], [-88.85272433013353, 30.356230893724167], [-88.85272433013353, 30.401186836899853], [-88.89768027330922, 30.401186836899853], [-88.89768027330922, 30.446142780075544], [-88.94263621648491, 30.446142780075544], [-88.94263621648491, 30.49109872325123], [-88.98759215966061, 30.49109872325123], [-88.98759215966061, 30.536054666426917], [-89.0325481028363, 30.536054666426917], [-89.0325481028363, 30.581010609602608], [-89.077504046012, 30.581010609602608], [-89.077504046012, 30.625966552778294], [-89.12245998918769, 30.625966552778294], [-89.12245998918769, 30.67092249595398], [-89.16741593236338, 30.67092249595398], [-89.16741593236338, 30.760834382305358], [-89.21237187553908, 30.760834382305358], [-89.21237187553908, 30.850746268656735], [-89.25732781871477, 30.850746268656735], [-89.25732781871477, 30.94065815500811], [-89.30228376189046, 30.94065815500811], [-89.30228376189046, 31.030570041359486], [-89.34723970506616, 31.030570041359486], [-89.34723970506616, 31.12048192771086], [-89.39219564824185, 31.12048192771086], [-89.39219564824185, 31.16543787088655], [-89.43715159141755, 31.16543787088655], [-89.43715159141755, 31.255349757237923], [-89.48210753459324, 31.255349757237923], [-89.48210753459324, 31.300305700413613], [-89.52706347776893, 31.300305700413613], [-89.52706347776893, 31.3452616435893], [-89.57201942094463, 31.3452616435893], [-89.57201942094463, 31.390217586764987], [-89.61697536412032, 31.390217586764987], [-89.61697536412032, 31.480129473116364], [-89.66193130729602, 31.480129473116364], [-89.66193130729602, 31.52508541629205], [-89.70688725047171, 31.52508541629205], [-89.70688725047171, 31.570041359467737], [-89.7518431936474, 31.570041359467737], [-89.7518431936474, 31.614997302643427], [-89.7967991368231, 31.614997302643427], [-89.7967991368231, 31.659953245819114], [-89.84175507999879, 31.659953245819114], [-89.84175507999879, 31.7049091889948], [-89.88671102317448, 31.7049091889948], [-89.88671102317448, 31.74986513217049], [-89.93166696635018, 31.74986513217049], [-89.93166696635018, 31.794821075346178], [-89.97662290952587, 31.794821075346178], [-90.02157885270157, 31.794821075346178], [-90.02157885270157, 31.839777018521865], [-90.06653479587726, 31.839777018521865], [-90.06653479587726, 31.884732961697555], [-90.11149073905295, 31.884732961697555], [-90.11149073905295, 31.92968890487324], [-90.15644668222865, 31.92968890487324], [-90.15644668222865, 31.97464484804893], [-90.20140262540434, 31.97464484804893], [-90.24635856858004, 31.97464484804893], [-90.24635856858004, 32.01960079122462], [-90.29131451175573, 32.01960079122462], [-90.29131451175573, 32.064556734400306], [-90.33627045493142, 32.064556734400306], [-90.38122639810712, 32.064556734400306], [-90.38122639810712, 32.10951267757599], [-90.42618234128281, 32.10951267757599], [-90.42618234128281, 32.154468620751686], [-90.4711382844585, 32.154468620751686], [-90.5160942276342, 32.154468620751686], [-90.5160942276342, 32.199424563927366], [-90.56105017080989, 32.199424563927366], [-90.65096205716128, 32.199424563927366], [-90.65096205716128, 32.24438050710306], [-90.69591800033697, 32.24438050710306], [-90.78582988668836, 32.24438050710306], [-90.78582988668836, 32.289336450278746], [-90.83078582986406, 32.289336450278746], [-90.92069771621544, 32.289336450278746], [-90.92069771621544, 32.33429239345443], [-90.96565365939114, 32.33429239345443], [-91.41521309114808, 32.33429239345443], [-91.41521309114808, 32.37924833663012], [-91.50512497749946, 32.37924833663012], [-91.50512497749946, 32.33429239345443], [-91.59503686385085, 32.33429239345443], [-91.59503686385085, 32.289336450278746], [-91.68494875020224, 32.289336450278746], [-91.68494875020224, 32.24438050710306], [-91.81981657972932, 32.24438050710306], [-91.81981657972932, 32.199424563927366], [-91.90972846608071, 32.199424563927366], [-91.90972846608071, 32.154468620751686], [-91.9996403524321, 32.154468620751686], [-91.9996403524321, 32.10951267757599], [-92.04459629560779, 32.10951267757599], [-92.04459629560779, 32.064556734400306], [-92.13450818195918, 32.064556734400306], [-92.13450818195918, 32.01960079122462], [-92.17946412513487, 32.01960079122462], [-92.17946412513487, 31.97464484804893], [-92.22442006831056, 31.97464484804893], [-92.22442006831056, 31.92968890487324], [-92.26937601148626, 31.92968890487324], [-92.26937601148626, 31.884732961697555], [-92.35928789783765, 31.884732961697555], [-92.35928789783765, 31.839777018521865], [-92.40424384101334, 31.839777018521865], [-92.40424384101334, 31.794821075346178], [-92.44919978418903, 31.794821075346178], [-92.44919978418903, 31.74986513217049], [-92.49415572736473, 31.74986513217049], [-92.49415572736473, 31.7049091889948], [-92.53911167054042, 31.7049091889948], [-92.53911167054042, 31.659953245819114], [-92.58406761371612, 31.659953245819114], [-92.58406761371612, 31.614997302643427], [-92.62902355689181, 31.614997302643427], [-92.62902355689181, 31.570041359467737], [-92.6739795000675, 31.570041359467737], [-92.6739795000675, 31.480129473116364], [-92.7189354432432, 31.480129473116364], [-92.7189354432432, 31.435173529940677], [-92.76389138641889, 31.435173529940677], [-92.76389138641889, 31.3452616435893], [-92.80884732959458, 31.3452616435893], [-92.80884732959458, 31.255349757237923], [-92.85380327277028, 31.255349757237923], [-92.85380327277028, 31.16543787088655], [-92.89875921594597, 31.16543787088655], [-92.89875921594597, 31.075525984535172], [-92.94371515912167, 31.075525984535172], [-92.94371515912167, 30.94065815500811], [-92.98867110229736, 30.94065815500811], [-92.98867110229736, 30.805790325481045], [-93.03362704547305, 30.805790325481045], [-93.03362704547305, 30.67092249595398], [-93.07858298864875, 30.67092249595398], [-93.07858298864875, 30.401186836899853], [-93.12353893182444, 30.401186836899853], [-93.12353893182444, 29.861715518791602], [-93.07858298864875, 29.861715518791602], [-93.07858298864875, 29.502067973386097], [-93.03362704547305, 29.502067973386097], [-93.03362704547305, 29.367200143859034], [-92.98867110229736, 29.367200143859034], [-92.98867110229736, 29.27728825750766], [-92.94371515912167, 29.27728825750766], [-92.94371515912167, 29.187376371156283], [-92.89875921594597, 29.187376371156283], [-92.89875921594597, 29.097464484804906], [-92.85380327277028, 29.097464484804906], [-92.85380327277028, 29.007552598453533], [-92.80884732959458, 29.007552598453533], [-92.80884732959458, 28.917640712102155], [-92.76389138641889, 28.917640712102155], [-92.76389138641889, 28.87268476892647], [-92.7189354432432, 28.87268476892647], [-92.7189354432432, 28.78277288257509], [-92.6739795000675, 28.78277288257509], [-92.6739795000675, 28.692860996223715], [-92.62902355689181, 28.692860996223715], [-92.62902355689181, 28.647905053048028], [-92.58406761371612, 28.647905053048028], [-92.58406761371612, 28.557993166696654], [-92.53911167054042, 28.557993166696654], [-92.53911167054042, 28.513037223520964], [-92.49415572736473, 28.513037223520964], [-92.49415572736473, 28.468081280345277], [-92.44919978418903, 28.468081280345277], [-92.44919978418903, 28.3781693939939], [-92.40424384101334, 28.3781693939939], [-92.40424384101334, 28.333213450818214], [-92.35928789783765, 28.333213450818214], [-92.35928789783765, 28.288257507642527], [-92.31433195466195, 28.288257507642527], [-92.31433195466195, 28.243301564466837], [-92.26937601148626, 28.243301564466837], [-92.26937601148626, 28.19834562129115], [-92.22442006831056, 28.19834562129115], [-92.22442006831056, 28.108433734939773], [-92.17946412513487, 28.108433734939773], [-92.17946412513487, 28.063477791764086], [-92.13450818195918, 28.063477791764086], [-92.13450818195918, 28.0185218485884], [-92.08955223878348, 28.0185218485884], [-92.08955223878348, 27.973565905412713], [-92.04459629560779, 27.973565905412713], [-92.04459629560779, 27.928609962237022], [-91.9996403524321, 27.928609962237022], [-91.9996403524321, 27.83869807588565], [-91.9546844092564, 27.83869807588565], [-91.9546844092564, 27.79374213270996], [-91.90972846608071, 27.79374213270996], [-91.86477252290501, 27.79374213270996], [-91.86477252290501, 27.703830246358585], [-91.81981657972932, 27.703830246358585], [-91.81981657972932, 27.658874303182895], [-91.77486063655363, 27.658874303182895], [-91.77486063655363, 27.613918360007208], [-91.72990469337793, 27.613918360007208], [-91.72990469337793, 27.56896241683152], [-91.68494875020224, 27.56896241683152], [-91.68494875020224, 27.52400647365583], [-91.63999280702654, 27.52400647365583], [-91.63999280702654, 27.479050530480144], [-91.59503686385085, 27.479050530480144], [-91.59503686385085, 27.434094587304457], [-91.55008092067516, 27.434094587304457], [-91.55008092067516, 27.389138644128767], [-91.50512497749946, 27.389138644128767], [-91.46016903432377, 27.389138644128767], [-91.46016903432377, 27.34418270095308], [-91.41521309114808, 27.34418270095308], [-91.41521309114808, 27.299226757777394], [-91.37025714797238, 27.299226757777394], [-91.37025714797238, 27.254270814601703], [-91.32530120479669, 27.254270814601703], [-91.280345261621, 27.254270814601703], [-91.280345261621, 27.209314871426017], [-91.2353893184453, 27.209314871426017], [-91.2353893184453, 27.16435892825033], [-91.1904333752696, 27.16435892825033], [-91.1904333752696, 27.119402985074643], [-91.14547743209391, 27.119402985074643], [-91.14547743209391, 27.074447041898953], [-91.10052148891822, 27.074447041898953], [-91.10052148891822, 27.029491098723266], [-91.05556554574252, 27.029491098723266], [-91.05556554574252, 26.98453515554758], [-91.01060960256683, 26.98453515554758], [-90.96565365939114, 26.98453515554758], [-90.96565365939114, 26.93957921237189], [-90.92069771621544, 26.93957921237189], [-90.92069771621544, 26.894623269196202], [-90.87574177303975, 26.894623269196202], [-90.83078582986406, 26.894623269196202], [-90.83078582986406, 26.849667326020516], [-90.78582988668836, 26.849667326020516], [-90.78582988668836, 26.804711382844825], [-90.74087394351267, 26.804711382844825], [-90.69591800033697, 26.804711382844825], [-90.69591800033697, 26.75975543966914], [-90.65096205716128, 26.75975543966914], [-90.65096205716128, 26.714799496493452], [-90.60600611398559, 26.714799496493452], [-90.56105017080989, 26.714799496493452], [-90.56105017080989, 26.66984355331776], [-90.5160942276342, 26.66984355331776], [-90.5160942276342, 26.624887610142075], [-90.4711382844585, 26.624887610142075], [-90.4711382844585, 26.579931666966388], [-90.42618234128281, 26.579931666966388], [-90.42618234128281, 26.5349757237907], [-90.38122639810712, 26.5349757237907], [-90.33627045493142, 26.5349757237907], [-90.33627045493142, 26.49001978061501], [-90.29131451175573, 26.49001978061501], [-90.29131451175573, 26.445063837439324], [-90.24635856858004, 26.445063837439324], [-90.24635856858004, 26.400107894263638], [-90.20140262540434, 26.400107894263638], [-90.15644668222865, 26.400107894263638], [-90.15644668222865, 26.355151951087947], [-90.11149073905295, 26.355151951087947], [-90.11149073905295, 26.31019600791226], [-90.06653479587726, 26.31019600791226], [-90.02157885270157, 26.31019600791226], [-90.02157885270157, 26.265240064736574], [-89.97662290952587, 26.265240064736574], [-89.97662290952587, 26.220284121560884], [-89.93166696635018, 26.220284121560884], [-89.93166696635018, 26.175328178385197], [-89.88671102317448, 26.175328178385197], [-89.84175507999879, 26.175328178385197], [-89.84175507999879, 26.13037223520951], [-89.7967991368231, 26.13037223520951], [-89.7967991368231, 26.08541629203382], [-89.7518431936474, 26.08541629203382], [-89.7518431936474, 26.040460348858133], [-89.70688725047171, 26.040460348858133], [-89.70688725047171, 25.995504405682446], [-89.66193130729602, 25.995504405682446], [-89.66193130729602, 25.950548462506756], [-89.61697536412032, 25.950548462506756], [-89.57201942094463, 25.950548462506756], [-89.57201942094463, 25.90559251933107], [-89.52706347776893, 25.90559251933107], [-89.52706347776893, 25.860636576155382], [-89.48210753459324, 25.860636576155382], [-89.43715159141755, 25.860636576155382], [-89.43715159141755, 25.815680632979692], [-89.39219564824185, 25.815680632979692], [-89.39219564824185, 25.770724689804005], [-89.34723970506616, 25.770724689804005], [-89.30228376189046, 25.770724689804005], [-89.30228376189046, 25.72576874662832], [-89.25732781871477, 25.72576874662832], [-89.25732781871477, 25.680812803452632], [-89.21237187553908, 25.680812803452632], [-89.16741593236338, 25.680812803452632], [-89.16741593236338, 25.63585686027694], [-89.12245998918769, 25.63585686027694], [-89.12245998918769, 25.590900917101255], [-89.077504046012, 25.590900917101255], [-89.077504046012, 25.545944973925568], [-89.0325481028363, 25.545944973925568], [-89.0325481028363, 25.500989030749878], [-88.98759215966061, 25.500989030749878], [-88.94263621648491, 25.500989030749878], [-88.94263621648491, 25.45603308757419], [-88.89768027330922, 25.45603308757419], [-88.89768027330922, 25.411077144398504], [-88.85272433013353, 25.411077144398504], [-88.80776838695783, 25.411077144398504], [-88.80776838695783, 25.366121201222814], [-88.76281244378214, 25.366121201222814], [-88.71785650060644, 25.366121201222814], [-88.71785650060644, 25.321165258047127], [-88.67290055743075, 25.321165258047127], [-88.62794461425506, 25.321165258047127], [-88.62794461425506, 25.27620931487144], [-88.58298867107936, 25.27620931487144], [-88.58298867107936, 25.23125337169575], [-88.53803272790367, 25.23125337169575], [-88.49307678472798, 25.23125337169575], [-88.49307678472798, 25.186297428520064], [-88.44812084155228, 25.186297428520064], [-88.40316489837659, 25.186297428520064], [-88.40316489837659, 25.141341485344377], [-88.3582089552009, 25.141341485344377], [-88.3582089552009, 25.09638554216869], [-88.3132530120252, 25.09638554216869], [-88.2682970688495, 25.09638554216869], [-88.2682970688495, 25.051429598993], [-88.22334112567381, 25.051429598993], [-88.22334112567381, 25.006473655817313], [-88.17838518249812, 25.006473655817313], [-88.17838518249812, 24.961517712641626], [-88.13342923932242, 24.961517712641626], [-88.13342923932242, 24.916561769465936], [-88.08847329614673, 24.916561769465936], [-88.04351735297104, 24.916561769465936], [-88.04351735297104, 24.87160582629025], [-87.99856140979534, 24.87160582629025], [-87.95360546661965, 24.87160582629025], [-87.95360546661965, 24.826649883114563], [-87.90864952344396, 24.826649883114563], [-87.86369358026826, 24.826649883114563], [-87.86369358026826, 24.781693939938872], [-87.81873763709257, 24.781693939938872], [-87.77378169391687, 24.781693939938872], [-87.77378169391687, 24.736737996763186], [-87.72882575074118, 24.736737996763186], [-87.72882575074118, 24.6917820535875], [-87.68386980756549, 24.6917820535875], [-87.63891386438979, 24.6917820535875], [-87.63891386438979, 24.64682611041181], [-87.5939579212141, 24.64682611041181], [-87.5939579212141, 24.60187016723612], [-87.5490019780384, 24.60187016723612], [-87.50404603486271, 24.60187016723612], [-87.50404603486271, 24.556914224060435], [-87.45909009168702, 24.556914224060435], [-87.45909009168702, 24.511958280884745], [-87.41413414851132, 24.511958280884745], [-87.41413414851132, 24.467002337709058], [-87.36917820533563, 24.467002337709058], [-87.32422226215994, 24.467002337709058], [-87.32422226215994, 24.42204639453337], [-87.27926631898424, 24.42204639453337], [-87.27926631898424, 24.37709045135768], [-87.23431037580855, 24.37709045135768], [-87.18935443263285, 24.37709045135768], [-87.18935443263285, 24.332134508181994], [-87.14439848945716, 24.332134508181994], [-87.09944254628147, 24.332134508181994], [-87.09944254628147, 24.287178565006307], [-87.05448660310577, 24.287178565006307], [-87.05448660310577, 24.24222262183062], [-87.00953065993008, 24.24222262183062], [-86.96457471675438, 24.24222262183062], [-86.96457471675438, 24.19726667865493], [-86.91961877357869, 24.19726667865493], [-86.874662830403, 24.19726667865493], [-86.874662830403, 24.152310735479244], [-86.8297068872273, 24.152310735479244], [-86.8297068872273, 24.107354792303557], [-86.78475094405161, 24.107354792303557], [-86.78475094405161, 24.062398849127867], [-86.73979500087592, 24.062398849127867], [-86.73979500087592, 24.01744290595218], [-86.69483905770022, 24.01744290595218], [-86.69483905770022, 23.972486962776493], [-86.64988311452453, 23.972486962776493], [-86.64988311452453, 23.927531019600803], [-86.60492717134883, 23.927531019600803], [-86.55997122817314, 23.927531019600803], [-86.55997122817314, 23.882575076425116], [-86.51501528499745, 23.882575076425116], [-86.51501528499745, 23.83761913324943], [-86.42510339864606, 23.83761913324943], [-86.38014745547036, 23.83761913324943], [-86.38014745547036, 23.79266319007374], [-86.20032368276759, 23.79266319007374], [-86.1553677395919, 23.79266319007374], [-86.1553677395919, 23.747707246898052], [-86.06545585324051, 23.747707246898052], [-86.02049991006481, 23.747707246898052], [-86.02049991006481, 23.702751303722366], [-85.97554396688912, 23.702751303722366], [-85.93058802371343, 23.702751303722366], [-85.93058802371343, 23.65779536054668], [-85.88563208053773, 23.65779536054668], [-85.84067613736204, 23.65779536054668], [-85.84067613736204, 23.61283941737099], [-85.79572019418634, 23.61283941737099], [-85.75076425101065, 23.61283941737099], [-85.75076425101065, 23.567883474195302], [-85.70580830783496, 23.567883474195302], [-85.70580830783496, 23.522927531019615], [-85.66085236465926, 23.522927531019615], [-85.66085236465926, 23.477971587843925], [-85.61589642148357, 23.477971587843925], [-85.61589642148357, 23.433015644668238], [-85.57094047830788, 23.433015644668238], [-85.57094047830788, 23.38805970149255], [-85.3911167056051, 23.38805970149255], [-85.3911167056051, 23.433015644668238], [-85.3461607624294, 23.433015644668238], [-85.3461607624294, 23.477971587843925], [-85.30120481925371, 23.477971587843925], [-85.30120481925371, 23.522927531019615], [-85.25624887607802, 23.522927531019615], [-85.25624887607802, 23.567883474195302], [-85.21129293290232, 23.567883474195302], [-85.21129293290232, 23.61283941737099], [-85.12138104655094, 23.61283941737099], [-85.12138104655094, 23.65779536054668], [-85.03146916019955, 23.65779536054668], [-85.03146916019955, 23.702751303722366], [-84.94155727384816, 23.702751303722366], [-84.94155727384816, 23.747707246898052], [-84.80668944432108, 23.747707246898052], [-84.80668944432108, 23.79266319007374], [-84.6268656716183, 23.79266319007374], [-84.6268656716183, 23.83761913324943], [-84.49199784209122, 23.83761913324943], [-84.49199784209122, 23.882575076425116], [-84.44704189891553, 23.882575076425116], [-84.40208595573984, 23.882575076425116], [-84.40208595573984, 23.83761913324943], [-84.44704189891553, 23.83761913324943], [-84.44704189891553, 23.79266319007374], [-84.53695378526692, 23.79266319007374], [-84.53695378526692, 23.747707246898052], [-84.671821614794, 23.747707246898052], [-84.671821614794, 23.702751303722366], [-84.80668944432108, 23.702751303722366], [-84.80668944432108, 23.65779536054668], [-84.89660133067247, 23.65779536054668], [-84.89660133067247, 23.61283941737099], [-84.98651321702386, 23.61283941737099], [-84.98651321702386, 23.567883474195302], [-85.07642510337524, 23.567883474195302], [-85.07642510337524, 23.522927531019615], [-85.16633698972663, 23.522927531019615], [-85.16633698972663, 23.477971587843925], [-85.21129293290232, 23.477971587843925], [-85.21129293290232, 23.433015644668238], [-85.30120481925371, 23.433015644668238], [-85.30120481925371, 23.38805970149255], [-85.3461607624294, 23.38805970149255], [-85.3461607624294, 23.34310375831686], [-85.61589642148357, 23.34310375831686]]]]}}, {"type": "Feature", "properties": {"shapefile": "2021082812_wsp34knt120hr_5km", "PERCENTAGE": "70-80%"}, "geometry": {"type": "MultiPolygon", "coordinates": [[[[-84.35713001256414, 24.01744290595218], [-84.35713001256414, 24.467002337709058], [-84.31217406938845, 24.467002337709058], [-84.31217406938845, 25.141341485344377], [-84.35713001256414, 25.141341485344377], [-84.35713001256414, 25.545944973925568], [-84.31217406938845, 25.545944973925568], [-84.31217406938845, 25.411077144398504], [-84.26721812621275, 25.411077144398504], [-84.26721812621275, 24.152310735479244], [-84.31217406938845, 24.152310735479244], [-84.31217406938845, 24.01744290595218], [-84.35713001256414, 24.01744290595218]]], [[[-85.57094047830788, 23.38805970149255], [-85.57094047830788, 23.433015644668238], [-85.61589642148357, 23.433015644668238], [-85.61589642148357, 23.477971587843925], [-85.66085236465926, 23.477971587843925], [-85.66085236465926, 23.522927531019615], [-85.70580830783496, 23.522927531019615], [-85.70580830783496, 23.567883474195302], [-85.75076425101065, 23.567883474195302], [-85.75076425101065, 23.61283941737099], [-85.79572019418634, 23.61283941737099], [-85.84067613736204, 23.61283941737099], [-85.84067613736204, 23.65779536054668], [-85.88563208053773, 23.65779536054668], [-85.93058802371343, 23.65779536054668], [-85.93058802371343, 23.702751303722366], [-85.97554396688912, 23.702751303722366], [-86.02049991006481, 23.702751303722366], [-86.02049991006481, 23.747707246898052], [-86.06545585324051, 23.747707246898052], [-86.1553677395919, 23.747707246898052], [-86.1553677395919, 23.79266319007374], [-86.20032368276759, 23.79266319007374], [-86.38014745547036, 23.79266319007374], [-86.38014745547036, 23.83761913324943], [-86.42510339864606, 23.83761913324943], [-86.51501528499745, 23.83761913324943], [-86.51501528499745, 23.882575076425116], [-86.55997122817314, 23.882575076425116], [-86.55997122817314, 23.927531019600803], [-86.60492717134883, 23.927531019600803], [-86.64988311452453, 23.927531019600803], [-86.64988311452453, 23.972486962776493], [-86.69483905770022, 23.972486962776493], [-86.69483905770022, 24.01744290595218], [-86.73979500087592, 24.01744290595218], [-86.73979500087592, 24.062398849127867], [-86.78475094405161, 24.062398849127867], [-86.78475094405161, 24.107354792303557], [-86.8297068872273, 24.107354792303557], [-86.8297068872273, 24.152310735479244], [-86.874662830403, 24.152310735479244], [-86.874662830403, 24.19726667865493], [-86.91961877357869, 24.19726667865493], [-86.96457471675438, 24.19726667865493], [-86.96457471675438, 24.24222262183062], [-87.00953065993008, 24.24222262183062], [-87.05448660310577, 24.24222262183062], [-87.05448660310577, 24.287178565006307], [-87.09944254628147, 24.287178565006307], [-87.09944254628147, 24.332134508181994], [-87.14439848945716, 24.332134508181994], [-87.18935443263285, 24.332134508181994], [-87.18935443263285, 24.37709045135768], [-87.23431037580855, 24.37709045135768], [-87.27926631898424, 24.37709045135768], [-87.27926631898424, 24.42204639453337], [-87.32422226215994, 24.42204639453337], [-87.32422226215994, 24.467002337709058], [-87.36917820533563, 24.467002337709058], [-87.41413414851132, 24.467002337709058], [-87.41413414851132, 24.511958280884745], [-87.45909009168702, 24.511958280884745], [-87.45909009168702, 24.556914224060435], [-87.50404603486271, 24.556914224060435], [-87.50404603486271, 24.60187016723612], [-87.5490019780384, 24.60187016723612], [-87.5939579212141, 24.60187016723612], [-87.5939579212141, 24.64682611041181], [-87.63891386438979, 24.64682611041181], [-87.63891386438979, 24.6917820535875], [-87.68386980756549, 24.6917820535875], [-87.72882575074118, 24.6917820535875], [-87.72882575074118, 24.736737996763186], [-87.77378169391687, 24.736737996763186], [-87.77378169391687, 24.781693939938872], [-87.81873763709257, 24.781693939938872], [-87.86369358026826, 24.781693939938872], [-87.86369358026826, 24.826649883114563], [-87.90864952344396, 24.826649883114563], [-87.95360546661965, 24.826649883114563], [-87.95360546661965, 24.87160582629025], [-87.99856140979534, 24.87160582629025], [-88.04351735297104, 24.87160582629025], [-88.04351735297104, 24.916561769465936], [-88.08847329614673, 24.916561769465936], [-88.13342923932242, 24.916561769465936], [-88.13342923932242, 24.961517712641626], [-88.17838518249812, 24.961517712641626], [-88.17838518249812, 25.006473655817313], [-88.22334112567381, 25.006473655817313], [-88.22334112567381, 25.051429598993], [-88.2682970688495, 25.051429598993], [-88.2682970688495, 25.09638554216869], [-88.3132530120252, 25.09638554216869], [-88.3582089552009, 25.09638554216869], [-88.3582089552009, 25.141341485344377], [-88.40316489837659, 25.141341485344377], [-88.40316489837659, 25.186297428520064], [-88.44812084155228, 25.186297428520064], [-88.49307678472798, 25.186297428520064], [-88.49307678472798, 25.23125337169575], [-88.53803272790367, 25.23125337169575], [-88.58298867107936, 25.23125337169575], [-88.58298867107936, 25.27620931487144], [-88.62794461425506, 25.27620931487144], [-88.62794461425506, 25.321165258047127], [-88.67290055743075, 25.321165258047127], [-88.71785650060644, 25.321165258047127], [-88.71785650060644, 25.366121201222814], [-88.76281244378214, 25.366121201222814], [-88.80776838695783, 25.366121201222814], [-88.80776838695783, 25.411077144398504], [-88.85272433013353, 25.411077144398504], [-88.89768027330922, 25.411077144398504], [-88.89768027330922, 25.45603308757419], [-88.94263621648491, 25.45603308757419], [-88.94263621648491, 25.500989030749878], [-88.98759215966061, 25.500989030749878], [-89.0325481028363, 25.500989030749878], [-89.0325481028363, 25.545944973925568], [-89.077504046012, 25.545944973925568], [-89.077504046012, 25.590900917101255], [-89.12245998918769, 25.590900917101255], [-89.12245998918769, 25.63585686027694], [-89.16741593236338, 25.63585686027694], [-89.16741593236338, 25.680812803452632], [-89.21237187553908, 25.680812803452632], [-89.25732781871477, 25.680812803452632], [-89.25732781871477, 25.72576874662832], [-89.30228376189046, 25.72576874662832], [-89.30228376189046, 25.770724689804005], [-89.34723970506616, 25.770724689804005], [-89.39219564824185, 25.770724689804005], [-89.39219564824185, 25.815680632979692], [-89.43715159141755, 25.815680632979692], [-89.43715159141755, 25.860636576155382], [-89.48210753459324, 25.860636576155382], [-89.52706347776893, 25.860636576155382], [-89.52706347776893, 25.90559251933107], [-89.57201942094463, 25.90559251933107], [-89.57201942094463, 25.950548462506756], [-89.61697536412032, 25.950548462506756], [-89.66193130729602, 25.950548462506756], [-89.66193130729602, 25.995504405682446], [-89.70688725047171, 25.995504405682446], [-89.70688725047171, 26.040460348858133], [-89.7518431936474, 26.040460348858133], [-89.7518431936474, 26.08541629203382], [-89.7967991368231, 26.08541629203382], [-89.7967991368231, 26.13037223520951], [-89.84175507999879, 26.13037223520951], [-89.84175507999879, 26.175328178385197], [-89.88671102317448, 26.175328178385197], [-89.93166696635018, 26.175328178385197], [-89.93166696635018, 26.220284121560884], [-89.97662290952587, 26.220284121560884], [-89.97662290952587, 26.265240064736574], [-90.02157885270157, 26.265240064736574], [-90.02157885270157, 26.31019600791226], [-90.06653479587726, 26.31019600791226], [-90.11149073905295, 26.31019600791226], [-90.11149073905295, 26.355151951087947], [-90.15644668222865, 26.355151951087947], [-90.15644668222865, 26.400107894263638], [-90.20140262540434, 26.400107894263638], [-90.24635856858004, 26.400107894263638], [-90.24635856858004, 26.445063837439324], [-90.29131451175573, 26.445063837439324], [-90.29131451175573, 26.49001978061501], [-90.33627045493142, 26.49001978061501], [-90.33627045493142, 26.5349757237907], [-90.38122639810712, 26.5349757237907], [-90.42618234128281, 26.5349757237907], [-90.42618234128281, 26.579931666966388], [-90.4711382844585, 26.579931666966388], [-90.4711382844585, 26.624887610142075], [-90.5160942276342, 26.624887610142075], [-90.5160942276342, 26.66984355331776], [-90.56105017080989, 26.66984355331776], [-90.56105017080989, 26.714799496493452], [-90.60600611398559, 26.714799496493452], [-90.65096205716128, 26.714799496493452], [-90.65096205716128, 26.75975543966914], [-90.69591800033697, 26.75975543966914], [-90.69591800033697, 26.804711382844825], [-90.74087394351267, 26.804711382844825], [-90.78582988668836, 26.804711382844825], [-90.78582988668836, 26.849667326020516], [-90.83078582986406, 26.849667326020516], [-90.83078582986406, 26.894623269196202], [-90.87574177303975, 26.894623269196202], [-90.92069771621544, 26.894623269196202], [-90.92069771621544, 26.93957921237189], [-90.96565365939114, 26.93957921237189], [-90.96565365939114, 26.98453515554758], [-91.01060960256683, 26.98453515554758], [-91.05556554574252, 26.98453515554758], [-91.05556554574252, 27.029491098723266], [-91.10052148891822, 27.029491098723266], [-91.10052148891822, 27.074447041898953], [-91.14547743209391, 27.074447041898953], [-91.14547743209391, 27.119402985074643], [-91.1904333752696, 27.119402985074643], [-91.1904333752696, 27.16435892825033], [-91.2353893184453, 27.16435892825033], [-91.2353893184453, 27.209314871426017], [-91.280345261621, 27.209314871426017], [-91.280345261621, 27.254270814601703], [-91.32530120479669, 27.254270814601703], [-91.37025714797238, 27.254270814601703], [-91.37025714797238, 27.299226757777394], [-91.41521309114808, 27.299226757777394], [-91.41521309114808, 27.34418270095308], [-91.46016903432377, 27.34418270095308], [-91.46016903432377, 27.389138644128767], [-91.50512497749946, 27.389138644128767], [-91.55008092067516, 27.389138644128767], [-91.55008092067516, 27.434094587304457], [-91.59503686385085, 27.434094587304457], [-91.59503686385085, 27.479050530480144], [-91.63999280702654, 27.479050530480144], [-91.63999280702654, 27.52400647365583], [-91.68494875020224, 27.52400647365583], [-91.68494875020224, 27.56896241683152], [-91.72990469337793, 27.56896241683152], [-91.72990469337793, 27.613918360007208], [-91.77486063655363, 27.613918360007208], [-91.77486063655363, 27.658874303182895], [-91.81981657972932, 27.658874303182895], [-91.81981657972932, 27.703830246358585], [-91.86477252290501, 27.703830246358585], [-91.86477252290501, 27.79374213270996], [-91.90972846608071, 27.79374213270996], [-91.9546844092564, 27.79374213270996], [-91.9546844092564, 27.83869807588565], [-91.9996403524321, 27.83869807588565], [-91.9996403524321, 27.928609962237022], [-92.04459629560779, 27.928609962237022], [-92.04459629560779, 27.973565905412713], [-92.08955223878348, 27.973565905412713], [-92.08955223878348, 28.0185218485884], [-92.13450818195918, 28.0185218485884], [-92.13450818195918, 28.063477791764086], [-92.17946412513487, 28.063477791764086], [-92.17946412513487, 28.108433734939773], [-92.22442006831056, 28.108433734939773], [-92.22442006831056, 28.19834562129115], [-92.26937601148626, 28.19834562129115], [-92.26937601148626, 28.243301564466837], [-92.31433195466195, 28.243301564466837], [-92.31433195466195, 28.288257507642527], [-92.35928789783765, 28.288257507642527], [-92.35928789783765, 28.333213450818214], [-92.40424384101334, 28.333213450818214], [-92.40424384101334, 28.3781693939939], [-92.44919978418903, 28.3781693939939], [-92.44919978418903, 28.468081280345277], [-92.49415572736473, 28.468081280345277], [-92.49415572736473, 28.513037223520964], [-92.53911167054042, 28.513037223520964], [-92.53911167054042, 28.557993166696654], [-92.58406761371612, 28.557993166696654], [-92.58406761371612, 28.647905053048028], [-92.62902355689181, 28.647905053048028], [-92.62902355689181, 28.692860996223715], [-92.6739795000675, 28.692860996223715], [-92.6739795000675, 28.78277288257509], [-92.7189354432432, 28.78277288257509], [-92.7189354432432, 28.87268476892647], [-92.76389138641889, 28.87268476892647], [-92.76389138641889, 28.917640712102155], [-92.80884732959458, 28.917640712102155], [-92.80884732959458, 29.007552598453533], [-92.85380327277028, 29.007552598453533], [-92.85380327277028, 29.097464484804906], [-92.89875921594597, 29.097464484804906], [-92.89875921594597, 29.187376371156283], [-92.94371515912167, 29.187376371156283], [-92.94371515912167, 29.27728825750766], [-92.98867110229736, 29.27728825750766], [-92.98867110229736, 29.367200143859034], [-93.03362704547305, 29.367200143859034], [-93.03362704547305, 29.502067973386097], [-93.07858298864875, 29.502067973386097], [-93.07858298864875, 29.861715518791602], [-93.12353893182444, 29.861715518791602], [-93.12353893182444, 30.401186836899853], [-93.07858298864875, 30.401186836899853], [-93.07858298864875, 30.67092249595398], [-93.03362704547305, 30.67092249595398], [-93.03362704547305, 30.805790325481045], [-92.98867110229736, 30.805790325481045], [-92.98867110229736, 30.94065815500811], [-92.94371515912167, 30.94065815500811], [-92.94371515912167, 31.075525984535172], [-92.89875921594597, 31.075525984535172], [-92.89875921594597, 31.16543787088655], [-92.85380327277028, 31.16543787088655], [-92.85380327277028, 31.255349757237923], [-92.80884732959458, 31.255349757237923], [-92.80884732959458, 31.3452616435893], [-92.76389138641889, 31.3452616435893], [-92.76389138641889, 31.435173529940677], [-92.7189354432432, 31.435173529940677], [-92.7189354432432, 31.480129473116364], [-92.6739795000675, 31.480129473116364], [-92.6739795000675, 31.570041359467737], [-92.62902355689181, 31.570041359467737], [-92.62902355689181, 31.614997302643427], [-92.58406761371612, 31.614997302643427], [-92.58406761371612, 31.659953245819114], [-92.53911167054042, 31.659953245819114], [-92.53911167054042, 31.7049091889948], [-92.49415572736473, 31.7049091889948], [-92.49415572736473, 31.74986513217049], [-92.44919978418903, 31.74986513217049], [-92.44919978418903, 31.794821075346178], [-92.40424384101334, 31.794821075346178], [-92.40424384101334, 31.839777018521865], [-92.35928789783765, 31.839777018521865], [-92.35928789783765, 31.884732961697555], [-92.26937601148626, 31.884732961697555], [-92.26937601148626, 31.92968890487324], [-92.22442006831056, 31.92968890487324], [-92.22442006831056, 31.97464484804893], [-92.17946412513487, 31.97464484804893], [-92.17946412513487, 32.01960079122462], [-92.13450818195918, 32.01960079122462], [-92.13450818195918, 32.064556734400306], [-92.04459629560779, 32.064556734400306], [-92.04459629560779, 32.10951267757599], [-91.9996403524321, 32.10951267757599], [-91.9996403524321, 32.154468620751686], [-91.90972846608071, 32.154468620751686], [-91.90972846608071, 32.199424563927366], [-91.81981657972932, 32.199424563927366], [-91.81981657972932, 32.24438050710306], [-91.68494875020224, 32.24438050710306], [-91.68494875020224, 32.289336450278746], [-91.59503686385085, 32.289336450278746], [-91.59503686385085, 32.33429239345443], [-91.50512497749946, 32.33429239345443], [-91.50512497749946, 32.37924833663012], [-91.41521309114808, 32.37924833663012], [-91.41521309114808, 32.33429239345443], [-90.96565365939114, 32.33429239345443], [-90.92069771621544, 32.33429239345443], [-90.92069771621544, 32.289336450278746], [-90.83078582986406, 32.289336450278746], [-90.78582988668836, 32.289336450278746], [-90.78582988668836, 32.24438050710306], [-90.69591800033697, 32.24438050710306], [-90.65096205716128, 32.24438050710306], [-90.65096205716128, 32.199424563927366], [-90.56105017080989, 32.199424563927366], [-90.5160942276342, 32.199424563927366], [-90.5160942276342, 32.154468620751686], [-90.4711382844585, 32.154468620751686], [-90.42618234128281, 32.154468620751686], [-90.42618234128281, 32.10951267757599], [-90.38122639810712, 32.10951267757599], [-90.38122639810712, 32.064556734400306], [-90.33627045493142, 32.064556734400306], [-90.29131451175573, 32.064556734400306], [-90.29131451175573, 32.01960079122462], [-90.24635856858004, 32.01960079122462], [-90.24635856858004, 31.97464484804893], [-90.20140262540434, 31.97464484804893], [-90.15644668222865, 31.97464484804893], [-90.15644668222865, 31.92968890487324], [-90.11149073905295, 31.92968890487324], [-90.11149073905295, 31.884732961697555], [-90.06653479587726, 31.884732961697555], [-90.06653479587726, 31.839777018521865], [-90.02157885270157, 31.839777018521865], [-90.02157885270157, 31.794821075346178], [-89.97662290952587, 31.794821075346178], [-89.93166696635018, 31.794821075346178], [-89.93166696635018, 31.74986513217049], [-89.88671102317448, 31.74986513217049], [-89.88671102317448, 31.7049091889948], [-89.84175507999879, 31.7049091889948], [-89.84175507999879, 31.659953245819114], [-89.7967991368231, 31.659953245819114], [-89.7967991368231, 31.614997302643427], [-89.7518431936474, 31.614997302643427], [-89.7518431936474, 31.570041359467737], [-89.70688725047171, 31.570041359467737], [-89.70688725047171, 31.52508541629205], [-89.66193130729602, 31.52508541629205], [-89.66193130729602, 31.480129473116364], [-89.61697536412032, 31.480129473116364], [-89.61697536412032, 31.390217586764987], [-89.57201942094463, 31.390217586764987], [-89.57201942094463, 31.3452616435893], [-89.52706347776893, 31.3452616435893], [-89.52706347776893, 31.300305700413613], [-89.48210753459324, 31.300305700413613], [-89.48210753459324, 31.255349757237923], [-89.43715159141755, 31.255349757237923], [-89.43715159141755, 31.16543787088655], [-89.39219564824185, 31.16543787088655], [-89.39219564824185, 31.12048192771086], [-89.34723970506616, 31.12048192771086], [-89.34723970506616, 31.030570041359486], [-89.30228376189046, 31.030570041359486], [-89.30228376189046, 30.94065815500811], [-89.25732781871477, 30.94065815500811], [-89.25732781871477, 30.850746268656735], [-89.21237187553908, 30.850746268656735], [-89.21237187553908, 30.760834382305358], [-89.16741593236338, 30.760834382305358], [-89.16741593236338, 30.67092249595398], [-89.12245998918769, 30.67092249595398], [-89.12245998918769, 30.625966552778294], [-89.077504046012, 30.625966552778294], [-89.077504046012, 30.581010609602608], [-89.0325481028363, 30.581010609602608], [-89.0325481028363, 30.536054666426917], [-88.98759215966061, 30.536054666426917], [-88.98759215966061, 30.49109872325123], [-88.94263621648491, 30.49109872325123], [-88.94263621648491, 30.446142780075544], [-88.89768027330922, 30.446142780075544], [-88.89768027330922, 30.401186836899853], [-88.85272433013353, 30.401186836899853], [-88.85272433013353, 30.356230893724167], [-88.80776838695783, 30.356230893724167], [-88.80776838695783, 30.31127495054848], [-88.76281244378214, 30.31127495054848], [-88.76281244378214, 30.26631900737279], [-88.71785650060644, 30.26631900737279], [-88.67290055743075, 30.26631900737279], [-88.67290055743075, 30.221363064197103], [-88.62794461425506, 30.221363064197103], [-88.62794461425506, 30.176407121021416], [-88.58298867107936, 30.176407121021416], [-88.58298867107936, 30.131451177845726], [-88.53803272790367, 30.131451177845726], [-88.53803272790367, 30.08649523467004], [-88.49307678472798, 30.08649523467004], [-88.49307678472798, 30.041539291494352], [-88.44812084155228, 30.041539291494352], [-88.44812084155228, 29.951627405142975], [-88.40316489837659, 29.951627405142975], [-88.40316489837659, 29.90667146196729], [-88.3582089552009, 29.90667146196729], [-88.3582089552009, 29.81675957561591], [-88.3132530120252, 29.81675957561591], [-88.3132530120252, 29.771803632440225], [-88.2682970688495, 29.771803632440225], [-88.2682970688495, 29.726847689264538], [-88.22334112567381, 29.726847689264538], [-88.22334112567381, 29.63693580291316], [-88.17838518249812, 29.63693580291316], [-88.17838518249812, 29.591979859737474], [-88.13342923932242, 29.591979859737474], [-88.13342923932242, 29.547023916561784], [-88.08847329614673, 29.547023916561784], [-88.08847329614673, 29.45711203021041], [-88.04351735297104, 29.45711203021041], [-88.04351735297104, 29.412156087034724], [-87.99856140979534, 29.412156087034724], [-87.99856140979534, 29.367200143859034], [-87.95360546661965, 29.367200143859034], [-87.95360546661965, 29.322244200683347], [-87.90864952344396, 29.322244200683347], [-87.90864952344396, 29.27728825750766], [-87.86369358026826, 29.27728825750766], [-87.86369358026826, 29.187376371156283], [-87.81873763709257, 29.187376371156283], [-87.81873763709257, 29.142420427980596], [-87.77378169391687, 29.142420427980596], [-87.77378169391687, 29.097464484804906], [-87.72882575074118, 29.097464484804906], [-87.72882575074118, 29.05250854162922], [-87.68386980756549, 29.05250854162922], [-87.68386980756549, 28.962596655277842], [-87.63891386438979, 28.962596655277842], [-87.63891386438979, 28.917640712102155], [-87.5939579212141, 28.917640712102155], [-87.5939579212141, 28.87268476892647], [-87.5490019780384, 28.87268476892647], [-87.5490019780384, 28.82772882575078], [-87.50404603486271, 28.82772882575078], [-87.50404603486271, 28.78277288257509], [-87.45909009168702, 28.78277288257509], [-87.45909009168702, 28.737816939399405], [-87.41413414851132, 28.737816939399405], [-87.41413414851132, 28.692860996223715], [-87.36917820533563, 28.692860996223715], [-87.36917820533563, 28.647905053048028], [-87.32422226215994, 28.647905053048028], [-87.32422226215994, 28.60294910987234], [-87.27926631898424, 28.60294910987234], [-87.27926631898424, 28.557993166696654], [-87.23431037580855, 28.557993166696654], [-87.23431037580855, 28.513037223520964], [-87.18935443263285, 28.513037223520964], [-87.18935443263285, 28.468081280345277], [-87.14439848945716, 28.468081280345277], [-87.14439848945716, 28.42312533716959], [-87.09944254628147, 28.42312533716959], [-87.09944254628147, 28.3781693939939], [-87.05448660310577, 28.3781693939939], [-87.05448660310577, 28.333213450818214], [-87.00953065993008, 28.333213450818214], [-87.00953065993008, 28.288257507642527], [-86.96457471675438, 28.288257507642527], [-86.96457471675438, 28.243301564466837], [-86.91961877357869, 28.243301564466837], [-86.91961877357869, 28.19834562129115], [-86.874662830403, 28.19834562129115], [-86.874662830403, 28.153389678115463], [-86.8297068872273, 28.153389678115463], [-86.8297068872273, 28.063477791764086], [-86.78475094405161, 28.063477791764086], [-86.78475094405161, 28.0185218485884], [-86.73979500087592, 28.0185218485884], [-86.73979500087592, 27.973565905412713], [-86.69483905770022, 27.973565905412713], [-86.69483905770022, 27.928609962237022], [-86.64988311452453, 27.928609962237022], [-86.64988311452453, 27.883654019061336], [-86.60492717134883, 27.883654019061336], [-86.60492717134883, 27.83869807588565], [-86.55997122817314, 27.83869807588565], [-86.55997122817314, 27.79374213270996], [-86.51501528499745, 27.79374213270996], [-86.51501528499745, 27.748786189534272], [-86.47005934182175, 27.748786189534272], [-86.47005934182175, 27.658874303182895], [-86.42510339864606, 27.658874303182895], [-86.42510339864606, 27.613918360007208], [-86.38014745547036, 27.613918360007208], [-86.38014745547036, 27.56896241683152], [-86.33519151229467, 27.56896241683152], [-86.33519151229467, 27.479050530480144], [-86.29023556911898, 27.479050530480144], [-86.29023556911898, 27.434094587304457], [-86.24527962594328, 27.434094587304457], [-86.24527962594328, 27.389138644128767], [-86.20032368276759, 27.389138644128767], [-86.20032368276759, 27.299226757777394], [-86.1553677395919, 27.299226757777394], [-86.1553677395919, 27.254270814601703], [-86.1104117964162, 27.254270814601703], [-86.1104117964162, 27.209314871426017], [-86.06545585324051, 27.209314871426017], [-86.06545585324051, 27.16435892825033], [-86.02049991006481, 27.16435892825033], [-85.97554396688912, 27.16435892825033], [-85.97554396688912, 27.074447041898953], [-85.93058802371343, 27.074447041898953], [-85.93058802371343, 27.029491098723266], [-85.88563208053773, 27.029491098723266], [-85.88563208053773, 26.98453515554758], [-85.84067613736204, 26.98453515554758], [-85.84067613736204, 26.93957921237189], [-85.79572019418634, 26.93957921237189], [-85.79572019418634, 26.849667326020516], [-85.75076425101065, 26.849667326020516], [-85.75076425101065, 26.804711382844825], [-85.70580830783496, 26.804711382844825], [-85.70580830783496, 26.75975543966914], [-85.66085236465926, 26.75975543966914], [-85.66085236465926, 26.714799496493452], [-85.61589642148357, 26.714799496493452], [-85.61589642148357, 26.66984355331776], [-85.57094047830788, 26.66984355331776], [-85.57094047830788, 26.624887610142075], [-85.52598453513218, 26.624887610142075], [-85.52598453513218, 26.579931666966388], [-85.48102859195649, 26.579931666966388], [-85.4360726487808, 26.579931666966388], [-85.4360726487808, 26.49001978061501], [-85.3911167056051, 26.49001978061501], [-85.3911167056051, 26.445063837439324], [-85.3461607624294, 26.445063837439324], [-85.3461607624294, 26.400107894263638], [-85.30120481925371, 26.400107894263638], [-85.30120481925371, 26.355151951087947], [-85.25624887607802, 26.355151951087947], [-85.25624887607802, 26.31019600791226], [-85.21129293290232, 26.31019600791226], [-85.21129293290232, 26.265240064736574], [-85.16633698972663, 26.265240064736574], [-85.16633698972663, 26.220284121560884], [-85.12138104655094, 26.220284121560884], [-85.12138104655094, 26.175328178385197], [-85.07642510337524, 26.175328178385197], [-85.07642510337524, 26.13037223520951], [-85.03146916019955, 26.13037223520951], [-84.98651321702386, 26.13037223520951], [-84.98651321702386, 26.08541629203382], [-84.94155727384816, 26.08541629203382], [-84.94155727384816, 26.040460348858133], [-84.89660133067247, 26.040460348858133], [-84.89660133067247, 25.995504405682446], [-84.85164538749677, 25.995504405682446], [-84.85164538749677, 25.950548462506756], [-84.80668944432108, 25.950548462506756], [-84.80668944432108, 25.90559251933107], [-84.76173350114539, 25.90559251933107], [-84.76173350114539, 25.860636576155382], [-84.71677755796969, 25.860636576155382], [-84.671821614794, 25.860636576155382], [-84.671821614794, 25.815680632979692], [-84.6268656716183, 25.815680632979692], [-84.6268656716183, 25.770724689804005], [-84.58190972844261, 25.770724689804005], [-84.53695378526692, 25.770724689804005], [-84.53695378526692, 25.72576874662832], [-84.49199784209122, 25.72576874662832], [-84.49199784209122, 25.680812803452632], [-84.44704189891553, 25.680812803452632], [-84.40208595573984, 25.680812803452632], [-84.40208595573984, 25.63585686027694], [-84.35713001256414, 25.63585686027694], [-84.35713001256414, 25.545944973925568], [-84.40208595573984, 25.545944973925568], [-84.40208595573984, 25.590900917101255], [-84.44704189891553, 25.590900917101255], [-84.44704189891553, 25.63585686027694], [-84.49199784209122, 25.63585686027694], [-84.53695378526692, 25.63585686027694], [-84.53695378526692, 25.680812803452632], [-84.58190972844261, 25.680812803452632], [-84.6268656716183, 25.680812803452632], [-84.6268656716183, 25.72576874662832], [-84.671821614794, 25.72576874662832], [-84.76173350114539, 25.72576874662832], [-84.76173350114539, 25.770724689804005], [-84.80668944432108, 25.770724689804005], [-84.80668944432108, 25.815680632979692], [-84.85164538749677, 25.815680632979692], [-84.89660133067247, 25.815680632979692], [-84.89660133067247, 25.860636576155382], [-84.94155727384816, 25.860636576155382], [-84.94155727384816, 25.90559251933107], [-84.98651321702386, 25.90559251933107], [-84.98651321702386, 25.995504405682446], [-85.03146916019955, 25.995504405682446], [-85.03146916019955, 26.040460348858133], [-85.07642510337524, 26.040460348858133], [-85.12138104655094, 26.040460348858133], [-85.12138104655094, 26.08541629203382], [-85.16633698972663, 26.08541629203382], [-85.16633698972663, 26.13037223520951], [-85.21129293290232, 26.13037223520951], [-85.25624887607802, 26.13037223520951], [-85.25624887607802, 26.175328178385197], [-85.30120481925371, 26.175328178385197], [-85.30120481925371, 26.220284121560884], [-85.3461607624294, 26.220284121560884], [-85.3461607624294, 26.265240064736574], [-85.3911167056051, 26.265240064736574], [-85.3911167056051, 26.31019600791226], [-85.4360726487808, 26.31019600791226], [-85.4360726487808, 26.400107894263638], [-85.48102859195649, 26.400107894263638], [-85.48102859195649, 26.445063837439324], [-85.52598453513218, 26.445063837439324], [-85.52598453513218, 26.49001978061501], [-85.57094047830788, 26.49001978061501], [-85.57094047830788, 26.5349757237907], [-85.61589642148357, 26.5349757237907], [-85.66085236465926, 26.5349757237907], [-85.66085236465926, 26.579931666966388], [-85.70580830783496, 26.579931666966388], [-85.70580830783496, 26.624887610142075], [-85.75076425101065, 26.624887610142075], [-85.75076425101065, 26.66984355331776], [-85.79572019418634, 26.66984355331776], [-85.79572019418634, 26.714799496493452], [-85.84067613736204, 26.714799496493452], [-85.84067613736204, 26.75975543966914], [-85.88563208053773, 26.75975543966914], [-85.88563208053773, 26.804711382844825], [-85.93058802371343, 26.804711382844825], [-85.93058802371343, 26.849667326020516], [-85.97554396688912, 26.849667326020516], [-85.97554396688912, 26.93957921237189], [-86.02049991006481, 26.93957921237189], [-86.06545585324051, 26.93957921237189], [-86.06545585324051, 26.98453515554758], [-86.1104117964162, 26.98453515554758], [-86.1104117964162, 27.029491098723266], [-86.1553677395919, 27.029491098723266], [-86.1553677395919, 27.074447041898953], [-86.20032368276759, 27.074447041898953], [-86.20032368276759, 27.119402985074643], [-86.24527962594328, 27.119402985074643], [-86.24527962594328, 27.16435892825033], [-86.29023556911898, 27.16435892825033], [-86.29023556911898, 27.209314871426017], [-86.33519151229467, 27.209314871426017], [-86.33519151229467, 27.254270814601703], [-86.38014745547036, 27.254270814601703], [-86.38014745547036, 27.299226757777394], [-86.42510339864606, 27.299226757777394], [-86.42510339864606, 27.389138644128767], [-86.47005934182175, 27.389138644128767], [-86.47005934182175, 27.434094587304457], [-86.51501528499745, 27.434094587304457], [-86.51501528499745, 27.479050530480144], [-86.55997122817314, 27.479050530480144], [-86.55997122817314, 27.52400647365583], [-86.60492717134883, 27.52400647365583], [-86.60492717134883, 27.56896241683152], [-86.64988311452453, 27.56896241683152], [-86.64988311452453, 27.613918360007208], [-86.69483905770022, 27.613918360007208], [-86.69483905770022, 27.658874303182895], [-86.73979500087592, 27.658874303182895], [-86.73979500087592, 27.703830246358585], [-86.78475094405161, 27.703830246358585], [-86.78475094405161, 27.748786189534272], [-86.8297068872273, 27.748786189534272], [-86.8297068872273, 27.79374213270996], [-86.874662830403, 27.79374213270996], [-86.874662830403, 27.883654019061336], [-86.91961877357869, 27.883654019061336], [-86.91961877357869, 27.928609962237022], [-86.96457471675438, 27.928609962237022], [-86.96457471675438, 28.0185218485884], [-87.00953065993008, 28.0185218485884], [-87.00953065993008, 28.063477791764086], [-87.05448660310577, 28.063477791764086], [-87.09944254628147, 28.063477791764086], [-87.09944254628147, 28.108433734939773], [-87.14439848945716, 28.108433734939773], [-87.14439848945716, 28.153389678115463], [-87.18935443263285, 28.153389678115463], [-87.18935443263285, 28.19834562129115], [-87.23431037580855, 28.19834562129115], [-87.23431037580855, 28.243301564466837], [-87.27926631898424, 28.243301564466837], [-87.27926631898424, 28.288257507642527], [-87.32422226215994, 28.288257507642527], [-87.32422226215994, 28.333213450818214], [-87.36917820533563, 28.333213450818214], [-87.36917820533563, 28.3781693939939], [-87.41413414851132, 28.3781693939939], [-87.41413414851132, 28.42312533716959], [-87.45909009168702, 28.42312533716959], [-87.45909009168702, 28.513037223520964], [-87.50404603486271, 28.513037223520964], [-87.5490019780384, 28.513037223520964], [-87.5490019780384, 28.557993166696654], [-87.5939579212141, 28.557993166696654], [-87.5939579212141, 28.60294910987234], [-87.63891386438979, 28.60294910987234], [-87.63891386438979, 28.647905053048028], [-87.68386980756549, 28.647905053048028], [-87.68386980756549, 28.692860996223715], [-87.72882575074118, 28.692860996223715], [-87.77378169391687, 28.692860996223715], [-87.77378169391687, 28.737816939399405], [-87.81873763709257, 28.737816939399405], [-87.81873763709257, 28.82772882575078], [-87.86369358026826, 28.82772882575078], [-87.86369358026826, 28.87268476892647], [-87.90864952344396, 28.87268476892647], [-87.90864952344396, 28.917640712102155], [-87.95360546661965, 28.917640712102155], [-87.95360546661965, 29.007552598453533], [-87.99856140979534, 29.007552598453533], [-87.99856140979534, 29.05250854162922], [-88.04351735297104, 29.05250854162922], [-88.08847329614673, 29.05250854162922], [-88.08847329614673, 29.097464484804906], [-88.13342923932242, 29.097464484804906], [-88.13342923932242, 29.142420427980596], [-88.17838518249812, 29.142420427980596], [-88.17838518249812, 29.187376371156283], [-88.22334112567381, 29.187376371156283], [-88.22334112567381, 29.27728825750766], [-88.2682970688495, 29.27728825750766], [-88.2682970688495, 29.322244200683347], [-88.3132530120252, 29.322244200683347], [-88.3132530120252, 29.367200143859034], [-88.3582089552009, 29.367200143859034], [-88.3582089552009, 29.45711203021041], [-88.40316489837659, 29.45711203021041], [-88.40316489837659, 29.502067973386097], [-88.44812084155228, 29.502067973386097], [-88.44812084155228, 29.591979859737474], [-88.49307678472798, 29.591979859737474], [-88.49307678472798, 29.63693580291316], [-88.53803272790367, 29.63693580291316], [-88.53803272790367, 29.681891746088848], [-88.58298867107936, 29.681891746088848], [-88.58298867107936, 29.726847689264538], [-88.62794461425506, 29.726847689264538], [-88.62794461425506, 29.771803632440225], [-88.67290055743075, 29.771803632440225], [-88.67290055743075, 29.81675957561591], [-88.71785650060644, 29.81675957561591], [-88.71785650060644, 29.90667146196729], [-88.76281244378214, 29.90667146196729], [-88.76281244378214, 29.951627405142975], [-88.80776838695783, 29.951627405142975], [-88.80776838695783, 30.041539291494352], [-88.85272433013353, 30.041539291494352], [-88.85272433013353, 30.08649523467004], [-88.89768027330922, 30.08649523467004], [-88.94263621648491, 30.08649523467004], [-88.94263621648491, 30.131451177845726], [-88.98759215966061, 30.131451177845726], [-88.98759215966061, 30.176407121021416], [-89.0325481028363, 30.176407121021416], [-89.12245998918769, 30.176407121021416], [-89.12245998918769, 30.221363064197103], [-89.16741593236338, 30.221363064197103], [-89.21237187553908, 30.221363064197103], [-89.21237187553908, 30.26631900737279], [-89.25732781871477, 30.26631900737279], [-89.25732781871477, 30.31127495054848], [-89.30228376189046, 30.31127495054848], [-89.30228376189046, 30.356230893724167], [-89.34723970506616, 30.356230893724167], [-89.34723970506616, 30.401186836899853], [-89.39219564824185, 30.401186836899853], [-89.39219564824185, 30.49109872325123], [-89.43715159141755, 30.49109872325123], [-89.43715159141755, 30.581010609602608], [-89.48210753459324, 30.581010609602608], [-89.48210753459324, 30.625966552778294], [-89.52706347776893, 30.625966552778294], [-89.52706347776893, 30.71587843912967], [-89.57201942094463, 30.71587843912967], [-89.57201942094463, 30.760834382305358], [-89.61697536412032, 30.760834382305358], [-89.61697536412032, 30.850746268656735], [-89.66193130729602, 30.850746268656735], [-89.66193130729602, 30.895702211832422], [-89.70688725047171, 30.895702211832422], [-89.70688725047171, 30.985614098183795], [-89.7518431936474, 30.985614098183795], [-89.7518431936474, 31.030570041359486], [-89.7967991368231, 31.030570041359486], [-89.7967991368231, 31.075525984535172], [-89.84175507999879, 31.075525984535172], [-89.84175507999879, 31.12048192771086], [-89.88671102317448, 31.12048192771086], [-89.88671102317448, 31.210393814062236], [-89.93166696635018, 31.210393814062236], [-89.93166696635018, 31.255349757237923], [-89.97662290952587, 31.255349757237923], [-89.97662290952587, 31.300305700413613], [-90.02157885270157, 31.300305700413613], [-90.02157885270157, 31.3452616435893], [-90.06653479587726, 31.3452616435893], [-90.06653479587726, 31.390217586764987], [-90.11149073905295, 31.390217586764987], [-90.11149073905295, 31.435173529940677], [-90.15644668222865, 31.435173529940677], [-90.15644668222865, 31.480129473116364], [-90.20140262540434, 31.480129473116364], [-90.20140262540434, 31.52508541629205], [-90.24635856858004, 31.52508541629205], [-90.24635856858004, 31.570041359467737], [-90.29131451175573, 31.570041359467737], [-90.29131451175573, 31.614997302643427], [-90.33627045493142, 31.614997302643427], [-90.33627045493142, 31.659953245819114], [-90.38122639810712, 31.659953245819114], [-90.42618234128281, 31.659953245819114], [-90.42618234128281, 31.7049091889948], [-90.4711382844585, 31.7049091889948], [-90.4711382844585, 31.74986513217049], [-90.5160942276342, 31.74986513217049], [-90.60600611398559, 31.74986513217049], [-90.60600611398559, 31.794821075346178], [-90.65096205716128, 31.794821075346178], [-90.69591800033697, 31.794821075346178], [-90.69591800033697, 31.839777018521865], [-90.74087394351267, 31.839777018521865], [-90.83078582986406, 31.839777018521865], [-90.83078582986406, 31.884732961697555], [-90.87574177303975, 31.884732961697555], [-90.92069771621544, 31.884732961697555], [-90.92069771621544, 31.92968890487324], [-90.96565365939114, 31.92968890487324], [-91.1904333752696, 31.92968890487324], [-91.1904333752696, 31.97464484804893], [-91.50512497749946, 31.97464484804893], [-91.50512497749946, 31.92968890487324], [-91.59503686385085, 31.92968890487324], [-91.59503686385085, 31.884732961697555], [-91.68494875020224, 31.884732961697555], [-91.68494875020224, 31.839777018521865], [-91.77486063655363, 31.839777018521865], [-91.77486063655363, 31.794821075346178], [-91.86477252290501, 31.794821075346178], [-91.86477252290501, 31.74986513217049], [-91.9996403524321, 31.74986513217049], [-91.9996403524321, 31.7049091889948], [-92.04459629560779, 31.7049091889948], [-92.04459629560779, 31.659953245819114], [-92.08955223878348, 31.659953245819114], [-92.08955223878348, 31.614997302643427], [-92.13450818195918, 31.614997302643427], [-92.13450818195918, 31.570041359467737], [-92.17946412513487, 31.570041359467737], [-92.17946412513487, 31.52508541629205], [-92.26937601148626, 31.52508541629205], [-92.26937601148626, 31.435173529940677], [-92.31433195466195, 31.435173529940677], [-92.31433195466195, 31.390217586764987], [-92.35928789783765, 31.390217586764987], [-92.35928789783765, 31.3452616435893], [-92.40424384101334, 31.3452616435893], [-92.40424384101334, 31.300305700413613], [-92.44919978418903, 31.300305700413613], [-92.44919978418903, 31.255349757237923], [-92.49415572736473, 31.255349757237923], [-92.49415572736473, 31.16543787088655], [-92.53911167054042, 31.16543787088655], [-92.53911167054042, 31.12048192771086], [-92.58406761371612, 31.12048192771086], [-92.58406761371612, 31.030570041359486], [-92.62902355689181, 31.030570041359486], [-92.62902355689181, 30.850746268656735], [-92.6739795000675, 30.850746268656735], [-92.6739795000675, 30.67092249595398], [-92.7189354432432, 30.67092249595398], [-92.7189354432432, 30.536054666426917], [-92.76389138641889, 30.536054666426917], [-92.76389138641889, 30.176407121021416], [-92.80884732959458, 30.176407121021416], [-92.80884732959458, 29.81675957561591], [-92.76389138641889, 29.81675957561591], [-92.76389138641889, 29.502067973386097], [-92.7189354432432, 29.502067973386097], [-92.7189354432432, 29.367200143859034], [-92.6739795000675, 29.367200143859034], [-92.6739795000675, 29.27728825750766], [-92.62902355689181, 29.27728825750766], [-92.62902355689181, 29.142420427980596], [-92.58406761371612, 29.142420427980596], [-92.58406761371612, 29.007552598453533], [-92.53911167054042, 29.007552598453533], [-92.53911167054042, 28.917640712102155], [-92.49415572736473, 28.917640712102155], [-92.49415572736473, 28.87268476892647], [-92.44919978418903, 28.87268476892647], [-92.44919978418903, 28.82772882575078], [-92.40424384101334, 28.82772882575078], [-92.40424384101334, 28.737816939399405], [-92.35928789783765, 28.737816939399405], [-92.35928789783765, 28.692860996223715], [-92.31433195466195, 28.692860996223715], [-92.31433195466195, 28.60294910987234], [-92.26937601148626, 28.60294910987234], [-92.26937601148626, 28.557993166696654], [-92.22442006831056, 28.557993166696654], [-92.22442006831056, 28.468081280345277], [-92.17946412513487, 28.468081280345277], [-92.17946412513487, 28.42312533716959], [-92.13450818195918, 28.42312533716959], [-92.13450818195918, 28.3781693939939], [-92.08955223878348, 28.3781693939939], [-92.08955223878348, 28.288257507642527], [-92.04459629560779, 28.288257507642527], [-92.04459629560779, 28.243301564466837], [-91.9996403524321, 28.243301564466837], [-91.9996403524321, 28.19834562129115], [-91.9546844092564, 28.19834562129115], [-91.9546844092564, 28.153389678115463], [-91.90972846608071, 28.153389678115463], [-91.90972846608071, 28.108433734939773], [-91.86477252290501, 28.108433734939773], [-91.86477252290501, 28.0185218485884], [-91.81981657972932, 28.0185218485884], [-91.81981657972932, 27.973565905412713], [-91.77486063655363, 27.973565905412713], [-91.77486063655363, 27.928609962237022], [-91.72990469337793, 27.928609962237022], [-91.72990469337793, 27.883654019061336], [-91.68494875020224, 27.883654019061336], [-91.68494875020224, 27.83869807588565], [-91.63999280702654, 27.83869807588565], [-91.63999280702654, 27.79374213270996], [-91.59503686385085, 27.79374213270996], [-91.59503686385085, 27.748786189534272], [-91.55008092067516, 27.748786189534272], [-91.55008092067516, 27.703830246358585], [-91.50512497749946, 27.703830246358585], [-91.50512497749946, 27.658874303182895], [-91.46016903432377, 27.658874303182895], [-91.46016903432377, 27.613918360007208], [-91.41521309114808, 27.613918360007208], [-91.41521309114808, 27.56896241683152], [-91.37025714797238, 27.56896241683152], [-91.37025714797238, 27.52400647365583], [-91.32530120479669, 27.52400647365583], [-91.32530120479669, 27.479050530480144], [-91.280345261621, 27.479050530480144], [-91.280345261621, 27.434094587304457], [-91.2353893184453, 27.434094587304457], [-91.1904333752696, 27.434094587304457], [-91.1904333752696, 27.389138644128767], [-91.14547743209391, 27.389138644128767], [-91.14547743209391, 27.34418270095308], [-91.10052148891822, 27.34418270095308], [-91.10052148891822, 27.299226757777394], [-91.05556554574252, 27.299226757777394], [-91.05556554574252, 27.254270814601703], [-91.01060960256683, 27.254270814601703], [-91.01060960256683, 27.209314871426017], [-90.96565365939114, 27.209314871426017], [-90.92069771621544, 27.209314871426017], [-90.92069771621544, 27.16435892825033], [-90.87574177303975, 27.16435892825033], [-90.87574177303975, 27.119402985074643], [-90.83078582986406, 27.119402985074643], [-90.83078582986406, 27.074447041898953], [-90.78582988668836, 27.074447041898953], [-90.78582988668836, 27.029491098723266], [-90.74087394351267, 27.029491098723266], [-90.74087394351267, 26.98453515554758], [-90.69591800033697, 26.98453515554758], [-90.65096205716128, 26.98453515554758], [-90.65096205716128, 26.93957921237189], [-90.60600611398559, 26.93957921237189], [-90.60600611398559, 26.894623269196202], [-90.56105017080989, 26.894623269196202], [-90.5160942276342, 26.894623269196202], [-90.5160942276342, 26.849667326020516], [-90.4711382844585, 26.849667326020516], [-90.4711382844585, 26.804711382844825], [-90.42618234128281, 26.804711382844825], [-90.38122639810712, 26.804711382844825], [-90.38122639810712, 26.75975543966914], [-90.33627045493142, 26.75975543966914], [-90.33627045493142, 26.714799496493452], [-90.29131451175573, 26.714799496493452], [-90.29131451175573, 26.66984355331776], [-90.24635856858004, 26.66984355331776], [-90.20140262540434, 26.66984355331776], [-90.20140262540434, 26.579931666966388], [-90.15644668222865, 26.579931666966388], [-90.15644668222865, 26.5349757237907], [-90.11149073905295, 26.5349757237907], [-90.11149073905295, 26.49001978061501], [-90.06653479587726, 26.49001978061501], [-90.02157885270157, 26.49001978061501], [-90.02157885270157, 26.445063837439324], [-89.97662290952587, 26.445063837439324], [-89.97662290952587, 26.400107894263638], [-89.93166696635018, 26.400107894263638], [-89.88671102317448, 26.400107894263638], [-89.88671102317448, 26.355151951087947], [-89.84175507999879, 26.355151951087947], [-89.7967991368231, 26.355151951087947], [-89.7967991368231, 26.31019600791226], [-89.7518431936474, 26.31019600791226], [-89.7518431936474, 26.265240064736574], [-89.70688725047171, 26.265240064736574], [-89.70688725047171, 26.220284121560884], [-89.66193130729602, 26.220284121560884], [-89.66193130729602, 26.175328178385197], [-89.61697536412032, 26.175328178385197], [-89.61697536412032, 26.13037223520951], [-89.57201942094463, 26.13037223520951], [-89.57201942094463, 26.08541629203382], [-89.52706347776893, 26.08541629203382], [-89.52706347776893, 26.040460348858133], [-89.48210753459324, 26.040460348858133], [-89.48210753459324, 25.995504405682446], [-89.43715159141755, 25.995504405682446], [-89.43715159141755, 25.950548462506756], [-89.39219564824185, 25.950548462506756], [-89.34723970506616, 25.950548462506756], [-89.34723970506616, 25.90559251933107], [-89.30228376189046, 25.90559251933107], [-89.25732781871477, 25.90559251933107], [-89.25732781871477, 25.860636576155382], [-89.21237187553908, 25.860636576155382], [-89.21237187553908, 25.815680632979692], [-89.16741593236338, 25.815680632979692], [-89.12245998918769, 25.815680632979692], [-89.12245998918769, 25.770724689804005], [-89.077504046012, 25.770724689804005], [-89.077504046012, 25.72576874662832], [-89.0325481028363, 25.72576874662832], [-89.0325481028363, 25.680812803452632], [-88.98759215966061, 25.680812803452632], [-88.94263621648491, 25.680812803452632], [-88.94263621648491, 25.63585686027694], [-88.89768027330922, 25.63585686027694], [-88.89768027330922, 25.590900917101255], [-88.85272433013353, 25.590900917101255], [-88.85272433013353, 25.545944973925568], [-88.80776838695783, 25.545944973925568], [-88.80776838695783, 25.500989030749878], [-88.76281244378214, 25.500989030749878], [-88.71785650060644, 25.500989030749878], [-88.71785650060644, 25.45603308757419], [-88.67290055743075, 25.45603308757419], [-88.62794461425506, 25.45603308757419], [-88.62794461425506, 25.411077144398504], [-88.58298867107936, 25.411077144398504], [-88.53803272790367, 25.411077144398504], [-88.53803272790367, 25.366121201222814], [-88.49307678472798, 25.366121201222814], [-88.44812084155228, 25.366121201222814], [-88.44812084155228, 25.321165258047127], [-88.40316489837659, 25.321165258047127], [-88.3582089552009, 25.321165258047127], [-88.3582089552009, 25.27620931487144], [-88.3132530120252, 25.27620931487144], [-88.3132530120252, 25.23125337169575], [-88.2682970688495, 25.23125337169575], [-88.22334112567381, 25.23125337169575], [-88.22334112567381, 25.186297428520064], [-88.17838518249812, 25.186297428520064], [-88.17838518249812, 25.141341485344377], [-88.13342923932242, 25.141341485344377], [-88.13342923932242, 25.09638554216869], [-88.08847329614673, 25.09638554216869], [-88.08847329614673, 25.006473655817313], [-88.04351735297104, 25.006473655817313], [-87.99856140979534, 25.006473655817313], [-87.99856140979534, 24.961517712641626], [-87.95360546661965, 24.961517712641626], [-87.90864952344396, 24.961517712641626], [-87.90864952344396, 24.916561769465936], [-87.86369358026826, 24.916561769465936], [-87.81873763709257, 24.916561769465936], [-87.81873763709257, 24.87160582629025], [-87.77378169391687, 24.87160582629025], [-87.72882575074118, 24.87160582629025], [-87.72882575074118, 24.826649883114563], [-87.68386980756549, 24.826649883114563], [-87.63891386438979, 24.826649883114563], [-87.63891386438979, 24.781693939938872], [-87.5939579212141, 24.781693939938872], [-87.5490019780384, 24.781693939938872], [-87.5490019780384, 24.736737996763186], [-87.50404603486271, 24.736737996763186], [-87.50404603486271, 24.6917820535875], [-87.45909009168702, 24.6917820535875], [-87.41413414851132, 24.6917820535875], [-87.41413414851132, 24.64682611041181], [-87.36917820533563, 24.64682611041181], [-87.36917820533563, 24.60187016723612], [-87.32422226215994, 24.60187016723612], [-87.32422226215994, 24.511958280884745], [-87.27926631898424, 24.511958280884745], [-87.23431037580855, 24.511958280884745], [-87.23431037580855, 24.467002337709058], [-87.18935443263285, 24.467002337709058], [-87.14439848945716, 24.467002337709058], [-87.14439848945716, 24.42204639453337], [-87.09944254628147, 24.42204639453337], [-87.09944254628147, 24.37709045135768], [-87.05448660310577, 24.37709045135768], [-87.00953065993008, 24.37709045135768], [-87.00953065993008, 24.332134508181994], [-86.96457471675438, 24.332134508181994], [-86.91961877357869, 24.332134508181994], [-86.91961877357869, 24.287178565006307], [-86.874662830403, 24.287178565006307], [-86.8297068872273, 24.287178565006307], [-86.8297068872273, 24.24222262183062], [-86.78475094405161, 24.24222262183062], [-86.78475094405161, 24.19726667865493], [-86.73979500087592, 24.19726667865493], [-86.73979500087592, 24.152310735479244], [-86.69483905770022, 24.152310735479244], [-86.69483905770022, 24.107354792303557], [-86.64988311452453, 24.107354792303557], [-86.64988311452453, 24.062398849127867], [-86.60492717134883, 24.062398849127867], [-86.60492717134883, 24.01744290595218], [-86.55997122817314, 24.01744290595218], [-86.55997122817314, 23.972486962776493], [-86.51501528499745, 23.972486962776493], [-86.51501528499745, 23.927531019600803], [-86.47005934182175, 23.927531019600803], [-86.42510339864606, 23.927531019600803], [-86.42510339864606, 23.882575076425116], [-86.20032368276759, 23.882575076425116], [-86.1553677395919, 23.882575076425116], [-86.1553677395919, 23.83761913324943], [-86.02049991006481, 23.83761913324943], [-85.97554396688912, 23.83761913324943], [-85.97554396688912, 23.79266319007374], [-85.88563208053773, 23.79266319007374], [-85.84067613736204, 23.79266319007374], [-85.84067613736204, 23.747707246898052], [-85.79572019418634, 23.747707246898052], [-85.75076425101065, 23.747707246898052], [-85.75076425101065, 23.702751303722366], [-85.70580830783496, 23.702751303722366], [-85.70580830783496, 23.65779536054668], [-85.66085236465926, 23.65779536054668], [-85.66085236465926, 23.61283941737099], [-85.61589642148357, 23.61283941737099], [-85.61589642148357, 23.522927531019615], [-85.57094047830788, 23.522927531019615], [-85.57094047830788, 23.477971587843925], [-85.52598453513218, 23.477971587843925], [-85.52598453513218, 23.433015644668238], [-85.4360726487808, 23.433015644668238], [-85.4360726487808, 23.477971587843925], [-85.3911167056051, 23.477971587843925], [-85.3911167056051, 23.522927531019615], [-85.3461607624294, 23.522927531019615], [-85.3461607624294, 23.567883474195302], [-85.30120481925371, 23.567883474195302], [-85.30120481925371, 23.65779536054668], [-85.25624887607802, 23.65779536054668], [-85.25624887607802, 23.702751303722366], [-85.16633698972663, 23.702751303722366], [-85.16633698972663, 23.747707246898052], [-85.12138104655094, 23.747707246898052], [-85.12138104655094, 23.79266319007374], [-84.98651321702386, 23.79266319007374], [-84.98651321702386, 23.83761913324943], [-84.80668944432108, 23.83761913324943], [-84.80668944432108, 23.882575076425116], [-84.58190972844261, 23.882575076425116], [-84.58190972844261, 23.927531019600803], [-84.44704189891553, 23.927531019600803], [-84.44704189891553, 23.972486962776493], [-84.40208595573984, 23.972486962776493], [-84.40208595573984, 24.01744290595218], [-84.35713001256414, 24.01744290595218], [-84.35713001256414, 23.927531019600803], [-84.40208595573984, 23.927531019600803], [-84.40208595573984, 23.882575076425116], [-84.49199784209122, 23.882575076425116], [-84.49199784209122, 23.83761913324943], [-84.6268656716183, 23.83761913324943], [-84.6268656716183, 23.79266319007374], [-84.80668944432108, 23.79266319007374], [-84.80668944432108, 23.747707246898052], [-84.94155727384816, 23.747707246898052], [-84.94155727384816, 23.702751303722366], [-85.03146916019955, 23.702751303722366], [-85.03146916019955, 23.65779536054668], [-85.12138104655094, 23.65779536054668], [-85.12138104655094, 23.61283941737099], [-85.21129293290232, 23.61283941737099], [-85.21129293290232, 23.567883474195302], [-85.25624887607802, 23.567883474195302], [-85.25624887607802, 23.522927531019615], [-85.30120481925371, 23.522927531019615], [-85.30120481925371, 23.477971587843925], [-85.3461607624294, 23.477971587843925], [-85.3461607624294, 23.433015644668238], [-85.3911167056051, 23.433015644668238], [-85.3911167056051, 23.38805970149255], [-85.57094047830788, 23.38805970149255]]]]}}, {"type": "Feature", "properties": {"shapefile": "2021082812_wsp34knt120hr_5km", "PERCENTAGE": "80-90%"}, "geometry": {"type": "MultiPolygon", "coordinates": [[[[-85.52598453513218, 23.433015644668238], [-85.52598453513218, 23.477971587843925], [-85.4360726487808, 23.477971587843925], [-85.4360726487808, 23.433015644668238], [-85.52598453513218, 23.433015644668238]]], [[[-85.4360726487808, 23.477971587843925], [-85.4360726487808, 23.567883474195302], [-85.3911167056051, 23.567883474195302], [-85.3911167056051, 23.702751303722366], [-85.3461607624294, 23.702751303722366], [-85.3461607624294, 23.79266319007374], [-85.30120481925371, 23.79266319007374], [-85.30120481925371, 23.83761913324943], [-85.21129293290232, 23.83761913324943], [-85.21129293290232, 23.882575076425116], [-85.12138104655094, 23.882575076425116], [-85.12138104655094, 23.927531019600803], [-84.80668944432108, 23.927531019600803], [-84.80668944432108, 23.972486962776493], [-84.44704189891553, 23.972486962776493], [-84.44704189891553, 23.927531019600803], [-84.58190972844261, 23.927531019600803], [-84.58190972844261, 23.882575076425116], [-84.80668944432108, 23.882575076425116], [-84.80668944432108, 23.83761913324943], [-84.98651321702386, 23.83761913324943], [-84.98651321702386, 23.79266319007374], [-85.12138104655094, 23.79266319007374], [-85.12138104655094, 23.747707246898052], [-85.16633698972663, 23.747707246898052], [-85.16633698972663, 23.702751303722366], [-85.25624887607802, 23.702751303722366], [-85.25624887607802, 23.65779536054668], [-85.30120481925371, 23.65779536054668], [-85.30120481925371, 23.567883474195302], [-85.3461607624294, 23.567883474195302], [-85.3461607624294, 23.522927531019615], [-85.3911167056051, 23.522927531019615], [-85.3911167056051, 23.477971587843925], [-85.4360726487808, 23.477971587843925]]], [[[-85.57094047830788, 23.477971587843925], [-85.57094047830788, 23.522927531019615], [-85.61589642148357, 23.522927531019615], [-85.61589642148357, 23.61283941737099], [-85.66085236465926, 23.61283941737099], [-85.66085236465926, 23.65779536054668], [-85.70580830783496, 23.65779536054668], [-85.70580830783496, 23.702751303722366], [-85.75076425101065, 23.702751303722366], [-85.75076425101065, 23.747707246898052], [-85.79572019418634, 23.747707246898052], [-85.84067613736204, 23.747707246898052], [-85.84067613736204, 23.79266319007374], [-85.88563208053773, 23.79266319007374], [-85.97554396688912, 23.79266319007374], [-85.97554396688912, 23.83761913324943], [-86.02049991006481, 23.83761913324943], [-86.1553677395919, 23.83761913324943], [-86.1553677395919, 23.882575076425116], [-86.20032368276759, 23.882575076425116], [-86.42510339864606, 23.882575076425116], [-86.42510339864606, 23.927531019600803], [-86.47005934182175, 23.927531019600803], [-86.51501528499745, 23.927531019600803], [-86.51501528499745, 23.972486962776493], [-86.1553677395919, 23.972486962776493], [-86.1553677395919, 23.927531019600803], [-85.88563208053773, 23.927531019600803], [-85.84067613736204, 23.927531019600803], [-85.84067613736204, 23.882575076425116], [-85.79572019418634, 23.882575076425116], [-85.75076425101065, 23.882575076425116], [-85.75076425101065, 23.83761913324943], [-85.70580830783496, 23.83761913324943], [-85.66085236465926, 23.83761913324943], [-85.66085236465926, 23.79266319007374], [-85.61589642148357, 23.79266319007374], [-85.61589642148357, 23.702751303722366], [-85.57094047830788, 23.702751303722366], [-85.57094047830788, 23.61283941737099], [-85.52598453513218, 23.61283941737099], [-85.52598453513218, 23.477971587843925], [-85.57094047830788, 23.477971587843925]]], [[[-86.55997122817314, 23.972486962776493], [-86.55997122817314, 24.01744290595218], [-86.51501528499745, 24.01744290595218], [-86.51501528499745, 23.972486962776493], [-86.55997122817314, 23.972486962776493]]], [[[-84.44704189891553, 23.972486962776493], [-84.44704189891553, 24.062398849127867], [-84.40208595573984, 24.062398849127867], [-84.40208595573984, 25.500989030749878], [-84.44704189891553, 25.500989030749878], [-84.44704189891553, 25.545944973925568], [-84.49199784209122, 25.545944973925568], [-84.49199784209122, 25.590900917101255], [-84.53695378526692, 25.590900917101255], [-84.671821614794, 25.590900917101255], [-84.671821614794, 25.63585686027694], [-84.71677755796969, 25.63585686027694], [-84.85164538749677, 25.63585686027694], [-84.85164538749677, 25.680812803452632], [-84.89660133067247, 25.680812803452632], [-84.94155727384816, 25.680812803452632], [-84.94155727384816, 25.72576874662832], [-84.98651321702386, 25.72576874662832], [-84.98651321702386, 25.770724689804005], [-85.03146916019955, 25.770724689804005], [-85.07642510337524, 25.770724689804005], [-85.07642510337524, 25.815680632979692], [-85.12138104655094, 25.815680632979692], [-85.16633698972663, 25.815680632979692], [-85.16633698972663, 25.90559251933107], [-85.21129293290232, 25.90559251933107], [-85.21129293290232, 25.950548462506756], [-85.25624887607802, 25.950548462506756], [-85.25624887607802, 26.040460348858133], [-85.30120481925371, 26.040460348858133], [-85.3461607624294, 26.040460348858133], [-85.3461607624294, 26.08541629203382], [-85.3911167056051, 26.08541629203382], [-85.3911167056051, 26.13037223520951], [-85.4360726487808, 26.13037223520951], [-85.4360726487808, 26.175328178385197], [-85.48102859195649, 26.175328178385197], [-85.48102859195649, 26.220284121560884], [-85.52598453513218, 26.220284121560884], [-85.57094047830788, 26.220284121560884], [-85.57094047830788, 26.265240064736574], [-85.61589642148357, 26.265240064736574], [-85.66085236465926, 26.265240064736574], [-85.66085236465926, 26.31019600791226], [-85.70580830783496, 26.31019600791226], [-85.70580830783496, 26.355151951087947], [-85.75076425101065, 26.355151951087947], [-85.75076425101065, 26.400107894263638], [-85.79572019418634, 26.400107894263638], [-85.79572019418634, 26.445063837439324], [-85.84067613736204, 26.445063837439324], [-85.84067613736204, 26.5349757237907], [-85.88563208053773, 26.5349757237907], [-85.88563208053773, 26.579931666966388], [-85.93058802371343, 26.579931666966388], [-85.93058802371343, 26.624887610142075], [-85.97554396688912, 26.624887610142075], [-86.02049991006481, 26.624887610142075], [-86.02049991006481, 26.66984355331776], [-86.06545585324051, 26.66984355331776], [-86.1104117964162, 26.66984355331776], [-86.1104117964162, 26.714799496493452], [-86.1553677395919, 26.714799496493452], [-86.1553677395919, 26.75975543966914], [-86.20032368276759, 26.75975543966914], [-86.24527962594328, 26.75975543966914], [-86.24527962594328, 26.804711382844825], [-86.29023556911898, 26.804711382844825], [-86.29023556911898, 26.849667326020516], [-86.33519151229467, 26.849667326020516], [-86.33519151229467, 26.93957921237189], [-86.38014745547036, 26.93957921237189], [-86.38014745547036, 26.98453515554758], [-86.42510339864606, 26.98453515554758], [-86.42510339864606, 27.029491098723266], [-86.47005934182175, 27.029491098723266], [-86.47005934182175, 27.074447041898953], [-86.51501528499745, 27.074447041898953], [-86.51501528499745, 27.119402985074643], [-86.55997122817314, 27.119402985074643], [-86.55997122817314, 27.16435892825033], [-86.60492717134883, 27.16435892825033], [-86.64988311452453, 27.16435892825033], [-86.64988311452453, 27.209314871426017], [-86.69483905770022, 27.209314871426017], [-86.69483905770022, 27.254270814601703], [-86.73979500087592, 27.254270814601703], [-86.73979500087592, 27.299226757777394], [-86.78475094405161, 27.299226757777394], [-86.78475094405161, 27.34418270095308], [-86.8297068872273, 27.34418270095308], [-86.8297068872273, 27.389138644128767], [-86.874662830403, 27.389138644128767], [-86.874662830403, 27.479050530480144], [-86.91961877357869, 27.479050530480144], [-86.91961877357869, 27.52400647365583], [-86.96457471675438, 27.52400647365583], [-86.96457471675438, 27.56896241683152], [-87.00953065993008, 27.56896241683152], [-87.00953065993008, 27.613918360007208], [-87.05448660310577, 27.613918360007208], [-87.05448660310577, 27.658874303182895], [-87.09944254628147, 27.658874303182895], [-87.09944254628147, 27.703830246358585], [-87.14439848945716, 27.703830246358585], [-87.14439848945716, 27.748786189534272], [-87.18935443263285, 27.748786189534272], [-87.18935443263285, 27.79374213270996], [-87.23431037580855, 27.79374213270996], [-87.23431037580855, 27.83869807588565], [-87.27926631898424, 27.83869807588565], [-87.27926631898424, 27.883654019061336], [-87.32422226215994, 27.883654019061336], [-87.32422226215994, 27.928609962237022], [-87.36917820533563, 27.928609962237022], [-87.36917820533563, 28.0185218485884], [-87.41413414851132, 28.0185218485884], [-87.41413414851132, 28.063477791764086], [-87.45909009168702, 28.063477791764086], [-87.45909009168702, 28.108433734939773], [-87.50404603486271, 28.108433734939773], [-87.50404603486271, 28.153389678115463], [-87.5490019780384, 28.153389678115463], [-87.5939579212141, 28.153389678115463], [-87.5939579212141, 28.19834562129115], [-87.63891386438979, 28.19834562129115], [-87.63891386438979, 28.243301564466837], [-87.68386980756549, 28.243301564466837], [-87.72882575074118, 28.243301564466837], [-87.72882575074118, 28.288257507642527], [-87.77378169391687, 28.288257507642527], [-87.77378169391687, 28.333213450818214], [-87.81873763709257, 28.333213450818214], [-87.81873763709257, 28.3781693939939], [-87.86369358026826, 28.3781693939939], [-87.86369358026826, 28.42312533716959], [-87.90864952344396, 28.42312533716959], [-87.90864952344396, 28.468081280345277], [-87.95360546661965, 28.468081280345277], [-87.95360546661965, 28.513037223520964], [-87.99856140979534, 28.513037223520964], [-87.99856140979534, 28.557993166696654], [-88.04351735297104, 28.557993166696654], [-88.04351735297104, 28.60294910987234], [-88.08847329614673, 28.60294910987234], [-88.13342923932242, 28.60294910987234], [-88.13342923932242, 28.647905053048028], [-88.17838518249812, 28.647905053048028], [-88.17838518249812, 28.692860996223715], [-88.22334112567381, 28.692860996223715], [-88.22334112567381, 28.737816939399405], [-88.2682970688495, 28.737816939399405], [-88.2682970688495, 28.78277288257509], [-88.3132530120252, 28.78277288257509], [-88.3132530120252, 28.82772882575078], [-88.3582089552009, 28.82772882575078], [-88.3582089552009, 28.917640712102155], [-88.40316489837659, 28.917640712102155], [-88.40316489837659, 28.962596655277842], [-88.44812084155228, 28.962596655277842], [-88.44812084155228, 29.007552598453533], [-88.49307678472798, 29.007552598453533], [-88.49307678472798, 29.05250854162922], [-88.53803272790367, 29.05250854162922], [-88.53803272790367, 29.097464484804906], [-88.58298867107936, 29.097464484804906], [-88.58298867107936, 29.142420427980596], [-88.62794461425506, 29.142420427980596], [-88.62794461425506, 29.187376371156283], [-88.67290055743075, 29.187376371156283], [-88.67290055743075, 29.23233231433197], [-88.71785650060644, 29.23233231433197], [-88.71785650060644, 29.27728825750766], [-88.76281244378214, 29.27728825750766], [-88.76281244378214, 29.367200143859034], [-88.80776838695783, 29.367200143859034], [-88.80776838695783, 29.412156087034724], [-88.85272433013353, 29.412156087034724], [-88.85272433013353, 29.502067973386097], [-88.89768027330922, 29.502067973386097], [-88.89768027330922, 29.591979859737474], [-88.94263621648491, 29.591979859737474], [-88.94263621648491, 29.63693580291316], [-88.98759215966061, 29.63693580291316], [-88.98759215966061, 29.681891746088848], [-89.0325481028363, 29.681891746088848], [-89.077504046012, 29.681891746088848], [-89.077504046012, 29.726847689264538], [-89.12245998918769, 29.726847689264538], [-89.16741593236338, 29.726847689264538], [-89.16741593236338, 29.771803632440225], [-89.21237187553908, 29.771803632440225], [-89.30228376189046, 29.771803632440225], [-89.30228376189046, 29.81675957561591], [-89.34723970506616, 29.81675957561591], [-89.39219564824185, 29.81675957561591], [-89.39219564824185, 29.861715518791602], [-89.43715159141755, 29.861715518791602], [-89.52706347776893, 29.861715518791602], [-89.52706347776893, 29.90667146196729], [-89.57201942094463, 29.90667146196729], [-89.57201942094463, 29.951627405142975], [-89.61697536412032, 29.951627405142975], [-89.66193130729602, 29.951627405142975], [-89.66193130729602, 29.996583348318666], [-89.70688725047171, 29.996583348318666], [-89.70688725047171, 30.08649523467004], [-89.7518431936474, 30.08649523467004], [-89.7518431936474, 30.131451177845726], [-89.7967991368231, 30.131451177845726], [-89.7967991368231, 30.221363064197103], [-89.84175507999879, 30.221363064197103], [-89.84175507999879, 30.31127495054848], [-89.88671102317448, 30.31127495054848], [-89.88671102317448, 30.356230893724167], [-89.93166696635018, 30.356230893724167], [-89.93166696635018, 30.446142780075544], [-89.97662290952587, 30.446142780075544], [-89.97662290952587, 30.536054666426917], [-90.02157885270157, 30.536054666426917], [-90.02157885270157, 30.581010609602608], [-90.06653479587726, 30.581010609602608], [-90.06653479587726, 30.625966552778294], [-90.11149073905295, 30.625966552778294], [-90.11149073905295, 30.67092249595398], [-90.15644668222865, 30.67092249595398], [-90.15644668222865, 30.71587843912967], [-90.20140262540434, 30.71587843912967], [-90.20140262540434, 30.760834382305358], [-90.24635856858004, 30.760834382305358], [-90.24635856858004, 30.850746268656735], [-90.29131451175573, 30.850746268656735], [-90.29131451175573, 30.895702211832422], [-90.33627045493142, 30.895702211832422], [-90.33627045493142, 30.94065815500811], [-90.38122639810712, 30.94065815500811], [-90.38122639810712, 31.030570041359486], [-90.42618234128281, 31.030570041359486], [-90.42618234128281, 31.075525984535172], [-90.4711382844585, 31.075525984535172], [-90.4711382844585, 31.12048192771086], [-90.5160942276342, 31.12048192771086], [-90.56105017080989, 31.12048192771086], [-90.56105017080989, 31.16543787088655], [-90.60600611398559, 31.16543787088655], [-90.65096205716128, 31.16543787088655], [-90.65096205716128, 31.210393814062236], [-90.69591800033697, 31.210393814062236], [-90.74087394351267, 31.210393814062236], [-90.74087394351267, 31.255349757237923], [-90.78582988668836, 31.255349757237923], [-90.83078582986406, 31.255349757237923], [-90.83078582986406, 31.300305700413613], [-90.87574177303975, 31.300305700413613], [-90.96565365939114, 31.300305700413613], [-90.96565365939114, 31.3452616435893], [-91.01060960256683, 31.3452616435893], [-91.32530120479669, 31.3452616435893], [-91.32530120479669, 31.390217586764987], [-91.50512497749946, 31.390217586764987], [-91.50512497749946, 31.3452616435893], [-91.59503686385085, 31.3452616435893], [-91.59503686385085, 31.300305700413613], [-91.68494875020224, 31.300305700413613], [-91.68494875020224, 31.255349757237923], [-91.77486063655363, 31.255349757237923], [-91.77486063655363, 31.210393814062236], [-91.86477252290501, 31.210393814062236], [-91.86477252290501, 31.16543787088655], [-91.9546844092564, 31.16543787088655], [-91.9546844092564, 31.12048192771086], [-91.9996403524321, 31.12048192771086], [-91.9996403524321, 31.075525984535172], [-92.04459629560779, 31.075525984535172], [-92.04459629560779, 31.030570041359486], [-92.08955223878348, 31.030570041359486], [-92.08955223878348, 30.94065815500811], [-92.13450818195918, 30.94065815500811], [-92.13450818195918, 30.850746268656735], [-92.17946412513487, 30.850746268656735], [-92.17946412513487, 30.71587843912967], [-92.22442006831056, 30.71587843912967], [-92.22442006831056, 30.581010609602608], [-92.26937601148626, 30.581010609602608], [-92.26937601148626, 30.446142780075544], [-92.31433195466195, 30.446142780075544], [-92.31433195466195, 30.26631900737279], [-92.35928789783765, 30.26631900737279], [-92.35928789783765, 30.08649523467004], [-92.40424384101334, 30.08649523467004], [-92.40424384101334, 29.771803632440225], [-92.35928789783765, 29.771803632440225], [-92.35928789783765, 29.45711203021041], [-92.31433195466195, 29.45711203021041], [-92.31433195466195, 29.367200143859034], [-92.26937601148626, 29.367200143859034], [-92.26937601148626, 29.23233231433197], [-92.22442006831056, 29.23233231433197], [-92.22442006831056, 29.097464484804906], [-92.17946412513487, 29.097464484804906], [-92.17946412513487, 29.007552598453533], [-92.13450818195918, 29.007552598453533], [-92.13450818195918, 28.917640712102155], [-92.08955223878348, 28.917640712102155], [-92.08955223878348, 28.82772882575078], [-92.04459629560779, 28.82772882575078], [-92.04459629560779, 28.737816939399405], [-91.9996403524321, 28.737816939399405], [-91.9996403524321, 28.647905053048028], [-91.9546844092564, 28.647905053048028], [-91.9546844092564, 28.557993166696654], [-91.90972846608071, 28.557993166696654], [-91.90972846608071, 28.513037223520964], [-91.86477252290501, 28.513037223520964], [-91.86477252290501, 28.468081280345277], [-91.81981657972932, 28.468081280345277], [-91.81981657972932, 28.42312533716959], [-91.77486063655363, 28.42312533716959], [-91.77486063655363, 28.3781693939939], [-91.72990469337793, 28.3781693939939], [-91.72990469337793, 28.333213450818214], [-91.68494875020224, 28.333213450818214], [-91.68494875020224, 28.288257507642527], [-91.63999280702654, 28.288257507642527], [-91.63999280702654, 28.19834562129115], [-91.59503686385085, 28.19834562129115], [-91.59503686385085, 28.153389678115463], [-91.55008092067516, 28.153389678115463], [-91.55008092067516, 28.063477791764086], [-91.50512497749946, 28.063477791764086], [-91.50512497749946, 27.973565905412713], [-91.46016903432377, 27.973565905412713], [-91.41521309114808, 27.973565905412713], [-91.41521309114808, 27.928609962237022], [-91.37025714797238, 27.928609962237022], [-91.37025714797238, 27.883654019061336], [-91.32530120479669, 27.883654019061336], [-91.280345261621, 27.883654019061336], [-91.280345261621, 27.83869807588565], [-91.2353893184453, 27.83869807588565], [-91.2353893184453, 27.79374213270996], [-91.1904333752696, 27.79374213270996], [-91.1904333752696, 27.748786189534272], [-91.14547743209391, 27.748786189534272], [-91.14547743209391, 27.703830246358585], [-91.10052148891822, 27.703830246358585], [-91.10052148891822, 27.658874303182895], [-91.05556554574252, 27.658874303182895], [-91.05556554574252, 27.613918360007208], [-91.01060960256683, 27.613918360007208], [-91.01060960256683, 27.52400647365583], [-90.96565365939114, 27.52400647365583], [-90.96565365939114, 27.479050530480144], [-90.92069771621544, 27.479050530480144], [-90.87574177303975, 27.479050530480144], [-90.87574177303975, 27.434094587304457], [-90.83078582986406, 27.434094587304457], [-90.78582988668836, 27.434094587304457], [-90.78582988668836, 27.389138644128767], [-90.74087394351267, 27.389138644128767], [-90.69591800033697, 27.389138644128767], [-90.69591800033697, 27.34418270095308], [-90.65096205716128, 27.34418270095308], [-90.65096205716128, 27.299226757777394], [-90.60600611398559, 27.299226757777394], [-90.60600611398559, 27.254270814601703], [-90.56105017080989, 27.254270814601703], [-90.56105017080989, 27.209314871426017], [-90.5160942276342, 27.209314871426017], [-90.5160942276342, 27.16435892825033], [-90.4711382844585, 27.16435892825033], [-90.4711382844585, 27.119402985074643], [-90.42618234128281, 27.119402985074643], [-90.42618234128281, 27.074447041898953], [-90.38122639810712, 27.074447041898953], [-90.38122639810712, 27.029491098723266], [-90.33627045493142, 27.029491098723266], [-90.33627045493142, 26.98453515554758], [-90.29131451175573, 26.98453515554758], [-90.24635856858004, 26.98453515554758], [-90.24635856858004, 26.93957921237189], [-90.20140262540434, 26.93957921237189], [-90.20140262540434, 26.894623269196202], [-90.15644668222865, 26.894623269196202], [-90.11149073905295, 26.894623269196202], [-90.11149073905295, 26.849667326020516], [-90.06653479587726, 26.849667326020516], [-90.06653479587726, 26.804711382844825], [-90.02157885270157, 26.804711382844825], [-90.02157885270157, 26.75975543966914], [-89.97662290952587, 26.75975543966914], [-89.97662290952587, 26.714799496493452], [-89.93166696635018, 26.714799496493452], [-89.93166696635018, 26.66984355331776], [-89.88671102317448, 26.66984355331776], [-89.88671102317448, 26.624887610142075], [-89.84175507999879, 26.624887610142075], [-89.84175507999879, 26.579931666966388], [-89.7967991368231, 26.579931666966388], [-89.7967991368231, 26.5349757237907], [-89.7518431936474, 26.5349757237907], [-89.7518431936474, 26.49001978061501], [-89.70688725047171, 26.49001978061501], [-89.70688725047171, 26.445063837439324], [-89.66193130729602, 26.445063837439324], [-89.61697536412032, 26.445063837439324], [-89.61697536412032, 26.400107894263638], [-89.57201942094463, 26.400107894263638], [-89.57201942094463, 26.355151951087947], [-89.52706347776893, 26.355151951087947], [-89.52706347776893, 26.31019600791226], [-89.48210753459324, 26.31019600791226], [-89.48210753459324, 26.265240064736574], [-89.43715159141755, 26.265240064736574], [-89.39219564824185, 26.265240064736574], [-89.39219564824185, 26.220284121560884], [-89.34723970506616, 26.220284121560884], [-89.34723970506616, 26.175328178385197], [-89.30228376189046, 26.175328178385197], [-89.30228376189046, 26.13037223520951], [-89.25732781871477, 26.13037223520951], [-89.25732781871477, 26.08541629203382], [-89.21237187553908, 26.08541629203382], [-89.21237187553908, 25.995504405682446], [-89.16741593236338, 25.995504405682446], [-89.12245998918769, 25.995504405682446], [-89.12245998918769, 25.950548462506756], [-89.077504046012, 25.950548462506756], [-89.0325481028363, 25.950548462506756], [-89.0325481028363, 25.90559251933107], [-88.98759215966061, 25.90559251933107], [-88.98759215966061, 25.860636576155382], [-88.89768027330922, 25.860636576155382], [-88.85272433013353, 25.860636576155382], [-88.85272433013353, 25.815680632979692], [-88.80776838695783, 25.815680632979692], [-88.76281244378214, 25.815680632979692], [-88.76281244378214, 25.770724689804005], [-88.71785650060644, 25.770724689804005], [-88.71785650060644, 25.72576874662832], [-88.67290055743075, 25.72576874662832], [-88.67290055743075, 25.680812803452632], [-88.62794461425506, 25.680812803452632], [-88.62794461425506, 25.63585686027694], [-88.58298867107936, 25.63585686027694], [-88.58298867107936, 25.545944973925568], [-88.53803272790367, 25.545944973925568], [-88.53803272790367, 25.500989030749878], [-88.49307678472798, 25.500989030749878], [-88.44812084155228, 25.500989030749878], [-88.44812084155228, 25.45603308757419], [-88.3582089552009, 25.45603308757419], [-88.3132530120252, 25.45603308757419], [-88.3132530120252, 25.411077144398504], [-88.22334112567381, 25.411077144398504], [-88.17838518249812, 25.411077144398504], [-88.17838518249812, 25.366121201222814], [-88.13342923932242, 25.366121201222814], [-88.13342923932242, 25.321165258047127], [-88.08847329614673, 25.321165258047127], [-88.08847329614673, 25.27620931487144], [-88.04351735297104, 25.27620931487144], [-88.04351735297104, 25.23125337169575], [-87.99856140979534, 25.23125337169575], [-87.99856140979534, 25.186297428520064], [-87.95360546661965, 25.186297428520064], [-87.95360546661965, 25.141341485344377], [-87.90864952344396, 25.141341485344377], [-87.90864952344396, 25.09638554216869], [-87.86369358026826, 25.09638554216869], [-87.86369358026826, 25.051429598993], [-87.81873763709257, 25.051429598993], [-87.81873763709257, 25.006473655817313], [-87.72882575074118, 25.006473655817313], [-87.68386980756549, 25.006473655817313], [-87.68386980756549, 24.961517712641626], [-87.63891386438979, 24.961517712641626], [-87.5939579212141, 24.961517712641626], [-87.5939579212141, 24.916561769465936], [-87.5490019780384, 24.916561769465936], [-87.50404603486271, 24.916561769465936], [-87.50404603486271, 24.87160582629025], [-87.45909009168702, 24.87160582629025], [-87.41413414851132, 24.87160582629025], [-87.41413414851132, 24.826649883114563], [-87.36917820533563, 24.826649883114563], [-87.32422226215994, 24.826649883114563], [-87.32422226215994, 24.781693939938872], [-87.27926631898424, 24.781693939938872], [-87.27926631898424, 24.736737996763186], [-87.23431037580855, 24.736737996763186], [-87.23431037580855, 24.6917820535875], [-87.18935443263285, 24.6917820535875], [-87.18935443263285, 24.60187016723612], [-87.14439848945716, 24.60187016723612], [-87.14439848945716, 24.511958280884745], [-87.09944254628147, 24.511958280884745], [-87.05448660310577, 24.511958280884745], [-87.05448660310577, 24.467002337709058], [-87.00953065993008, 24.467002337709058], [-86.96457471675438, 24.467002337709058], [-86.96457471675438, 24.42204639453337], [-86.874662830403, 24.42204639453337], [-86.8297068872273, 24.42204639453337], [-86.8297068872273, 24.37709045135768], [-86.78475094405161, 24.37709045135768], [-86.73979500087592, 24.37709045135768], [-86.73979500087592, 24.332134508181994], [-86.69483905770022, 24.332134508181994], [-86.64988311452453, 24.332134508181994], [-86.64988311452453, 24.24222262183062], [-86.60492717134883, 24.24222262183062], [-86.60492717134883, 24.152310735479244], [-86.55997122817314, 24.152310735479244], [-86.55997122817314, 24.01744290595218], [-86.60492717134883, 24.01744290595218], [-86.60492717134883, 24.062398849127867], [-86.64988311452453, 24.062398849127867], [-86.64988311452453, 24.107354792303557], [-86.69483905770022, 24.107354792303557], [-86.69483905770022, 24.152310735479244], [-86.73979500087592, 24.152310735479244], [-86.73979500087592, 24.19726667865493], [-86.78475094405161, 24.19726667865493], [-86.78475094405161, 24.24222262183062], [-86.8297068872273, 24.24222262183062], [-86.8297068872273, 24.287178565006307], [-86.874662830403, 24.287178565006307], [-86.91961877357869, 24.287178565006307], [-86.91961877357869, 24.332134508181994], [-86.96457471675438, 24.332134508181994], [-87.00953065993008, 24.332134508181994], [-87.00953065993008, 24.37709045135768], [-87.05448660310577, 24.37709045135768], [-87.09944254628147, 24.37709045135768], [-87.09944254628147, 24.42204639453337], [-87.14439848945716, 24.42204639453337], [-87.14439848945716, 24.467002337709058], [-87.18935443263285, 24.467002337709058], [-87.23431037580855, 24.467002337709058], [-87.23431037580855, 24.511958280884745], [-87.27926631898424, 24.511958280884745], [-87.32422226215994, 24.511958280884745], [-87.32422226215994, 24.60187016723612], [-87.36917820533563, 24.60187016723612], [-87.36917820533563, 24.64682611041181], [-87.41413414851132, 24.64682611041181], [-87.41413414851132, 24.6917820535875], [-87.45909009168702, 24.6917820535875], [-87.50404603486271, 24.6917820535875], [-87.50404603486271, 24.736737996763186], [-87.5490019780384, 24.736737996763186], [-87.5490019780384, 24.781693939938872], [-87.5939579212141, 24.781693939938872], [-87.63891386438979, 24.781693939938872], [-87.63891386438979, 24.826649883114563], [-87.68386980756549, 24.826649883114563], [-87.72882575074118, 24.826649883114563], [-87.72882575074118, 24.87160582629025], [-87.77378169391687, 24.87160582629025], [-87.81873763709257, 24.87160582629025], [-87.81873763709257, 24.916561769465936], [-87.86369358026826, 24.916561769465936], [-87.90864952344396, 24.916561769465936], [-87.90864952344396, 24.961517712641626], [-87.95360546661965, 24.961517712641626], [-87.99856140979534, 24.961517712641626], [-87.99856140979534, 25.006473655817313], [-88.04351735297104, 25.006473655817313], [-88.08847329614673, 25.006473655817313], [-88.08847329614673, 25.09638554216869], [-88.13342923932242, 25.09638554216869], [-88.13342923932242, 25.141341485344377], [-88.17838518249812, 25.141341485344377], [-88.17838518249812, 25.186297428520064], [-88.22334112567381, 25.186297428520064], [-88.22334112567381, 25.23125337169575], [-88.2682970688495, 25.23125337169575], [-88.3132530120252, 25.23125337169575], [-88.3132530120252, 25.27620931487144], [-88.3582089552009, 25.27620931487144], [-88.3582089552009, 25.321165258047127], [-88.40316489837659, 25.321165258047127], [-88.44812084155228, 25.321165258047127], [-88.44812084155228, 25.366121201222814], [-88.49307678472798, 25.366121201222814], [-88.53803272790367, 25.366121201222814], [-88.53803272790367, 25.411077144398504], [-88.58298867107936, 25.411077144398504], [-88.62794461425506, 25.411077144398504], [-88.62794461425506, 25.45603308757419], [-88.67290055743075, 25.45603308757419], [-88.71785650060644, 25.45603308757419], [-88.71785650060644, 25.500989030749878], [-88.76281244378214, 25.500989030749878], [-88.80776838695783, 25.500989030749878], [-88.80776838695783, 25.545944973925568], [-88.85272433013353, 25.545944973925568], [-88.85272433013353, 25.590900917101255], [-88.89768027330922, 25.590900917101255], [-88.89768027330922, 25.63585686027694], [-88.94263621648491, 25.63585686027694], [-88.94263621648491, 25.680812803452632], [-88.98759215966061, 25.680812803452632], [-89.0325481028363, 25.680812803452632], [-89.0325481028363, 25.72576874662832], [-89.077504046012, 25.72576874662832], [-89.077504046012, 25.770724689804005], [-89.12245998918769, 25.770724689804005], [-89.12245998918769, 25.815680632979692], [-89.16741593236338, 25.815680632979692], [-89.21237187553908, 25.815680632979692], [-89.21237187553908, 25.860636576155382], [-89.25732781871477, 25.860636576155382], [-89.25732781871477, 25.90559251933107], [-89.30228376189046, 25.90559251933107], [-89.34723970506616, 25.90559251933107], [-89.34723970506616, 25.950548462506756], [-89.39219564824185, 25.950548462506756], [-89.43715159141755, 25.950548462506756], [-89.43715159141755, 25.995504405682446], [-89.48210753459324, 25.995504405682446], [-89.48210753459324, 26.040460348858133], [-89.52706347776893, 26.040460348858133], [-89.52706347776893, 26.08541629203382], [-89.57201942094463, 26.08541629203382], [-89.57201942094463, 26.13037223520951], [-89.61697536412032, 26.13037223520951], [-89.61697536412032, 26.175328178385197], [-89.66193130729602, 26.175328178385197], [-89.66193130729602, 26.220284121560884], [-89.70688725047171, 26.220284121560884], [-89.70688725047171, 26.265240064736574], [-89.7518431936474, 26.265240064736574], [-89.7518431936474, 26.31019600791226], [-89.7967991368231, 26.31019600791226], [-89.7967991368231, 26.355151951087947], [-89.84175507999879, 26.355151951087947], [-89.88671102317448, 26.355151951087947], [-89.88671102317448, 26.400107894263638], [-89.93166696635018, 26.400107894263638], [-89.97662290952587, 26.400107894263638], [-89.97662290952587, 26.445063837439324], [-90.02157885270157, 26.445063837439324], [-90.02157885270157, 26.49001978061501], [-90.06653479587726, 26.49001978061501], [-90.11149073905295, 26.49001978061501], [-90.11149073905295, 26.5349757237907], [-90.15644668222865, 26.5349757237907], [-90.15644668222865, 26.579931666966388], [-90.20140262540434, 26.579931666966388], [-90.20140262540434, 26.66984355331776], [-90.24635856858004, 26.66984355331776], [-90.29131451175573, 26.66984355331776], [-90.29131451175573, 26.714799496493452], [-90.33627045493142, 26.714799496493452], [-90.33627045493142, 26.75975543966914], [-90.38122639810712, 26.75975543966914], [-90.38122639810712, 26.804711382844825], [-90.42618234128281, 26.804711382844825], [-90.4711382844585, 26.804711382844825], [-90.4711382844585, 26.849667326020516], [-90.5160942276342, 26.849667326020516], [-90.5160942276342, 26.894623269196202], [-90.56105017080989, 26.894623269196202], [-90.60600611398559, 26.894623269196202], [-90.60600611398559, 26.93957921237189], [-90.65096205716128, 26.93957921237189], [-90.65096205716128, 26.98453515554758], [-90.69591800033697, 26.98453515554758], [-90.74087394351267, 26.98453515554758], [-90.74087394351267, 27.029491098723266], [-90.78582988668836, 27.029491098723266], [-90.78582988668836, 27.074447041898953], [-90.83078582986406, 27.074447041898953], [-90.83078582986406, 27.119402985074643], [-90.87574177303975, 27.119402985074643], [-90.87574177303975, 27.16435892825033], [-90.92069771621544, 27.16435892825033], [-90.92069771621544, 27.209314871426017], [-90.96565365939114, 27.209314871426017], [-91.01060960256683, 27.209314871426017], [-91.01060960256683, 27.254270814601703], [-91.05556554574252, 27.254270814601703], [-91.05556554574252, 27.299226757777394], [-91.10052148891822, 27.299226757777394], [-91.10052148891822, 27.34418270095308], [-91.14547743209391, 27.34418270095308], [-91.14547743209391, 27.389138644128767], [-91.1904333752696, 27.389138644128767], [-91.1904333752696, 27.434094587304457], [-91.2353893184453, 27.434094587304457], [-91.280345261621, 27.434094587304457], [-91.280345261621, 27.479050530480144], [-91.32530120479669, 27.479050530480144], [-91.32530120479669, 27.52400647365583], [-91.37025714797238, 27.52400647365583], [-91.37025714797238, 27.56896241683152], [-91.41521309114808, 27.56896241683152], [-91.41521309114808, 27.613918360007208], [-91.46016903432377, 27.613918360007208], [-91.46016903432377, 27.658874303182895], [-91.50512497749946, 27.658874303182895], [-91.50512497749946, 27.703830246358585], [-91.55008092067516, 27.703830246358585], [-91.55008092067516, 27.748786189534272], [-91.59503686385085, 27.748786189534272], [-91.59503686385085, 27.79374213270996], [-91.63999280702654, 27.79374213270996], [-91.63999280702654, 27.83869807588565], [-91.68494875020224, 27.83869807588565], [-91.68494875020224, 27.883654019061336], [-91.72990469337793, 27.883654019061336], [-91.72990469337793, 27.928609962237022], [-91.77486063655363, 27.928609962237022], [-91.77486063655363, 27.973565905412713], [-91.81981657972932, 27.973565905412713], [-91.81981657972932, 28.0185218485884], [-91.86477252290501, 28.0185218485884], [-91.86477252290501, 28.108433734939773], [-91.90972846608071, 28.108433734939773], [-91.90972846608071, 28.153389678115463], [-91.9546844092564, 28.153389678115463], [-91.9546844092564, 28.19834562129115], [-91.9996403524321, 28.19834562129115], [-91.9996403524321, 28.243301564466837], [-92.04459629560779, 28.243301564466837], [-92.04459629560779, 28.288257507642527], [-92.08955223878348, 28.288257507642527], [-92.08955223878348, 28.3781693939939], [-92.13450818195918, 28.3781693939939], [-92.13450818195918, 28.42312533716959], [-92.17946412513487, 28.42312533716959], [-92.17946412513487, 28.468081280345277], [-92.22442006831056, 28.468081280345277], [-92.22442006831056, 28.557993166696654], [-92.26937601148626, 28.557993166696654], [-92.26937601148626, 28.60294910987234], [-92.31433195466195, 28.60294910987234], [-92.31433195466195, 28.692860996223715], [-92.35928789783765, 28.692860996223715], [-92.35928789783765, 28.737816939399405], [-92.40424384101334, 28.737816939399405], [-92.40424384101334, 28.82772882575078], [-92.44919978418903, 28.82772882575078], [-92.44919978418903, 28.87268476892647], [-92.49415572736473, 28.87268476892647], [-92.49415572736473, 28.917640712102155], [-92.53911167054042, 28.917640712102155], [-92.53911167054042, 29.007552598453533], [-92.58406761371612, 29.007552598453533], [-92.58406761371612, 29.142420427980596], [-92.62902355689181, 29.142420427980596], [-92.62902355689181, 29.27728825750766], [-92.6739795000675, 29.27728825750766], [-92.6739795000675, 29.367200143859034], [-92.7189354432432, 29.367200143859034], [-92.7189354432432, 29.502067973386097], [-92.76389138641889, 29.502067973386097], [-92.76389138641889, 29.81675957561591], [-92.80884732959458, 29.81675957561591], [-92.80884732959458, 30.176407121021416], [-92.76389138641889, 30.176407121021416], [-92.76389138641889, 30.536054666426917], [-92.7189354432432, 30.536054666426917], [-92.7189354432432, 30.67092249595398], [-92.6739795000675, 30.67092249595398], [-92.6739795000675, 30.850746268656735], [-92.62902355689181, 30.850746268656735], [-92.62902355689181, 31.030570041359486], [-92.58406761371612, 31.030570041359486], [-92.58406761371612, 31.12048192771086], [-92.53911167054042, 31.12048192771086], [-92.53911167054042, 31.16543787088655], [-92.49415572736473, 31.16543787088655], [-92.49415572736473, 31.255349757237923], [-92.44919978418903, 31.255349757237923], [-92.44919978418903, 31.300305700413613], [-92.40424384101334, 31.300305700413613], [-92.40424384101334, 31.3452616435893], [-92.35928789783765, 31.3452616435893], [-92.35928789783765, 31.390217586764987], [-92.31433195466195, 31.390217586764987], [-92.31433195466195, 31.435173529940677], [-92.26937601148626, 31.435173529940677], [-92.26937601148626, 31.52508541629205], [-92.17946412513487, 31.52508541629205], [-92.17946412513487, 31.570041359467737], [-92.13450818195918, 31.570041359467737], [-92.13450818195918, 31.614997302643427], [-92.08955223878348, 31.614997302643427], [-92.08955223878348, 31.659953245819114], [-92.04459629560779, 31.659953245819114], [-92.04459629560779, 31.7049091889948], [-91.9996403524321, 31.7049091889948], [-91.9996403524321, 31.74986513217049], [-91.86477252290501, 31.74986513217049], [-91.86477252290501, 31.794821075346178], [-91.77486063655363, 31.794821075346178], [-91.77486063655363, 31.839777018521865], [-91.68494875020224, 31.839777018521865], [-91.68494875020224, 31.884732961697555], [-91.59503686385085, 31.884732961697555], [-91.59503686385085, 31.92968890487324], [-91.50512497749946, 31.92968890487324], [-91.50512497749946, 31.97464484804893], [-91.1904333752696, 31.97464484804893], [-91.1904333752696, 31.92968890487324], [-90.96565365939114, 31.92968890487324], [-90.92069771621544, 31.92968890487324], [-90.92069771621544, 31.884732961697555], [-90.87574177303975, 31.884732961697555], [-90.83078582986406, 31.884732961697555], [-90.83078582986406, 31.839777018521865], [-90.74087394351267, 31.839777018521865], [-90.69591800033697, 31.839777018521865], [-90.69591800033697, 31.794821075346178], [-90.65096205716128, 31.794821075346178], [-90.60600611398559, 31.794821075346178], [-90.60600611398559, 31.74986513217049], [-90.5160942276342, 31.74986513217049], [-90.4711382844585, 31.74986513217049], [-90.4711382844585, 31.7049091889948], [-90.42618234128281, 31.7049091889948], [-90.42618234128281, 31.659953245819114], [-90.38122639810712, 31.659953245819114], [-90.33627045493142, 31.659953245819114], [-90.33627045493142, 31.614997302643427], [-90.29131451175573, 31.614997302643427], [-90.29131451175573, 31.570041359467737], [-90.24635856858004, 31.570041359467737], [-90.24635856858004, 31.52508541629205], [-90.20140262540434, 31.52508541629205], [-90.20140262540434, 31.480129473116364], [-90.15644668222865, 31.480129473116364], [-90.15644668222865, 31.435173529940677], [-90.11149073905295, 31.435173529940677], [-90.11149073905295, 31.390217586764987], [-90.06653479587726, 31.390217586764987], [-90.06653479587726, 31.3452616435893], [-90.02157885270157, 31.3452616435893], [-90.02157885270157, 31.300305700413613], [-89.97662290952587, 31.300305700413613], [-89.97662290952587, 31.255349757237923], [-89.93166696635018, 31.255349757237923], [-89.93166696635018, 31.210393814062236], [-89.88671102317448, 31.210393814062236], [-89.88671102317448, 31.12048192771086], [-89.84175507999879, 31.12048192771086], [-89.84175507999879, 31.075525984535172], [-89.7967991368231, 31.075525984535172], [-89.7967991368231, 31.030570041359486], [-89.7518431936474, 31.030570041359486], [-89.7518431936474, 30.985614098183795], [-89.70688725047171, 30.985614098183795], [-89.70688725047171, 30.895702211832422], [-89.66193130729602, 30.895702211832422], [-89.66193130729602, 30.850746268656735], [-89.61697536412032, 30.850746268656735], [-89.61697536412032, 30.760834382305358], [-89.57201942094463, 30.760834382305358], [-89.57201942094463, 30.71587843912967], [-89.52706347776893, 30.71587843912967], [-89.52706347776893, 30.625966552778294], [-89.48210753459324, 30.625966552778294], [-89.48210753459324, 30.581010609602608], [-89.43715159141755, 30.581010609602608], [-89.43715159141755, 30.49109872325123], [-89.39219564824185, 30.49109872325123], [-89.39219564824185, 30.401186836899853], [-89.34723970506616, 30.401186836899853], [-89.34723970506616, 30.356230893724167], [-89.30228376189046, 30.356230893724167], [-89.30228376189046, 30.31127495054848], [-89.25732781871477, 30.31127495054848], [-89.25732781871477, 30.26631900737279], [-89.21237187553908, 30.26631900737279], [-89.21237187553908, 30.221363064197103], [-89.16741593236338, 30.221363064197103], [-89.12245998918769, 30.221363064197103], [-89.12245998918769, 30.176407121021416], [-89.0325481028363, 30.176407121021416], [-88.98759215966061, 30.176407121021416], [-88.98759215966061, 30.131451177845726], [-88.94263621648491, 30.131451177845726], [-88.94263621648491, 30.08649523467004], [-88.89768027330922, 30.08649523467004], [-88.85272433013353, 30.08649523467004], [-88.85272433013353, 30.041539291494352], [-88.80776838695783, 30.041539291494352], [-88.80776838695783, 29.951627405142975], [-88.76281244378214, 29.951627405142975], [-88.76281244378214, 29.90667146196729], [-88.71785650060644, 29.90667146196729], [-88.71785650060644, 29.81675957561591], [-88.67290055743075, 29.81675957561591], [-88.67290055743075, 29.771803632440225], [-88.62794461425506, 29.771803632440225], [-88.62794461425506, 29.726847689264538], [-88.58298867107936, 29.726847689264538], [-88.58298867107936, 29.681891746088848], [-88.53803272790367, 29.681891746088848], [-88.53803272790367, 29.63693580291316], [-88.49307678472798, 29.63693580291316], [-88.49307678472798, 29.591979859737474], [-88.44812084155228, 29.591979859737474], [-88.44812084155228, 29.502067973386097], [-88.40316489837659, 29.502067973386097], [-88.40316489837659, 29.45711203021041], [-88.3582089552009, 29.45711203021041], [-88.3582089552009, 29.367200143859034], [-88.3132530120252, 29.367200143859034], [-88.3132530120252, 29.322244200683347], [-88.2682970688495, 29.322244200683347], [-88.2682970688495, 29.27728825750766], [-88.22334112567381, 29.27728825750766], [-88.22334112567381, 29.187376371156283], [-88.17838518249812, 29.187376371156283], [-88.17838518249812, 29.142420427980596], [-88.13342923932242, 29.142420427980596], [-88.13342923932242, 29.097464484804906], [-88.08847329614673, 29.097464484804906], [-88.08847329614673, 29.05250854162922], [-88.04351735297104, 29.05250854162922], [-87.99856140979534, 29.05250854162922], [-87.99856140979534, 29.007552598453533], [-87.95360546661965, 29.007552598453533], [-87.95360546661965, 28.917640712102155], [-87.90864952344396, 28.917640712102155], [-87.90864952344396, 28.87268476892647], [-87.86369358026826, 28.87268476892647], [-87.86369358026826, 28.82772882575078], [-87.81873763709257, 28.82772882575078], [-87.81873763709257, 28.737816939399405], [-87.77378169391687, 28.737816939399405], [-87.77378169391687, 28.692860996223715], [-87.72882575074118, 28.692860996223715], [-87.68386980756549, 28.692860996223715], [-87.68386980756549, 28.647905053048028], [-87.63891386438979, 28.647905053048028], [-87.63891386438979, 28.60294910987234], [-87.5939579212141, 28.60294910987234], [-87.5939579212141, 28.557993166696654], [-87.5490019780384, 28.557993166696654], [-87.5490019780384, 28.513037223520964], [-87.50404603486271, 28.513037223520964], [-87.45909009168702, 28.513037223520964], [-87.45909009168702, 28.42312533716959], [-87.41413414851132, 28.42312533716959], [-87.41413414851132, 28.3781693939939], [-87.36917820533563, 28.3781693939939], [-87.36917820533563, 28.333213450818214], [-87.32422226215994, 28.333213450818214], [-87.32422226215994, 28.288257507642527], [-87.27926631898424, 28.288257507642527], [-87.27926631898424, 28.243301564466837], [-87.23431037580855, 28.243301564466837], [-87.23431037580855, 28.19834562129115], [-87.18935443263285, 28.19834562129115], [-87.18935443263285, 28.153389678115463], [-87.14439848945716, 28.153389678115463], [-87.14439848945716, 28.108433734939773], [-87.09944254628147, 28.108433734939773], [-87.09944254628147, 28.063477791764086], [-87.05448660310577, 28.063477791764086], [-87.00953065993008, 28.063477791764086], [-87.00953065993008, 28.0185218485884], [-86.96457471675438, 28.0185218485884], [-86.96457471675438, 27.928609962237022], [-86.91961877357869, 27.928609962237022], [-86.91961877357869, 27.883654019061336], [-86.874662830403, 27.883654019061336], [-86.874662830403, 27.79374213270996], [-86.8297068872273, 27.79374213270996], [-86.8297068872273, 27.748786189534272], [-86.78475094405161, 27.748786189534272], [-86.78475094405161, 27.703830246358585], [-86.73979500087592, 27.703830246358585], [-86.73979500087592, 27.658874303182895], [-86.69483905770022, 27.658874303182895], [-86.69483905770022, 27.613918360007208], [-86.64988311452453, 27.613918360007208], [-86.64988311452453, 27.56896241683152], [-86.60492717134883, 27.56896241683152], [-86.60492717134883, 27.52400647365583], [-86.55997122817314, 27.52400647365583], [-86.55997122817314, 27.479050530480144], [-86.51501528499745, 27.479050530480144], [-86.51501528499745, 27.434094587304457], [-86.47005934182175, 27.434094587304457], [-86.47005934182175, 27.389138644128767], [-86.42510339864606, 27.389138644128767], [-86.42510339864606, 27.299226757777394], [-86.38014745547036, 27.299226757777394], [-86.38014745547036, 27.254270814601703], [-86.33519151229467, 27.254270814601703], [-86.33519151229467, 27.209314871426017], [-86.29023556911898, 27.209314871426017], [-86.29023556911898, 27.16435892825033], [-86.24527962594328, 27.16435892825033], [-86.24527962594328, 27.119402985074643], [-86.20032368276759, 27.119402985074643], [-86.20032368276759, 27.074447041898953], [-86.1553677395919, 27.074447041898953], [-86.1553677395919, 27.029491098723266], [-86.1104117964162, 27.029491098723266], [-86.1104117964162, 26.98453515554758], [-86.06545585324051, 26.98453515554758], [-86.06545585324051, 26.93957921237189], [-86.02049991006481, 26.93957921237189], [-85.97554396688912, 26.93957921237189], [-85.97554396688912, 26.849667326020516], [-85.93058802371343, 26.849667326020516], [-85.93058802371343, 26.804711382844825], [-85.88563208053773, 26.804711382844825], [-85.88563208053773, 26.75975543966914], [-85.84067613736204, 26.75975543966914], [-85.84067613736204, 26.714799496493452], [-85.79572019418634, 26.714799496493452], [-85.79572019418634, 26.66984355331776], [-85.75076425101065, 26.66984355331776], [-85.75076425101065, 26.624887610142075], [-85.70580830783496, 26.624887610142075], [-85.70580830783496, 26.579931666966388], [-85.66085236465926, 26.579931666966388], [-85.66085236465926, 26.5349757237907], [-85.61589642148357, 26.5349757237907], [-85.57094047830788, 26.5349757237907], [-85.57094047830788, 26.49001978061501], [-85.52598453513218, 26.49001978061501], [-85.52598453513218, 26.445063837439324], [-85.48102859195649, 26.445063837439324], [-85.48102859195649, 26.400107894263638], [-85.4360726487808, 26.400107894263638], [-85.4360726487808, 26.31019600791226], [-85.3911167056051, 26.31019600791226], [-85.3911167056051, 26.265240064736574], [-85.3461607624294, 26.265240064736574], [-85.3461607624294, 26.220284121560884], [-85.30120481925371, 26.220284121560884], [-85.30120481925371, 26.175328178385197], [-85.25624887607802, 26.175328178385197], [-85.25624887607802, 26.13037223520951], [-85.21129293290232, 26.13037223520951], [-85.16633698972663, 26.13037223520951], [-85.16633698972663, 26.08541629203382], [-85.12138104655094, 26.08541629203382], [-85.12138104655094, 26.040460348858133], [-85.07642510337524, 26.040460348858133], [-85.03146916019955, 26.040460348858133], [-85.03146916019955, 25.995504405682446], [-84.98651321702386, 25.995504405682446], [-84.98651321702386, 25.90559251933107], [-84.94155727384816, 25.90559251933107], [-84.94155727384816, 25.860636576155382], [-84.89660133067247, 25.860636576155382], [-84.89660133067247, 25.815680632979692], [-84.85164538749677, 25.815680632979692], [-84.80668944432108, 25.815680632979692], [-84.80668944432108, 25.770724689804005], [-84.76173350114539, 25.770724689804005], [-84.76173350114539, 25.72576874662832], [-84.671821614794, 25.72576874662832], [-84.6268656716183, 25.72576874662832], [-84.6268656716183, 25.680812803452632], [-84.58190972844261, 25.680812803452632], [-84.53695378526692, 25.680812803452632], [-84.53695378526692, 25.63585686027694], [-84.49199784209122, 25.63585686027694], [-84.44704189891553, 25.63585686027694], [-84.44704189891553, 25.590900917101255], [-84.40208595573984, 25.590900917101255], [-84.40208595573984, 25.545944973925568], [-84.35713001256414, 25.545944973925568], [-84.35713001256414, 25.141341485344377], [-84.31217406938845, 25.141341485344377], [-84.31217406938845, 24.467002337709058], [-84.35713001256414, 24.467002337709058], [-84.35713001256414, 24.01744290595218], [-84.40208595573984, 24.01744290595218], [-84.40208595573984, 23.972486962776493], [-84.44704189891553, 23.972486962776493]]]]}}, {"type": "Feature", "properties": {"shapefile": "2021082812_wsp34knt120hr_5km", "PERCENTAGE": ">90%"}, "geometry": {"type": "MultiPolygon", "coordinates": [[[[-85.52598453513218, 23.477971587843925], [-85.52598453513218, 23.61283941737099], [-85.57094047830788, 23.61283941737099], [-85.57094047830788, 23.702751303722366], [-85.61589642148357, 23.702751303722366], [-85.61589642148357, 23.79266319007374], [-85.66085236465926, 23.79266319007374], [-85.66085236465926, 23.83761913324943], [-85.70580830783496, 23.83761913324943], [-85.75076425101065, 23.83761913324943], [-85.75076425101065, 23.882575076425116], [-85.79572019418634, 23.882575076425116], [-85.84067613736204, 23.882575076425116], [-85.84067613736204, 23.927531019600803], [-85.88563208053773, 23.927531019600803], [-86.1553677395919, 23.927531019600803], [-86.1553677395919, 23.972486962776493], [-86.20032368276759, 23.972486962776493], [-86.51501528499745, 23.972486962776493], [-86.51501528499745, 24.01744290595218], [-86.55997122817314, 24.01744290595218], [-86.55997122817314, 24.152310735479244], [-86.60492717134883, 24.152310735479244], [-86.60492717134883, 24.24222262183062], [-86.64988311452453, 24.24222262183062], [-86.64988311452453, 24.332134508181994], [-86.69483905770022, 24.332134508181994], [-86.73979500087592, 24.332134508181994], [-86.73979500087592, 24.37709045135768], [-86.78475094405161, 24.37709045135768], [-86.8297068872273, 24.37709045135768], [-86.8297068872273, 24.42204639453337], [-86.874662830403, 24.42204639453337], [-86.96457471675438, 24.42204639453337], [-86.96457471675438, 24.467002337709058], [-87.00953065993008, 24.467002337709058], [-87.05448660310577, 24.467002337709058], [-87.05448660310577, 24.511958280884745], [-87.09944254628147, 24.511958280884745], [-87.14439848945716, 24.511958280884745], [-87.14439848945716, 24.60187016723612], [-87.18935443263285, 24.60187016723612], [-87.18935443263285, 24.6917820535875], [-87.23431037580855, 24.6917820535875], [-87.23431037580855, 24.736737996763186], [-87.27926631898424, 24.736737996763186], [-87.27926631898424, 24.781693939938872], [-87.32422226215994, 24.781693939938872], [-87.32422226215994, 24.826649883114563], [-87.36917820533563, 24.826649883114563], [-87.41413414851132, 24.826649883114563], [-87.41413414851132, 24.87160582629025], [-87.45909009168702, 24.87160582629025], [-87.50404603486271, 24.87160582629025], [-87.50404603486271, 24.916561769465936], [-87.5490019780384, 24.916561769465936], [-87.5939579212141, 24.916561769465936], [-87.5939579212141, 24.961517712641626], [-87.63891386438979, 24.961517712641626], [-87.68386980756549, 24.961517712641626], [-87.68386980756549, 25.006473655817313], [-87.72882575074118, 25.006473655817313], [-87.81873763709257, 25.006473655817313], [-87.81873763709257, 25.051429598993], [-87.86369358026826, 25.051429598993], [-87.86369358026826, 25.09638554216869], [-87.90864952344396, 25.09638554216869], [-87.90864952344396, 25.141341485344377], [-87.95360546661965, 25.141341485344377], [-87.95360546661965, 25.186297428520064], [-87.99856140979534, 25.186297428520064], [-87.99856140979534, 25.23125337169575], [-88.04351735297104, 25.23125337169575], [-88.04351735297104, 25.27620931487144], [-88.08847329614673, 25.27620931487144], [-88.08847329614673, 25.321165258047127], [-88.13342923932242, 25.321165258047127], [-88.13342923932242, 25.366121201222814], [-88.17838518249812, 25.366121201222814], [-88.17838518249812, 25.411077144398504], [-88.22334112567381, 25.411077144398504], [-88.3132530120252, 25.411077144398504], [-88.3132530120252, 25.45603308757419], [-88.3582089552009, 25.45603308757419], [-88.44812084155228, 25.45603308757419], [-88.44812084155228, 25.500989030749878], [-88.49307678472798, 25.500989030749878], [-88.53803272790367, 25.500989030749878], [-88.53803272790367, 25.545944973925568], [-88.58298867107936, 25.545944973925568], [-88.58298867107936, 25.63585686027694], [-88.62794461425506, 25.63585686027694], [-88.62794461425506, 25.680812803452632], [-88.67290055743075, 25.680812803452632], [-88.67290055743075, 25.72576874662832], [-88.71785650060644, 25.72576874662832], [-88.71785650060644, 25.770724689804005], [-88.76281244378214, 25.770724689804005], [-88.76281244378214, 25.815680632979692], [-88.80776838695783, 25.815680632979692], [-88.85272433013353, 25.815680632979692], [-88.85272433013353, 25.860636576155382], [-88.89768027330922, 25.860636576155382], [-88.98759215966061, 25.860636576155382], [-88.98759215966061, 25.90559251933107], [-89.0325481028363, 25.90559251933107], [-89.0325481028363, 25.950548462506756], [-89.077504046012, 25.950548462506756], [-89.12245998918769, 25.950548462506756], [-89.12245998918769, 25.995504405682446], [-89.16741593236338, 25.995504405682446], [-89.21237187553908, 25.995504405682446], [-89.21237187553908, 26.08541629203382], [-89.25732781871477, 26.08541629203382], [-89.25732781871477, 26.13037223520951], [-89.30228376189046, 26.13037223520951], [-89.30228376189046, 26.175328178385197], [-89.34723970506616, 26.175328178385197], [-89.34723970506616, 26.220284121560884], [-89.39219564824185, 26.220284121560884], [-89.39219564824185, 26.265240064736574], [-89.43715159141755, 26.265240064736574], [-89.48210753459324, 26.265240064736574], [-89.48210753459324, 26.31019600791226], [-89.52706347776893, 26.31019600791226], [-89.52706347776893, 26.355151951087947], [-89.57201942094463, 26.355151951087947], [-89.57201942094463, 26.400107894263638], [-89.61697536412032, 26.400107894263638], [-89.61697536412032, 26.445063837439324], [-89.66193130729602, 26.445063837439324], [-89.70688725047171, 26.445063837439324], [-89.70688725047171, 26.49001978061501], [-89.7518431936474, 26.49001978061501], [-89.7518431936474, 26.5349757237907], [-89.7967991368231, 26.5349757237907], [-89.7967991368231, 26.579931666966388], [-89.84175507999879, 26.579931666966388], [-89.84175507999879, 26.624887610142075], [-89.88671102317448, 26.624887610142075], [-89.88671102317448, 26.66984355331776], [-89.93166696635018, 26.66984355331776], [-89.93166696635018, 26.714799496493452], [-89.97662290952587, 26.714799496493452], [-89.97662290952587, 26.75975543966914], [-90.02157885270157, 26.75975543966914], [-90.02157885270157, 26.804711382844825], [-90.06653479587726, 26.804711382844825], [-90.06653479587726, 26.849667326020516], [-90.11149073905295, 26.849667326020516], [-90.11149073905295, 26.894623269196202], [-90.15644668222865, 26.894623269196202], [-90.20140262540434, 26.894623269196202], [-90.20140262540434, 26.93957921237189], [-90.24635856858004, 26.93957921237189], [-90.24635856858004, 26.98453515554758], [-90.29131451175573, 26.98453515554758], [-90.33627045493142, 26.98453515554758], [-90.33627045493142, 27.029491098723266], [-90.38122639810712, 27.029491098723266], [-90.38122639810712, 27.074447041898953], [-90.42618234128281, 27.074447041898953], [-90.42618234128281, 27.119402985074643], [-90.4711382844585, 27.119402985074643], [-90.4711382844585, 27.16435892825033], [-90.5160942276342, 27.16435892825033], [-90.5160942276342, 27.209314871426017], [-90.56105017080989, 27.209314871426017], [-90.56105017080989, 27.254270814601703], [-90.60600611398559, 27.254270814601703], [-90.60600611398559, 27.299226757777394], [-90.65096205716128, 27.299226757777394], [-90.65096205716128, 27.34418270095308], [-90.69591800033697, 27.34418270095308], [-90.69591800033697, 27.389138644128767], [-90.74087394351267, 27.389138644128767], [-90.78582988668836, 27.389138644128767], [-90.78582988668836, 27.434094587304457], [-90.83078582986406, 27.434094587304457], [-90.87574177303975, 27.434094587304457], [-90.87574177303975, 27.479050530480144], [-90.92069771621544, 27.479050530480144], [-90.96565365939114, 27.479050530480144], [-90.96565365939114, 27.52400647365583], [-91.01060960256683, 27.52400647365583], [-91.01060960256683, 27.613918360007208], [-91.05556554574252, 27.613918360007208], [-91.05556554574252, 27.658874303182895], [-91.10052148891822, 27.658874303182895], [-91.10052148891822, 27.703830246358585], [-91.14547743209391, 27.703830246358585], [-91.14547743209391, 27.748786189534272], [-91.1904333752696, 27.748786189534272], [-91.1904333752696, 27.79374213270996], [-91.2353893184453, 27.79374213270996], [-91.2353893184453, 27.83869807588565], [-91.280345261621, 27.83869807588565], [-91.280345261621, 27.883654019061336], [-91.32530120479669, 27.883654019061336], [-91.37025714797238, 27.883654019061336], [-91.37025714797238, 27.928609962237022], [-91.41521309114808, 27.928609962237022], [-91.41521309114808, 27.973565905412713], [-91.46016903432377, 27.973565905412713], [-91.50512497749946, 27.973565905412713], [-91.50512497749946, 28.063477791764086], [-91.55008092067516, 28.063477791764086], [-91.55008092067516, 28.153389678115463], [-91.59503686385085, 28.153389678115463], [-91.59503686385085, 28.19834562129115], [-91.63999280702654, 28.19834562129115], [-91.63999280702654, 28.288257507642527], [-91.68494875020224, 28.288257507642527], [-91.68494875020224, 28.333213450818214], [-91.72990469337793, 28.333213450818214], [-91.72990469337793, 28.3781693939939], [-91.77486063655363, 28.3781693939939], [-91.77486063655363, 28.42312533716959], [-91.81981657972932, 28.42312533716959], [-91.81981657972932, 28.468081280345277], [-91.86477252290501, 28.468081280345277], [-91.86477252290501, 28.513037223520964], [-91.90972846608071, 28.513037223520964], [-91.90972846608071, 28.557993166696654], [-91.9546844092564, 28.557993166696654], [-91.9546844092564, 28.647905053048028], [-91.9996403524321, 28.647905053048028], [-91.9996403524321, 28.737816939399405], [-92.04459629560779, 28.737816939399405], [-92.04459629560779, 28.82772882575078], [-92.08955223878348, 28.82772882575078], [-92.08955223878348, 28.917640712102155], [-92.13450818195918, 28.917640712102155], [-92.13450818195918, 29.007552598453533], [-92.17946412513487, 29.007552598453533], [-92.17946412513487, 29.097464484804906], [-92.22442006831056, 29.097464484804906], [-92.22442006831056, 29.23233231433197], [-92.26937601148626, 29.23233231433197], [-92.26937601148626, 29.367200143859034], [-92.31433195466195, 29.367200143859034], [-92.31433195466195, 29.45711203021041], [-92.35928789783765, 29.45711203021041], [-92.35928789783765, 29.771803632440225], [-92.40424384101334, 29.771803632440225], [-92.40424384101334, 30.08649523467004], [-92.35928789783765, 30.08649523467004], [-92.35928789783765, 30.26631900737279], [-92.31433195466195, 30.26631900737279], [-92.31433195466195, 30.446142780075544], [-92.26937601148626, 30.446142780075544], [-92.26937601148626, 30.581010609602608], [-92.22442006831056, 30.581010609602608], [-92.22442006831056, 30.71587843912967], [-92.17946412513487, 30.71587843912967], [-92.17946412513487, 30.850746268656735], [-92.13450818195918, 30.850746268656735], [-92.13450818195918, 30.94065815500811], [-92.08955223878348, 30.94065815500811], [-92.08955223878348, 31.030570041359486], [-92.04459629560779, 31.030570041359486], [-92.04459629560779, 31.075525984535172], [-91.9996403524321, 31.075525984535172], [-91.9996403524321, 31.12048192771086], [-91.9546844092564, 31.12048192771086], [-91.9546844092564, 31.16543787088655], [-91.86477252290501, 31.16543787088655], [-91.86477252290501, 31.210393814062236], [-91.77486063655363, 31.210393814062236], [-91.77486063655363, 31.255349757237923], [-91.68494875020224, 31.255349757237923], [-91.68494875020224, 31.300305700413613], [-91.59503686385085, 31.300305700413613], [-91.59503686385085, 31.3452616435893], [-91.50512497749946, 31.3452616435893], [-91.50512497749946, 31.390217586764987], [-91.32530120479669, 31.390217586764987], [-91.32530120479669, 31.3452616435893], [-91.01060960256683, 31.3452616435893], [-90.96565365939114, 31.3452616435893], [-90.96565365939114, 31.300305700413613], [-90.87574177303975, 31.300305700413613], [-90.83078582986406, 31.300305700413613], [-90.83078582986406, 31.255349757237923], [-90.78582988668836, 31.255349757237923], [-90.74087394351267, 31.255349757237923], [-90.74087394351267, 31.210393814062236], [-90.69591800033697, 31.210393814062236], [-90.65096205716128, 31.210393814062236], [-90.65096205716128, 31.16543787088655], [-90.60600611398559, 31.16543787088655], [-90.56105017080989, 31.16543787088655], [-90.56105017080989, 31.12048192771086], [-90.5160942276342, 31.12048192771086], [-90.4711382844585, 31.12048192771086], [-90.4711382844585, 31.075525984535172], [-90.42618234128281, 31.075525984535172], [-90.42618234128281, 31.030570041359486], [-90.38122639810712, 31.030570041359486], [-90.38122639810712, 30.94065815500811], [-90.33627045493142, 30.94065815500811], [-90.33627045493142, 30.895702211832422], [-90.29131451175573, 30.895702211832422], [-90.29131451175573, 30.850746268656735], [-90.24635856858004, 30.850746268656735], [-90.24635856858004, 30.760834382305358], [-90.20140262540434, 30.760834382305358], [-90.20140262540434, 30.71587843912967], [-90.15644668222865, 30.71587843912967], [-90.15644668222865, 30.67092249595398], [-90.11149073905295, 30.67092249595398], [-90.11149073905295, 30.625966552778294], [-90.06653479587726, 30.625966552778294], [-90.06653479587726, 30.581010609602608], [-90.02157885270157, 30.581010609602608], [-90.02157885270157, 30.536054666426917], [-89.97662290952587, 30.536054666426917], [-89.97662290952587, 30.446142780075544], [-89.93166696635018, 30.446142780075544], [-89.93166696635018, 30.356230893724167], [-89.88671102317448, 30.356230893724167], [-89.88671102317448, 30.31127495054848], [-89.84175507999879, 30.31127495054848], [-89.84175507999879, 30.221363064197103], [-89.7967991368231, 30.221363064197103], [-89.7967991368231, 30.131451177845726], [-89.7518431936474, 30.131451177845726], [-89.7518431936474, 30.08649523467004], [-89.70688725047171, 30.08649523467004], [-89.70688725047171, 29.996583348318666], [-89.66193130729602, 29.996583348318666], [-89.66193130729602, 29.951627405142975], [-89.61697536412032, 29.951627405142975], [-89.57201942094463, 29.951627405142975], [-89.57201942094463, 29.90667146196729], [-89.52706347776893, 29.90667146196729], [-89.52706347776893, 29.861715518791602], [-89.43715159141755, 29.861715518791602], [-89.39219564824185, 29.861715518791602], [-89.39219564824185, 29.81675957561591], [-89.34723970506616, 29.81675957561591], [-89.30228376189046, 29.81675957561591], [-89.30228376189046, 29.771803632440225], [-89.21237187553908, 29.771803632440225], [-89.16741593236338, 29.771803632440225], [-89.16741593236338, 29.726847689264538], [-89.12245998918769, 29.726847689264538], [-89.077504046012, 29.726847689264538], [-89.077504046012, 29.681891746088848], [-89.0325481028363, 29.681891746088848], [-88.98759215966061, 29.681891746088848], [-88.98759215966061, 29.63693580291316], [-88.94263621648491, 29.63693580291316], [-88.94263621648491, 29.591979859737474], [-88.89768027330922, 29.591979859737474], [-88.89768027330922, 29.502067973386097], [-88.85272433013353, 29.502067973386097], [-88.85272433013353, 29.412156087034724], [-88.80776838695783, 29.412156087034724], [-88.80776838695783, 29.367200143859034], [-88.76281244378214, 29.367200143859034], [-88.76281244378214, 29.27728825750766], [-88.71785650060644, 29.27728825750766], [-88.71785650060644, 29.23233231433197], [-88.67290055743075, 29.23233231433197], [-88.67290055743075, 29.187376371156283], [-88.62794461425506, 29.187376371156283], [-88.62794461425506, 29.142420427980596], [-88.58298867107936, 29.142420427980596], [-88.58298867107936, 29.097464484804906], [-88.53803272790367, 29.097464484804906], [-88.53803272790367, 29.05250854162922], [-88.49307678472798, 29.05250854162922], [-88.49307678472798, 29.007552598453533], [-88.44812084155228, 29.007552598453533], [-88.44812084155228, 28.962596655277842], [-88.40316489837659, 28.962596655277842], [-88.40316489837659, 28.917640712102155], [-88.3582089552009, 28.917640712102155], [-88.3582089552009, 28.82772882575078], [-88.3132530120252, 28.82772882575078], [-88.3132530120252, 28.78277288257509], [-88.2682970688495, 28.78277288257509], [-88.2682970688495, 28.737816939399405], [-88.22334112567381, 28.737816939399405], [-88.22334112567381, 28.692860996223715], [-88.17838518249812, 28.692860996223715], [-88.17838518249812, 28.647905053048028], [-88.13342923932242, 28.647905053048028], [-88.13342923932242, 28.60294910987234], [-88.08847329614673, 28.60294910987234], [-88.04351735297104, 28.60294910987234], [-88.04351735297104, 28.557993166696654], [-87.99856140979534, 28.557993166696654], [-87.99856140979534, 28.513037223520964], [-87.95360546661965, 28.513037223520964], [-87.95360546661965, 28.468081280345277], [-87.90864952344396, 28.468081280345277], [-87.90864952344396, 28.42312533716959], [-87.86369358026826, 28.42312533716959], [-87.86369358026826, 28.3781693939939], [-87.81873763709257, 28.3781693939939], [-87.81873763709257, 28.333213450818214], [-87.77378169391687, 28.333213450818214], [-87.77378169391687, 28.288257507642527], [-87.72882575074118, 28.288257507642527], [-87.72882575074118, 28.243301564466837], [-87.68386980756549, 28.243301564466837], [-87.63891386438979, 28.243301564466837], [-87.63891386438979, 28.19834562129115], [-87.5939579212141, 28.19834562129115], [-87.5939579212141, 28.153389678115463], [-87.5490019780384, 28.153389678115463], [-87.50404603486271, 28.153389678115463], [-87.50404603486271, 28.108433734939773], [-87.45909009168702, 28.108433734939773], [-87.45909009168702, 28.063477791764086], [-87.41413414851132, 28.063477791764086], [-87.41413414851132, 28.0185218485884], [-87.36917820533563, 28.0185218485884], [-87.36917820533563, 27.928609962237022], [-87.32422226215994, 27.928609962237022], [-87.32422226215994, 27.883654019061336], [-87.27926631898424, 27.883654019061336], [-87.27926631898424, 27.83869807588565], [-87.23431037580855, 27.83869807588565], [-87.23431037580855, 27.79374213270996], [-87.18935443263285, 27.79374213270996], [-87.18935443263285, 27.748786189534272], [-87.14439848945716, 27.748786189534272], [-87.14439848945716, 27.703830246358585], [-87.09944254628147, 27.703830246358585], [-87.09944254628147, 27.658874303182895], [-87.05448660310577, 27.658874303182895], [-87.05448660310577, 27.613918360007208], [-87.00953065993008, 27.613918360007208], [-87.00953065993008, 27.56896241683152], [-86.96457471675438, 27.56896241683152], [-86.96457471675438, 27.52400647365583], [-86.91961877357869, 27.52400647365583], [-86.91961877357869, 27.479050530480144], [-86.874662830403, 27.479050530480144], [-86.874662830403, 27.389138644128767], [-86.8297068872273, 27.389138644128767], [-86.8297068872273, 27.34418270095308], [-86.78475094405161, 27.34418270095308], [-86.78475094405161, 27.299226757777394], [-86.73979500087592, 27.299226757777394], [-86.73979500087592, 27.254270814601703], [-86.69483905770022, 27.254270814601703], [-86.69483905770022, 27.209314871426017], [-86.64988311452453, 27.209314871426017], [-86.64988311452453, 27.16435892825033], [-86.60492717134883, 27.16435892825033], [-86.55997122817314, 27.16435892825033], [-86.55997122817314, 27.119402985074643], [-86.51501528499745, 27.119402985074643], [-86.51501528499745, 27.074447041898953], [-86.47005934182175, 27.074447041898953], [-86.47005934182175, 27.029491098723266], [-86.42510339864606, 27.029491098723266], [-86.42510339864606, 26.98453515554758], [-86.38014745547036, 26.98453515554758], [-86.38014745547036, 26.93957921237189], [-86.33519151229467, 26.93957921237189], [-86.33519151229467, 26.849667326020516], [-86.29023556911898, 26.849667326020516], [-86.29023556911898, 26.804711382844825], [-86.24527962594328, 26.804711382844825], [-86.24527962594328, 26.75975543966914], [-86.20032368276759, 26.75975543966914], [-86.1553677395919, 26.75975543966914], [-86.1553677395919, 26.714799496493452], [-86.1104117964162, 26.714799496493452], [-86.1104117964162, 26.66984355331776], [-86.06545585324051, 26.66984355331776], [-86.02049991006481, 26.66984355331776], [-86.02049991006481, 26.624887610142075], [-85.97554396688912, 26.624887610142075], [-85.93058802371343, 26.624887610142075], [-85.93058802371343, 26.579931666966388], [-85.88563208053773, 26.579931666966388], [-85.88563208053773, 26.5349757237907], [-85.84067613736204, 26.5349757237907], [-85.84067613736204, 26.445063837439324], [-85.79572019418634, 26.445063837439324], [-85.79572019418634, 26.400107894263638], [-85.75076425101065, 26.400107894263638], [-85.75076425101065, 26.355151951087947], [-85.70580830783496, 26.355151951087947], [-85.70580830783496, 26.31019600791226], [-85.66085236465926, 26.31019600791226], [-85.66085236465926, 26.265240064736574], [-85.61589642148357, 26.265240064736574], [-85.57094047830788, 26.265240064736574], [-85.57094047830788, 26.220284121560884], [-85.52598453513218, 26.220284121560884], [-85.48102859195649, 26.220284121560884], [-85.48102859195649, 26.175328178385197], [-85.4360726487808, 26.175328178385197], [-85.4360726487808, 26.13037223520951], [-85.3911167056051, 26.13037223520951], [-85.3911167056051, 26.08541629203382], [-85.3461607624294, 26.08541629203382], [-85.3461607624294, 26.040460348858133], [-85.30120481925371, 26.040460348858133], [-85.25624887607802, 26.040460348858133], [-85.25624887607802, 25.950548462506756], [-85.21129293290232, 25.950548462506756], [-85.21129293290232, 25.90559251933107], [-85.16633698972663, 25.90559251933107], [-85.16633698972663, 25.815680632979692], [-85.12138104655094, 25.815680632979692], [-85.07642510337524, 25.815680632979692], [-85.07642510337524, 25.770724689804005], [-85.03146916019955, 25.770724689804005], [-84.98651321702386, 25.770724689804005], [-84.98651321702386, 25.72576874662832], [-84.94155727384816, 25.72576874662832], [-84.94155727384816, 25.680812803452632], [-84.89660133067247, 25.680812803452632], [-84.85164538749677, 25.680812803452632], [-84.85164538749677, 25.63585686027694], [-84.71677755796969, 25.63585686027694], [-84.671821614794, 25.63585686027694], [-84.671821614794, 25.590900917101255], [-84.53695378526692, 25.590900917101255], [-84.49199784209122, 25.590900917101255], [-84.49199784209122, 25.545944973925568], [-84.44704189891553, 25.545944973925568], [-84.44704189891553, 25.500989030749878], [-84.40208595573984, 25.500989030749878], [-84.40208595573984, 24.062398849127867], [-84.44704189891553, 24.062398849127867], [-84.44704189891553, 23.972486962776493], [-84.80668944432108, 23.972486962776493], [-84.80668944432108, 23.927531019600803], [-85.12138104655094, 23.927531019600803], [-85.12138104655094, 23.882575076425116], [-85.21129293290232, 23.882575076425116], [-85.21129293290232, 23.83761913324943], [-85.30120481925371, 23.83761913324943], [-85.30120481925371, 23.79266319007374], [-85.3461607624294, 23.79266319007374], [-85.3461607624294, 23.702751303722366], [-85.3911167056051, 23.702751303722366], [-85.3911167056051, 23.567883474195302], [-85.4360726487808, 23.567883474195302], [-85.4360726487808, 23.477971587843925], [-85.52598453513218, 23.477971587843925]]]]}}]}