{"type": "FeatureCollection", "features": [{"type": "Feature", "properties": {"shapefile": "2021082806_wsp50knt120hr_5km", "PERCENTAGE": "<5%"}, "geometry": {"type": "MultiPolygon", "coordinates": [[[[-95.23646826108205, 30.401186836899853], [-95.23646826108205, 30.895702211832422], [-95.19151231790636, 30.895702211832422], [-95.19151231790636, 31.210393814062236], [-95.14655637473066, 31.210393814062236], [-95.14655637473066, 31.390217586764987], [-95.10160043155497, 31.390217586764987], [-95.10160043155497, 31.52508541629205], [-95.05664448837928, 31.52508541629205], [-95.05664448837928, 31.659953245819114], [-95.01168854520358, 31.659953245819114], [-95.01168854520358, 31.794821075346178], [-94.96673260202789, 31.794821075346178], [-94.96673260202789, 31.92968890487324], [-94.9217766588522, 31.92968890487324], [-94.9217766588522, 32.064556734400306], [-94.8768207156765, 32.064556734400306], [-94.8768207156765, 32.154468620751686], [-94.83186477250081, 32.154468620751686], [-94.78690882932511, 32.33429239345443], [-94.69699694297373, 32.37924833663012], [-94.69699694297373, 32.4691602229815], [-94.60708505662234, 32.51411616615718], [-94.60708505662234, 32.60402805250856], [-94.47221722709526, 32.693939938859934], [-94.47221722709526, 32.783851825211315], [-94.38230534074387, 32.828807768386994], [-94.38230534074387, 32.87376371156269], [-94.33734939756818, 32.87376371156269], [-94.33734939756818, 32.918719654738375], [-94.29239345439248, 32.918719654738375], [-94.29239345439248, 32.96367559791406], [-94.24743751121679, 32.96367559791406], [-94.24743751121679, 33.00863154108975], [-94.2024815680411, 33.00863154108975], [-94.1125696816897, 33.143499370616816], [-94.02265779533832, 33.143499370616816], [-94.02265779533832, 33.1884553137925], [-93.97770185216262, 33.1884553137925], [-93.97770185216262, 33.23341125696819], [-93.93274590898693, 33.23341125696819], [-93.93274590898693, 33.278367200143876], [-93.79787807945985, 33.36827908649525], [-93.79787807945985, 33.41323502967094], [-93.70796619310846, 33.41323502967094], [-93.61805430675707, 33.548102859198], [-93.52814242040569, 33.548102859198], [-93.4382305340543, 33.68297068872507], [-93.34831864770291, 33.68297068872507], [-93.34831864770291, 33.72792663190076], [-93.30336270452722, 33.72792663190076], [-93.30336270452722, 33.772882575076444], [-93.21345081817583, 33.772882575076444], [-93.16849487500014, 33.86279446142782], [-92.98867110229736, 33.907750404603505], [-92.98867110229736, 33.9527063477792], [-92.85380327277028, 33.9527063477792], [-92.85380327277028, 33.997662290954885], [-92.76389138641889, 33.997662290954885], [-92.76389138641889, 34.04261823413057], [-92.62902355689181, 34.04261823413057], [-92.62902355689181, 34.08757417730626], [-92.49415572736473, 34.08757417730626], [-92.49415572736473, 34.132530120481945], [-92.35928789783765, 34.132530120481945], [-92.35928789783765, 34.17748606365763], [-92.22442006831056, 34.17748606365763], [-92.22442006831056, 34.22244200683332], [-91.9546844092564, 34.26739795000901], [-91.9546844092564, 34.3123538931847], [-91.77486063655363, 34.3123538931847], [-91.77486063655363, 34.357309836360386], [-91.41521309114808, 34.357309836360386], [-91.41521309114808, 34.40226577953607], [-91.1904333752696, 34.40226577953607], [-91.1904333752696, 34.357309836360386], [-89.7967991368231, 34.357309836360386], [-89.7967991368231, 34.3123538931847], [-89.12245998918769, 34.26739795000901], [-89.12245998918769, 34.22244200683332], [-88.85272433013353, 34.17748606365763], [-88.80776838695783, 34.08757417730626], [-88.71785650060644, 34.08757417730626], [-88.67290055743075, 33.997662290954885], [-88.58298867107936, 33.997662290954885], [-88.58298867107936, 33.9527063477792], [-88.53803272790367, 33.9527063477792], [-88.53803272790367, 33.907750404603505], [-88.49307678472798, 33.907750404603505], [-88.40316489837659, 33.772882575076444], [-88.3132530120252, 33.772882575076444], [-88.3132530120252, 33.72792663190076], [-88.2682970688495, 33.72792663190076], [-88.2682970688495, 33.68297068872507], [-88.22334112567381, 33.68297068872507], [-88.13342923932242, 33.548102859198], [-88.04351735297104, 33.548102859198], [-88.04351735297104, 33.50314691602232], [-87.99856140979534, 33.50314691602232], [-87.99856140979534, 33.45819097284663], [-87.86369358026826, 33.36827908649525], [-87.86369358026826, 33.278367200143876], [-87.77378169391687, 33.23341125696819], [-87.77378169391687, 33.143499370616816], [-87.72882575074118, 33.143499370616816], [-87.72882575074118, 33.00863154108975], [-87.68386980756549, 33.00863154108975], [-87.68386980756549, 32.73889588203562], [-87.63891386438979, 32.73889588203562], [-87.63891386438979, 32.42420427980581], [-87.5939579212141, 32.42420427980581], [-87.5939579212141, 32.199424563927366], [-87.5490019780384, 32.199424563927366], [-87.5490019780384, 32.064556734400306], [-87.50404603486271, 32.064556734400306], [-87.50404603486271, 31.884732961697555], [-87.45909009168702, 31.884732961697555], [-87.45909009168702, 31.74986513217049], [-87.41413414851132, 31.74986513217049], [-87.41413414851132, 31.570041359467737], [-87.36917820533563, 31.570041359467737], [-87.32422226215994, 31.16543787088655], [-87.27926631898424, 31.16543787088655], [-87.27926631898424, 31.030570041359486], [-87.23431037580855, 31.030570041359486], [-87.23431037580855, 30.94065815500811], [-87.18935443263285, 30.94065815500811], [-87.18935443263285, 30.805790325481045], [-87.14439848945716, 30.805790325481045], [-87.14439848945716, 30.71587843912967], [-87.09944254628147, 30.71587843912967], [-87.09944254628147, 30.625966552778294], [-87.05448660310577, 30.625966552778294], [-87.05448660310577, 30.536054666426917], [-87.00953065993008, 30.536054666426917], [-87.00953065993008, 30.446142780075544], [-86.96457471675438, 30.446142780075544], [-86.96457471675438, 30.356230893724167], [-86.91961877357869, 30.356230893724167], [-86.91961877357869, 30.26631900737279], [-86.874662830403, 30.26631900737279], [-86.874662830403, 30.176407121021416], [-86.8297068872273, 30.176407121021416], [-86.8297068872273, 30.08649523467004], [-86.78475094405161, 30.08649523467004], [-86.78475094405161, 29.996583348318666], [-86.73979500087592, 29.996583348318666], [-86.73979500087592, 29.90667146196729], [-86.69483905770022, 29.90667146196729], [-86.69483905770022, 29.81675957561591], [-86.64988311452453, 29.81675957561591], [-86.64988311452453, 29.726847689264538], [-86.60492717134883, 29.726847689264538], [-86.60492717134883, 29.63693580291316], [-86.55997122817314, 29.63693580291316], [-86.55997122817314, 29.547023916561784], [-86.47005934182175, 29.502067973386097], [-86.47005934182175, 29.412156087034724], [-86.38014745547036, 29.367200143859034], [-86.38014745547036, 29.27728825750766], [-86.33519151229467, 29.27728825750766], [-86.33519151229467, 29.23233231433197], [-86.29023556911898, 29.23233231433197], [-86.29023556911898, 29.187376371156283], [-86.1553677395919, 29.097464484804906], [-86.1553677395919, 29.007552598453533], [-86.1104117964162, 29.007552598453533], [-86.1104117964162, 28.962596655277842], [-86.06545585324051, 28.962596655277842], [-86.06545585324051, 28.917640712102155], [-86.02049991006481, 28.917640712102155], [-86.02049991006481, 28.87268476892647], [-85.97554396688912, 28.87268476892647], [-85.97554396688912, 28.82772882575078], [-85.93058802371343, 28.82772882575078], [-85.93058802371343, 28.78277288257509], [-85.88563208053773, 28.78277288257509], [-85.88563208053773, 28.737816939399405], [-85.84067613736204, 28.737816939399405], [-85.84067613736204, 28.692860996223715], [-85.79572019418634, 28.692860996223715], [-85.79572019418634, 28.647905053048028], [-85.66085236465926, 28.557993166696654], [-85.66085236465926, 28.468081280345277], [-85.61589642148357, 28.468081280345277], [-85.61589642148357, 28.42312533716959], [-85.48102859195649, 28.333213450818214], [-85.48102859195649, 28.243301564466837], [-85.3461607624294, 28.153389678115463], [-85.3461607624294, 28.063477791764086], [-85.21129293290232, 27.973565905412713], [-85.21129293290232, 27.883654019061336], [-85.16633698972663, 27.883654019061336], [-85.16633698972663, 27.83869807588565], [-85.03146916019955, 27.748786189534272], [-85.03146916019955, 27.658874303182895], [-84.98651321702386, 27.658874303182895], [-84.98651321702386, 27.613918360007208], [-84.85164538749677, 27.52400647365583], [-84.85164538749677, 27.434094587304457], [-84.80668944432108, 27.434094587304457], [-84.80668944432108, 27.389138644128767], [-84.671821614794, 27.299226757777394], [-84.671821614794, 27.209314871426017], [-84.6268656716183, 27.209314871426017], [-84.6268656716183, 27.16435892825033], [-84.49199784209122, 27.074447041898953], [-84.49199784209122, 26.98453515554758], [-84.40208595573984, 26.93957921237189], [-84.35713001256414, 26.75975543966914], [-84.26721812621275, 26.714799496493452], [-84.26721812621275, 26.624887610142075], [-84.22226218303706, 26.624887610142075], [-84.22226218303706, 26.5349757237907], [-84.17730623986137, 26.5349757237907], [-84.17730623986137, 26.445063837439324], [-84.13235029668567, 26.445063837439324], [-84.13235029668567, 26.31019600791226], [-84.08739435350998, 26.31019600791226], [-84.08739435350998, 26.175328178385197], [-84.04243841033428, 26.175328178385197], [-84.04243841033428, 26.040460348858133], [-83.99748246715859, 26.040460348858133], [-83.9525265239829, 25.770724689804005], [-83.9075705808072, 25.770724689804005], [-83.9075705808072, 25.680812803452632], [-83.86261463763151, 25.680812803452632], [-83.81765869445582, 25.411077144398504], [-83.77270275128012, 25.411077144398504], [-83.77270275128012, 25.321165258047127], [-83.72774680810443, 25.321165258047127], [-83.72774680810443, 25.186297428520064], [-83.68279086492873, 25.186297428520064], [-83.68279086492873, 25.09638554216869], [-83.63783492175304, 25.09638554216869], [-83.63783492175304, 25.006473655817313], [-83.59287897857735, 25.006473655817313], [-83.59287897857735, 24.916561769465936], [-83.54792303540165, 24.916561769465936], [-83.54792303540165, 24.826649883114563], [-83.50296709222596, 24.826649883114563], [-83.50296709222596, 24.736737996763186], [-83.45801114905026, 24.736737996763186], [-83.45801114905026, 24.60187016723612], [-83.41305520587457, 24.60187016723612], [-83.41305520587457, 24.467002337709058], [-83.36809926269888, 24.467002337709058], [-83.36809926269888, 24.332134508181994], [-83.32314331952318, 24.332134508181994], [-83.32314331952318, 24.062398849127867], [-83.27818737634749, 24.062398849127867], [-83.27818737634749, 23.702751303722366], [-83.32314331952318, 23.702751303722366], [-83.32314331952318, 23.477971587843925], [-83.36809926269888, 23.477971587843925], [-83.36809926269888, 23.34310375831686], [-83.41305520587457, 23.34310375831686], [-83.41305520587457, 23.208235928789797], [-83.45801114905026, 23.208235928789797], [-83.45801114905026, 23.118324042438424], [-83.54792303540165, 23.073368099262733], [-83.54792303540165, 22.98345621291136], [-83.59287897857735, 22.98345621291136], [-83.59287897857735, 22.93850026973567], [-83.63783492175304, 22.93850026973567], [-83.63783492175304, 22.893544326559983], [-83.77270275128012, 22.80363244020861], [-83.77270275128012, 22.75867649703292], [-83.86261463763151, 22.75867649703292], [-83.9525265239829, 22.623808667505855], [-84.04243841033428, 22.623808667505855], [-84.04243841033428, 22.57885272433017], [-84.13235029668567, 22.57885272433017], [-84.13235029668567, 22.533896781154482], [-84.26721812621275, 22.533896781154482], [-84.26721812621275, 22.48894083797879], [-84.49199784209122, 22.48894083797879], [-84.49199784209122, 22.443984894803105], [-84.98651321702386, 22.443984894803105], [-84.98651321702386, 22.48894083797879], [-85.3911167056051, 22.533896781154482], [-85.3911167056051, 22.57885272433017], [-85.48102859195649, 22.57885272433017], [-85.48102859195649, 22.623808667505855], [-85.75076425101065, 22.668764610681546], [-85.75076425101065, 22.713720553857232], [-85.84067613736204, 22.713720553857232], [-85.84067613736204, 22.75867649703292], [-86.1104117964162, 22.80363244020861], [-86.1104117964162, 22.848588383384296], [-86.20032368276759, 22.848588383384296], [-86.20032368276759, 22.893544326559983], [-86.47005934182175, 22.93850026973567], [-86.47005934182175, 22.98345621291136], [-86.60492717134883, 22.98345621291136], [-86.60492717134883, 23.028412156087047], [-87.00953065993008, 23.073368099262733], [-87.00953065993008, 23.118324042438424], [-87.18935443263285, 23.118324042438424], [-87.18935443263285, 23.16327998561411], [-87.45909009168702, 23.16327998561411], [-87.45909009168702, 23.208235928789797], [-87.95360546661965, 23.253191871965488], [-87.95360546661965, 23.298147815141174], [-88.22334112567381, 23.34310375831686], [-88.22334112567381, 23.38805970149255], [-88.3132530120252, 23.38805970149255], [-88.3132530120252, 23.433015644668238], [-88.40316489837659, 23.433015644668238], [-88.40316489837659, 23.477971587843925], [-88.53803272790367, 23.477971587843925], [-88.53803272790367, 23.522927531019615], [-88.62794461425506, 23.522927531019615], [-88.62794461425506, 23.567883474195302], [-88.71785650060644, 23.567883474195302], [-88.71785650060644, 23.61283941737099], [-88.85272433013353, 23.61283941737099], [-88.85272433013353, 23.65779536054668], [-88.94263621648491, 23.65779536054668], [-88.94263621648491, 23.702751303722366], [-89.0325481028363, 23.702751303722366], [-89.0325481028363, 23.747707246898052], [-89.16741593236338, 23.747707246898052], [-89.16741593236338, 23.79266319007374], [-89.25732781871477, 23.79266319007374], [-89.25732781871477, 23.83761913324943], [-89.34723970506616, 23.83761913324943], [-89.34723970506616, 23.882575076425116], [-89.52706347776893, 23.927531019600803], [-89.52706347776893, 23.972486962776493], [-89.57201942094463, 23.972486962776493], [-89.57201942094463, 24.01744290595218], [-89.66193130729602, 24.01744290595218], [-89.70688725047171, 24.107354792303557], [-89.7967991368231, 24.107354792303557], [-89.7967991368231, 24.152310735479244], [-89.84175507999879, 24.152310735479244], [-89.93166696635018, 24.287178565006307], [-90.02157885270157, 24.287178565006307], [-90.02157885270157, 24.332134508181994], [-90.06653479587726, 24.332134508181994], [-90.06653479587726, 24.37709045135768], [-90.15644668222865, 24.37709045135768], [-90.20140262540434, 24.467002337709058], [-90.29131451175573, 24.467002337709058], [-90.33627045493142, 24.556914224060435], [-90.5160942276342, 24.60187016723612], [-90.56105017080989, 24.6917820535875], [-90.65096205716128, 24.6917820535875], [-90.65096205716128, 24.736737996763186], [-90.83078582986406, 24.781693939938872], [-90.83078582986406, 24.826649883114563], [-90.92069771621544, 24.826649883114563], [-90.92069771621544, 24.87160582629025], [-91.10052148891822, 24.916561769465936], [-91.10052148891822, 24.961517712641626], [-91.1904333752696, 24.961517712641626], [-91.1904333752696, 25.006473655817313], [-91.37025714797238, 25.051429598993], [-91.37025714797238, 25.09638554216869], [-91.46016903432377, 25.09638554216869], [-91.46016903432377, 25.141341485344377], [-91.59503686385085, 25.141341485344377], [-91.59503686385085, 25.186297428520064], [-91.68494875020224, 25.186297428520064], [-91.68494875020224, 25.23125337169575], [-91.77486063655363, 25.23125337169575], [-91.77486063655363, 25.27620931487144], [-91.86477252290501, 25.27620931487144], [-91.86477252290501, 25.321165258047127], [-91.9546844092564, 25.321165258047127], [-91.9546844092564, 25.366121201222814], [-92.13450818195918, 25.411077144398504], [-92.17946412513487, 25.500989030749878], [-92.35928789783765, 25.545944973925568], [-92.35928789783765, 25.590900917101255], [-92.40424384101334, 25.590900917101255], [-92.40424384101334, 25.63585686027694], [-92.49415572736473, 25.63585686027694], [-92.49415572736473, 25.680812803452632], [-92.53911167054042, 25.680812803452632], [-92.53911167054042, 25.72576874662832], [-92.58406761371612, 25.72576874662832], [-92.58406761371612, 25.770724689804005], [-92.62902355689181, 25.770724689804005], [-92.7189354432432, 25.90559251933107], [-92.80884732959458, 25.90559251933107], [-92.80884732959458, 25.950548462506756], [-92.85380327277028, 25.950548462506756], [-92.85380327277028, 25.995504405682446], [-92.89875921594597, 25.995504405682446], [-92.98867110229736, 26.13037223520951], [-93.07858298864875, 26.13037223520951], [-93.07858298864875, 26.175328178385197], [-93.12353893182444, 26.175328178385197], [-93.12353893182444, 26.220284121560884], [-93.16849487500014, 26.220284121560884], [-93.16849487500014, 26.265240064736574], [-93.21345081817583, 26.265240064736574], [-93.21345081817583, 26.31019600791226], [-93.25840676135152, 26.31019600791226], [-93.25840676135152, 26.355151951087947], [-93.30336270452722, 26.355151951087947], [-93.30336270452722, 26.400107894263638], [-93.4382305340543, 26.49001978061501], [-93.4382305340543, 26.579931666966388], [-93.48318647722999, 26.579931666966388], [-93.48318647722999, 26.624887610142075], [-93.52814242040569, 26.624887610142075], [-93.52814242040569, 26.66984355331776], [-93.57309836358138, 26.66984355331776], [-93.57309836358138, 26.714799496493452], [-93.61805430675707, 26.714799496493452], [-93.61805430675707, 26.75975543966914], [-93.66301024993277, 26.75975543966914], [-93.66301024993277, 26.804711382844825], [-93.70796619310846, 26.804711382844825], [-93.70796619310846, 26.849667326020516], [-93.75292213628416, 26.849667326020516], [-93.75292213628416, 26.894623269196202], [-93.88778996581124, 26.98453515554758], [-93.88778996581124, 27.074447041898953], [-93.93274590898693, 27.074447041898953], [-93.93274590898693, 27.119402985074643], [-93.97770185216262, 27.119402985074643], [-93.97770185216262, 27.16435892825033], [-94.1125696816897, 27.254270814601703], [-94.1125696816897, 27.34418270095308], [-94.2024815680411, 27.389138644128767], [-94.2024815680411, 27.479050530480144], [-94.29239345439248, 27.52400647365583], [-94.29239345439248, 27.613918360007208], [-94.38230534074387, 27.658874303182895], [-94.38230534074387, 27.748786189534272], [-94.47221722709526, 27.79374213270996], [-94.47221722709526, 27.883654019061336], [-94.60708505662234, 27.973565905412713], [-94.60708505662234, 28.063477791764086], [-94.65204099979803, 28.063477791764086], [-94.65204099979803, 28.108433734939773], [-94.69699694297373, 28.108433734939773], [-94.69699694297373, 28.19834562129115], [-94.78690882932511, 28.243301564466837], [-94.78690882932511, 28.333213450818214], [-94.83186477250081, 28.333213450818214], [-94.83186477250081, 28.42312533716959], [-94.8768207156765, 28.42312533716959], [-94.8768207156765, 28.513037223520964], [-94.9217766588522, 28.513037223520964], [-94.9217766588522, 28.60294910987234], [-94.96673260202789, 28.60294910987234], [-94.96673260202789, 28.737816939399405], [-95.01168854520358, 28.737816939399405], [-95.01168854520358, 28.87268476892647], [-95.05664448837928, 28.87268476892647], [-95.05664448837928, 29.05250854162922], [-95.10160043155497, 29.05250854162922], [-95.10160043155497, 29.502067973386097], [-95.14655637473066, 29.502067973386097], [-95.14655637473066, 29.861715518791602], [-95.19151231790636, 29.861715518791602], [-95.19151231790636, 30.401186836899853], [-95.23646826108205, 30.401186836899853]], [[-94.2024815680411, 29.951627405142975], [-94.1575256248654, 29.951627405142975], [-94.1575256248654, 29.591979859737474], [-94.1125696816897, 29.591979859737474], [-94.1125696816897, 29.367200143859034], [-94.06761373851401, 29.367200143859034], [-94.06761373851401, 29.187376371156283], [-94.02265779533832, 29.187376371156283], [-93.97770185216262, 28.917640712102155], [-93.93274590898693, 28.917640712102155], [-93.93274590898693, 28.82772882575078], [-93.88778996581124, 28.82772882575078], [-93.88778996581124, 28.737816939399405], [-93.84283402263554, 28.737816939399405], [-93.84283402263554, 28.647905053048028], [-93.79787807945985, 28.647905053048028], [-93.75292213628416, 28.468081280345277], [-93.70796619310846, 28.468081280345277], [-93.70796619310846, 28.42312533716959], [-93.66301024993277, 28.42312533716959], [-93.66301024993277, 28.333213450818214], [-93.57309836358138, 28.288257507642527], [-93.57309836358138, 28.19834562129115], [-93.52814242040569, 28.19834562129115], [-93.52814242040569, 28.153389678115463], [-93.48318647722999, 28.153389678115463], [-93.48318647722999, 28.108433734939773], [-93.34831864770291, 28.0185218485884], [-93.34831864770291, 27.928609962237022], [-93.30336270452722, 27.928609962237022], [-93.30336270452722, 27.883654019061336], [-93.25840676135152, 27.883654019061336], [-93.25840676135152, 27.83869807588565], [-93.21345081817583, 27.83869807588565], [-93.21345081817583, 27.79374213270996], [-93.16849487500014, 27.79374213270996], [-93.16849487500014, 27.748786189534272], [-93.12353893182444, 27.748786189534272], [-93.12353893182444, 27.703830246358585], [-93.07858298864875, 27.703830246358585], [-93.07858298864875, 27.658874303182895], [-93.03362704547305, 27.658874303182895], [-93.03362704547305, 27.613918360007208], [-92.98867110229736, 27.613918360007208], [-92.98867110229736, 27.56896241683152], [-92.94371515912167, 27.56896241683152], [-92.94371515912167, 27.52400647365583], [-92.89875921594597, 27.52400647365583], [-92.89875921594597, 27.479050530480144], [-92.85380327277028, 27.479050530480144], [-92.85380327277028, 27.434094587304457], [-92.80884732959458, 27.434094587304457], [-92.80884732959458, 27.389138644128767], [-92.6739795000675, 27.299226757777394], [-92.6739795000675, 27.254270814601703], [-92.58406761371612, 27.254270814601703], [-92.58406761371612, 27.209314871426017], [-92.44919978418903, 27.119402985074643], [-92.44919978418903, 27.074447041898953], [-92.35928789783765, 27.074447041898953], [-92.26937601148626, 26.93957921237189], [-92.17946412513487, 26.93957921237189], [-92.17946412513487, 26.894623269196202], [-92.13450818195918, 26.894623269196202], [-92.08955223878348, 26.804711382844825], [-91.9996403524321, 26.804711382844825], [-91.9546844092564, 26.714799496493452], [-91.86477252290501, 26.714799496493452], [-91.86477252290501, 26.66984355331776], [-91.77486063655363, 26.66984355331776], [-91.72990469337793, 26.579931666966388], [-91.63999280702654, 26.579931666966388], [-91.63999280702654, 26.5349757237907], [-91.55008092067516, 26.5349757237907], [-91.55008092067516, 26.49001978061501], [-91.46016903432377, 26.49001978061501], [-91.46016903432377, 26.445063837439324], [-91.37025714797238, 26.445063837439324], [-91.37025714797238, 26.400107894263638], [-91.280345261621, 26.400107894263638], [-91.280345261621, 26.355151951087947], [-91.1904333752696, 26.355151951087947], [-91.1904333752696, 26.31019600791226], [-91.10052148891822, 26.31019600791226], [-91.10052148891822, 26.265240064736574], [-90.92069771621544, 26.220284121560884], [-90.87574177303975, 26.13037223520951], [-90.78582988668836, 26.13037223520951], [-90.78582988668836, 26.08541629203382], [-90.69591800033697, 26.08541629203382], [-90.69591800033697, 26.040460348858133], [-90.5160942276342, 25.995504405682446], [-90.4711382844585, 25.90559251933107], [-90.38122639810712, 25.90559251933107], [-90.38122639810712, 25.860636576155382], [-90.20140262540434, 25.815680632979692], [-90.20140262540434, 25.770724689804005], [-90.15644668222865, 25.770724689804005], [-90.15644668222865, 25.72576874662832], [-90.06653479587726, 25.72576874662832], [-90.02157885270157, 25.63585686027694], [-89.93166696635018, 25.63585686027694], [-89.93166696635018, 25.590900917101255], [-89.7518431936474, 25.545944973925568], [-89.70688725047171, 25.45603308757419], [-89.52706347776893, 25.411077144398504], [-89.52706347776893, 25.366121201222814], [-89.34723970506616, 25.321165258047127], [-89.30228376189046, 25.23125337169575], [-89.21237187553908, 25.23125337169575], [-89.21237187553908, 25.186297428520064], [-89.12245998918769, 25.186297428520064], [-89.12245998918769, 25.141341485344377], [-88.94263621648491, 25.09638554216869], [-88.89768027330922, 25.006473655817313], [-88.80776838695783, 25.006473655817313], [-88.80776838695783, 24.961517712641626], [-88.62794461425506, 24.916561769465936], [-88.58298867107936, 24.826649883114563], [-88.40316489837659, 24.781693939938872], [-88.3582089552009, 24.6917820535875], [-88.17838518249812, 24.64682611041181], [-88.17838518249812, 24.60187016723612], [-88.13342923932242, 24.60187016723612], [-88.13342923932242, 24.556914224060435], [-88.04351735297104, 24.556914224060435], [-88.04351735297104, 24.511958280884745], [-87.86369358026826, 24.467002337709058], [-87.86369358026826, 24.42204639453337], [-87.81873763709257, 24.42204639453337], [-87.81873763709257, 24.37709045135768], [-87.72882575074118, 24.37709045135768], [-87.68386980756549, 24.287178565006307], [-87.5939579212141, 24.287178565006307], [-87.5939579212141, 24.24222262183062], [-87.50404603486271, 24.24222262183062], [-87.45909009168702, 24.152310735479244], [-87.36917820533563, 24.152310735479244], [-87.36917820533563, 24.107354792303557], [-87.18935443263285, 24.062398849127867], [-87.14439848945716, 23.972486962776493], [-86.96457471675438, 23.927531019600803], [-86.91961877357869, 23.83761913324943], [-86.8297068872273, 23.83761913324943], [-86.78475094405161, 23.747707246898052], [-86.69483905770022, 23.747707246898052], [-86.64988311452453, 23.65779536054668], [-86.55997122817314, 23.65779536054668], [-86.51501528499745, 23.567883474195302], [-86.42510339864606, 23.567883474195302], [-86.42510339864606, 23.522927531019615], [-86.38014745547036, 23.522927531019615], [-86.38014745547036, 23.477971587843925], [-86.29023556911898, 23.477971587843925], [-86.24527962594328, 23.38805970149255], [-86.1553677395919, 23.38805970149255], [-86.1553677395919, 23.34310375831686], [-86.06545585324051, 23.34310375831686], [-86.02049991006481, 23.253191871965488], [-85.93058802371343, 23.253191871965488], [-85.93058802371343, 23.208235928789797], [-85.84067613736204, 23.208235928789797], [-85.84067613736204, 23.16327998561411], [-85.66085236465926, 23.118324042438424], [-85.61589642148357, 23.028412156087047], [-85.4360726487808, 22.98345621291136], [-85.4360726487808, 22.93850026973567], [-85.30120481925371, 22.93850026973567], [-85.30120481925371, 22.893544326559983], [-85.21129293290232, 22.893544326559983], [-85.21129293290232, 22.848588383384296], [-84.94155727384816, 22.80363244020861], [-84.94155727384816, 22.75867649703292], [-84.44704189891553, 22.75867649703292], [-84.44704189891553, 22.80363244020861], [-84.31217406938845, 22.80363244020861], [-84.31217406938845, 22.848588383384296], [-84.17730623986137, 22.848588383384296], [-84.13235029668567, 22.93850026973567], [-84.04243841033428, 22.93850026973567], [-84.04243841033428, 22.98345621291136], [-83.99748246715859, 22.98345621291136], [-83.99748246715859, 23.028412156087047], [-83.9525265239829, 23.028412156087047], [-83.9525265239829, 23.073368099262733], [-83.9075705808072, 23.073368099262733], [-83.9075705808072, 23.118324042438424], [-83.77270275128012, 23.208235928789797], [-83.77270275128012, 23.298147815141174], [-83.68279086492873, 23.34310375831686], [-83.68279086492873, 23.477971587843925], [-83.63783492175304, 23.477971587843925], [-83.63783492175304, 23.65779536054668], [-83.59287897857735, 23.65779536054668], [-83.59287897857735, 24.062398849127867], [-83.63783492175304, 24.062398849127867], [-83.63783492175304, 24.24222262183062], [-83.68279086492873, 24.24222262183062], [-83.68279086492873, 24.37709045135768], [-83.72774680810443, 24.37709045135768], [-83.72774680810443, 24.511958280884745], [-83.77270275128012, 24.511958280884745], [-83.81765869445582, 24.6917820535875], [-83.9075705808072, 24.736737996763186], [-83.9075705808072, 24.826649883114563], [-83.99748246715859, 24.87160582629025], [-83.99748246715859, 24.961517712641626], [-84.13235029668567, 25.051429598993], [-84.13235029668567, 25.141341485344377], [-84.17730623986137, 25.141341485344377], [-84.17730623986137, 25.186297428520064], [-84.22226218303706, 25.186297428520064], [-84.22226218303706, 25.23125337169575], [-84.26721812621275, 25.23125337169575], [-84.26721812621275, 25.27620931487144], [-84.40208595573984, 25.366121201222814], [-84.40208595573984, 25.45603308757419], [-84.44704189891553, 25.45603308757419], [-84.44704189891553, 25.500989030749878], [-84.49199784209122, 25.500989030749878], [-84.49199784209122, 25.545944973925568], [-84.53695378526692, 25.545944973925568], [-84.53695378526692, 25.590900917101255], [-84.58190972844261, 25.590900917101255], [-84.58190972844261, 25.63585686027694], [-84.6268656716183, 25.63585686027694], [-84.6268656716183, 25.680812803452632], [-84.671821614794, 25.680812803452632], [-84.671821614794, 25.72576874662832], [-84.80668944432108, 25.815680632979692], [-84.80668944432108, 25.90559251933107], [-84.85164538749677, 25.90559251933107], [-84.85164538749677, 25.950548462506756], [-84.89660133067247, 25.950548462506756], [-84.89660133067247, 25.995504405682446], [-85.03146916019955, 26.08541629203382], [-85.03146916019955, 26.175328178385197], [-85.07642510337524, 26.175328178385197], [-85.07642510337524, 26.220284121560884], [-85.12138104655094, 26.220284121560884], [-85.12138104655094, 26.265240064736574], [-85.25624887607802, 26.355151951087947], [-85.25624887607802, 26.445063837439324], [-85.30120481925371, 26.445063837439324], [-85.30120481925371, 26.49001978061501], [-85.4360726487808, 26.579931666966388], [-85.4360726487808, 26.66984355331776], [-85.48102859195649, 26.66984355331776], [-85.48102859195649, 26.714799496493452], [-85.61589642148357, 26.804711382844825], [-85.61589642148357, 26.894623269196202], [-85.66085236465926, 26.894623269196202], [-85.66085236465926, 26.93957921237189], [-85.70580830783496, 26.93957921237189], [-85.70580830783496, 26.98453515554758], [-85.84067613736204, 27.074447041898953], [-85.84067613736204, 27.16435892825033], [-85.88563208053773, 27.16435892825033], [-85.88563208053773, 27.209314871426017], [-86.02049991006481, 27.299226757777394], [-86.02049991006481, 27.389138644128767], [-86.1553677395919, 27.479050530480144], [-86.1553677395919, 27.56896241683152], [-86.20032368276759, 27.56896241683152], [-86.20032368276759, 27.613918360007208], [-86.29023556911898, 27.658874303182895], [-86.29023556911898, 27.748786189534272], [-86.42510339864606, 27.83869807588565], [-86.42510339864606, 27.928609962237022], [-86.51501528499745, 27.973565905412713], [-86.51501528499745, 28.063477791764086], [-86.55997122817314, 28.063477791764086], [-86.55997122817314, 28.108433734939773], [-86.64988311452453, 28.153389678115463], [-86.64988311452453, 28.243301564466837], [-86.78475094405161, 28.333213450818214], [-86.78475094405161, 28.42312533716959], [-86.874662830403, 28.468081280345277], [-86.874662830403, 28.557993166696654], [-86.96457471675438, 28.60294910987234], [-86.96457471675438, 28.692860996223715], [-87.05448660310577, 28.737816939399405], [-87.05448660310577, 28.82772882575078], [-87.14439848945716, 28.87268476892647], [-87.14439848945716, 28.962596655277842], [-87.23431037580855, 29.007552598453533], [-87.23431037580855, 29.097464484804906], [-87.36917820533563, 29.187376371156283], [-87.36917820533563, 29.27728825750766], [-87.41413414851132, 29.27728825750766], [-87.41413414851132, 29.367200143859034], [-87.50404603486271, 29.412156087034724], [-87.5490019780384, 29.591979859737474], [-87.63891386438979, 29.63693580291316], [-87.63891386438979, 29.726847689264538], [-87.68386980756549, 29.726847689264538], [-87.68386980756549, 29.81675957561591], [-87.72882575074118, 29.81675957561591], [-87.72882575074118, 29.90667146196729], [-87.77378169391687, 29.90667146196729], [-87.77378169391687, 29.996583348318666], [-87.81873763709257, 29.996583348318666], [-87.81873763709257, 30.131451177845726], [-87.86369358026826, 30.131451177845726], [-87.86369358026826, 30.221363064197103], [-87.90864952344396, 30.221363064197103], [-87.90864952344396, 30.31127495054848], [-87.95360546661965, 30.31127495054848], [-87.95360546661965, 30.401186836899853], [-87.99856140979534, 30.401186836899853], [-87.99856140979534, 30.536054666426917], [-88.04351735297104, 30.536054666426917], [-88.04351735297104, 30.625966552778294], [-88.08847329614673, 30.625966552778294], [-88.08847329614673, 30.71587843912967], [-88.13342923932242, 30.71587843912967], [-88.13342923932242, 30.805790325481045], [-88.17838518249812, 30.805790325481045], [-88.17838518249812, 30.94065815500811], [-88.22334112567381, 30.94065815500811], [-88.22334112567381, 31.030570041359486], [-88.2682970688495, 31.030570041359486], [-88.2682970688495, 31.12048192771086], [-88.3132530120252, 31.12048192771086], [-88.3132530120252, 31.255349757237923], [-88.3582089552009, 31.255349757237923], [-88.40316489837659, 31.435173529940677], [-88.49307678472798, 31.480129473116364], [-88.53803272790367, 31.659953245819114], [-88.62794461425506, 31.7049091889948], [-88.62794461425506, 31.794821075346178], [-88.71785650060644, 31.839777018521865], [-88.71785650060644, 31.92968890487324], [-88.80776838695783, 31.97464484804893], [-88.80776838695783, 32.064556734400306], [-88.89768027330922, 32.10951267757599], [-88.89768027330922, 32.199424563927366], [-89.0325481028363, 32.289336450278746], [-89.0325481028363, 32.37924833663012], [-89.16741593236338, 32.4691602229815], [-89.16741593236338, 32.559072109332874], [-89.21237187553908, 32.559072109332874], [-89.21237187553908, 32.60402805250856], [-89.25732781871477, 32.60402805250856], [-89.25732781871477, 32.64898399568425], [-89.39219564824185, 32.73889588203562], [-89.39219564824185, 32.828807768386994], [-89.43715159141755, 32.828807768386994], [-89.52706347776893, 32.96367559791406], [-89.61697536412032, 32.96367559791406], [-89.61697536412032, 33.00863154108975], [-89.66193130729602, 33.00863154108975], [-89.7518431936474, 33.143499370616816], [-89.84175507999879, 33.143499370616816], [-89.84175507999879, 33.1884553137925], [-89.93166696635018, 33.1884553137925], [-89.93166696635018, 33.23341125696819], [-90.02157885270157, 33.23341125696819], [-90.02157885270157, 33.278367200143876], [-90.29131451175573, 33.32332314331956], [-90.29131451175573, 33.36827908649525], [-90.4711382844585, 33.36827908649525], [-90.4711382844585, 33.41323502967094], [-90.78582988668836, 33.41323502967094], [-90.78582988668836, 33.45819097284663], [-91.46016903432377, 33.45819097284663], [-91.46016903432377, 33.41323502967094], [-91.77486063655363, 33.41323502967094], [-91.77486063655363, 33.36827908649525], [-91.9546844092564, 33.36827908649525], [-91.9546844092564, 33.32332314331956], [-92.08955223878348, 33.32332314331956], [-92.08955223878348, 33.278367200143876], [-92.17946412513487, 33.278367200143876], [-92.17946412513487, 33.23341125696819], [-92.31433195466195, 33.23341125696819], [-92.31433195466195, 33.1884553137925], [-92.40424384101334, 33.1884553137925], [-92.40424384101334, 33.143499370616816], [-92.58406761371612, 33.09854342744113], [-92.62902355689181, 33.00863154108975], [-92.80884732959458, 32.96367559791406], [-92.89875921594597, 32.828807768386994], [-92.98867110229736, 32.828807768386994], [-93.03362704547305, 32.73889588203562], [-93.07858298864875, 32.73889588203562], [-93.07858298864875, 32.693939938859934], [-93.12353893182444, 32.693939938859934], [-93.12353893182444, 32.64898399568425], [-93.16849487500014, 32.64898399568425], [-93.16849487500014, 32.60402805250856], [-93.21345081817583, 32.60402805250856], [-93.21345081817583, 32.559072109332874], [-93.25840676135152, 32.559072109332874], [-93.25840676135152, 32.51411616615718], [-93.30336270452722, 32.51411616615718], [-93.30336270452722, 32.4691602229815], [-93.34831864770291, 32.4691602229815], [-93.34831864770291, 32.42420427980581], [-93.3932745908786, 32.42420427980581], [-93.3932745908786, 32.37924833663012], [-93.4382305340543, 32.37924833663012], [-93.4382305340543, 32.33429239345443], [-93.57309836358138, 32.24438050710306], [-93.57309836358138, 32.154468620751686], [-93.70796619310846, 32.064556734400306], [-93.75292213628416, 31.884732961697555], [-93.84283402263554, 31.839777018521865], [-93.84283402263554, 31.74986513217049], [-93.88778996581124, 31.74986513217049], [-93.88778996581124, 31.659953245819114], [-93.93274590898693, 31.659953245819114], [-93.93274590898693, 31.52508541629205], [-93.97770185216262, 31.52508541629205], [-93.97770185216262, 31.435173529940677], [-94.02265779533832, 31.435173529940677], [-94.02265779533832, 31.300305700413613], [-94.06761373851401, 31.300305700413613], [-94.06761373851401, 31.16543787088655], [-94.1125696816897, 31.16543787088655], [-94.1125696816897, 31.030570041359486], [-94.1575256248654, 31.030570041359486], [-94.1575256248654, 30.850746268656735], [-94.2024815680411, 30.850746268656735], [-94.2024815680411, 29.951627405142975]]]]}}, {"type": "Feature", "properties": {"shapefile": "2021082806_wsp50knt120hr_5km", "PERCENTAGE": "5-10%"}, "geometry": {"type": "MultiPolygon", "coordinates": [[[[-94.2024815680411, 29.951627405142975], [-94.2024815680411, 30.850746268656735], [-94.1575256248654, 30.850746268656735], [-94.1575256248654, 31.030570041359486], [-94.1125696816897, 31.030570041359486], [-94.1125696816897, 31.16543787088655], [-94.06761373851401, 31.16543787088655], [-94.02265779533832, 31.435173529940677], [-93.97770185216262, 31.435173529940677], [-93.97770185216262, 31.52508541629205], [-93.93274590898693, 31.52508541629205], [-93.93274590898693, 31.659953245819114], [-93.88778996581124, 31.659953245819114], [-93.84283402263554, 31.839777018521865], [-93.75292213628416, 31.884732961697555], [-93.70796619310846, 32.064556734400306], [-93.57309836358138, 32.154468620751686], [-93.57309836358138, 32.24438050710306], [-93.52814242040569, 32.24438050710306], [-93.52814242040569, 32.289336450278746], [-93.48318647722999, 32.289336450278746], [-93.48318647722999, 32.33429239345443], [-93.4382305340543, 32.33429239345443], [-93.4382305340543, 32.37924833663012], [-93.3932745908786, 32.37924833663012], [-93.3932745908786, 32.42420427980581], [-93.34831864770291, 32.42420427980581], [-93.34831864770291, 32.4691602229815], [-93.30336270452722, 32.4691602229815], [-93.30336270452722, 32.51411616615718], [-93.25840676135152, 32.51411616615718], [-93.25840676135152, 32.559072109332874], [-93.21345081817583, 32.559072109332874], [-93.21345081817583, 32.60402805250856], [-93.16849487500014, 32.60402805250856], [-93.16849487500014, 32.64898399568425], [-93.12353893182444, 32.64898399568425], [-93.12353893182444, 32.693939938859934], [-93.07858298864875, 32.693939938859934], [-92.98867110229736, 32.828807768386994], [-92.89875921594597, 32.828807768386994], [-92.80884732959458, 32.96367559791406], [-92.7189354432432, 32.96367559791406], [-92.7189354432432, 33.00863154108975], [-92.62902355689181, 33.00863154108975], [-92.58406761371612, 33.09854342744113], [-92.49415572736473, 33.09854342744113], [-92.49415572736473, 33.143499370616816], [-92.40424384101334, 33.143499370616816], [-92.40424384101334, 33.1884553137925], [-92.31433195466195, 33.1884553137925], [-92.31433195466195, 33.23341125696819], [-92.17946412513487, 33.23341125696819], [-92.17946412513487, 33.278367200143876], [-92.08955223878348, 33.278367200143876], [-92.08955223878348, 33.32332314331956], [-91.9546844092564, 33.32332314331956], [-91.9546844092564, 33.36827908649525], [-91.77486063655363, 33.36827908649525], [-91.77486063655363, 33.41323502967094], [-91.46016903432377, 33.41323502967094], [-91.46016903432377, 33.45819097284663], [-90.78582988668836, 33.45819097284663], [-90.78582988668836, 33.41323502967094], [-90.4711382844585, 33.41323502967094], [-90.4711382844585, 33.36827908649525], [-90.29131451175573, 33.36827908649525], [-90.29131451175573, 33.32332314331956], [-90.15644668222865, 33.32332314331956], [-90.15644668222865, 33.278367200143876], [-90.02157885270157, 33.278367200143876], [-90.02157885270157, 33.23341125696819], [-89.93166696635018, 33.23341125696819], [-89.93166696635018, 33.1884553137925], [-89.7518431936474, 33.143499370616816], [-89.7518431936474, 33.09854342744113], [-89.70688725047171, 33.09854342744113], [-89.61697536412032, 32.96367559791406], [-89.52706347776893, 32.96367559791406], [-89.52706347776893, 32.918719654738375], [-89.39219564824185, 32.828807768386994], [-89.39219564824185, 32.73889588203562], [-89.34723970506616, 32.73889588203562], [-89.34723970506616, 32.693939938859934], [-89.30228376189046, 32.693939938859934], [-89.30228376189046, 32.64898399568425], [-89.16741593236338, 32.559072109332874], [-89.16741593236338, 32.4691602229815], [-89.0325481028363, 32.37924833663012], [-89.0325481028363, 32.289336450278746], [-88.89768027330922, 32.199424563927366], [-88.89768027330922, 32.10951267757599], [-88.80776838695783, 32.064556734400306], [-88.80776838695783, 31.97464484804893], [-88.71785650060644, 31.92968890487324], [-88.71785650060644, 31.839777018521865], [-88.67290055743075, 31.839777018521865], [-88.67290055743075, 31.794821075346178], [-88.62794461425506, 31.794821075346178], [-88.62794461425506, 31.7049091889948], [-88.53803272790367, 31.659953245819114], [-88.49307678472798, 31.480129473116364], [-88.40316489837659, 31.435173529940677], [-88.40316489837659, 31.3452616435893], [-88.3582089552009, 31.3452616435893], [-88.3582089552009, 31.255349757237923], [-88.3132530120252, 31.255349757237923], [-88.3132530120252, 31.12048192771086], [-88.2682970688495, 31.12048192771086], [-88.2682970688495, 31.030570041359486], [-88.22334112567381, 31.030570041359486], [-88.22334112567381, 30.94065815500811], [-88.17838518249812, 30.94065815500811], [-88.17838518249812, 30.805790325481045], [-88.13342923932242, 30.805790325481045], [-88.13342923932242, 30.71587843912967], [-88.08847329614673, 30.71587843912967], [-88.08847329614673, 30.625966552778294], [-88.04351735297104, 30.625966552778294], [-88.04351735297104, 30.536054666426917], [-87.99856140979534, 30.536054666426917], [-87.99856140979534, 30.401186836899853], [-87.95360546661965, 30.401186836899853], [-87.95360546661965, 30.31127495054848], [-87.90864952344396, 30.31127495054848], [-87.90864952344396, 30.221363064197103], [-87.86369358026826, 30.221363064197103], [-87.86369358026826, 30.131451177845726], [-87.81873763709257, 30.131451177845726], [-87.81873763709257, 29.996583348318666], [-87.77378169391687, 29.996583348318666], [-87.77378169391687, 29.90667146196729], [-87.72882575074118, 29.90667146196729], [-87.72882575074118, 29.81675957561591], [-87.68386980756549, 29.81675957561591], [-87.63891386438979, 29.63693580291316], [-87.5490019780384, 29.591979859737474], [-87.5490019780384, 29.502067973386097], [-87.50404603486271, 29.502067973386097], [-87.50404603486271, 29.412156087034724], [-87.41413414851132, 29.367200143859034], [-87.36917820533563, 29.187376371156283], [-87.23431037580855, 29.097464484804906], [-87.23431037580855, 29.007552598453533], [-87.14439848945716, 28.962596655277842], [-87.14439848945716, 28.87268476892647], [-87.05448660310577, 28.82772882575078], [-87.05448660310577, 28.737816939399405], [-86.96457471675438, 28.692860996223715], [-86.96457471675438, 28.60294910987234], [-86.91961877357869, 28.60294910987234], [-86.91961877357869, 28.557993166696654], [-86.874662830403, 28.557993166696654], [-86.874662830403, 28.468081280345277], [-86.78475094405161, 28.42312533716959], [-86.78475094405161, 28.333213450818214], [-86.64988311452453, 28.243301564466837], [-86.64988311452453, 28.153389678115463], [-86.51501528499745, 28.063477791764086], [-86.51501528499745, 27.973565905412713], [-86.42510339864606, 27.928609962237022], [-86.42510339864606, 27.83869807588565], [-86.29023556911898, 27.748786189534272], [-86.29023556911898, 27.658874303182895], [-86.1553677395919, 27.56896241683152], [-86.1553677395919, 27.479050530480144], [-86.02049991006481, 27.389138644128767], [-86.02049991006481, 27.299226757777394], [-85.97554396688912, 27.299226757777394], [-85.97554396688912, 27.254270814601703], [-85.84067613736204, 27.16435892825033], [-85.84067613736204, 27.074447041898953], [-85.79572019418634, 27.074447041898953], [-85.79572019418634, 27.029491098723266], [-85.75076425101065, 27.029491098723266], [-85.75076425101065, 26.98453515554758], [-85.61589642148357, 26.894623269196202], [-85.61589642148357, 26.804711382844825], [-85.57094047830788, 26.804711382844825], [-85.57094047830788, 26.75975543966914], [-85.4360726487808, 26.66984355331776], [-85.4360726487808, 26.579931666966388], [-85.3911167056051, 26.579931666966388], [-85.3911167056051, 26.5349757237907], [-85.25624887607802, 26.445063837439324], [-85.25624887607802, 26.355151951087947], [-85.21129293290232, 26.355151951087947], [-85.21129293290232, 26.31019600791226], [-85.16633698972663, 26.31019600791226], [-85.16633698972663, 26.265240064736574], [-85.03146916019955, 26.175328178385197], [-85.03146916019955, 26.08541629203382], [-84.98651321702386, 26.08541629203382], [-84.98651321702386, 26.040460348858133], [-84.94155727384816, 26.040460348858133], [-84.94155727384816, 25.995504405682446], [-84.80668944432108, 25.90559251933107], [-84.80668944432108, 25.815680632979692], [-84.76173350114539, 25.815680632979692], [-84.76173350114539, 25.770724689804005], [-84.71677755796969, 25.770724689804005], [-84.71677755796969, 25.72576874662832], [-84.671821614794, 25.72576874662832], [-84.671821614794, 25.680812803452632], [-84.6268656716183, 25.680812803452632], [-84.6268656716183, 25.63585686027694], [-84.58190972844261, 25.63585686027694], [-84.58190972844261, 25.590900917101255], [-84.53695378526692, 25.590900917101255], [-84.53695378526692, 25.545944973925568], [-84.40208595573984, 25.45603308757419], [-84.40208595573984, 25.366121201222814], [-84.35713001256414, 25.366121201222814], [-84.35713001256414, 25.321165258047127], [-84.31217406938845, 25.321165258047127], [-84.31217406938845, 25.27620931487144], [-84.26721812621275, 25.27620931487144], [-84.26721812621275, 25.23125337169575], [-84.13235029668567, 25.141341485344377], [-84.13235029668567, 25.051429598993], [-83.99748246715859, 24.961517712641626], [-83.99748246715859, 24.87160582629025], [-83.9525265239829, 24.87160582629025], [-83.9525265239829, 24.826649883114563], [-83.9075705808072, 24.826649883114563], [-83.9075705808072, 24.736737996763186], [-83.81765869445582, 24.6917820535875], [-83.81765869445582, 24.60187016723612], [-83.77270275128012, 24.60187016723612], [-83.77270275128012, 24.511958280884745], [-83.72774680810443, 24.511958280884745], [-83.72774680810443, 24.37709045135768], [-83.68279086492873, 24.37709045135768], [-83.68279086492873, 24.24222262183062], [-83.63783492175304, 24.24222262183062], [-83.63783492175304, 24.062398849127867], [-83.59287897857735, 24.062398849127867], [-83.59287897857735, 23.65779536054668], [-83.63783492175304, 23.65779536054668], [-83.63783492175304, 23.477971587843925], [-83.68279086492873, 23.477971587843925], [-83.68279086492873, 23.34310375831686], [-83.77270275128012, 23.298147815141174], [-83.77270275128012, 23.208235928789797], [-83.81765869445582, 23.208235928789797], [-83.81765869445582, 23.16327998561411], [-83.86261463763151, 23.16327998561411], [-83.86261463763151, 23.118324042438424], [-83.9075705808072, 23.118324042438424], [-83.9075705808072, 23.073368099262733], [-83.9525265239829, 23.073368099262733], [-84.04243841033428, 22.93850026973567], [-84.13235029668567, 22.93850026973567], [-84.17730623986137, 22.848588383384296], [-84.44704189891553, 22.80363244020861], [-84.44704189891553, 22.75867649703292], [-84.94155727384816, 22.75867649703292], [-84.94155727384816, 22.80363244020861], [-85.21129293290232, 22.848588383384296], [-85.21129293290232, 22.893544326559983], [-85.30120481925371, 22.893544326559983], [-85.30120481925371, 22.93850026973567], [-85.4360726487808, 22.93850026973567], [-85.4360726487808, 22.98345621291136], [-85.61589642148357, 23.028412156087047], [-85.66085236465926, 23.118324042438424], [-85.75076425101065, 23.118324042438424], [-85.75076425101065, 23.16327998561411], [-85.84067613736204, 23.16327998561411], [-85.84067613736204, 23.208235928789797], [-86.02049991006481, 23.253191871965488], [-86.06545585324051, 23.34310375831686], [-86.24527962594328, 23.38805970149255], [-86.24527962594328, 23.433015644668238], [-86.29023556911898, 23.433015644668238], [-86.29023556911898, 23.477971587843925], [-86.38014745547036, 23.477971587843925], [-86.42510339864606, 23.567883474195302], [-86.51501528499745, 23.567883474195302], [-86.55997122817314, 23.65779536054668], [-86.64988311452453, 23.65779536054668], [-86.64988311452453, 23.702751303722366], [-86.69483905770022, 23.702751303722366], [-86.69483905770022, 23.747707246898052], [-86.78475094405161, 23.747707246898052], [-86.8297068872273, 23.83761913324943], [-86.91961877357869, 23.83761913324943], [-86.96457471675438, 23.927531019600803], [-87.14439848945716, 23.972486962776493], [-87.18935443263285, 24.062398849127867], [-87.27926631898424, 24.062398849127867], [-87.27926631898424, 24.107354792303557], [-87.45909009168702, 24.152310735479244], [-87.50404603486271, 24.24222262183062], [-87.68386980756549, 24.287178565006307], [-87.68386980756549, 24.332134508181994], [-87.72882575074118, 24.332134508181994], [-87.72882575074118, 24.37709045135768], [-87.81873763709257, 24.37709045135768], [-87.86369358026826, 24.467002337709058], [-88.04351735297104, 24.511958280884745], [-88.04351735297104, 24.556914224060435], [-88.13342923932242, 24.556914224060435], [-88.17838518249812, 24.64682611041181], [-88.3582089552009, 24.6917820535875], [-88.40316489837659, 24.781693939938872], [-88.58298867107936, 24.826649883114563], [-88.62794461425506, 24.916561769465936], [-88.71785650060644, 24.916561769465936], [-88.71785650060644, 24.961517712641626], [-88.89768027330922, 25.006473655817313], [-88.94263621648491, 25.09638554216869], [-89.0325481028363, 25.09638554216869], [-89.0325481028363, 25.141341485344377], [-89.12245998918769, 25.141341485344377], [-89.12245998918769, 25.186297428520064], [-89.30228376189046, 25.23125337169575], [-89.34723970506616, 25.321165258047127], [-89.52706347776893, 25.366121201222814], [-89.52706347776893, 25.411077144398504], [-89.70688725047171, 25.45603308757419], [-89.7518431936474, 25.545944973925568], [-89.84175507999879, 25.545944973925568], [-89.84175507999879, 25.590900917101255], [-90.02157885270157, 25.63585686027694], [-90.02157885270157, 25.680812803452632], [-90.06653479587726, 25.680812803452632], [-90.06653479587726, 25.72576874662832], [-90.15644668222865, 25.72576874662832], [-90.20140262540434, 25.815680632979692], [-90.29131451175573, 25.815680632979692], [-90.29131451175573, 25.860636576155382], [-90.4711382844585, 25.90559251933107], [-90.5160942276342, 25.995504405682446], [-90.60600611398559, 25.995504405682446], [-90.60600611398559, 26.040460348858133], [-90.69591800033697, 26.040460348858133], [-90.69591800033697, 26.08541629203382], [-90.87574177303975, 26.13037223520951], [-90.92069771621544, 26.220284121560884], [-91.01060960256683, 26.220284121560884], [-91.01060960256683, 26.265240064736574], [-91.10052148891822, 26.265240064736574], [-91.10052148891822, 26.31019600791226], [-91.280345261621, 26.355151951087947], [-91.280345261621, 26.400107894263638], [-91.37025714797238, 26.400107894263638], [-91.37025714797238, 26.445063837439324], [-91.55008092067516, 26.49001978061501], [-91.55008092067516, 26.5349757237907], [-91.72990469337793, 26.579931666966388], [-91.77486063655363, 26.66984355331776], [-91.9546844092564, 26.714799496493452], [-91.9546844092564, 26.75975543966914], [-91.9996403524321, 26.75975543966914], [-91.9996403524321, 26.804711382844825], [-92.08955223878348, 26.804711382844825], [-92.17946412513487, 26.93957921237189], [-92.26937601148626, 26.93957921237189], [-92.35928789783765, 27.074447041898953], [-92.44919978418903, 27.074447041898953], [-92.44919978418903, 27.119402985074643], [-92.49415572736473, 27.119402985074643], [-92.58406761371612, 27.254270814601703], [-92.6739795000675, 27.254270814601703], [-92.6739795000675, 27.299226757777394], [-92.7189354432432, 27.299226757777394], [-92.7189354432432, 27.34418270095308], [-92.76389138641889, 27.34418270095308], [-92.76389138641889, 27.389138644128767], [-92.80884732959458, 27.389138644128767], [-92.80884732959458, 27.434094587304457], [-92.85380327277028, 27.434094587304457], [-92.85380327277028, 27.479050530480144], [-92.89875921594597, 27.479050530480144], [-92.89875921594597, 27.52400647365583], [-92.94371515912167, 27.52400647365583], [-92.94371515912167, 27.56896241683152], [-92.98867110229736, 27.56896241683152], [-92.98867110229736, 27.613918360007208], [-93.03362704547305, 27.613918360007208], [-93.03362704547305, 27.658874303182895], [-93.07858298864875, 27.658874303182895], [-93.07858298864875, 27.703830246358585], [-93.12353893182444, 27.703830246358585], [-93.12353893182444, 27.748786189534272], [-93.16849487500014, 27.748786189534272], [-93.16849487500014, 27.79374213270996], [-93.21345081817583, 27.79374213270996], [-93.21345081817583, 27.83869807588565], [-93.34831864770291, 27.928609962237022], [-93.34831864770291, 28.0185218485884], [-93.3932745908786, 28.0185218485884], [-93.3932745908786, 28.063477791764086], [-93.4382305340543, 28.063477791764086], [-93.4382305340543, 28.108433734939773], [-93.57309836358138, 28.19834562129115], [-93.57309836358138, 28.288257507642527], [-93.61805430675707, 28.288257507642527], [-93.61805430675707, 28.333213450818214], [-93.66301024993277, 28.333213450818214], [-93.66301024993277, 28.42312533716959], [-93.75292213628416, 28.468081280345277], [-93.75292213628416, 28.557993166696654], [-93.79787807945985, 28.557993166696654], [-93.79787807945985, 28.647905053048028], [-93.84283402263554, 28.647905053048028], [-93.84283402263554, 28.737816939399405], [-93.88778996581124, 28.737816939399405], [-93.88778996581124, 28.82772882575078], [-93.93274590898693, 28.82772882575078], [-93.93274590898693, 28.917640712102155], [-93.97770185216262, 28.917640712102155], [-93.97770185216262, 29.05250854162922], [-94.02265779533832, 29.05250854162922], [-94.02265779533832, 29.187376371156283], [-94.06761373851401, 29.187376371156283], [-94.06761373851401, 29.367200143859034], [-94.1125696816897, 29.367200143859034], [-94.1125696816897, 29.591979859737474], [-94.1575256248654, 29.591979859737474], [-94.1575256248654, 29.951627405142975], [-94.2024815680411, 29.951627405142975]], [[-93.70796619310846, 29.726847689264538], [-93.66301024993277, 29.726847689264538], [-93.66301024993277, 29.45711203021041], [-93.61805430675707, 29.45711203021041], [-93.61805430675707, 29.367200143859034], [-93.57309836358138, 29.367200143859034], [-93.57309836358138, 29.27728825750766], [-93.52814242040569, 29.27728825750766], [-93.52814242040569, 29.187376371156283], [-93.48318647722999, 29.187376371156283], [-93.48318647722999, 29.097464484804906], [-93.4382305340543, 29.097464484804906], [-93.4382305340543, 28.962596655277842], [-93.3932745908786, 28.962596655277842], [-93.3932745908786, 28.87268476892647], [-93.34831864770291, 28.87268476892647], [-93.34831864770291, 28.78277288257509], [-93.30336270452722, 28.78277288257509], [-93.30336270452722, 28.692860996223715], [-93.21345081817583, 28.647905053048028], [-93.21345081817583, 28.557993166696654], [-93.16849487500014, 28.557993166696654], [-93.16849487500014, 28.513037223520964], [-93.12353893182444, 28.513037223520964], [-93.12353893182444, 28.468081280345277], [-93.07858298864875, 28.468081280345277], [-93.07858298864875, 28.42312533716959], [-92.94371515912167, 28.333213450818214], [-92.89875921594597, 28.153389678115463], [-92.85380327277028, 28.153389678115463], [-92.85380327277028, 28.108433734939773], [-92.80884732959458, 28.108433734939773], [-92.80884732959458, 28.063477791764086], [-92.76389138641889, 28.063477791764086], [-92.76389138641889, 28.0185218485884], [-92.62902355689181, 27.928609962237022], [-92.62902355689181, 27.83869807588565], [-92.53911167054042, 27.83869807588565], [-92.53911167054042, 27.79374213270996], [-92.49415572736473, 27.79374213270996], [-92.49415572736473, 27.748786189534272], [-92.44919978418903, 27.748786189534272], [-92.44919978418903, 27.703830246358585], [-92.40424384101334, 27.703830246358585], [-92.31433195466195, 27.56896241683152], [-92.22442006831056, 27.56896241683152], [-92.22442006831056, 27.52400647365583], [-92.13450818195918, 27.52400647365583], [-92.04459629560779, 27.389138644128767], [-91.9546844092564, 27.389138644128767], [-91.9546844092564, 27.299226757777394], [-91.90972846608071, 27.299226757777394], [-91.81981657972932, 27.16435892825033], [-91.72990469337793, 27.16435892825033], [-91.72990469337793, 27.119402985074643], [-91.63999280702654, 27.119402985074643], [-91.63999280702654, 27.074447041898953], [-91.50512497749946, 27.074447041898953], [-91.50512497749946, 27.029491098723266], [-91.41521309114808, 27.029491098723266], [-91.41521309114808, 26.98453515554758], [-91.37025714797238, 26.98453515554758], [-91.37025714797238, 26.93957921237189], [-91.32530120479669, 26.93957921237189], [-91.2353893184453, 26.804711382844825], [-91.14547743209391, 26.804711382844825], [-91.10052148891822, 26.714799496493452], [-91.01060960256683, 26.714799496493452], [-91.01060960256683, 26.66984355331776], [-90.92069771621544, 26.66984355331776], [-90.87574177303975, 26.579931666966388], [-90.78582988668836, 26.579931666966388], [-90.69591800033697, 26.445063837439324], [-90.60600611398559, 26.445063837439324], [-90.56105017080989, 26.355151951087947], [-90.4711382844585, 26.355151951087947], [-90.4711382844585, 26.31019600791226], [-90.42618234128281, 26.31019600791226], [-90.42618234128281, 26.265240064736574], [-90.33627045493142, 26.265240064736574], [-90.29131451175573, 26.175328178385197], [-90.20140262540434, 26.175328178385197], [-90.15644668222865, 26.08541629203382], [-89.97662290952587, 26.040460348858133], [-89.97662290952587, 25.995504405682446], [-89.93166696635018, 25.995504405682446], [-89.88671102317448, 25.90559251933107], [-89.7967991368231, 25.90559251933107], [-89.7518431936474, 25.815680632979692], [-89.66193130729602, 25.815680632979692], [-89.66193130729602, 25.770724689804005], [-89.57201942094463, 25.770724689804005], [-89.52706347776893, 25.680812803452632], [-89.43715159141755, 25.680812803452632], [-89.43715159141755, 25.63585686027694], [-89.25732781871477, 25.590900917101255], [-89.21237187553908, 25.500989030749878], [-89.12245998918769, 25.500989030749878], [-89.12245998918769, 25.45603308757419], [-89.077504046012, 25.45603308757419], [-89.077504046012, 25.411077144398504], [-88.98759215966061, 25.411077144398504], [-88.94263621648491, 25.321165258047127], [-88.76281244378214, 25.27620931487144], [-88.71785650060644, 25.186297428520064], [-88.62794461425506, 25.186297428520064], [-88.62794461425506, 25.141341485344377], [-88.44812084155228, 25.09638554216869], [-88.40316489837659, 25.006473655817313], [-88.3132530120252, 25.006473655817313], [-88.3132530120252, 24.961517712641626], [-88.2682970688495, 24.961517712641626], [-88.2682970688495, 24.916561769465936], [-88.17838518249812, 24.916561769465936], [-88.13342923932242, 24.826649883114563], [-87.95360546661965, 24.781693939938872], [-87.90864952344396, 24.6917820535875], [-87.81873763709257, 24.6917820535875], [-87.77378169391687, 24.60187016723612], [-87.68386980756549, 24.60187016723612], [-87.68386980756549, 24.556914224060435], [-87.63891386438979, 24.556914224060435], [-87.63891386438979, 24.511958280884745], [-87.5490019780384, 24.511958280884745], [-87.50404603486271, 24.42204639453337], [-87.41413414851132, 24.42204639453337], [-87.41413414851132, 24.37709045135768], [-87.32422226215994, 24.37709045135768], [-87.27926631898424, 24.287178565006307], [-87.09944254628147, 24.24222262183062], [-87.05448660310577, 24.152310735479244], [-86.874662830403, 24.107354792303557], [-86.78475094405161, 23.972486962776493], [-86.69483905770022, 23.972486962776493], [-86.64988311452453, 23.882575076425116], [-86.55997122817314, 23.882575076425116], [-86.51501528499745, 23.79266319007374], [-86.42510339864606, 23.79266319007374], [-86.38014745547036, 23.702751303722366], [-86.29023556911898, 23.702751303722366], [-86.24527962594328, 23.61283941737099], [-86.1553677395919, 23.61283941737099], [-86.1553677395919, 23.567883474195302], [-86.1104117964162, 23.567883474195302], [-86.1104117964162, 23.522927531019615], [-86.02049991006481, 23.522927531019615], [-85.97554396688912, 23.433015644668238], [-85.79572019418634, 23.38805970149255], [-85.75076425101065, 23.298147815141174], [-85.57094047830788, 23.253191871965488], [-85.57094047830788, 23.208235928789797], [-85.48102859195649, 23.208235928789797], [-85.48102859195649, 23.16327998561411], [-85.30120481925371, 23.118324042438424], [-85.30120481925371, 23.073368099262733], [-85.21129293290232, 23.073368099262733], [-85.21129293290232, 23.028412156087047], [-85.12138104655094, 23.028412156087047], [-85.12138104655094, 22.98345621291136], [-84.98651321702386, 22.98345621291136], [-84.98651321702386, 22.93850026973567], [-84.71677755796969, 22.93850026973567], [-84.71677755796969, 22.893544326559983], [-84.53695378526692, 22.893544326559983], [-84.53695378526692, 22.93850026973567], [-84.35713001256414, 22.93850026973567], [-84.35713001256414, 22.98345621291136], [-84.17730623986137, 23.028412156087047], [-84.13235029668567, 23.118324042438424], [-84.04243841033428, 23.118324042438424], [-84.04243841033428, 23.16327998561411], [-83.9075705808072, 23.253191871965488], [-83.9075705808072, 23.34310375831686], [-83.86261463763151, 23.34310375831686], [-83.86261463763151, 23.433015644668238], [-83.81765869445582, 23.433015644668238], [-83.81765869445582, 23.522927531019615], [-83.77270275128012, 23.522927531019615], [-83.77270275128012, 24.152310735479244], [-83.81765869445582, 24.152310735479244], [-83.81765869445582, 24.287178565006307], [-83.86261463763151, 24.287178565006307], [-83.86261463763151, 24.42204639453337], [-83.9075705808072, 24.42204639453337], [-83.9075705808072, 24.511958280884745], [-83.99748246715859, 24.556914224060435], [-83.99748246715859, 24.64682611041181], [-84.08739435350998, 24.6917820535875], [-84.08739435350998, 24.781693939938872], [-84.22226218303706, 24.87160582629025], [-84.22226218303706, 24.961517712641626], [-84.26721812621275, 24.961517712641626], [-84.26721812621275, 25.006473655817313], [-84.31217406938845, 25.006473655817313], [-84.31217406938845, 25.051429598993], [-84.35713001256414, 25.051429598993], [-84.35713001256414, 25.09638554216869], [-84.40208595573984, 25.09638554216869], [-84.40208595573984, 25.141341485344377], [-84.44704189891553, 25.141341485344377], [-84.44704189891553, 25.186297428520064], [-84.58190972844261, 25.27620931487144], [-84.58190972844261, 25.366121201222814], [-84.6268656716183, 25.366121201222814], [-84.6268656716183, 25.411077144398504], [-84.671821614794, 25.411077144398504], [-84.671821614794, 25.45603308757419], [-84.71677755796969, 25.45603308757419], [-84.71677755796969, 25.500989030749878], [-84.76173350114539, 25.500989030749878], [-84.76173350114539, 25.545944973925568], [-84.80668944432108, 25.545944973925568], [-84.80668944432108, 25.590900917101255], [-84.85164538749677, 25.590900917101255], [-84.85164538749677, 25.63585686027694], [-84.89660133067247, 25.63585686027694], [-84.89660133067247, 25.680812803452632], [-85.03146916019955, 25.770724689804005], [-85.03146916019955, 25.860636576155382], [-85.07642510337524, 25.860636576155382], [-85.07642510337524, 25.90559251933107], [-85.12138104655094, 25.90559251933107], [-85.12138104655094, 25.950548462506756], [-85.16633698972663, 25.950548462506756], [-85.16633698972663, 25.995504405682446], [-85.30120481925371, 26.08541629203382], [-85.30120481925371, 26.175328178385197], [-85.3461607624294, 26.175328178385197], [-85.3461607624294, 26.220284121560884], [-85.3911167056051, 26.220284121560884], [-85.3911167056051, 26.265240064736574], [-85.4360726487808, 26.265240064736574], [-85.4360726487808, 26.31019600791226], [-85.48102859195649, 26.31019600791226], [-85.48102859195649, 26.355151951087947], [-85.52598453513218, 26.355151951087947], [-85.52598453513218, 26.400107894263638], [-85.66085236465926, 26.49001978061501], [-85.66085236465926, 26.579931666966388], [-85.70580830783496, 26.579931666966388], [-85.70580830783496, 26.624887610142075], [-85.75076425101065, 26.624887610142075], [-85.75076425101065, 26.66984355331776], [-85.79572019418634, 26.66984355331776], [-85.79572019418634, 26.714799496493452], [-85.84067613736204, 26.714799496493452], [-85.84067613736204, 26.75975543966914], [-85.88563208053773, 26.75975543966914], [-85.88563208053773, 26.804711382844825], [-85.93058802371343, 26.804711382844825], [-85.93058802371343, 26.849667326020516], [-86.06545585324051, 26.93957921237189], [-86.06545585324051, 27.029491098723266], [-86.1104117964162, 27.029491098723266], [-86.1104117964162, 27.074447041898953], [-86.24527962594328, 27.16435892825033], [-86.24527962594328, 27.254270814601703], [-86.29023556911898, 27.254270814601703], [-86.29023556911898, 27.299226757777394], [-86.33519151229467, 27.299226757777394], [-86.33519151229467, 27.34418270095308], [-86.38014745547036, 27.34418270095308], [-86.38014745547036, 27.389138644128767], [-86.42510339864606, 27.389138644128767], [-86.42510339864606, 27.434094587304457], [-86.47005934182175, 27.434094587304457], [-86.47005934182175, 27.479050530480144], [-86.60492717134883, 27.56896241683152], [-86.60492717134883, 27.658874303182895], [-86.73979500087592, 27.748786189534272], [-86.73979500087592, 27.83869807588565], [-86.78475094405161, 27.83869807588565], [-86.78475094405161, 27.883654019061336], [-86.8297068872273, 27.883654019061336], [-86.8297068872273, 27.928609962237022], [-86.874662830403, 27.928609962237022], [-86.874662830403, 27.973565905412713], [-86.91961877357869, 27.973565905412713], [-86.91961877357869, 28.0185218485884], [-86.96457471675438, 28.0185218485884], [-86.96457471675438, 28.063477791764086], [-87.09944254628147, 28.153389678115463], [-87.09944254628147, 28.243301564466837], [-87.18935443263285, 28.288257507642527], [-87.18935443263285, 28.3781693939939], [-87.23431037580855, 28.3781693939939], [-87.23431037580855, 28.42312533716959], [-87.27926631898424, 28.42312533716959], [-87.27926631898424, 28.468081280345277], [-87.32422226215994, 28.468081280345277], [-87.32422226215994, 28.513037223520964], [-87.36917820533563, 28.513037223520964], [-87.36917820533563, 28.557993166696654], [-87.41413414851132, 28.557993166696654], [-87.41413414851132, 28.60294910987234], [-87.5490019780384, 28.692860996223715], [-87.5939579212141, 28.87268476892647], [-87.63891386438979, 28.87268476892647], [-87.63891386438979, 28.917640712102155], [-87.68386980756549, 28.917640712102155], [-87.68386980756549, 28.962596655277842], [-87.81873763709257, 29.05250854162922], [-87.81873763709257, 29.142420427980596], [-87.86369358026826, 29.142420427980596], [-87.86369358026826, 29.187376371156283], [-87.90864952344396, 29.187376371156283], [-87.90864952344396, 29.27728825750766], [-87.99856140979534, 29.322244200683347], [-88.04351735297104, 29.502067973386097], [-88.13342923932242, 29.547023916561784], [-88.13342923932242, 29.681891746088848], [-88.17838518249812, 29.681891746088848], [-88.17838518249812, 29.771803632440225], [-88.2682970688495, 29.81675957561591], [-88.3132530120252, 29.996583348318666], [-88.40316489837659, 30.041539291494352], [-88.40316489837659, 30.131451177845726], [-88.49307678472798, 30.176407121021416], [-88.49307678472798, 30.26631900737279], [-88.53803272790367, 30.26631900737279], [-88.53803272790367, 30.356230893724167], [-88.58298867107936, 30.356230893724167], [-88.58298867107936, 30.446142780075544], [-88.67290055743075, 30.49109872325123], [-88.67290055743075, 30.625966552778294], [-88.71785650060644, 30.625966552778294], [-88.71785650060644, 30.760834382305358], [-88.76281244378214, 30.760834382305358], [-88.76281244378214, 30.850746268656735], [-88.80776838695783, 30.850746268656735], [-88.80776838695783, 30.985614098183795], [-88.85272433013353, 30.985614098183795], [-88.85272433013353, 31.030570041359486], [-88.89768027330922, 31.030570041359486], [-88.89768027330922, 31.12048192771086], [-88.98759215966061, 31.16543787088655], [-88.98759215966061, 31.255349757237923], [-89.0325481028363, 31.255349757237923], [-89.0325481028363, 31.3452616435893], [-89.077504046012, 31.3452616435893], [-89.077504046012, 31.435173529940677], [-89.12245998918769, 31.435173529940677], [-89.12245998918769, 31.52508541629205], [-89.16741593236338, 31.52508541629205], [-89.16741593236338, 31.614997302643427], [-89.21237187553908, 31.614997302643427], [-89.25732781871477, 31.794821075346178], [-89.30228376189046, 31.794821075346178], [-89.30228376189046, 31.839777018521865], [-89.34723970506616, 31.839777018521865], [-89.34723970506616, 31.92968890487324], [-89.48210753459324, 32.01960079122462], [-89.48210753459324, 32.10951267757599], [-89.61697536412032, 32.199424563927366], [-89.61697536412032, 32.289336450278746], [-89.66193130729602, 32.289336450278746], [-89.66193130729602, 32.33429239345443], [-89.7518431936474, 32.33429239345443], [-89.84175507999879, 32.4691602229815], [-89.93166696635018, 32.4691602229815], [-89.97662290952587, 32.559072109332874], [-90.02157885270157, 32.559072109332874], [-90.11149073905295, 32.693939938859934], [-90.20140262540434, 32.693939938859934], [-90.24635856858004, 32.783851825211315], [-90.42618234128281, 32.828807768386994], [-90.42618234128281, 32.87376371156269], [-90.56105017080989, 32.87376371156269], [-90.56105017080989, 32.918719654738375], [-90.96565365939114, 32.96367559791406], [-90.96565365939114, 33.00863154108975], [-91.14547743209391, 33.00863154108975], [-91.14547743209391, 32.96367559791406], [-91.68494875020224, 32.96367559791406], [-91.68494875020224, 32.918719654738375], [-91.9546844092564, 32.918719654738375], [-91.9546844092564, 32.87376371156269], [-92.08955223878348, 32.87376371156269], [-92.08955223878348, 32.828807768386994], [-92.26937601148626, 32.783851825211315], [-92.31433195466195, 32.693939938859934], [-92.40424384101334, 32.693939938859934], [-92.40424384101334, 32.64898399568425], [-92.44919978418903, 32.64898399568425], [-92.49415572736473, 32.559072109332874], [-92.58406761371612, 32.559072109332874], [-92.62902355689181, 32.4691602229815], [-92.7189354432432, 32.4691602229815], [-92.7189354432432, 32.42420427980581], [-92.76389138641889, 32.42420427980581], [-92.76389138641889, 32.37924833663012], [-92.80884732959458, 32.37924833663012], [-92.80884732959458, 32.33429239345443], [-92.94371515912167, 32.24438050710306], [-92.94371515912167, 32.154468620751686], [-92.98867110229736, 32.154468620751686], [-92.98867110229736, 32.10951267757599], [-93.03362704547305, 32.10951267757599], [-93.03362704547305, 32.064556734400306], [-93.16849487500014, 31.97464484804893], [-93.16849487500014, 31.884732961697555], [-93.25840676135152, 31.839777018521865], [-93.25840676135152, 31.74986513217049], [-93.30336270452722, 31.74986513217049], [-93.30336270452722, 31.659953245819114], [-93.34831864770291, 31.659953245819114], [-93.34831864770291, 31.570041359467737], [-93.3932745908786, 31.570041359467737], [-93.3932745908786, 31.435173529940677], [-93.4382305340543, 31.435173529940677], [-93.4382305340543, 31.255349757237923], [-93.48318647722999, 31.255349757237923], [-93.48318647722999, 31.16543787088655], [-93.52814242040569, 31.16543787088655], [-93.52814242040569, 31.075525984535172], [-93.57309836358138, 31.075525984535172], [-93.57309836358138, 30.94065815500811], [-93.61805430675707, 30.94065815500811], [-93.61805430675707, 30.805790325481045], [-93.66301024993277, 30.805790325481045], [-93.66301024993277, 30.625966552778294], [-93.70796619310846, 30.625966552778294], [-93.70796619310846, 29.726847689264538]]]]}}, {"type": "Feature", "properties": {"shapefile": "2021082806_wsp50knt120hr_5km", "PERCENTAGE": "10-20%"}, "geometry": {"type": "MultiPolygon", "coordinates": [[[[-93.70796619310846, 29.726847689264538], [-93.70796619310846, 30.625966552778294], [-93.66301024993277, 30.625966552778294], [-93.66301024993277, 30.805790325481045], [-93.61805430675707, 30.805790325481045], [-93.57309836358138, 31.075525984535172], [-93.52814242040569, 31.075525984535172], [-93.52814242040569, 31.16543787088655], [-93.48318647722999, 31.16543787088655], [-93.48318647722999, 31.255349757237923], [-93.4382305340543, 31.255349757237923], [-93.4382305340543, 31.435173529940677], [-93.3932745908786, 31.435173529940677], [-93.3932745908786, 31.570041359467737], [-93.34831864770291, 31.570041359467737], [-93.34831864770291, 31.659953245819114], [-93.30336270452722, 31.659953245819114], [-93.25840676135152, 31.839777018521865], [-93.16849487500014, 31.884732961697555], [-93.16849487500014, 31.97464484804893], [-93.12353893182444, 31.97464484804893], [-93.12353893182444, 32.01960079122462], [-93.07858298864875, 32.01960079122462], [-92.98867110229736, 32.154468620751686], [-92.94371515912167, 32.154468620751686], [-92.94371515912167, 32.24438050710306], [-92.89875921594597, 32.24438050710306], [-92.89875921594597, 32.289336450278746], [-92.85380327277028, 32.289336450278746], [-92.85380327277028, 32.33429239345443], [-92.80884732959458, 32.33429239345443], [-92.7189354432432, 32.4691602229815], [-92.62902355689181, 32.4691602229815], [-92.58406761371612, 32.559072109332874], [-92.49415572736473, 32.559072109332874], [-92.40424384101334, 32.693939938859934], [-92.31433195466195, 32.693939938859934], [-92.26937601148626, 32.783851825211315], [-92.08955223878348, 32.828807768386994], [-92.08955223878348, 32.87376371156269], [-91.9546844092564, 32.87376371156269], [-91.9546844092564, 32.918719654738375], [-91.68494875020224, 32.918719654738375], [-91.68494875020224, 32.96367559791406], [-91.14547743209391, 32.96367559791406], [-91.14547743209391, 33.00863154108975], [-90.96565365939114, 33.00863154108975], [-90.96565365939114, 32.96367559791406], [-90.74087394351267, 32.96367559791406], [-90.74087394351267, 32.918719654738375], [-90.56105017080989, 32.918719654738375], [-90.56105017080989, 32.87376371156269], [-90.42618234128281, 32.87376371156269], [-90.42618234128281, 32.828807768386994], [-90.24635856858004, 32.783851825211315], [-90.24635856858004, 32.73889588203562], [-90.20140262540434, 32.73889588203562], [-90.20140262540434, 32.693939938859934], [-90.11149073905295, 32.693939938859934], [-90.11149073905295, 32.64898399568425], [-90.06653479587726, 32.64898399568425], [-90.06653479587726, 32.60402805250856], [-90.02157885270157, 32.60402805250856], [-89.93166696635018, 32.4691602229815], [-89.84175507999879, 32.4691602229815], [-89.7518431936474, 32.33429239345443], [-89.66193130729602, 32.33429239345443], [-89.66193130729602, 32.289336450278746], [-89.61697536412032, 32.289336450278746], [-89.61697536412032, 32.199424563927366], [-89.48210753459324, 32.10951267757599], [-89.48210753459324, 32.01960079122462], [-89.43715159141755, 32.01960079122462], [-89.43715159141755, 31.97464484804893], [-89.34723970506616, 31.92968890487324], [-89.34723970506616, 31.839777018521865], [-89.25732781871477, 31.794821075346178], [-89.25732781871477, 31.7049091889948], [-89.21237187553908, 31.7049091889948], [-89.21237187553908, 31.614997302643427], [-89.16741593236338, 31.614997302643427], [-89.16741593236338, 31.52508541629205], [-89.12245998918769, 31.52508541629205], [-89.12245998918769, 31.435173529940677], [-89.077504046012, 31.435173529940677], [-89.077504046012, 31.3452616435893], [-89.0325481028363, 31.3452616435893], [-88.98759215966061, 31.16543787088655], [-88.94263621648491, 31.16543787088655], [-88.94263621648491, 31.12048192771086], [-88.89768027330922, 31.12048192771086], [-88.89768027330922, 31.030570041359486], [-88.80776838695783, 30.985614098183795], [-88.80776838695783, 30.850746268656735], [-88.76281244378214, 30.850746268656735], [-88.76281244378214, 30.760834382305358], [-88.71785650060644, 30.760834382305358], [-88.67290055743075, 30.49109872325123], [-88.58298867107936, 30.446142780075544], [-88.58298867107936, 30.356230893724167], [-88.53803272790367, 30.356230893724167], [-88.49307678472798, 30.176407121021416], [-88.44812084155228, 30.176407121021416], [-88.44812084155228, 30.131451177845726], [-88.40316489837659, 30.131451177845726], [-88.40316489837659, 30.041539291494352], [-88.3132530120252, 29.996583348318666], [-88.2682970688495, 29.81675957561591], [-88.17838518249812, 29.771803632440225], [-88.17838518249812, 29.681891746088848], [-88.13342923932242, 29.681891746088848], [-88.13342923932242, 29.547023916561784], [-88.04351735297104, 29.502067973386097], [-87.99856140979534, 29.322244200683347], [-87.90864952344396, 29.27728825750766], [-87.90864952344396, 29.187376371156283], [-87.81873763709257, 29.142420427980596], [-87.81873763709257, 29.05250854162922], [-87.77378169391687, 29.05250854162922], [-87.77378169391687, 29.007552598453533], [-87.72882575074118, 29.007552598453533], [-87.72882575074118, 28.962596655277842], [-87.5939579212141, 28.87268476892647], [-87.5490019780384, 28.692860996223715], [-87.50404603486271, 28.692860996223715], [-87.50404603486271, 28.647905053048028], [-87.45909009168702, 28.647905053048028], [-87.45909009168702, 28.60294910987234], [-87.41413414851132, 28.60294910987234], [-87.41413414851132, 28.557993166696654], [-87.36917820533563, 28.557993166696654], [-87.36917820533563, 28.513037223520964], [-87.32422226215994, 28.513037223520964], [-87.32422226215994, 28.468081280345277], [-87.18935443263285, 28.3781693939939], [-87.18935443263285, 28.288257507642527], [-87.09944254628147, 28.243301564466837], [-87.09944254628147, 28.153389678115463], [-87.05448660310577, 28.153389678115463], [-87.05448660310577, 28.108433734939773], [-87.00953065993008, 28.108433734939773], [-87.00953065993008, 28.063477791764086], [-86.96457471675438, 28.063477791764086], [-86.96457471675438, 28.0185218485884], [-86.91961877357869, 28.0185218485884], [-86.91961877357869, 27.973565905412713], [-86.874662830403, 27.973565905412713], [-86.874662830403, 27.928609962237022], [-86.73979500087592, 27.83869807588565], [-86.73979500087592, 27.748786189534272], [-86.60492717134883, 27.658874303182895], [-86.60492717134883, 27.56896241683152], [-86.55997122817314, 27.56896241683152], [-86.55997122817314, 27.52400647365583], [-86.51501528499745, 27.52400647365583], [-86.51501528499745, 27.479050530480144], [-86.47005934182175, 27.479050530480144], [-86.47005934182175, 27.434094587304457], [-86.42510339864606, 27.434094587304457], [-86.42510339864606, 27.389138644128767], [-86.38014745547036, 27.389138644128767], [-86.38014745547036, 27.34418270095308], [-86.24527962594328, 27.254270814601703], [-86.24527962594328, 27.16435892825033], [-86.20032368276759, 27.16435892825033], [-86.20032368276759, 27.119402985074643], [-86.06545585324051, 27.029491098723266], [-86.06545585324051, 26.93957921237189], [-86.02049991006481, 26.93957921237189], [-86.02049991006481, 26.894623269196202], [-85.97554396688912, 26.894623269196202], [-85.97554396688912, 26.849667326020516], [-85.93058802371343, 26.849667326020516], [-85.93058802371343, 26.804711382844825], [-85.88563208053773, 26.804711382844825], [-85.88563208053773, 26.75975543966914], [-85.84067613736204, 26.75975543966914], [-85.84067613736204, 26.714799496493452], [-85.79572019418634, 26.714799496493452], [-85.79572019418634, 26.66984355331776], [-85.66085236465926, 26.579931666966388], [-85.66085236465926, 26.49001978061501], [-85.61589642148357, 26.49001978061501], [-85.61589642148357, 26.445063837439324], [-85.57094047830788, 26.445063837439324], [-85.57094047830788, 26.400107894263638], [-85.52598453513218, 26.400107894263638], [-85.52598453513218, 26.355151951087947], [-85.48102859195649, 26.355151951087947], [-85.48102859195649, 26.31019600791226], [-85.4360726487808, 26.31019600791226], [-85.4360726487808, 26.265240064736574], [-85.30120481925371, 26.175328178385197], [-85.30120481925371, 26.08541629203382], [-85.25624887607802, 26.08541629203382], [-85.25624887607802, 26.040460348858133], [-85.21129293290232, 26.040460348858133], [-85.21129293290232, 25.995504405682446], [-85.16633698972663, 25.995504405682446], [-85.16633698972663, 25.950548462506756], [-85.03146916019955, 25.860636576155382], [-85.03146916019955, 25.770724689804005], [-84.98651321702386, 25.770724689804005], [-84.98651321702386, 25.72576874662832], [-84.94155727384816, 25.72576874662832], [-84.94155727384816, 25.680812803452632], [-84.89660133067247, 25.680812803452632], [-84.89660133067247, 25.63585686027694], [-84.85164538749677, 25.63585686027694], [-84.85164538749677, 25.590900917101255], [-84.80668944432108, 25.590900917101255], [-84.80668944432108, 25.545944973925568], [-84.76173350114539, 25.545944973925568], [-84.76173350114539, 25.500989030749878], [-84.71677755796969, 25.500989030749878], [-84.71677755796969, 25.45603308757419], [-84.58190972844261, 25.366121201222814], [-84.58190972844261, 25.27620931487144], [-84.53695378526692, 25.27620931487144], [-84.53695378526692, 25.23125337169575], [-84.49199784209122, 25.23125337169575], [-84.49199784209122, 25.186297428520064], [-84.44704189891553, 25.186297428520064], [-84.44704189891553, 25.141341485344377], [-84.40208595573984, 25.141341485344377], [-84.40208595573984, 25.09638554216869], [-84.35713001256414, 25.09638554216869], [-84.35713001256414, 25.051429598993], [-84.22226218303706, 24.961517712641626], [-84.22226218303706, 24.87160582629025], [-84.08739435350998, 24.781693939938872], [-84.08739435350998, 24.6917820535875], [-84.04243841033428, 24.6917820535875], [-84.04243841033428, 24.64682611041181], [-83.99748246715859, 24.64682611041181], [-83.99748246715859, 24.556914224060435], [-83.9075705808072, 24.511958280884745], [-83.9075705808072, 24.42204639453337], [-83.86261463763151, 24.42204639453337], [-83.86261463763151, 24.287178565006307], [-83.81765869445582, 24.287178565006307], [-83.81765869445582, 24.152310735479244], [-83.77270275128012, 24.152310735479244], [-83.77270275128012, 23.522927531019615], [-83.81765869445582, 23.522927531019615], [-83.81765869445582, 23.433015644668238], [-83.86261463763151, 23.433015644668238], [-83.9075705808072, 23.253191871965488], [-83.9525265239829, 23.253191871965488], [-84.04243841033428, 23.118324042438424], [-84.13235029668567, 23.118324042438424], [-84.17730623986137, 23.028412156087047], [-84.35713001256414, 22.98345621291136], [-84.35713001256414, 22.93850026973567], [-84.53695378526692, 22.93850026973567], [-84.53695378526692, 22.893544326559983], [-84.71677755796969, 22.893544326559983], [-84.71677755796969, 22.93850026973567], [-84.98651321702386, 22.93850026973567], [-84.98651321702386, 22.98345621291136], [-85.12138104655094, 22.98345621291136], [-85.12138104655094, 23.028412156087047], [-85.30120481925371, 23.073368099262733], [-85.30120481925371, 23.118324042438424], [-85.3911167056051, 23.118324042438424], [-85.3911167056051, 23.16327998561411], [-85.57094047830788, 23.208235928789797], [-85.57094047830788, 23.253191871965488], [-85.75076425101065, 23.298147815141174], [-85.79572019418634, 23.38805970149255], [-85.97554396688912, 23.433015644668238], [-86.02049991006481, 23.522927531019615], [-86.1104117964162, 23.522927531019615], [-86.1104117964162, 23.567883474195302], [-86.1553677395919, 23.567883474195302], [-86.1553677395919, 23.61283941737099], [-86.24527962594328, 23.61283941737099], [-86.29023556911898, 23.702751303722366], [-86.38014745547036, 23.702751303722366], [-86.38014745547036, 23.747707246898052], [-86.42510339864606, 23.747707246898052], [-86.42510339864606, 23.79266319007374], [-86.51501528499745, 23.79266319007374], [-86.55997122817314, 23.882575076425116], [-86.64988311452453, 23.882575076425116], [-86.69483905770022, 23.972486962776493], [-86.78475094405161, 23.972486962776493], [-86.874662830403, 24.107354792303557], [-87.05448660310577, 24.152310735479244], [-87.09944254628147, 24.24222262183062], [-87.18935443263285, 24.24222262183062], [-87.18935443263285, 24.287178565006307], [-87.27926631898424, 24.287178565006307], [-87.32422226215994, 24.37709045135768], [-87.50404603486271, 24.42204639453337], [-87.5490019780384, 24.511958280884745], [-87.63891386438979, 24.511958280884745], [-87.68386980756549, 24.60187016723612], [-87.77378169391687, 24.60187016723612], [-87.77378169391687, 24.64682611041181], [-87.81873763709257, 24.64682611041181], [-87.81873763709257, 24.6917820535875], [-87.90864952344396, 24.6917820535875], [-87.95360546661965, 24.781693939938872], [-88.04351735297104, 24.781693939938872], [-88.04351735297104, 24.826649883114563], [-88.13342923932242, 24.826649883114563], [-88.17838518249812, 24.916561769465936], [-88.2682970688495, 24.916561769465936], [-88.3132530120252, 25.006473655817313], [-88.40316489837659, 25.006473655817313], [-88.44812084155228, 25.09638554216869], [-88.53803272790367, 25.09638554216869], [-88.53803272790367, 25.141341485344377], [-88.71785650060644, 25.186297428520064], [-88.76281244378214, 25.27620931487144], [-88.94263621648491, 25.321165258047127], [-88.98759215966061, 25.411077144398504], [-89.077504046012, 25.411077144398504], [-89.077504046012, 25.45603308757419], [-89.12245998918769, 25.45603308757419], [-89.12245998918769, 25.500989030749878], [-89.21237187553908, 25.500989030749878], [-89.25732781871477, 25.590900917101255], [-89.34723970506616, 25.590900917101255], [-89.34723970506616, 25.63585686027694], [-89.52706347776893, 25.680812803452632], [-89.57201942094463, 25.770724689804005], [-89.7518431936474, 25.815680632979692], [-89.7518431936474, 25.860636576155382], [-89.7967991368231, 25.860636576155382], [-89.7967991368231, 25.90559251933107], [-89.88671102317448, 25.90559251933107], [-89.97662290952587, 26.040460348858133], [-90.15644668222865, 26.08541629203382], [-90.20140262540434, 26.175328178385197], [-90.29131451175573, 26.175328178385197], [-90.33627045493142, 26.265240064736574], [-90.42618234128281, 26.265240064736574], [-90.42618234128281, 26.31019600791226], [-90.4711382844585, 26.31019600791226], [-90.4711382844585, 26.355151951087947], [-90.56105017080989, 26.355151951087947], [-90.60600611398559, 26.445063837439324], [-90.69591800033697, 26.445063837439324], [-90.78582988668836, 26.579931666966388], [-90.87574177303975, 26.579931666966388], [-90.92069771621544, 26.66984355331776], [-91.01060960256683, 26.66984355331776], [-91.01060960256683, 26.714799496493452], [-91.10052148891822, 26.714799496493452], [-91.14547743209391, 26.804711382844825], [-91.2353893184453, 26.804711382844825], [-91.2353893184453, 26.849667326020516], [-91.280345261621, 26.849667326020516], [-91.280345261621, 26.894623269196202], [-91.32530120479669, 26.894623269196202], [-91.41521309114808, 27.029491098723266], [-91.50512497749946, 27.029491098723266], [-91.50512497749946, 27.074447041898953], [-91.63999280702654, 27.074447041898953], [-91.63999280702654, 27.119402985074643], [-91.81981657972932, 27.16435892825033], [-91.81981657972932, 27.209314871426017], [-91.9546844092564, 27.299226757777394], [-91.9546844092564, 27.389138644128767], [-92.04459629560779, 27.389138644128767], [-92.13450818195918, 27.52400647365583], [-92.31433195466195, 27.56896241683152], [-92.31433195466195, 27.613918360007208], [-92.35928789783765, 27.613918360007208], [-92.35928789783765, 27.658874303182895], [-92.40424384101334, 27.658874303182895], [-92.40424384101334, 27.703830246358585], [-92.44919978418903, 27.703830246358585], [-92.53911167054042, 27.83869807588565], [-92.62902355689181, 27.83869807588565], [-92.62902355689181, 27.928609962237022], [-92.6739795000675, 27.928609962237022], [-92.6739795000675, 27.973565905412713], [-92.7189354432432, 27.973565905412713], [-92.7189354432432, 28.0185218485884], [-92.76389138641889, 28.0185218485884], [-92.76389138641889, 28.063477791764086], [-92.89875921594597, 28.153389678115463], [-92.94371515912167, 28.333213450818214], [-92.98867110229736, 28.333213450818214], [-92.98867110229736, 28.3781693939939], [-93.03362704547305, 28.3781693939939], [-93.03362704547305, 28.42312533716959], [-93.07858298864875, 28.42312533716959], [-93.07858298864875, 28.468081280345277], [-93.21345081817583, 28.557993166696654], [-93.21345081817583, 28.647905053048028], [-93.30336270452722, 28.692860996223715], [-93.30336270452722, 28.78277288257509], [-93.34831864770291, 28.78277288257509], [-93.34831864770291, 28.87268476892647], [-93.3932745908786, 28.87268476892647], [-93.3932745908786, 28.962596655277842], [-93.4382305340543, 28.962596655277842], [-93.4382305340543, 29.097464484804906], [-93.48318647722999, 29.097464484804906], [-93.48318647722999, 29.187376371156283], [-93.52814242040569, 29.187376371156283], [-93.52814242040569, 29.27728825750766], [-93.57309836358138, 29.27728825750766], [-93.57309836358138, 29.367200143859034], [-93.61805430675707, 29.367200143859034], [-93.61805430675707, 29.45711203021041], [-93.66301024993277, 29.45711203021041], [-93.66301024993277, 29.726847689264538], [-93.70796619310846, 29.726847689264538]], [[-93.21345081817583, 29.726847689264538], [-93.16849487500014, 29.726847689264538], [-93.16849487500014, 29.502067973386097], [-93.12353893182444, 29.502067973386097], [-93.07858298864875, 29.322244200683347], [-92.98867110229736, 29.27728825750766], [-92.98867110229736, 29.187376371156283], [-92.94371515912167, 29.187376371156283], [-92.94371515912167, 29.05250854162922], [-92.89875921594597, 29.05250854162922], [-92.89875921594597, 28.962596655277842], [-92.85380327277028, 28.962596655277842], [-92.85380327277028, 28.87268476892647], [-92.80884732959458, 28.87268476892647], [-92.80884732959458, 28.78277288257509], [-92.76389138641889, 28.78277288257509], [-92.7189354432432, 28.60294910987234], [-92.62902355689181, 28.557993166696654], [-92.58406761371612, 28.3781693939939], [-92.53911167054042, 28.3781693939939], [-92.53911167054042, 28.333213450818214], [-92.40424384101334, 28.243301564466837], [-92.40424384101334, 28.153389678115463], [-92.35928789783765, 28.153389678115463], [-92.35928789783765, 28.108433734939773], [-92.22442006831056, 28.0185218485884], [-92.22442006831056, 27.928609962237022], [-92.17946412513487, 27.928609962237022], [-92.17946412513487, 27.883654019061336], [-92.13450818195918, 27.883654019061336], [-92.04459629560779, 27.748786189534272], [-91.9546844092564, 27.748786189534272], [-91.9546844092564, 27.703830246358585], [-91.90972846608071, 27.703830246358585], [-91.90972846608071, 27.658874303182895], [-91.86477252290501, 27.658874303182895], [-91.86477252290501, 27.613918360007208], [-91.81981657972932, 27.613918360007208], [-91.81981657972932, 27.56896241683152], [-91.77486063655363, 27.56896241683152], [-91.77486063655363, 27.52400647365583], [-91.72990469337793, 27.52400647365583], [-91.72990469337793, 27.479050530480144], [-91.68494875020224, 27.479050530480144], [-91.59503686385085, 27.34418270095308], [-91.50512497749946, 27.34418270095308], [-91.41521309114808, 27.209314871426017], [-91.32530120479669, 27.209314871426017], [-91.32530120479669, 27.16435892825033], [-91.280345261621, 27.16435892825033], [-91.2353893184453, 27.074447041898953], [-91.14547743209391, 27.074447041898953], [-91.05556554574252, 26.93957921237189], [-90.96565365939114, 26.93957921237189], [-90.96565365939114, 26.894623269196202], [-90.92069771621544, 26.894623269196202], [-90.92069771621544, 26.849667326020516], [-90.83078582986406, 26.849667326020516], [-90.78582988668836, 26.75975543966914], [-90.69591800033697, 26.75975543966914], [-90.60600611398559, 26.624887610142075], [-90.5160942276342, 26.624887610142075], [-90.5160942276342, 26.579931666966388], [-90.4711382844585, 26.579931666966388], [-90.4711382844585, 26.5349757237907], [-90.38122639810712, 26.5349757237907], [-90.33627045493142, 26.445063837439324], [-90.24635856858004, 26.445063837439324], [-90.20140262540434, 26.355151951087947], [-90.11149073905295, 26.355151951087947], [-90.11149073905295, 26.31019600791226], [-90.06653479587726, 26.31019600791226], [-90.06653479587726, 26.265240064736574], [-89.97662290952587, 26.265240064736574], [-89.93166696635018, 26.175328178385197], [-89.84175507999879, 26.175328178385197], [-89.7967991368231, 26.08541629203382], [-89.70688725047171, 26.08541629203382], [-89.70688725047171, 26.040460348858133], [-89.66193130729602, 26.040460348858133], [-89.66193130729602, 25.995504405682446], [-89.57201942094463, 25.995504405682446], [-89.52706347776893, 25.90559251933107], [-89.43715159141755, 25.90559251933107], [-89.39219564824185, 25.815680632979692], [-89.21237187553908, 25.770724689804005], [-89.21237187553908, 25.72576874662832], [-89.16741593236338, 25.72576874662832], [-89.16741593236338, 25.680812803452632], [-89.077504046012, 25.680812803452632], [-89.0325481028363, 25.590900917101255], [-88.85272433013353, 25.545944973925568], [-88.85272433013353, 25.500989030749878], [-88.80776838695783, 25.500989030749878], [-88.80776838695783, 25.45603308757419], [-88.71785650060644, 25.45603308757419], [-88.67290055743075, 25.366121201222814], [-88.49307678472798, 25.321165258047127], [-88.49307678472798, 25.27620931487144], [-88.44812084155228, 25.27620931487144], [-88.44812084155228, 25.23125337169575], [-88.3582089552009, 25.23125337169575], [-88.3132530120252, 25.141341485344377], [-88.13342923932242, 25.09638554216869], [-88.08847329614673, 25.006473655817313], [-87.99856140979534, 25.006473655817313], [-87.95360546661965, 24.916561769465936], [-87.86369358026826, 24.916561769465936], [-87.86369358026826, 24.87160582629025], [-87.81873763709257, 24.87160582629025], [-87.81873763709257, 24.826649883114563], [-87.72882575074118, 24.826649883114563], [-87.68386980756549, 24.736737996763186], [-87.50404603486271, 24.6917820535875], [-87.45909009168702, 24.60187016723612], [-87.36917820533563, 24.60187016723612], [-87.36917820533563, 24.556914224060435], [-87.32422226215994, 24.556914224060435], [-87.32422226215994, 24.511958280884745], [-87.23431037580855, 24.511958280884745], [-87.18935443263285, 24.42204639453337], [-87.00953065993008, 24.37709045135768], [-86.96457471675438, 24.287178565006307], [-86.874662830403, 24.287178565006307], [-86.8297068872273, 24.19726667865493], [-86.73979500087592, 24.19726667865493], [-86.73979500087592, 24.152310735479244], [-86.69483905770022, 24.152310735479244], [-86.69483905770022, 24.107354792303557], [-86.60492717134883, 24.107354792303557], [-86.55997122817314, 24.01744290595218], [-86.47005934182175, 24.01744290595218], [-86.42510339864606, 23.927531019600803], [-86.33519151229467, 23.927531019600803], [-86.24527962594328, 23.79266319007374], [-86.1553677395919, 23.79266319007374], [-86.1104117964162, 23.702751303722366], [-86.02049991006481, 23.702751303722366], [-86.02049991006481, 23.65779536054668], [-85.97554396688912, 23.65779536054668], [-85.97554396688912, 23.61283941737099], [-85.88563208053773, 23.61283941737099], [-85.84067613736204, 23.522927531019615], [-85.75076425101065, 23.522927531019615], [-85.75076425101065, 23.477971587843925], [-85.57094047830788, 23.433015644668238], [-85.52598453513218, 23.34310375831686], [-85.4360726487808, 23.34310375831686], [-85.4360726487808, 23.298147815141174], [-85.25624887607802, 23.253191871965488], [-85.25624887607802, 23.208235928789797], [-85.16633698972663, 23.208235928789797], [-85.16633698972663, 23.16327998561411], [-85.07642510337524, 23.16327998561411], [-85.07642510337524, 23.118324042438424], [-84.94155727384816, 23.118324042438424], [-84.94155727384816, 23.073368099262733], [-84.80668944432108, 23.073368099262733], [-84.80668944432108, 23.028412156087047], [-84.44704189891553, 23.028412156087047], [-84.44704189891553, 23.073368099262733], [-84.31217406938845, 23.073368099262733], [-84.31217406938845, 23.118324042438424], [-84.22226218303706, 23.118324042438424], [-84.22226218303706, 23.16327998561411], [-84.17730623986137, 23.16327998561411], [-84.17730623986137, 23.208235928789797], [-84.13235029668567, 23.208235928789797], [-84.13235029668567, 23.253191871965488], [-83.99748246715859, 23.34310375831686], [-83.99748246715859, 23.433015644668238], [-83.9525265239829, 23.433015644668238], [-83.9525265239829, 23.522927531019615], [-83.9075705808072, 23.522927531019615], [-83.9075705808072, 23.702751303722366], [-83.86261463763151, 23.702751303722366], [-83.86261463763151, 23.972486962776493], [-83.9075705808072, 23.972486962776493], [-83.9075705808072, 24.152310735479244], [-83.9525265239829, 24.152310735479244], [-83.9525265239829, 24.287178565006307], [-83.99748246715859, 24.287178565006307], [-84.04243841033428, 24.467002337709058], [-84.13235029668567, 24.511958280884745], [-84.13235029668567, 24.60187016723612], [-84.17730623986137, 24.60187016723612], [-84.17730623986137, 24.64682611041181], [-84.26721812621275, 24.6917820535875], [-84.26721812621275, 24.781693939938872], [-84.31217406938845, 24.781693939938872], [-84.31217406938845, 24.826649883114563], [-84.35713001256414, 24.826649883114563], [-84.35713001256414, 24.87160582629025], [-84.49199784209122, 24.961517712641626], [-84.49199784209122, 25.051429598993], [-84.53695378526692, 25.051429598993], [-84.53695378526692, 25.09638554216869], [-84.58190972844261, 25.09638554216869], [-84.58190972844261, 25.141341485344377], [-84.6268656716183, 25.141341485344377], [-84.6268656716183, 25.186297428520064], [-84.671821614794, 25.186297428520064], [-84.671821614794, 25.23125337169575], [-84.71677755796969, 25.23125337169575], [-84.71677755796969, 25.27620931487144], [-84.76173350114539, 25.27620931487144], [-84.76173350114539, 25.321165258047127], [-84.80668944432108, 25.321165258047127], [-84.80668944432108, 25.366121201222814], [-84.85164538749677, 25.366121201222814], [-84.85164538749677, 25.411077144398504], [-84.89660133067247, 25.411077144398504], [-84.89660133067247, 25.45603308757419], [-84.94155727384816, 25.45603308757419], [-84.94155727384816, 25.500989030749878], [-85.07642510337524, 25.590900917101255], [-85.07642510337524, 25.680812803452632], [-85.12138104655094, 25.680812803452632], [-85.12138104655094, 25.72576874662832], [-85.16633698972663, 25.72576874662832], [-85.16633698972663, 25.770724689804005], [-85.21129293290232, 25.770724689804005], [-85.21129293290232, 25.815680632979692], [-85.25624887607802, 25.815680632979692], [-85.25624887607802, 25.860636576155382], [-85.30120481925371, 25.860636576155382], [-85.30120481925371, 25.90559251933107], [-85.3461607624294, 25.90559251933107], [-85.3461607624294, 25.950548462506756], [-85.3911167056051, 25.950548462506756], [-85.3911167056051, 25.995504405682446], [-85.52598453513218, 26.08541629203382], [-85.52598453513218, 26.175328178385197], [-85.57094047830788, 26.175328178385197], [-85.57094047830788, 26.220284121560884], [-85.61589642148357, 26.220284121560884], [-85.61589642148357, 26.265240064736574], [-85.66085236465926, 26.265240064736574], [-85.66085236465926, 26.31019600791226], [-85.70580830783496, 26.31019600791226], [-85.70580830783496, 26.355151951087947], [-85.75076425101065, 26.355151951087947], [-85.75076425101065, 26.400107894263638], [-85.79572019418634, 26.400107894263638], [-85.79572019418634, 26.445063837439324], [-85.93058802371343, 26.5349757237907], [-85.93058802371343, 26.624887610142075], [-85.97554396688912, 26.624887610142075], [-85.97554396688912, 26.66984355331776], [-86.02049991006481, 26.66984355331776], [-86.02049991006481, 26.714799496493452], [-86.06545585324051, 26.714799496493452], [-86.06545585324051, 26.75975543966914], [-86.1104117964162, 26.75975543966914], [-86.1104117964162, 26.804711382844825], [-86.1553677395919, 26.804711382844825], [-86.1553677395919, 26.849667326020516], [-86.20032368276759, 26.849667326020516], [-86.20032368276759, 26.894623269196202], [-86.33519151229467, 26.98453515554758], [-86.33519151229467, 27.074447041898953], [-86.38014745547036, 27.074447041898953], [-86.38014745547036, 27.119402985074643], [-86.42510339864606, 27.119402985074643], [-86.42510339864606, 27.16435892825033], [-86.47005934182175, 27.16435892825033], [-86.47005934182175, 27.209314871426017], [-86.51501528499745, 27.209314871426017], [-86.51501528499745, 27.254270814601703], [-86.55997122817314, 27.254270814601703], [-86.55997122817314, 27.299226757777394], [-86.69483905770022, 27.389138644128767], [-86.69483905770022, 27.479050530480144], [-86.73979500087592, 27.479050530480144], [-86.73979500087592, 27.52400647365583], [-86.78475094405161, 27.52400647365583], [-86.78475094405161, 27.56896241683152], [-86.8297068872273, 27.56896241683152], [-86.8297068872273, 27.613918360007208], [-86.874662830403, 27.613918360007208], [-86.874662830403, 27.658874303182895], [-87.00953065993008, 27.748786189534272], [-87.00953065993008, 27.83869807588565], [-87.05448660310577, 27.83869807588565], [-87.05448660310577, 27.883654019061336], [-87.09944254628147, 27.883654019061336], [-87.09944254628147, 27.928609962237022], [-87.14439848945716, 27.928609962237022], [-87.14439848945716, 27.973565905412713], [-87.27926631898424, 28.063477791764086], [-87.27926631898424, 28.153389678115463], [-87.32422226215994, 28.153389678115463], [-87.32422226215994, 28.19834562129115], [-87.36917820533563, 28.19834562129115], [-87.36917820533563, 28.243301564466837], [-87.41413414851132, 28.243301564466837], [-87.41413414851132, 28.288257507642527], [-87.5490019780384, 28.3781693939939], [-87.5490019780384, 28.468081280345277], [-87.5939579212141, 28.468081280345277], [-87.5939579212141, 28.513037223520964], [-87.63891386438979, 28.513037223520964], [-87.63891386438979, 28.557993166696654], [-87.68386980756549, 28.557993166696654], [-87.68386980756549, 28.60294910987234], [-87.81873763709257, 28.692860996223715], [-87.81873763709257, 28.78277288257509], [-87.86369358026826, 28.78277288257509], [-87.86369358026826, 28.82772882575078], [-87.90864952344396, 28.82772882575078], [-87.90864952344396, 28.87268476892647], [-88.04351735297104, 28.962596655277842], [-88.04351735297104, 29.05250854162922], [-88.08847329614673, 29.05250854162922], [-88.08847329614673, 29.097464484804906], [-88.13342923932242, 29.097464484804906], [-88.13342923932242, 29.142420427980596], [-88.2682970688495, 29.23233231433197], [-88.2682970688495, 29.322244200683347], [-88.3132530120252, 29.322244200683347], [-88.3132530120252, 29.367200143859034], [-88.44812084155228, 29.45711203021041], [-88.44812084155228, 29.547023916561784], [-88.58298867107936, 29.63693580291316], [-88.58298867107936, 29.726847689264538], [-88.71785650060644, 29.81675957561591], [-88.71785650060644, 29.90667146196729], [-88.76281244378214, 29.90667146196729], [-88.76281244378214, 29.951627405142975], [-88.89768027330922, 30.041539291494352], [-88.89768027330922, 30.131451177845726], [-89.0325481028363, 30.221363064197103], [-89.0325481028363, 30.31127495054848], [-89.12245998918769, 30.356230893724167], [-89.12245998918769, 30.446142780075544], [-89.25732781871477, 30.536054666426917], [-89.25732781871477, 30.625966552778294], [-89.30228376189046, 30.625966552778294], [-89.34723970506616, 30.805790325481045], [-89.43715159141755, 30.850746268656735], [-89.43715159141755, 30.94065815500811], [-89.52706347776893, 30.985614098183795], [-89.52706347776893, 31.12048192771086], [-89.57201942094463, 31.12048192771086], [-89.57201942094463, 31.210393814062236], [-89.61697536412032, 31.210393814062236], [-89.61697536412032, 31.3452616435893], [-89.70688725047171, 31.390217586764987], [-89.70688725047171, 31.480129473116364], [-89.7967991368231, 31.52508541629205], [-89.7967991368231, 31.614997302643427], [-89.84175507999879, 31.614997302643427], [-89.84175507999879, 31.659953245819114], [-89.97662290952587, 31.74986513217049], [-89.97662290952587, 31.839777018521865], [-90.02157885270157, 31.839777018521865], [-90.02157885270157, 31.884732961697555], [-90.06653479587726, 31.884732961697555], [-90.06653479587726, 31.92968890487324], [-90.11149073905295, 31.92968890487324], [-90.11149073905295, 31.97464484804893], [-90.15644668222865, 31.97464484804893], [-90.24635856858004, 32.10951267757599], [-90.33627045493142, 32.10951267757599], [-90.42618234128281, 32.24438050710306], [-90.5160942276342, 32.24438050710306], [-90.5160942276342, 32.289336450278746], [-90.60600611398559, 32.289336450278746], [-90.60600611398559, 32.33429239345443], [-90.69591800033697, 32.33429239345443], [-90.69591800033697, 32.37924833663012], [-90.78582988668836, 32.37924833663012], [-90.78582988668836, 32.42420427980581], [-90.92069771621544, 32.42420427980581], [-90.92069771621544, 32.4691602229815], [-91.50512497749946, 32.4691602229815], [-91.50512497749946, 32.42420427980581], [-91.9996403524321, 32.37924833663012], [-92.04459629560779, 32.289336450278746], [-92.13450818195918, 32.289336450278746], [-92.17946412513487, 32.199424563927366], [-92.26937601148626, 32.199424563927366], [-92.26937601148626, 32.154468620751686], [-92.31433195466195, 32.154468620751686], [-92.40424384101334, 32.01960079122462], [-92.49415572736473, 32.01960079122462], [-92.49415572736473, 31.97464484804893], [-92.53911167054042, 31.97464484804893], [-92.53911167054042, 31.92968890487324], [-92.58406761371612, 31.92968890487324], [-92.58406761371612, 31.884732961697555], [-92.62902355689181, 31.884732961697555], [-92.62902355689181, 31.839777018521865], [-92.6739795000675, 31.839777018521865], [-92.6739795000675, 31.794821075346178], [-92.80884732959458, 31.7049091889948], [-92.80884732959458, 31.614997302643427], [-92.89875921594597, 31.570041359467737], [-92.89875921594597, 31.480129473116364], [-92.94371515912167, 31.480129473116364], [-92.94371515912167, 31.3452616435893], [-92.98867110229736, 31.3452616435893], [-92.98867110229736, 31.255349757237923], [-93.03362704547305, 31.255349757237923], [-93.03362704547305, 31.16543787088655], [-93.07858298864875, 31.16543787088655], [-93.07858298864875, 31.075525984535172], [-93.12353893182444, 31.075525984535172], [-93.12353893182444, 30.94065815500811], [-93.16849487500014, 30.94065815500811], [-93.16849487500014, 30.71587843912967], [-93.21345081817583, 30.71587843912967], [-93.21345081817583, 29.726847689264538]]]]}}, {"type": "Feature", "properties": {"shapefile": "2021082806_wsp50knt120hr_5km", "PERCENTAGE": "20-30%"}, "geometry": {"type": "MultiPolygon", "coordinates": [[[[-93.21345081817583, 29.726847689264538], [-93.21345081817583, 30.71587843912967], [-93.16849487500014, 30.71587843912967], [-93.16849487500014, 30.94065815500811], [-93.12353893182444, 30.94065815500811], [-93.12353893182444, 31.075525984535172], [-93.07858298864875, 31.075525984535172], [-93.07858298864875, 31.16543787088655], [-93.03362704547305, 31.16543787088655], [-93.03362704547305, 31.255349757237923], [-92.98867110229736, 31.255349757237923], [-92.98867110229736, 31.3452616435893], [-92.94371515912167, 31.3452616435893], [-92.94371515912167, 31.480129473116364], [-92.89875921594597, 31.480129473116364], [-92.89875921594597, 31.570041359467737], [-92.80884732959458, 31.614997302643427], [-92.80884732959458, 31.7049091889948], [-92.76389138641889, 31.7049091889948], [-92.76389138641889, 31.74986513217049], [-92.7189354432432, 31.74986513217049], [-92.7189354432432, 31.794821075346178], [-92.6739795000675, 31.794821075346178], [-92.6739795000675, 31.839777018521865], [-92.62902355689181, 31.839777018521865], [-92.62902355689181, 31.884732961697555], [-92.58406761371612, 31.884732961697555], [-92.49415572736473, 32.01960079122462], [-92.40424384101334, 32.01960079122462], [-92.40424384101334, 32.064556734400306], [-92.35928789783765, 32.064556734400306], [-92.26937601148626, 32.199424563927366], [-92.17946412513487, 32.199424563927366], [-92.17946412513487, 32.24438050710306], [-92.13450818195918, 32.24438050710306], [-92.13450818195918, 32.289336450278746], [-92.04459629560779, 32.289336450278746], [-91.9996403524321, 32.37924833663012], [-91.50512497749946, 32.42420427980581], [-91.50512497749946, 32.4691602229815], [-90.92069771621544, 32.4691602229815], [-90.92069771621544, 32.42420427980581], [-90.78582988668836, 32.42420427980581], [-90.78582988668836, 32.37924833663012], [-90.69591800033697, 32.37924833663012], [-90.69591800033697, 32.33429239345443], [-90.60600611398559, 32.33429239345443], [-90.60600611398559, 32.289336450278746], [-90.42618234128281, 32.24438050710306], [-90.42618234128281, 32.199424563927366], [-90.38122639810712, 32.199424563927366], [-90.33627045493142, 32.10951267757599], [-90.24635856858004, 32.10951267757599], [-90.24635856858004, 32.064556734400306], [-90.20140262540434, 32.064556734400306], [-90.20140262540434, 32.01960079122462], [-90.15644668222865, 32.01960079122462], [-90.15644668222865, 31.97464484804893], [-90.11149073905295, 31.97464484804893], [-90.11149073905295, 31.92968890487324], [-89.97662290952587, 31.839777018521865], [-89.97662290952587, 31.74986513217049], [-89.93166696635018, 31.74986513217049], [-89.93166696635018, 31.7049091889948], [-89.7967991368231, 31.614997302643427], [-89.7967991368231, 31.52508541629205], [-89.7518431936474, 31.52508541629205], [-89.7518431936474, 31.480129473116364], [-89.70688725047171, 31.480129473116364], [-89.70688725047171, 31.390217586764987], [-89.61697536412032, 31.3452616435893], [-89.61697536412032, 31.210393814062236], [-89.57201942094463, 31.210393814062236], [-89.57201942094463, 31.12048192771086], [-89.52706347776893, 31.12048192771086], [-89.52706347776893, 30.985614098183795], [-89.48210753459324, 30.985614098183795], [-89.48210753459324, 30.94065815500811], [-89.43715159141755, 30.94065815500811], [-89.43715159141755, 30.850746268656735], [-89.34723970506616, 30.805790325481045], [-89.34723970506616, 30.71587843912967], [-89.30228376189046, 30.71587843912967], [-89.30228376189046, 30.625966552778294], [-89.25732781871477, 30.625966552778294], [-89.25732781871477, 30.536054666426917], [-89.12245998918769, 30.446142780075544], [-89.12245998918769, 30.356230893724167], [-89.0325481028363, 30.31127495054848], [-89.0325481028363, 30.221363064197103], [-88.98759215966061, 30.221363064197103], [-88.98759215966061, 30.176407121021416], [-88.89768027330922, 30.131451177845726], [-88.89768027330922, 30.041539291494352], [-88.85272433013353, 30.041539291494352], [-88.85272433013353, 29.996583348318666], [-88.71785650060644, 29.90667146196729], [-88.71785650060644, 29.81675957561591], [-88.58298867107936, 29.726847689264538], [-88.58298867107936, 29.63693580291316], [-88.44812084155228, 29.547023916561784], [-88.44812084155228, 29.45711203021041], [-88.40316489837659, 29.45711203021041], [-88.40316489837659, 29.412156087034724], [-88.2682970688495, 29.322244200683347], [-88.2682970688495, 29.23233231433197], [-88.22334112567381, 29.23233231433197], [-88.22334112567381, 29.187376371156283], [-88.17838518249812, 29.187376371156283], [-88.17838518249812, 29.142420427980596], [-88.04351735297104, 29.05250854162922], [-88.04351735297104, 28.962596655277842], [-87.99856140979534, 28.962596655277842], [-87.99856140979534, 28.917640712102155], [-87.95360546661965, 28.917640712102155], [-87.95360546661965, 28.87268476892647], [-87.81873763709257, 28.78277288257509], [-87.81873763709257, 28.692860996223715], [-87.77378169391687, 28.692860996223715], [-87.77378169391687, 28.647905053048028], [-87.72882575074118, 28.647905053048028], [-87.72882575074118, 28.60294910987234], [-87.68386980756549, 28.60294910987234], [-87.68386980756549, 28.557993166696654], [-87.5490019780384, 28.468081280345277], [-87.5490019780384, 28.3781693939939], [-87.50404603486271, 28.3781693939939], [-87.50404603486271, 28.333213450818214], [-87.45909009168702, 28.333213450818214], [-87.45909009168702, 28.288257507642527], [-87.41413414851132, 28.288257507642527], [-87.41413414851132, 28.243301564466837], [-87.27926631898424, 28.153389678115463], [-87.27926631898424, 28.063477791764086], [-87.23431037580855, 28.063477791764086], [-87.23431037580855, 28.0185218485884], [-87.18935443263285, 28.0185218485884], [-87.18935443263285, 27.973565905412713], [-87.14439848945716, 27.973565905412713], [-87.14439848945716, 27.928609962237022], [-87.00953065993008, 27.83869807588565], [-87.00953065993008, 27.748786189534272], [-86.96457471675438, 27.748786189534272], [-86.96457471675438, 27.703830246358585], [-86.91961877357869, 27.703830246358585], [-86.91961877357869, 27.658874303182895], [-86.874662830403, 27.658874303182895], [-86.874662830403, 27.613918360007208], [-86.8297068872273, 27.613918360007208], [-86.8297068872273, 27.56896241683152], [-86.69483905770022, 27.479050530480144], [-86.69483905770022, 27.389138644128767], [-86.64988311452453, 27.389138644128767], [-86.64988311452453, 27.34418270095308], [-86.60492717134883, 27.34418270095308], [-86.60492717134883, 27.299226757777394], [-86.55997122817314, 27.299226757777394], [-86.55997122817314, 27.254270814601703], [-86.51501528499745, 27.254270814601703], [-86.51501528499745, 27.209314871426017], [-86.47005934182175, 27.209314871426017], [-86.47005934182175, 27.16435892825033], [-86.33519151229467, 27.074447041898953], [-86.33519151229467, 26.98453515554758], [-86.29023556911898, 26.98453515554758], [-86.29023556911898, 26.93957921237189], [-86.24527962594328, 26.93957921237189], [-86.24527962594328, 26.894623269196202], [-86.20032368276759, 26.894623269196202], [-86.20032368276759, 26.849667326020516], [-86.1553677395919, 26.849667326020516], [-86.1553677395919, 26.804711382844825], [-86.1104117964162, 26.804711382844825], [-86.1104117964162, 26.75975543966914], [-86.06545585324051, 26.75975543966914], [-86.06545585324051, 26.714799496493452], [-85.93058802371343, 26.624887610142075], [-85.93058802371343, 26.5349757237907], [-85.88563208053773, 26.5349757237907], [-85.88563208053773, 26.49001978061501], [-85.84067613736204, 26.49001978061501], [-85.84067613736204, 26.445063837439324], [-85.79572019418634, 26.445063837439324], [-85.79572019418634, 26.400107894263638], [-85.75076425101065, 26.400107894263638], [-85.75076425101065, 26.355151951087947], [-85.70580830783496, 26.355151951087947], [-85.70580830783496, 26.31019600791226], [-85.66085236465926, 26.31019600791226], [-85.66085236465926, 26.265240064736574], [-85.52598453513218, 26.175328178385197], [-85.52598453513218, 26.08541629203382], [-85.48102859195649, 26.08541629203382], [-85.48102859195649, 26.040460348858133], [-85.4360726487808, 26.040460348858133], [-85.4360726487808, 25.995504405682446], [-85.3911167056051, 25.995504405682446], [-85.3911167056051, 25.950548462506756], [-85.3461607624294, 25.950548462506756], [-85.3461607624294, 25.90559251933107], [-85.30120481925371, 25.90559251933107], [-85.30120481925371, 25.860636576155382], [-85.25624887607802, 25.860636576155382], [-85.25624887607802, 25.815680632979692], [-85.21129293290232, 25.815680632979692], [-85.21129293290232, 25.770724689804005], [-85.07642510337524, 25.680812803452632], [-85.07642510337524, 25.590900917101255], [-85.03146916019955, 25.590900917101255], [-85.03146916019955, 25.545944973925568], [-84.98651321702386, 25.545944973925568], [-84.98651321702386, 25.500989030749878], [-84.94155727384816, 25.500989030749878], [-84.94155727384816, 25.45603308757419], [-84.89660133067247, 25.45603308757419], [-84.89660133067247, 25.411077144398504], [-84.85164538749677, 25.411077144398504], [-84.85164538749677, 25.366121201222814], [-84.80668944432108, 25.366121201222814], [-84.80668944432108, 25.321165258047127], [-84.76173350114539, 25.321165258047127], [-84.76173350114539, 25.27620931487144], [-84.71677755796969, 25.27620931487144], [-84.71677755796969, 25.23125337169575], [-84.671821614794, 25.23125337169575], [-84.671821614794, 25.186297428520064], [-84.6268656716183, 25.186297428520064], [-84.6268656716183, 25.141341485344377], [-84.49199784209122, 25.051429598993], [-84.49199784209122, 24.961517712641626], [-84.44704189891553, 24.961517712641626], [-84.44704189891553, 24.916561769465936], [-84.40208595573984, 24.916561769465936], [-84.40208595573984, 24.87160582629025], [-84.26721812621275, 24.781693939938872], [-84.26721812621275, 24.6917820535875], [-84.13235029668567, 24.60187016723612], [-84.13235029668567, 24.511958280884745], [-84.04243841033428, 24.467002337709058], [-84.04243841033428, 24.37709045135768], [-83.99748246715859, 24.37709045135768], [-83.99748246715859, 24.287178565006307], [-83.9525265239829, 24.287178565006307], [-83.9525265239829, 24.152310735479244], [-83.9075705808072, 24.152310735479244], [-83.9075705808072, 23.972486962776493], [-83.86261463763151, 23.972486962776493], [-83.86261463763151, 23.702751303722366], [-83.9075705808072, 23.702751303722366], [-83.9075705808072, 23.522927531019615], [-83.9525265239829, 23.522927531019615], [-83.99748246715859, 23.34310375831686], [-84.04243841033428, 23.34310375831686], [-84.04243841033428, 23.298147815141174], [-84.08739435350998, 23.298147815141174], [-84.08739435350998, 23.253191871965488], [-84.13235029668567, 23.253191871965488], [-84.22226218303706, 23.118324042438424], [-84.31217406938845, 23.118324042438424], [-84.31217406938845, 23.073368099262733], [-84.44704189891553, 23.073368099262733], [-84.44704189891553, 23.028412156087047], [-84.80668944432108, 23.028412156087047], [-84.80668944432108, 23.073368099262733], [-84.94155727384816, 23.073368099262733], [-84.94155727384816, 23.118324042438424], [-85.07642510337524, 23.118324042438424], [-85.07642510337524, 23.16327998561411], [-85.25624887607802, 23.208235928789797], [-85.25624887607802, 23.253191871965488], [-85.3461607624294, 23.253191871965488], [-85.3461607624294, 23.298147815141174], [-85.52598453513218, 23.34310375831686], [-85.57094047830788, 23.433015644668238], [-85.66085236465926, 23.433015644668238], [-85.66085236465926, 23.477971587843925], [-85.84067613736204, 23.522927531019615], [-85.88563208053773, 23.61283941737099], [-85.97554396688912, 23.61283941737099], [-86.02049991006481, 23.702751303722366], [-86.1104117964162, 23.702751303722366], [-86.1553677395919, 23.79266319007374], [-86.24527962594328, 23.79266319007374], [-86.33519151229467, 23.927531019600803], [-86.42510339864606, 23.927531019600803], [-86.47005934182175, 24.01744290595218], [-86.55997122817314, 24.01744290595218], [-86.60492717134883, 24.107354792303557], [-86.69483905770022, 24.107354792303557], [-86.73979500087592, 24.19726667865493], [-86.8297068872273, 24.19726667865493], [-86.8297068872273, 24.24222262183062], [-86.874662830403, 24.24222262183062], [-86.874662830403, 24.287178565006307], [-86.96457471675438, 24.287178565006307], [-87.00953065993008, 24.37709045135768], [-87.18935443263285, 24.42204639453337], [-87.18935443263285, 24.467002337709058], [-87.23431037580855, 24.467002337709058], [-87.23431037580855, 24.511958280884745], [-87.32422226215994, 24.511958280884745], [-87.36917820533563, 24.60187016723612], [-87.45909009168702, 24.60187016723612], [-87.50404603486271, 24.6917820535875], [-87.68386980756549, 24.736737996763186], [-87.72882575074118, 24.826649883114563], [-87.81873763709257, 24.826649883114563], [-87.81873763709257, 24.87160582629025], [-87.86369358026826, 24.87160582629025], [-87.86369358026826, 24.916561769465936], [-87.95360546661965, 24.916561769465936], [-87.99856140979534, 25.006473655817313], [-88.08847329614673, 25.006473655817313], [-88.13342923932242, 25.09638554216869], [-88.3132530120252, 25.141341485344377], [-88.3132530120252, 25.186297428520064], [-88.3582089552009, 25.186297428520064], [-88.3582089552009, 25.23125337169575], [-88.44812084155228, 25.23125337169575], [-88.49307678472798, 25.321165258047127], [-88.67290055743075, 25.366121201222814], [-88.67290055743075, 25.411077144398504], [-88.71785650060644, 25.411077144398504], [-88.71785650060644, 25.45603308757419], [-88.80776838695783, 25.45603308757419], [-88.85272433013353, 25.545944973925568], [-89.0325481028363, 25.590900917101255], [-89.0325481028363, 25.63585686027694], [-89.077504046012, 25.63585686027694], [-89.077504046012, 25.680812803452632], [-89.16741593236338, 25.680812803452632], [-89.21237187553908, 25.770724689804005], [-89.39219564824185, 25.815680632979692], [-89.43715159141755, 25.90559251933107], [-89.52706347776893, 25.90559251933107], [-89.57201942094463, 25.995504405682446], [-89.66193130729602, 25.995504405682446], [-89.66193130729602, 26.040460348858133], [-89.70688725047171, 26.040460348858133], [-89.70688725047171, 26.08541629203382], [-89.7967991368231, 26.08541629203382], [-89.84175507999879, 26.175328178385197], [-89.93166696635018, 26.175328178385197], [-89.97662290952587, 26.265240064736574], [-90.06653479587726, 26.265240064736574], [-90.06653479587726, 26.31019600791226], [-90.11149073905295, 26.31019600791226], [-90.11149073905295, 26.355151951087947], [-90.20140262540434, 26.355151951087947], [-90.24635856858004, 26.445063837439324], [-90.33627045493142, 26.445063837439324], [-90.38122639810712, 26.5349757237907], [-90.4711382844585, 26.5349757237907], [-90.5160942276342, 26.624887610142075], [-90.60600611398559, 26.624887610142075], [-90.69591800033697, 26.75975543966914], [-90.78582988668836, 26.75975543966914], [-90.83078582986406, 26.849667326020516], [-90.92069771621544, 26.849667326020516], [-90.96565365939114, 26.93957921237189], [-91.05556554574252, 26.93957921237189], [-91.14547743209391, 27.074447041898953], [-91.2353893184453, 27.074447041898953], [-91.32530120479669, 27.209314871426017], [-91.41521309114808, 27.209314871426017], [-91.50512497749946, 27.34418270095308], [-91.59503686385085, 27.34418270095308], [-91.59503686385085, 27.389138644128767], [-91.63999280702654, 27.389138644128767], [-91.63999280702654, 27.434094587304457], [-91.68494875020224, 27.434094587304457], [-91.68494875020224, 27.479050530480144], [-91.72990469337793, 27.479050530480144], [-91.72990469337793, 27.52400647365583], [-91.77486063655363, 27.52400647365583], [-91.77486063655363, 27.56896241683152], [-91.81981657972932, 27.56896241683152], [-91.81981657972932, 27.613918360007208], [-91.9546844092564, 27.703830246358585], [-91.9546844092564, 27.748786189534272], [-92.04459629560779, 27.748786189534272], [-92.04459629560779, 27.79374213270996], [-92.08955223878348, 27.79374213270996], [-92.08955223878348, 27.83869807588565], [-92.22442006831056, 27.928609962237022], [-92.22442006831056, 28.0185218485884], [-92.26937601148626, 28.0185218485884], [-92.26937601148626, 28.063477791764086], [-92.40424384101334, 28.153389678115463], [-92.40424384101334, 28.243301564466837], [-92.44919978418903, 28.243301564466837], [-92.44919978418903, 28.288257507642527], [-92.58406761371612, 28.3781693939939], [-92.62902355689181, 28.557993166696654], [-92.7189354432432, 28.60294910987234], [-92.7189354432432, 28.692860996223715], [-92.76389138641889, 28.692860996223715], [-92.76389138641889, 28.78277288257509], [-92.80884732959458, 28.78277288257509], [-92.80884732959458, 28.87268476892647], [-92.85380327277028, 28.87268476892647], [-92.85380327277028, 28.962596655277842], [-92.89875921594597, 28.962596655277842], [-92.89875921594597, 29.05250854162922], [-92.94371515912167, 29.05250854162922], [-92.94371515912167, 29.187376371156283], [-92.98867110229736, 29.187376371156283], [-92.98867110229736, 29.27728825750766], [-93.07858298864875, 29.322244200683347], [-93.07858298864875, 29.412156087034724], [-93.12353893182444, 29.412156087034724], [-93.12353893182444, 29.502067973386097], [-93.16849487500014, 29.502067973386097], [-93.16849487500014, 29.726847689264538], [-93.21345081817583, 29.726847689264538]], [[-92.89875921594597, 29.90667146196729], [-92.85380327277028, 29.90667146196729], [-92.85380327277028, 29.63693580291316], [-92.80884732959458, 29.63693580291316], [-92.80884732959458, 29.45711203021041], [-92.76389138641889, 29.45711203021041], [-92.7189354432432, 29.187376371156283], [-92.6739795000675, 29.187376371156283], [-92.6739795000675, 29.097464484804906], [-92.62902355689181, 29.097464484804906], [-92.62902355689181, 28.962596655277842], [-92.58406761371612, 28.962596655277842], [-92.58406761371612, 28.87268476892647], [-92.53911167054042, 28.87268476892647], [-92.53911167054042, 28.78277288257509], [-92.49415572736473, 28.78277288257509], [-92.49415572736473, 28.692860996223715], [-92.40424384101334, 28.647905053048028], [-92.40424384101334, 28.557993166696654], [-92.31433195466195, 28.513037223520964], [-92.31433195466195, 28.42312533716959], [-92.22442006831056, 28.3781693939939], [-92.22442006831056, 28.288257507642527], [-92.17946412513487, 28.288257507642527], [-92.17946412513487, 28.243301564466837], [-92.04459629560779, 28.153389678115463], [-92.04459629560779, 28.063477791764086], [-91.9996403524321, 28.063477791764086], [-91.9996403524321, 28.0185218485884], [-91.9546844092564, 28.0185218485884], [-91.9546844092564, 27.973565905412713], [-91.90972846608071, 27.973565905412713], [-91.90972846608071, 27.928609962237022], [-91.86477252290501, 27.928609962237022], [-91.86477252290501, 27.883654019061336], [-91.81981657972932, 27.883654019061336], [-91.81981657972932, 27.83869807588565], [-91.77486063655363, 27.83869807588565], [-91.68494875020224, 27.703830246358585], [-91.59503686385085, 27.703830246358585], [-91.59503686385085, 27.658874303182895], [-91.55008092067516, 27.658874303182895], [-91.55008092067516, 27.613918360007208], [-91.50512497749946, 27.613918360007208], [-91.50512497749946, 27.56896241683152], [-91.46016903432377, 27.56896241683152], [-91.37025714797238, 27.434094587304457], [-91.280345261621, 27.434094587304457], [-91.280345261621, 27.389138644128767], [-91.2353893184453, 27.389138644128767], [-91.14547743209391, 27.254270814601703], [-91.05556554574252, 27.254270814601703], [-91.05556554574252, 27.209314871426017], [-91.01060960256683, 27.209314871426017], [-90.96565365939114, 27.119402985074643], [-90.87574177303975, 27.119402985074643], [-90.78582988668836, 26.98453515554758], [-90.69591800033697, 26.98453515554758], [-90.65096205716128, 26.894623269196202], [-90.56105017080989, 26.894623269196202], [-90.4711382844585, 26.75975543966914], [-90.38122639810712, 26.75975543966914], [-90.33627045493142, 26.66984355331776], [-90.24635856858004, 26.66984355331776], [-90.20140262540434, 26.579931666966388], [-90.11149073905295, 26.579931666966388], [-90.02157885270157, 26.445063837439324], [-89.93166696635018, 26.445063837439324], [-89.88671102317448, 26.355151951087947], [-89.7967991368231, 26.355151951087947], [-89.7518431936474, 26.265240064736574], [-89.66193130729602, 26.265240064736574], [-89.61697536412032, 26.175328178385197], [-89.52706347776893, 26.175328178385197], [-89.48210753459324, 26.08541629203382], [-89.39219564824185, 26.08541629203382], [-89.39219564824185, 26.040460348858133], [-89.34723970506616, 26.040460348858133], [-89.34723970506616, 25.995504405682446], [-89.25732781871477, 25.995504405682446], [-89.21237187553908, 25.90559251933107], [-89.0325481028363, 25.860636576155382], [-88.98759215966061, 25.770724689804005], [-88.89768027330922, 25.770724689804005], [-88.89768027330922, 25.72576874662832], [-88.85272433013353, 25.72576874662832], [-88.85272433013353, 25.680812803452632], [-88.76281244378214, 25.680812803452632], [-88.71785650060644, 25.590900917101255], [-88.62794461425506, 25.590900917101255], [-88.58298867107936, 25.500989030749878], [-88.40316489837659, 25.45603308757419], [-88.3582089552009, 25.366121201222814], [-88.2682970688495, 25.366121201222814], [-88.22334112567381, 25.27620931487144], [-88.13342923932242, 25.27620931487144], [-88.08847329614673, 25.186297428520064], [-87.99856140979534, 25.186297428520064], [-87.99856140979534, 25.141341485344377], [-87.95360546661965, 25.141341485344377], [-87.95360546661965, 25.09638554216869], [-87.86369358026826, 25.09638554216869], [-87.81873763709257, 25.006473655817313], [-87.72882575074118, 25.006473655817313], [-87.68386980756549, 24.916561769465936], [-87.50404603486271, 24.87160582629025], [-87.45909009168702, 24.781693939938872], [-87.36917820533563, 24.781693939938872], [-87.36917820533563, 24.736737996763186], [-87.32422226215994, 24.736737996763186], [-87.32422226215994, 24.6917820535875], [-87.23431037580855, 24.6917820535875], [-87.18935443263285, 24.60187016723612], [-87.09944254628147, 24.60187016723612], [-87.05448660310577, 24.511958280884745], [-86.96457471675438, 24.511958280884745], [-86.96457471675438, 24.467002337709058], [-86.91961877357869, 24.467002337709058], [-86.91961877357869, 24.42204639453337], [-86.8297068872273, 24.42204639453337], [-86.78475094405161, 24.332134508181994], [-86.69483905770022, 24.332134508181994], [-86.69483905770022, 24.287178565006307], [-86.64988311452453, 24.287178565006307], [-86.64988311452453, 24.24222262183062], [-86.55997122817314, 24.24222262183062], [-86.51501528499745, 24.152310735479244], [-86.42510339864606, 24.152310735479244], [-86.38014745547036, 24.062398849127867], [-86.29023556911898, 24.062398849127867], [-86.20032368276759, 23.927531019600803], [-86.1104117964162, 23.927531019600803], [-86.06545585324051, 23.83761913324943], [-85.97554396688912, 23.83761913324943], [-85.93058802371343, 23.747707246898052], [-85.84067613736204, 23.747707246898052], [-85.84067613736204, 23.702751303722366], [-85.79572019418634, 23.702751303722366], [-85.79572019418634, 23.65779536054668], [-85.70580830783496, 23.65779536054668], [-85.66085236465926, 23.567883474195302], [-85.48102859195649, 23.522927531019615], [-85.48102859195649, 23.477971587843925], [-85.30120481925371, 23.433015644668238], [-85.30120481925371, 23.38805970149255], [-85.21129293290232, 23.38805970149255], [-85.21129293290232, 23.34310375831686], [-85.12138104655094, 23.34310375831686], [-85.12138104655094, 23.298147815141174], [-84.94155727384816, 23.253191871965488], [-84.94155727384816, 23.208235928789797], [-84.85164538749677, 23.208235928789797], [-84.85164538749677, 23.16327998561411], [-84.671821614794, 23.16327998561411], [-84.671821614794, 23.118324042438424], [-84.44704189891553, 23.118324042438424], [-84.44704189891553, 23.16327998561411], [-84.31217406938845, 23.16327998561411], [-84.26721812621275, 23.253191871965488], [-84.17730623986137, 23.253191871965488], [-84.17730623986137, 23.298147815141174], [-84.13235029668567, 23.298147815141174], [-84.13235029668567, 23.38805970149255], [-84.04243841033428, 23.433015644668238], [-84.04243841033428, 23.567883474195302], [-83.99748246715859, 23.567883474195302], [-83.99748246715859, 24.107354792303557], [-84.04243841033428, 24.107354792303557], [-84.04243841033428, 24.19726667865493], [-84.08739435350998, 24.19726667865493], [-84.08739435350998, 24.287178565006307], [-84.13235029668567, 24.287178565006307], [-84.17730623986137, 24.467002337709058], [-84.22226218303706, 24.467002337709058], [-84.22226218303706, 24.511958280884745], [-84.35713001256414, 24.60187016723612], [-84.35713001256414, 24.6917820535875], [-84.40208595573984, 24.6917820535875], [-84.40208595573984, 24.736737996763186], [-84.44704189891553, 24.736737996763186], [-84.44704189891553, 24.781693939938872], [-84.49199784209122, 24.781693939938872], [-84.49199784209122, 24.826649883114563], [-84.53695378526692, 24.826649883114563], [-84.53695378526692, 24.87160582629025], [-84.671821614794, 24.961517712641626], [-84.671821614794, 25.051429598993], [-84.71677755796969, 25.051429598993], [-84.71677755796969, 25.09638554216869], [-84.76173350114539, 25.09638554216869], [-84.76173350114539, 25.141341485344377], [-84.80668944432108, 25.141341485344377], [-84.80668944432108, 25.186297428520064], [-84.85164538749677, 25.186297428520064], [-84.85164538749677, 25.23125337169575], [-84.89660133067247, 25.23125337169575], [-84.89660133067247, 25.27620931487144], [-84.94155727384816, 25.27620931487144], [-84.94155727384816, 25.321165258047127], [-84.98651321702386, 25.321165258047127], [-84.98651321702386, 25.366121201222814], [-85.03146916019955, 25.366121201222814], [-85.03146916019955, 25.411077144398504], [-85.07642510337524, 25.411077144398504], [-85.07642510337524, 25.45603308757419], [-85.12138104655094, 25.45603308757419], [-85.12138104655094, 25.500989030749878], [-85.16633698972663, 25.500989030749878], [-85.16633698972663, 25.545944973925568], [-85.21129293290232, 25.545944973925568], [-85.21129293290232, 25.590900917101255], [-85.25624887607802, 25.590900917101255], [-85.25624887607802, 25.63585686027694], [-85.30120481925371, 25.63585686027694], [-85.30120481925371, 25.680812803452632], [-85.4360726487808, 25.770724689804005], [-85.4360726487808, 25.860636576155382], [-85.48102859195649, 25.860636576155382], [-85.48102859195649, 25.90559251933107], [-85.52598453513218, 25.90559251933107], [-85.52598453513218, 25.950548462506756], [-85.57094047830788, 25.950548462506756], [-85.57094047830788, 25.995504405682446], [-85.61589642148357, 25.995504405682446], [-85.61589642148357, 26.040460348858133], [-85.66085236465926, 26.040460348858133], [-85.66085236465926, 26.08541629203382], [-85.70580830783496, 26.08541629203382], [-85.70580830783496, 26.13037223520951], [-85.75076425101065, 26.13037223520951], [-85.75076425101065, 26.175328178385197], [-85.79572019418634, 26.175328178385197], [-85.79572019418634, 26.220284121560884], [-85.84067613736204, 26.220284121560884], [-85.84067613736204, 26.265240064736574], [-85.88563208053773, 26.265240064736574], [-85.88563208053773, 26.31019600791226], [-86.02049991006481, 26.400107894263638], [-86.02049991006481, 26.49001978061501], [-86.06545585324051, 26.49001978061501], [-86.06545585324051, 26.5349757237907], [-86.1104117964162, 26.5349757237907], [-86.1104117964162, 26.579931666966388], [-86.1553677395919, 26.579931666966388], [-86.1553677395919, 26.624887610142075], [-86.20032368276759, 26.624887610142075], [-86.20032368276759, 26.66984355331776], [-86.24527962594328, 26.66984355331776], [-86.24527962594328, 26.714799496493452], [-86.29023556911898, 26.714799496493452], [-86.29023556911898, 26.75975543966914], [-86.33519151229467, 26.75975543966914], [-86.33519151229467, 26.804711382844825], [-86.38014745547036, 26.804711382844825], [-86.38014745547036, 26.849667326020516], [-86.42510339864606, 26.849667326020516], [-86.42510339864606, 26.894623269196202], [-86.55997122817314, 26.98453515554758], [-86.55997122817314, 27.074447041898953], [-86.60492717134883, 27.074447041898953], [-86.60492717134883, 27.119402985074643], [-86.64988311452453, 27.119402985074643], [-86.64988311452453, 27.16435892825033], [-86.69483905770022, 27.16435892825033], [-86.69483905770022, 27.209314871426017], [-86.73979500087592, 27.209314871426017], [-86.73979500087592, 27.254270814601703], [-86.78475094405161, 27.254270814601703], [-86.78475094405161, 27.299226757777394], [-86.8297068872273, 27.299226757777394], [-86.8297068872273, 27.34418270095308], [-86.874662830403, 27.34418270095308], [-86.874662830403, 27.389138644128767], [-87.00953065993008, 27.479050530480144], [-87.00953065993008, 27.56896241683152], [-87.05448660310577, 27.56896241683152], [-87.05448660310577, 27.613918360007208], [-87.09944254628147, 27.613918360007208], [-87.09944254628147, 27.658874303182895], [-87.14439848945716, 27.658874303182895], [-87.14439848945716, 27.703830246358585], [-87.18935443263285, 27.703830246358585], [-87.18935443263285, 27.748786189534272], [-87.23431037580855, 27.748786189534272], [-87.23431037580855, 27.79374213270996], [-87.27926631898424, 27.79374213270996], [-87.27926631898424, 27.83869807588565], [-87.41413414851132, 27.928609962237022], [-87.41413414851132, 28.0185218485884], [-87.45909009168702, 28.0185218485884], [-87.45909009168702, 28.063477791764086], [-87.50404603486271, 28.063477791764086], [-87.50404603486271, 28.108433734939773], [-87.5490019780384, 28.108433734939773], [-87.5490019780384, 28.153389678115463], [-87.5939579212141, 28.153389678115463], [-87.5939579212141, 28.19834562129115], [-87.72882575074118, 28.288257507642527], [-87.72882575074118, 28.3781693939939], [-87.77378169391687, 28.3781693939939], [-87.77378169391687, 28.42312533716959], [-87.81873763709257, 28.42312533716959], [-87.81873763709257, 28.468081280345277], [-87.86369358026826, 28.468081280345277], [-87.86369358026826, 28.513037223520964], [-87.90864952344396, 28.513037223520964], [-87.90864952344396, 28.557993166696654], [-88.04351735297104, 28.647905053048028], [-88.04351735297104, 28.737816939399405], [-88.08847329614673, 28.737816939399405], [-88.08847329614673, 28.78277288257509], [-88.13342923932242, 28.78277288257509], [-88.13342923932242, 28.82772882575078], [-88.17838518249812, 28.82772882575078], [-88.17838518249812, 28.87268476892647], [-88.22334112567381, 28.87268476892647], [-88.22334112567381, 28.917640712102155], [-88.3582089552009, 29.007552598453533], [-88.3582089552009, 29.097464484804906], [-88.40316489837659, 29.097464484804906], [-88.40316489837659, 29.142420427980596], [-88.44812084155228, 29.142420427980596], [-88.44812084155228, 29.187376371156283], [-88.58298867107936, 29.27728825750766], [-88.58298867107936, 29.367200143859034], [-88.62794461425506, 29.367200143859034], [-88.62794461425506, 29.412156087034724], [-88.76281244378214, 29.502067973386097], [-88.76281244378214, 29.591979859737474], [-88.80776838695783, 29.591979859737474], [-88.80776838695783, 29.63693580291316], [-88.94263621648491, 29.726847689264538], [-88.94263621648491, 29.81675957561591], [-88.98759215966061, 29.81675957561591], [-88.98759215966061, 29.861715518791602], [-89.12245998918769, 29.951627405142975], [-89.12245998918769, 30.041539291494352], [-89.16741593236338, 30.041539291494352], [-89.16741593236338, 30.08649523467004], [-89.25732781871477, 30.131451177845726], [-89.25732781871477, 30.221363064197103], [-89.39219564824185, 30.31127495054848], [-89.39219564824185, 30.401186836899853], [-89.48210753459324, 30.446142780075544], [-89.48210753459324, 30.536054666426917], [-89.57201942094463, 30.581010609602608], [-89.57201942094463, 30.67092249595398], [-89.66193130729602, 30.71587843912967], [-89.70688725047171, 30.895702211832422], [-89.7967991368231, 30.94065815500811], [-89.7967991368231, 31.030570041359486], [-89.88671102317448, 31.075525984535172], [-89.88671102317448, 31.16543787088655], [-90.02157885270157, 31.255349757237923], [-90.02157885270157, 31.3452616435893], [-90.06653479587726, 31.3452616435893], [-90.06653479587726, 31.390217586764987], [-90.11149073905295, 31.390217586764987], [-90.11149073905295, 31.435173529940677], [-90.15644668222865, 31.435173529940677], [-90.15644668222865, 31.480129473116364], [-90.20140262540434, 31.480129473116364], [-90.20140262540434, 31.52508541629205], [-90.24635856858004, 31.52508541629205], [-90.24635856858004, 31.570041359467737], [-90.29131451175573, 31.570041359467737], [-90.29131451175573, 31.614997302643427], [-90.33627045493142, 31.614997302643427], [-90.33627045493142, 31.659953245819114], [-90.38122639810712, 31.659953245819114], [-90.38122639810712, 31.7049091889948], [-90.42618234128281, 31.7049091889948], [-90.5160942276342, 31.839777018521865], [-90.69591800033697, 31.884732961697555], [-90.74087394351267, 31.97464484804893], [-90.83078582986406, 31.97464484804893], [-90.83078582986406, 32.01960079122462], [-90.92069771621544, 32.01960079122462], [-90.92069771621544, 32.064556734400306], [-91.59503686385085, 32.064556734400306], [-91.59503686385085, 32.01960079122462], [-91.77486063655363, 32.01960079122462], [-91.77486063655363, 31.97464484804893], [-92.04459629560779, 31.92968890487324], [-92.08955223878348, 31.839777018521865], [-92.17946412513487, 31.839777018521865], [-92.22442006831056, 31.74986513217049], [-92.31433195466195, 31.74986513217049], [-92.40424384101334, 31.614997302643427], [-92.49415572736473, 31.614997302643427], [-92.49415572736473, 31.570041359467737], [-92.53911167054042, 31.570041359467737], [-92.53911167054042, 31.480129473116364], [-92.62902355689181, 31.435173529940677], [-92.62902355689181, 31.3452616435893], [-92.6739795000675, 31.3452616435893], [-92.6739795000675, 31.255349757237923], [-92.7189354432432, 31.255349757237923], [-92.7189354432432, 31.16543787088655], [-92.76389138641889, 31.16543787088655], [-92.76389138641889, 31.075525984535172], [-92.80884732959458, 31.075525984535172], [-92.80884732959458, 30.895702211832422], [-92.85380327277028, 30.895702211832422], [-92.85380327277028, 30.67092249595398], [-92.89875921594597, 30.67092249595398], [-92.89875921594597, 29.90667146196729]]]]}}, {"type": "Feature", "properties": {"shapefile": "2021082806_wsp50knt120hr_5km", "PERCENTAGE": "30-40%"}, "geometry": {"type": "MultiPolygon", "coordinates": [[[[-92.89875921594597, 29.90667146196729], [-92.89875921594597, 30.67092249595398], [-92.85380327277028, 30.67092249595398], [-92.85380327277028, 30.895702211832422], [-92.80884732959458, 30.895702211832422], [-92.80884732959458, 31.075525984535172], [-92.76389138641889, 31.075525984535172], [-92.76389138641889, 31.16543787088655], [-92.7189354432432, 31.16543787088655], [-92.7189354432432, 31.255349757237923], [-92.6739795000675, 31.255349757237923], [-92.6739795000675, 31.3452616435893], [-92.62902355689181, 31.3452616435893], [-92.62902355689181, 31.435173529940677], [-92.53911167054042, 31.480129473116364], [-92.53911167054042, 31.570041359467737], [-92.49415572736473, 31.570041359467737], [-92.49415572736473, 31.614997302643427], [-92.40424384101334, 31.614997302643427], [-92.31433195466195, 31.74986513217049], [-92.22442006831056, 31.74986513217049], [-92.22442006831056, 31.794821075346178], [-92.17946412513487, 31.794821075346178], [-92.17946412513487, 31.839777018521865], [-92.08955223878348, 31.839777018521865], [-92.04459629560779, 31.92968890487324], [-91.90972846608071, 31.92968890487324], [-91.90972846608071, 31.97464484804893], [-91.77486063655363, 31.97464484804893], [-91.77486063655363, 32.01960079122462], [-91.59503686385085, 32.01960079122462], [-91.59503686385085, 32.064556734400306], [-90.92069771621544, 32.064556734400306], [-90.92069771621544, 32.01960079122462], [-90.83078582986406, 32.01960079122462], [-90.83078582986406, 31.97464484804893], [-90.74087394351267, 31.97464484804893], [-90.69591800033697, 31.884732961697555], [-90.5160942276342, 31.839777018521865], [-90.5160942276342, 31.794821075346178], [-90.4711382844585, 31.794821075346178], [-90.4711382844585, 31.74986513217049], [-90.42618234128281, 31.74986513217049], [-90.42618234128281, 31.7049091889948], [-90.38122639810712, 31.7049091889948], [-90.38122639810712, 31.659953245819114], [-90.33627045493142, 31.659953245819114], [-90.33627045493142, 31.614997302643427], [-90.29131451175573, 31.614997302643427], [-90.29131451175573, 31.570041359467737], [-90.24635856858004, 31.570041359467737], [-90.24635856858004, 31.52508541629205], [-90.20140262540434, 31.52508541629205], [-90.20140262540434, 31.480129473116364], [-90.15644668222865, 31.480129473116364], [-90.15644668222865, 31.435173529940677], [-90.02157885270157, 31.3452616435893], [-90.02157885270157, 31.255349757237923], [-89.88671102317448, 31.16543787088655], [-89.88671102317448, 31.075525984535172], [-89.84175507999879, 31.075525984535172], [-89.84175507999879, 31.030570041359486], [-89.7967991368231, 31.030570041359486], [-89.7967991368231, 30.94065815500811], [-89.70688725047171, 30.895702211832422], [-89.66193130729602, 30.71587843912967], [-89.57201942094463, 30.67092249595398], [-89.57201942094463, 30.581010609602608], [-89.48210753459324, 30.536054666426917], [-89.48210753459324, 30.446142780075544], [-89.39219564824185, 30.401186836899853], [-89.39219564824185, 30.31127495054848], [-89.25732781871477, 30.221363064197103], [-89.25732781871477, 30.131451177845726], [-89.12245998918769, 30.041539291494352], [-89.12245998918769, 29.951627405142975], [-89.077504046012, 29.951627405142975], [-89.077504046012, 29.90667146196729], [-88.94263621648491, 29.81675957561591], [-88.94263621648491, 29.726847689264538], [-88.89768027330922, 29.726847689264538], [-88.89768027330922, 29.681891746088848], [-88.76281244378214, 29.591979859737474], [-88.76281244378214, 29.502067973386097], [-88.71785650060644, 29.502067973386097], [-88.71785650060644, 29.45711203021041], [-88.58298867107936, 29.367200143859034], [-88.58298867107936, 29.27728825750766], [-88.53803272790367, 29.27728825750766], [-88.53803272790367, 29.23233231433197], [-88.49307678472798, 29.23233231433197], [-88.49307678472798, 29.187376371156283], [-88.3582089552009, 29.097464484804906], [-88.3582089552009, 29.007552598453533], [-88.3132530120252, 29.007552598453533], [-88.3132530120252, 28.962596655277842], [-88.2682970688495, 28.962596655277842], [-88.2682970688495, 28.917640712102155], [-88.22334112567381, 28.917640712102155], [-88.22334112567381, 28.87268476892647], [-88.17838518249812, 28.87268476892647], [-88.17838518249812, 28.82772882575078], [-88.04351735297104, 28.737816939399405], [-88.04351735297104, 28.647905053048028], [-87.99856140979534, 28.647905053048028], [-87.99856140979534, 28.60294910987234], [-87.95360546661965, 28.60294910987234], [-87.95360546661965, 28.557993166696654], [-87.90864952344396, 28.557993166696654], [-87.90864952344396, 28.513037223520964], [-87.86369358026826, 28.513037223520964], [-87.86369358026826, 28.468081280345277], [-87.72882575074118, 28.3781693939939], [-87.72882575074118, 28.288257507642527], [-87.68386980756549, 28.288257507642527], [-87.68386980756549, 28.243301564466837], [-87.63891386438979, 28.243301564466837], [-87.63891386438979, 28.19834562129115], [-87.5939579212141, 28.19834562129115], [-87.5939579212141, 28.153389678115463], [-87.5490019780384, 28.153389678115463], [-87.5490019780384, 28.108433734939773], [-87.41413414851132, 28.0185218485884], [-87.41413414851132, 27.928609962237022], [-87.36917820533563, 27.928609962237022], [-87.36917820533563, 27.883654019061336], [-87.32422226215994, 27.883654019061336], [-87.32422226215994, 27.83869807588565], [-87.27926631898424, 27.83869807588565], [-87.27926631898424, 27.79374213270996], [-87.23431037580855, 27.79374213270996], [-87.23431037580855, 27.748786189534272], [-87.18935443263285, 27.748786189534272], [-87.18935443263285, 27.703830246358585], [-87.14439848945716, 27.703830246358585], [-87.14439848945716, 27.658874303182895], [-87.00953065993008, 27.56896241683152], [-87.00953065993008, 27.479050530480144], [-86.96457471675438, 27.479050530480144], [-86.96457471675438, 27.434094587304457], [-86.91961877357869, 27.434094587304457], [-86.91961877357869, 27.389138644128767], [-86.874662830403, 27.389138644128767], [-86.874662830403, 27.34418270095308], [-86.8297068872273, 27.34418270095308], [-86.8297068872273, 27.299226757777394], [-86.78475094405161, 27.299226757777394], [-86.78475094405161, 27.254270814601703], [-86.73979500087592, 27.254270814601703], [-86.73979500087592, 27.209314871426017], [-86.69483905770022, 27.209314871426017], [-86.69483905770022, 27.16435892825033], [-86.55997122817314, 27.074447041898953], [-86.55997122817314, 26.98453515554758], [-86.51501528499745, 26.98453515554758], [-86.51501528499745, 26.93957921237189], [-86.47005934182175, 26.93957921237189], [-86.47005934182175, 26.894623269196202], [-86.42510339864606, 26.894623269196202], [-86.42510339864606, 26.849667326020516], [-86.38014745547036, 26.849667326020516], [-86.38014745547036, 26.804711382844825], [-86.33519151229467, 26.804711382844825], [-86.33519151229467, 26.75975543966914], [-86.29023556911898, 26.75975543966914], [-86.29023556911898, 26.714799496493452], [-86.24527962594328, 26.714799496493452], [-86.24527962594328, 26.66984355331776], [-86.20032368276759, 26.66984355331776], [-86.20032368276759, 26.624887610142075], [-86.1553677395919, 26.624887610142075], [-86.1553677395919, 26.579931666966388], [-86.02049991006481, 26.49001978061501], [-86.02049991006481, 26.400107894263638], [-85.97554396688912, 26.400107894263638], [-85.97554396688912, 26.355151951087947], [-85.93058802371343, 26.355151951087947], [-85.93058802371343, 26.31019600791226], [-85.88563208053773, 26.31019600791226], [-85.88563208053773, 26.265240064736574], [-85.84067613736204, 26.265240064736574], [-85.84067613736204, 26.220284121560884], [-85.79572019418634, 26.220284121560884], [-85.79572019418634, 26.175328178385197], [-85.75076425101065, 26.175328178385197], [-85.75076425101065, 26.13037223520951], [-85.70580830783496, 26.13037223520951], [-85.70580830783496, 26.08541629203382], [-85.66085236465926, 26.08541629203382], [-85.66085236465926, 26.040460348858133], [-85.61589642148357, 26.040460348858133], [-85.61589642148357, 25.995504405682446], [-85.57094047830788, 25.995504405682446], [-85.57094047830788, 25.950548462506756], [-85.4360726487808, 25.860636576155382], [-85.4360726487808, 25.770724689804005], [-85.3911167056051, 25.770724689804005], [-85.3911167056051, 25.72576874662832], [-85.3461607624294, 25.72576874662832], [-85.3461607624294, 25.680812803452632], [-85.30120481925371, 25.680812803452632], [-85.30120481925371, 25.63585686027694], [-85.25624887607802, 25.63585686027694], [-85.25624887607802, 25.590900917101255], [-85.21129293290232, 25.590900917101255], [-85.21129293290232, 25.545944973925568], [-85.16633698972663, 25.545944973925568], [-85.16633698972663, 25.500989030749878], [-85.12138104655094, 25.500989030749878], [-85.12138104655094, 25.45603308757419], [-85.07642510337524, 25.45603308757419], [-85.07642510337524, 25.411077144398504], [-85.03146916019955, 25.411077144398504], [-85.03146916019955, 25.366121201222814], [-84.98651321702386, 25.366121201222814], [-84.98651321702386, 25.321165258047127], [-84.94155727384816, 25.321165258047127], [-84.94155727384816, 25.27620931487144], [-84.89660133067247, 25.27620931487144], [-84.89660133067247, 25.23125337169575], [-84.85164538749677, 25.23125337169575], [-84.85164538749677, 25.186297428520064], [-84.80668944432108, 25.186297428520064], [-84.80668944432108, 25.141341485344377], [-84.671821614794, 25.051429598993], [-84.671821614794, 24.961517712641626], [-84.6268656716183, 24.961517712641626], [-84.6268656716183, 24.916561769465936], [-84.58190972844261, 24.916561769465936], [-84.58190972844261, 24.87160582629025], [-84.53695378526692, 24.87160582629025], [-84.53695378526692, 24.826649883114563], [-84.49199784209122, 24.826649883114563], [-84.49199784209122, 24.781693939938872], [-84.35713001256414, 24.6917820535875], [-84.35713001256414, 24.60187016723612], [-84.31217406938845, 24.60187016723612], [-84.31217406938845, 24.556914224060435], [-84.17730623986137, 24.467002337709058], [-84.17730623986137, 24.37709045135768], [-84.13235029668567, 24.37709045135768], [-84.13235029668567, 24.287178565006307], [-84.08739435350998, 24.287178565006307], [-84.08739435350998, 24.19726667865493], [-84.04243841033428, 24.19726667865493], [-84.04243841033428, 24.107354792303557], [-83.99748246715859, 24.107354792303557], [-83.99748246715859, 23.567883474195302], [-84.04243841033428, 23.567883474195302], [-84.04243841033428, 23.433015644668238], [-84.13235029668567, 23.38805970149255], [-84.13235029668567, 23.298147815141174], [-84.17730623986137, 23.298147815141174], [-84.17730623986137, 23.253191871965488], [-84.26721812621275, 23.253191871965488], [-84.31217406938845, 23.16327998561411], [-84.44704189891553, 23.16327998561411], [-84.44704189891553, 23.118324042438424], [-84.671821614794, 23.118324042438424], [-84.671821614794, 23.16327998561411], [-84.85164538749677, 23.16327998561411], [-84.85164538749677, 23.208235928789797], [-84.94155727384816, 23.208235928789797], [-84.94155727384816, 23.253191871965488], [-85.03146916019955, 23.253191871965488], [-85.03146916019955, 23.298147815141174], [-85.21129293290232, 23.34310375831686], [-85.21129293290232, 23.38805970149255], [-85.30120481925371, 23.38805970149255], [-85.30120481925371, 23.433015644668238], [-85.48102859195649, 23.477971587843925], [-85.48102859195649, 23.522927531019615], [-85.66085236465926, 23.567883474195302], [-85.70580830783496, 23.65779536054668], [-85.79572019418634, 23.65779536054668], [-85.84067613736204, 23.747707246898052], [-85.93058802371343, 23.747707246898052], [-85.97554396688912, 23.83761913324943], [-86.06545585324051, 23.83761913324943], [-86.1104117964162, 23.927531019600803], [-86.20032368276759, 23.927531019600803], [-86.29023556911898, 24.062398849127867], [-86.38014745547036, 24.062398849127867], [-86.42510339864606, 24.152310735479244], [-86.51501528499745, 24.152310735479244], [-86.55997122817314, 24.24222262183062], [-86.64988311452453, 24.24222262183062], [-86.69483905770022, 24.332134508181994], [-86.78475094405161, 24.332134508181994], [-86.8297068872273, 24.42204639453337], [-86.91961877357869, 24.42204639453337], [-86.96457471675438, 24.511958280884745], [-87.05448660310577, 24.511958280884745], [-87.09944254628147, 24.60187016723612], [-87.18935443263285, 24.60187016723612], [-87.23431037580855, 24.6917820535875], [-87.32422226215994, 24.6917820535875], [-87.32422226215994, 24.736737996763186], [-87.36917820533563, 24.736737996763186], [-87.36917820533563, 24.781693939938872], [-87.45909009168702, 24.781693939938872], [-87.50404603486271, 24.87160582629025], [-87.68386980756549, 24.916561769465936], [-87.72882575074118, 25.006473655817313], [-87.81873763709257, 25.006473655817313], [-87.86369358026826, 25.09638554216869], [-87.95360546661965, 25.09638554216869], [-87.99856140979534, 25.186297428520064], [-88.08847329614673, 25.186297428520064], [-88.13342923932242, 25.27620931487144], [-88.22334112567381, 25.27620931487144], [-88.22334112567381, 25.321165258047127], [-88.2682970688495, 25.321165258047127], [-88.2682970688495, 25.366121201222814], [-88.3582089552009, 25.366121201222814], [-88.40316489837659, 25.45603308757419], [-88.58298867107936, 25.500989030749878], [-88.62794461425506, 25.590900917101255], [-88.71785650060644, 25.590900917101255], [-88.76281244378214, 25.680812803452632], [-88.85272433013353, 25.680812803452632], [-88.85272433013353, 25.72576874662832], [-88.89768027330922, 25.72576874662832], [-88.89768027330922, 25.770724689804005], [-88.98759215966061, 25.770724689804005], [-89.0325481028363, 25.860636576155382], [-89.21237187553908, 25.90559251933107], [-89.25732781871477, 25.995504405682446], [-89.34723970506616, 25.995504405682446], [-89.34723970506616, 26.040460348858133], [-89.39219564824185, 26.040460348858133], [-89.39219564824185, 26.08541629203382], [-89.48210753459324, 26.08541629203382], [-89.52706347776893, 26.175328178385197], [-89.61697536412032, 26.175328178385197], [-89.66193130729602, 26.265240064736574], [-89.7518431936474, 26.265240064736574], [-89.7518431936474, 26.31019600791226], [-89.7967991368231, 26.31019600791226], [-89.7967991368231, 26.355151951087947], [-89.88671102317448, 26.355151951087947], [-89.93166696635018, 26.445063837439324], [-90.02157885270157, 26.445063837439324], [-90.11149073905295, 26.579931666966388], [-90.20140262540434, 26.579931666966388], [-90.20140262540434, 26.624887610142075], [-90.24635856858004, 26.624887610142075], [-90.24635856858004, 26.66984355331776], [-90.33627045493142, 26.66984355331776], [-90.38122639810712, 26.75975543966914], [-90.4711382844585, 26.75975543966914], [-90.56105017080989, 26.894623269196202], [-90.65096205716128, 26.894623269196202], [-90.69591800033697, 26.98453515554758], [-90.78582988668836, 26.98453515554758], [-90.78582988668836, 27.029491098723266], [-90.83078582986406, 27.029491098723266], [-90.87574177303975, 27.119402985074643], [-90.96565365939114, 27.119402985074643], [-91.05556554574252, 27.254270814601703], [-91.14547743209391, 27.254270814601703], [-91.14547743209391, 27.299226757777394], [-91.1904333752696, 27.299226757777394], [-91.280345261621, 27.434094587304457], [-91.37025714797238, 27.434094587304457], [-91.37025714797238, 27.479050530480144], [-91.41521309114808, 27.479050530480144], [-91.41521309114808, 27.52400647365583], [-91.46016903432377, 27.52400647365583], [-91.46016903432377, 27.56896241683152], [-91.50512497749946, 27.56896241683152], [-91.59503686385085, 27.703830246358585], [-91.68494875020224, 27.703830246358585], [-91.68494875020224, 27.748786189534272], [-91.72990469337793, 27.748786189534272], [-91.72990469337793, 27.79374213270996], [-91.77486063655363, 27.79374213270996], [-91.77486063655363, 27.83869807588565], [-91.81981657972932, 27.83869807588565], [-91.81981657972932, 27.883654019061336], [-91.86477252290501, 27.883654019061336], [-91.86477252290501, 27.928609962237022], [-91.90972846608071, 27.928609962237022], [-91.90972846608071, 27.973565905412713], [-92.04459629560779, 28.063477791764086], [-92.04459629560779, 28.153389678115463], [-92.08955223878348, 28.153389678115463], [-92.08955223878348, 28.19834562129115], [-92.22442006831056, 28.288257507642527], [-92.22442006831056, 28.3781693939939], [-92.31433195466195, 28.42312533716959], [-92.31433195466195, 28.513037223520964], [-92.35928789783765, 28.513037223520964], [-92.35928789783765, 28.557993166696654], [-92.40424384101334, 28.557993166696654], [-92.40424384101334, 28.647905053048028], [-92.49415572736473, 28.692860996223715], [-92.49415572736473, 28.78277288257509], [-92.53911167054042, 28.78277288257509], [-92.53911167054042, 28.87268476892647], [-92.58406761371612, 28.87268476892647], [-92.58406761371612, 28.962596655277842], [-92.62902355689181, 28.962596655277842], [-92.62902355689181, 29.097464484804906], [-92.6739795000675, 29.097464484804906], [-92.6739795000675, 29.187376371156283], [-92.7189354432432, 29.187376371156283], [-92.7189354432432, 29.322244200683347], [-92.76389138641889, 29.322244200683347], [-92.76389138641889, 29.45711203021041], [-92.80884732959458, 29.45711203021041], [-92.80884732959458, 29.63693580291316], [-92.85380327277028, 29.63693580291316], [-92.85380327277028, 29.90667146196729], [-92.89875921594597, 29.90667146196729]], [[-92.6739795000675, 30.356230893724167], [-92.62902355689181, 30.356230893724167], [-92.62902355689181, 29.861715518791602], [-92.58406761371612, 29.861715518791602], [-92.58406761371612, 29.591979859737474], [-92.53911167054042, 29.591979859737474], [-92.53911167054042, 29.412156087034724], [-92.49415572736473, 29.412156087034724], [-92.44919978418903, 29.142420427980596], [-92.40424384101334, 29.142420427980596], [-92.40424384101334, 29.05250854162922], [-92.35928789783765, 29.05250854162922], [-92.35928789783765, 28.962596655277842], [-92.31433195466195, 28.962596655277842], [-92.31433195466195, 28.87268476892647], [-92.26937601148626, 28.87268476892647], [-92.26937601148626, 28.78277288257509], [-92.22442006831056, 28.78277288257509], [-92.17946412513487, 28.60294910987234], [-92.13450818195918, 28.60294910987234], [-92.13450818195918, 28.557993166696654], [-92.08955223878348, 28.557993166696654], [-92.08955223878348, 28.468081280345277], [-91.9546844092564, 28.3781693939939], [-91.9546844092564, 28.288257507642527], [-91.90972846608071, 28.288257507642527], [-91.90972846608071, 28.243301564466837], [-91.86477252290501, 28.243301564466837], [-91.86477252290501, 28.19834562129115], [-91.81981657972932, 28.19834562129115], [-91.81981657972932, 28.153389678115463], [-91.77486063655363, 28.153389678115463], [-91.77486063655363, 28.108433734939773], [-91.72990469337793, 28.108433734939773], [-91.72990469337793, 28.063477791764086], [-91.68494875020224, 28.063477791764086], [-91.68494875020224, 28.0185218485884], [-91.63999280702654, 28.0185218485884], [-91.63999280702654, 27.973565905412713], [-91.59503686385085, 27.973565905412713], [-91.59503686385085, 27.928609962237022], [-91.55008092067516, 27.928609962237022], [-91.55008092067516, 27.883654019061336], [-91.50512497749946, 27.883654019061336], [-91.50512497749946, 27.83869807588565], [-91.46016903432377, 27.83869807588565], [-91.46016903432377, 27.79374213270996], [-91.41521309114808, 27.79374213270996], [-91.41521309114808, 27.748786189534272], [-91.37025714797238, 27.748786189534272], [-91.37025714797238, 27.703830246358585], [-91.32530120479669, 27.703830246358585], [-91.2353893184453, 27.56896241683152], [-91.14547743209391, 27.56896241683152], [-91.14547743209391, 27.52400647365583], [-91.10052148891822, 27.52400647365583], [-91.01060960256683, 27.389138644128767], [-90.92069771621544, 27.389138644128767], [-90.92069771621544, 27.34418270095308], [-90.87574177303975, 27.34418270095308], [-90.78582988668836, 27.209314871426017], [-90.69591800033697, 27.209314871426017], [-90.65096205716128, 27.119402985074643], [-90.56105017080989, 27.119402985074643], [-90.4711382844585, 26.98453515554758], [-90.38122639810712, 26.98453515554758], [-90.38122639810712, 26.93957921237189], [-90.33627045493142, 26.93957921237189], [-90.29131451175573, 26.849667326020516], [-90.20140262540434, 26.849667326020516], [-90.11149073905295, 26.714799496493452], [-90.02157885270157, 26.714799496493452], [-89.97662290952587, 26.624887610142075], [-89.88671102317448, 26.624887610142075], [-89.84175507999879, 26.5349757237907], [-89.7518431936474, 26.5349757237907], [-89.66193130729602, 26.400107894263638], [-89.57201942094463, 26.400107894263638], [-89.52706347776893, 26.31019600791226], [-89.43715159141755, 26.31019600791226], [-89.39219564824185, 26.220284121560884], [-89.30228376189046, 26.220284121560884], [-89.30228376189046, 26.175328178385197], [-89.25732781871477, 26.175328178385197], [-89.25732781871477, 26.13037223520951], [-89.16741593236338, 26.13037223520951], [-89.12245998918769, 26.040460348858133], [-89.0325481028363, 26.040460348858133], [-88.98759215966061, 25.950548462506756], [-88.89768027330922, 25.950548462506756], [-88.85272433013353, 25.860636576155382], [-88.76281244378214, 25.860636576155382], [-88.71785650060644, 25.770724689804005], [-88.62794461425506, 25.770724689804005], [-88.58298867107936, 25.680812803452632], [-88.49307678472798, 25.680812803452632], [-88.44812084155228, 25.590900917101255], [-88.2682970688495, 25.545944973925568], [-88.22334112567381, 25.45603308757419], [-88.13342923932242, 25.45603308757419], [-88.08847329614673, 25.366121201222814], [-87.99856140979534, 25.366121201222814], [-87.90864952344396, 25.23125337169575], [-87.81873763709257, 25.23125337169575], [-87.77378169391687, 25.141341485344377], [-87.68386980756549, 25.141341485344377], [-87.68386980756549, 25.09638554216869], [-87.63891386438979, 25.09638554216869], [-87.63891386438979, 25.051429598993], [-87.5490019780384, 25.051429598993], [-87.50404603486271, 24.961517712641626], [-87.32422226215994, 24.916561769465936], [-87.32422226215994, 24.87160582629025], [-87.27926631898424, 24.87160582629025], [-87.27926631898424, 24.826649883114563], [-87.18935443263285, 24.826649883114563], [-87.14439848945716, 24.736737996763186], [-87.05448660310577, 24.736737996763186], [-87.00953065993008, 24.64682611041181], [-86.91961877357869, 24.64682611041181], [-86.91961877357869, 24.60187016723612], [-86.874662830403, 24.60187016723612], [-86.874662830403, 24.556914224060435], [-86.78475094405161, 24.556914224060435], [-86.73979500087592, 24.467002337709058], [-86.64988311452453, 24.467002337709058], [-86.60492717134883, 24.37709045135768], [-86.51501528499745, 24.37709045135768], [-86.42510339864606, 24.24222262183062], [-86.33519151229467, 24.24222262183062], [-86.24527962594328, 24.107354792303557], [-86.1553677395919, 24.107354792303557], [-86.1104117964162, 24.01744290595218], [-86.02049991006481, 24.01744290595218], [-85.93058802371343, 23.882575076425116], [-85.84067613736204, 23.882575076425116], [-85.84067613736204, 23.83761913324943], [-85.79572019418634, 23.83761913324943], [-85.79572019418634, 23.79266319007374], [-85.70580830783496, 23.79266319007374], [-85.66085236465926, 23.702751303722366], [-85.48102859195649, 23.65779536054668], [-85.48102859195649, 23.61283941737099], [-85.3911167056051, 23.61283941737099], [-85.3461607624294, 23.522927531019615], [-85.25624887607802, 23.522927531019615], [-85.25624887607802, 23.477971587843925], [-85.16633698972663, 23.477971587843925], [-85.16633698972663, 23.433015644668238], [-84.98651321702386, 23.38805970149255], [-84.98651321702386, 23.34310375831686], [-84.89660133067247, 23.34310375831686], [-84.89660133067247, 23.298147815141174], [-84.80668944432108, 23.298147815141174], [-84.80668944432108, 23.253191871965488], [-84.671821614794, 23.253191871965488], [-84.671821614794, 23.208235928789797], [-84.40208595573984, 23.208235928789797], [-84.40208595573984, 23.253191871965488], [-84.31217406938845, 23.253191871965488], [-84.31217406938845, 23.298147815141174], [-84.17730623986137, 23.38805970149255], [-84.17730623986137, 23.477971587843925], [-84.13235029668567, 23.477971587843925], [-84.13235029668567, 23.567883474195302], [-84.08739435350998, 23.567883474195302], [-84.08739435350998, 24.062398849127867], [-84.13235029668567, 24.062398849127867], [-84.13235029668567, 24.19726667865493], [-84.22226218303706, 24.24222262183062], [-84.22226218303706, 24.332134508181994], [-84.31217406938845, 24.37709045135768], [-84.31217406938845, 24.467002337709058], [-84.35713001256414, 24.467002337709058], [-84.35713001256414, 24.511958280884745], [-84.40208595573984, 24.511958280884745], [-84.40208595573984, 24.556914224060435], [-84.44704189891553, 24.556914224060435], [-84.44704189891553, 24.60187016723612], [-84.58190972844261, 24.6917820535875], [-84.58190972844261, 24.781693939938872], [-84.6268656716183, 24.781693939938872], [-84.6268656716183, 24.826649883114563], [-84.671821614794, 24.826649883114563], [-84.671821614794, 24.87160582629025], [-84.71677755796969, 24.87160582629025], [-84.71677755796969, 24.916561769465936], [-84.76173350114539, 24.916561769465936], [-84.76173350114539, 24.961517712641626], [-84.80668944432108, 24.961517712641626], [-84.80668944432108, 25.006473655817313], [-84.85164538749677, 25.006473655817313], [-84.85164538749677, 25.051429598993], [-84.89660133067247, 25.051429598993], [-84.89660133067247, 25.09638554216869], [-84.94155727384816, 25.09638554216869], [-84.94155727384816, 25.141341485344377], [-84.98651321702386, 25.141341485344377], [-84.98651321702386, 25.186297428520064], [-85.03146916019955, 25.186297428520064], [-85.03146916019955, 25.23125337169575], [-85.07642510337524, 25.23125337169575], [-85.07642510337524, 25.27620931487144], [-85.12138104655094, 25.27620931487144], [-85.12138104655094, 25.321165258047127], [-85.16633698972663, 25.321165258047127], [-85.16633698972663, 25.366121201222814], [-85.21129293290232, 25.366121201222814], [-85.21129293290232, 25.411077144398504], [-85.25624887607802, 25.411077144398504], [-85.25624887607802, 25.45603308757419], [-85.30120481925371, 25.45603308757419], [-85.30120481925371, 25.500989030749878], [-85.3461607624294, 25.500989030749878], [-85.3461607624294, 25.545944973925568], [-85.3911167056051, 25.545944973925568], [-85.3911167056051, 25.590900917101255], [-85.4360726487808, 25.590900917101255], [-85.4360726487808, 25.63585686027694], [-85.48102859195649, 25.63585686027694], [-85.48102859195649, 25.680812803452632], [-85.61589642148357, 25.770724689804005], [-85.61589642148357, 25.860636576155382], [-85.66085236465926, 25.860636576155382], [-85.66085236465926, 25.90559251933107], [-85.70580830783496, 25.90559251933107], [-85.70580830783496, 25.950548462506756], [-85.75076425101065, 25.950548462506756], [-85.75076425101065, 25.995504405682446], [-85.79572019418634, 25.995504405682446], [-85.79572019418634, 26.040460348858133], [-85.84067613736204, 26.040460348858133], [-85.84067613736204, 26.08541629203382], [-85.88563208053773, 26.08541629203382], [-85.88563208053773, 26.13037223520951], [-85.93058802371343, 26.13037223520951], [-85.93058802371343, 26.175328178385197], [-85.97554396688912, 26.175328178385197], [-85.97554396688912, 26.220284121560884], [-86.02049991006481, 26.220284121560884], [-86.02049991006481, 26.265240064736574], [-86.06545585324051, 26.265240064736574], [-86.06545585324051, 26.31019600791226], [-86.1104117964162, 26.31019600791226], [-86.1104117964162, 26.355151951087947], [-86.1553677395919, 26.355151951087947], [-86.1553677395919, 26.400107894263638], [-86.20032368276759, 26.400107894263638], [-86.20032368276759, 26.445063837439324], [-86.24527962594328, 26.445063837439324], [-86.24527962594328, 26.49001978061501], [-86.29023556911898, 26.49001978061501], [-86.29023556911898, 26.5349757237907], [-86.33519151229467, 26.5349757237907], [-86.33519151229467, 26.579931666966388], [-86.38014745547036, 26.579931666966388], [-86.38014745547036, 26.624887610142075], [-86.51501528499745, 26.714799496493452], [-86.51501528499745, 26.804711382844825], [-86.55997122817314, 26.804711382844825], [-86.55997122817314, 26.849667326020516], [-86.60492717134883, 26.849667326020516], [-86.60492717134883, 26.894623269196202], [-86.64988311452453, 26.894623269196202], [-86.64988311452453, 26.93957921237189], [-86.69483905770022, 26.93957921237189], [-86.69483905770022, 26.98453515554758], [-86.73979500087592, 26.98453515554758], [-86.73979500087592, 27.029491098723266], [-86.78475094405161, 27.029491098723266], [-86.78475094405161, 27.074447041898953], [-86.8297068872273, 27.074447041898953], [-86.8297068872273, 27.119402985074643], [-86.874662830403, 27.119402985074643], [-86.874662830403, 27.16435892825033], [-86.91961877357869, 27.16435892825033], [-86.91961877357869, 27.209314871426017], [-86.96457471675438, 27.209314871426017], [-86.96457471675438, 27.254270814601703], [-87.00953065993008, 27.254270814601703], [-87.00953065993008, 27.299226757777394], [-87.05448660310577, 27.299226757777394], [-87.05448660310577, 27.34418270095308], [-87.09944254628147, 27.34418270095308], [-87.09944254628147, 27.389138644128767], [-87.23431037580855, 27.479050530480144], [-87.23431037580855, 27.56896241683152], [-87.27926631898424, 27.56896241683152], [-87.27926631898424, 27.613918360007208], [-87.32422226215994, 27.613918360007208], [-87.32422226215994, 27.658874303182895], [-87.36917820533563, 27.658874303182895], [-87.36917820533563, 27.703830246358585], [-87.41413414851132, 27.703830246358585], [-87.41413414851132, 27.748786189534272], [-87.45909009168702, 27.748786189534272], [-87.45909009168702, 27.79374213270996], [-87.50404603486271, 27.79374213270996], [-87.50404603486271, 27.83869807588565], [-87.5490019780384, 27.83869807588565], [-87.5490019780384, 27.883654019061336], [-87.5939579212141, 27.883654019061336], [-87.5939579212141, 27.928609962237022], [-87.72882575074118, 28.0185218485884], [-87.72882575074118, 28.108433734939773], [-87.77378169391687, 28.108433734939773], [-87.77378169391687, 28.153389678115463], [-87.81873763709257, 28.153389678115463], [-87.81873763709257, 28.19834562129115], [-87.86369358026826, 28.19834562129115], [-87.86369358026826, 28.243301564466837], [-87.90864952344396, 28.243301564466837], [-87.90864952344396, 28.288257507642527], [-87.95360546661965, 28.288257507642527], [-87.95360546661965, 28.333213450818214], [-87.99856140979534, 28.333213450818214], [-87.99856140979534, 28.3781693939939], [-88.13342923932242, 28.468081280345277], [-88.13342923932242, 28.557993166696654], [-88.17838518249812, 28.557993166696654], [-88.17838518249812, 28.60294910987234], [-88.22334112567381, 28.60294910987234], [-88.22334112567381, 28.647905053048028], [-88.2682970688495, 28.647905053048028], [-88.2682970688495, 28.692860996223715], [-88.3132530120252, 28.692860996223715], [-88.3132530120252, 28.737816939399405], [-88.3582089552009, 28.737816939399405], [-88.3582089552009, 28.78277288257509], [-88.40316489837659, 28.78277288257509], [-88.40316489837659, 28.82772882575078], [-88.53803272790367, 28.917640712102155], [-88.53803272790367, 29.007552598453533], [-88.58298867107936, 29.007552598453533], [-88.58298867107936, 29.05250854162922], [-88.62794461425506, 29.05250854162922], [-88.62794461425506, 29.097464484804906], [-88.67290055743075, 29.097464484804906], [-88.67290055743075, 29.142420427980596], [-88.80776838695783, 29.23233231433197], [-88.80776838695783, 29.322244200683347], [-88.85272433013353, 29.322244200683347], [-88.85272433013353, 29.367200143859034], [-88.89768027330922, 29.367200143859034], [-88.89768027330922, 29.412156087034724], [-89.0325481028363, 29.502067973386097], [-89.0325481028363, 29.591979859737474], [-89.077504046012, 29.591979859737474], [-89.077504046012, 29.63693580291316], [-89.12245998918769, 29.63693580291316], [-89.12245998918769, 29.681891746088848], [-89.16741593236338, 29.681891746088848], [-89.16741593236338, 29.726847689264538], [-89.30228376189046, 29.81675957561591], [-89.30228376189046, 29.90667146196729], [-89.34723970506616, 29.90667146196729], [-89.34723970506616, 29.951627405142975], [-89.48210753459324, 30.041539291494352], [-89.48210753459324, 30.131451177845726], [-89.61697536412032, 30.221363064197103], [-89.61697536412032, 30.31127495054848], [-89.70688725047171, 30.356230893724167], [-89.70688725047171, 30.446142780075544], [-89.7967991368231, 30.49109872325123], [-89.7967991368231, 30.581010609602608], [-89.88671102317448, 30.625966552778294], [-89.88671102317448, 30.71587843912967], [-89.97662290952587, 30.760834382305358], [-89.97662290952587, 30.850746268656735], [-90.02157885270157, 30.850746268656735], [-90.02157885270157, 30.895702211832422], [-90.11149073905295, 30.94065815500811], [-90.11149073905295, 31.030570041359486], [-90.15644668222865, 31.030570041359486], [-90.15644668222865, 31.075525984535172], [-90.20140262540434, 31.075525984535172], [-90.20140262540434, 31.12048192771086], [-90.33627045493142, 31.210393814062236], [-90.33627045493142, 31.300305700413613], [-90.38122639810712, 31.300305700413613], [-90.38122639810712, 31.3452616435893], [-90.4711382844585, 31.3452616435893], [-90.4711382844585, 31.390217586764987], [-90.5160942276342, 31.390217586764987], [-90.56105017080989, 31.480129473116364], [-90.65096205716128, 31.480129473116364], [-90.69591800033697, 31.570041359467737], [-90.78582988668836, 31.570041359467737], [-90.78582988668836, 31.614997302643427], [-90.87574177303975, 31.614997302643427], [-90.87574177303975, 31.659953245819114], [-90.96565365939114, 31.659953245819114], [-90.96565365939114, 31.7049091889948], [-91.14547743209391, 31.7049091889948], [-91.14547743209391, 31.74986513217049], [-91.63999280702654, 31.74986513217049], [-91.63999280702654, 31.7049091889948], [-91.77486063655363, 31.7049091889948], [-91.77486063655363, 31.659953245819114], [-91.86477252290501, 31.659953245819114], [-91.86477252290501, 31.614997302643427], [-91.9996403524321, 31.614997302643427], [-91.9996403524321, 31.570041359467737], [-92.04459629560779, 31.570041359467737], [-92.04459629560779, 31.52508541629205], [-92.13450818195918, 31.52508541629205], [-92.13450818195918, 31.480129473116364], [-92.17946412513487, 31.480129473116364], [-92.17946412513487, 31.435173529940677], [-92.22442006831056, 31.435173529940677], [-92.22442006831056, 31.390217586764987], [-92.35928789783765, 31.300305700413613], [-92.35928789783765, 31.210393814062236], [-92.49415572736473, 31.12048192771086], [-92.49415572736473, 31.030570041359486], [-92.53911167054042, 31.030570041359486], [-92.53911167054042, 30.895702211832422], [-92.58406761371612, 30.895702211832422], [-92.58406761371612, 30.71587843912967], [-92.62902355689181, 30.71587843912967], [-92.62902355689181, 30.536054666426917], [-92.6739795000675, 30.536054666426917], [-92.6739795000675, 30.356230893724167]]]]}}, {"type": "Feature", "properties": {"shapefile": "2021082806_wsp50knt120hr_5km", "PERCENTAGE": "40-50%"}, "geometry": {"type": "MultiPolygon", "coordinates": [[[[-92.6739795000675, 30.356230893724167], [-92.6739795000675, 30.536054666426917], [-92.62902355689181, 30.536054666426917], [-92.62902355689181, 30.71587843912967], [-92.58406761371612, 30.71587843912967], [-92.58406761371612, 30.895702211832422], [-92.53911167054042, 30.895702211832422], [-92.53911167054042, 31.030570041359486], [-92.49415572736473, 31.030570041359486], [-92.49415572736473, 31.12048192771086], [-92.44919978418903, 31.12048192771086], [-92.44919978418903, 31.16543787088655], [-92.35928789783765, 31.210393814062236], [-92.35928789783765, 31.300305700413613], [-92.31433195466195, 31.300305700413613], [-92.31433195466195, 31.3452616435893], [-92.26937601148626, 31.3452616435893], [-92.26937601148626, 31.390217586764987], [-92.22442006831056, 31.390217586764987], [-92.13450818195918, 31.52508541629205], [-92.04459629560779, 31.52508541629205], [-91.9996403524321, 31.614997302643427], [-91.86477252290501, 31.614997302643427], [-91.86477252290501, 31.659953245819114], [-91.77486063655363, 31.659953245819114], [-91.77486063655363, 31.7049091889948], [-91.63999280702654, 31.7049091889948], [-91.63999280702654, 31.74986513217049], [-91.14547743209391, 31.74986513217049], [-91.14547743209391, 31.7049091889948], [-90.96565365939114, 31.7049091889948], [-90.96565365939114, 31.659953245819114], [-90.87574177303975, 31.659953245819114], [-90.87574177303975, 31.614997302643427], [-90.69591800033697, 31.570041359467737], [-90.69591800033697, 31.52508541629205], [-90.65096205716128, 31.52508541629205], [-90.65096205716128, 31.480129473116364], [-90.56105017080989, 31.480129473116364], [-90.4711382844585, 31.3452616435893], [-90.38122639810712, 31.3452616435893], [-90.38122639810712, 31.300305700413613], [-90.33627045493142, 31.300305700413613], [-90.33627045493142, 31.210393814062236], [-90.29131451175573, 31.210393814062236], [-90.29131451175573, 31.16543787088655], [-90.24635856858004, 31.16543787088655], [-90.24635856858004, 31.12048192771086], [-90.11149073905295, 31.030570041359486], [-90.11149073905295, 30.94065815500811], [-89.97662290952587, 30.850746268656735], [-89.97662290952587, 30.760834382305358], [-89.88671102317448, 30.71587843912967], [-89.88671102317448, 30.625966552778294], [-89.7967991368231, 30.581010609602608], [-89.7967991368231, 30.49109872325123], [-89.70688725047171, 30.446142780075544], [-89.70688725047171, 30.356230893724167], [-89.61697536412032, 30.31127495054848], [-89.61697536412032, 30.221363064197103], [-89.48210753459324, 30.131451177845726], [-89.48210753459324, 30.041539291494352], [-89.43715159141755, 30.041539291494352], [-89.43715159141755, 29.996583348318666], [-89.30228376189046, 29.90667146196729], [-89.30228376189046, 29.81675957561591], [-89.25732781871477, 29.81675957561591], [-89.25732781871477, 29.771803632440225], [-89.21237187553908, 29.771803632440225], [-89.21237187553908, 29.726847689264538], [-89.16741593236338, 29.726847689264538], [-89.16741593236338, 29.681891746088848], [-89.0325481028363, 29.591979859737474], [-89.0325481028363, 29.502067973386097], [-88.98759215966061, 29.502067973386097], [-88.98759215966061, 29.45711203021041], [-88.94263621648491, 29.45711203021041], [-88.94263621648491, 29.412156087034724], [-88.80776838695783, 29.322244200683347], [-88.80776838695783, 29.23233231433197], [-88.76281244378214, 29.23233231433197], [-88.76281244378214, 29.187376371156283], [-88.71785650060644, 29.187376371156283], [-88.71785650060644, 29.142420427980596], [-88.67290055743075, 29.142420427980596], [-88.67290055743075, 29.097464484804906], [-88.53803272790367, 29.007552598453533], [-88.53803272790367, 28.917640712102155], [-88.49307678472798, 28.917640712102155], [-88.49307678472798, 28.87268476892647], [-88.44812084155228, 28.87268476892647], [-88.44812084155228, 28.82772882575078], [-88.40316489837659, 28.82772882575078], [-88.40316489837659, 28.78277288257509], [-88.3582089552009, 28.78277288257509], [-88.3582089552009, 28.737816939399405], [-88.3132530120252, 28.737816939399405], [-88.3132530120252, 28.692860996223715], [-88.2682970688495, 28.692860996223715], [-88.2682970688495, 28.647905053048028], [-88.13342923932242, 28.557993166696654], [-88.13342923932242, 28.468081280345277], [-88.08847329614673, 28.468081280345277], [-88.08847329614673, 28.42312533716959], [-88.04351735297104, 28.42312533716959], [-88.04351735297104, 28.3781693939939], [-87.99856140979534, 28.3781693939939], [-87.99856140979534, 28.333213450818214], [-87.95360546661965, 28.333213450818214], [-87.95360546661965, 28.288257507642527], [-87.90864952344396, 28.288257507642527], [-87.90864952344396, 28.243301564466837], [-87.86369358026826, 28.243301564466837], [-87.86369358026826, 28.19834562129115], [-87.72882575074118, 28.108433734939773], [-87.72882575074118, 28.0185218485884], [-87.68386980756549, 28.0185218485884], [-87.68386980756549, 27.973565905412713], [-87.63891386438979, 27.973565905412713], [-87.63891386438979, 27.928609962237022], [-87.5939579212141, 27.928609962237022], [-87.5939579212141, 27.883654019061336], [-87.5490019780384, 27.883654019061336], [-87.5490019780384, 27.83869807588565], [-87.50404603486271, 27.83869807588565], [-87.50404603486271, 27.79374213270996], [-87.45909009168702, 27.79374213270996], [-87.45909009168702, 27.748786189534272], [-87.41413414851132, 27.748786189534272], [-87.41413414851132, 27.703830246358585], [-87.36917820533563, 27.703830246358585], [-87.36917820533563, 27.658874303182895], [-87.23431037580855, 27.56896241683152], [-87.23431037580855, 27.479050530480144], [-87.18935443263285, 27.479050530480144], [-87.18935443263285, 27.434094587304457], [-87.14439848945716, 27.434094587304457], [-87.14439848945716, 27.389138644128767], [-87.09944254628147, 27.389138644128767], [-87.09944254628147, 27.34418270095308], [-87.05448660310577, 27.34418270095308], [-87.05448660310577, 27.299226757777394], [-87.00953065993008, 27.299226757777394], [-87.00953065993008, 27.254270814601703], [-86.96457471675438, 27.254270814601703], [-86.96457471675438, 27.209314871426017], [-86.91961877357869, 27.209314871426017], [-86.91961877357869, 27.16435892825033], [-86.874662830403, 27.16435892825033], [-86.874662830403, 27.119402985074643], [-86.8297068872273, 27.119402985074643], [-86.8297068872273, 27.074447041898953], [-86.78475094405161, 27.074447041898953], [-86.78475094405161, 27.029491098723266], [-86.73979500087592, 27.029491098723266], [-86.73979500087592, 26.98453515554758], [-86.69483905770022, 26.98453515554758], [-86.69483905770022, 26.93957921237189], [-86.64988311452453, 26.93957921237189], [-86.64988311452453, 26.894623269196202], [-86.51501528499745, 26.804711382844825], [-86.51501528499745, 26.714799496493452], [-86.47005934182175, 26.714799496493452], [-86.47005934182175, 26.66984355331776], [-86.42510339864606, 26.66984355331776], [-86.42510339864606, 26.624887610142075], [-86.38014745547036, 26.624887610142075], [-86.38014745547036, 26.579931666966388], [-86.33519151229467, 26.579931666966388], [-86.33519151229467, 26.5349757237907], [-86.29023556911898, 26.5349757237907], [-86.29023556911898, 26.49001978061501], [-86.24527962594328, 26.49001978061501], [-86.24527962594328, 26.445063837439324], [-86.20032368276759, 26.445063837439324], [-86.20032368276759, 26.400107894263638], [-86.1553677395919, 26.400107894263638], [-86.1553677395919, 26.355151951087947], [-86.1104117964162, 26.355151951087947], [-86.1104117964162, 26.31019600791226], [-86.06545585324051, 26.31019600791226], [-86.06545585324051, 26.265240064736574], [-86.02049991006481, 26.265240064736574], [-86.02049991006481, 26.220284121560884], [-85.97554396688912, 26.220284121560884], [-85.97554396688912, 26.175328178385197], [-85.93058802371343, 26.175328178385197], [-85.93058802371343, 26.13037223520951], [-85.88563208053773, 26.13037223520951], [-85.88563208053773, 26.08541629203382], [-85.84067613736204, 26.08541629203382], [-85.84067613736204, 26.040460348858133], [-85.79572019418634, 26.040460348858133], [-85.79572019418634, 25.995504405682446], [-85.75076425101065, 25.995504405682446], [-85.75076425101065, 25.950548462506756], [-85.61589642148357, 25.860636576155382], [-85.61589642148357, 25.770724689804005], [-85.57094047830788, 25.770724689804005], [-85.57094047830788, 25.72576874662832], [-85.52598453513218, 25.72576874662832], [-85.52598453513218, 25.680812803452632], [-85.48102859195649, 25.680812803452632], [-85.48102859195649, 25.63585686027694], [-85.4360726487808, 25.63585686027694], [-85.4360726487808, 25.590900917101255], [-85.3911167056051, 25.590900917101255], [-85.3911167056051, 25.545944973925568], [-85.3461607624294, 25.545944973925568], [-85.3461607624294, 25.500989030749878], [-85.30120481925371, 25.500989030749878], [-85.30120481925371, 25.45603308757419], [-85.25624887607802, 25.45603308757419], [-85.25624887607802, 25.411077144398504], [-85.21129293290232, 25.411077144398504], [-85.21129293290232, 25.366121201222814], [-85.16633698972663, 25.366121201222814], [-85.16633698972663, 25.321165258047127], [-85.12138104655094, 25.321165258047127], [-85.12138104655094, 25.27620931487144], [-85.07642510337524, 25.27620931487144], [-85.07642510337524, 25.23125337169575], [-85.03146916019955, 25.23125337169575], [-85.03146916019955, 25.186297428520064], [-84.98651321702386, 25.186297428520064], [-84.98651321702386, 25.141341485344377], [-84.94155727384816, 25.141341485344377], [-84.94155727384816, 25.09638554216869], [-84.89660133067247, 25.09638554216869], [-84.89660133067247, 25.051429598993], [-84.85164538749677, 25.051429598993], [-84.85164538749677, 25.006473655817313], [-84.80668944432108, 25.006473655817313], [-84.80668944432108, 24.961517712641626], [-84.76173350114539, 24.961517712641626], [-84.76173350114539, 24.916561769465936], [-84.71677755796969, 24.916561769465936], [-84.71677755796969, 24.87160582629025], [-84.58190972844261, 24.781693939938872], [-84.58190972844261, 24.6917820535875], [-84.53695378526692, 24.6917820535875], [-84.53695378526692, 24.64682611041181], [-84.49199784209122, 24.64682611041181], [-84.49199784209122, 24.60187016723612], [-84.44704189891553, 24.60187016723612], [-84.44704189891553, 24.556914224060435], [-84.31217406938845, 24.467002337709058], [-84.31217406938845, 24.37709045135768], [-84.22226218303706, 24.332134508181994], [-84.22226218303706, 24.24222262183062], [-84.13235029668567, 24.19726667865493], [-84.13235029668567, 24.062398849127867], [-84.08739435350998, 24.062398849127867], [-84.08739435350998, 23.567883474195302], [-84.13235029668567, 23.567883474195302], [-84.17730623986137, 23.38805970149255], [-84.22226218303706, 23.38805970149255], [-84.31217406938845, 23.253191871965488], [-84.40208595573984, 23.253191871965488], [-84.40208595573984, 23.208235928789797], [-84.671821614794, 23.208235928789797], [-84.671821614794, 23.253191871965488], [-84.80668944432108, 23.253191871965488], [-84.80668944432108, 23.298147815141174], [-84.89660133067247, 23.298147815141174], [-84.89660133067247, 23.34310375831686], [-84.98651321702386, 23.34310375831686], [-84.98651321702386, 23.38805970149255], [-85.07642510337524, 23.38805970149255], [-85.07642510337524, 23.433015644668238], [-85.16633698972663, 23.433015644668238], [-85.16633698972663, 23.477971587843925], [-85.3461607624294, 23.522927531019615], [-85.3911167056051, 23.61283941737099], [-85.48102859195649, 23.61283941737099], [-85.48102859195649, 23.65779536054668], [-85.66085236465926, 23.702751303722366], [-85.66085236465926, 23.747707246898052], [-85.70580830783496, 23.747707246898052], [-85.70580830783496, 23.79266319007374], [-85.79572019418634, 23.79266319007374], [-85.84067613736204, 23.882575076425116], [-85.93058802371343, 23.882575076425116], [-86.02049991006481, 24.01744290595218], [-86.1104117964162, 24.01744290595218], [-86.1553677395919, 24.107354792303557], [-86.24527962594328, 24.107354792303557], [-86.33519151229467, 24.24222262183062], [-86.42510339864606, 24.24222262183062], [-86.51501528499745, 24.37709045135768], [-86.60492717134883, 24.37709045135768], [-86.64988311452453, 24.467002337709058], [-86.73979500087592, 24.467002337709058], [-86.78475094405161, 24.556914224060435], [-86.874662830403, 24.556914224060435], [-86.91961877357869, 24.64682611041181], [-87.00953065993008, 24.64682611041181], [-87.05448660310577, 24.736737996763186], [-87.14439848945716, 24.736737996763186], [-87.14439848945716, 24.781693939938872], [-87.18935443263285, 24.781693939938872], [-87.18935443263285, 24.826649883114563], [-87.27926631898424, 24.826649883114563], [-87.32422226215994, 24.916561769465936], [-87.50404603486271, 24.961517712641626], [-87.5490019780384, 25.051429598993], [-87.63891386438979, 25.051429598993], [-87.68386980756549, 25.141341485344377], [-87.77378169391687, 25.141341485344377], [-87.81873763709257, 25.23125337169575], [-87.90864952344396, 25.23125337169575], [-87.99856140979534, 25.366121201222814], [-88.08847329614673, 25.366121201222814], [-88.08847329614673, 25.411077144398504], [-88.13342923932242, 25.411077144398504], [-88.13342923932242, 25.45603308757419], [-88.22334112567381, 25.45603308757419], [-88.2682970688495, 25.545944973925568], [-88.44812084155228, 25.590900917101255], [-88.49307678472798, 25.680812803452632], [-88.58298867107936, 25.680812803452632], [-88.58298867107936, 25.72576874662832], [-88.62794461425506, 25.72576874662832], [-88.62794461425506, 25.770724689804005], [-88.71785650060644, 25.770724689804005], [-88.76281244378214, 25.860636576155382], [-88.85272433013353, 25.860636576155382], [-88.85272433013353, 25.90559251933107], [-88.89768027330922, 25.90559251933107], [-88.89768027330922, 25.950548462506756], [-88.98759215966061, 25.950548462506756], [-89.0325481028363, 26.040460348858133], [-89.12245998918769, 26.040460348858133], [-89.16741593236338, 26.13037223520951], [-89.25732781871477, 26.13037223520951], [-89.25732781871477, 26.175328178385197], [-89.30228376189046, 26.175328178385197], [-89.30228376189046, 26.220284121560884], [-89.39219564824185, 26.220284121560884], [-89.43715159141755, 26.31019600791226], [-89.52706347776893, 26.31019600791226], [-89.57201942094463, 26.400107894263638], [-89.66193130729602, 26.400107894263638], [-89.7518431936474, 26.5349757237907], [-89.84175507999879, 26.5349757237907], [-89.84175507999879, 26.579931666966388], [-89.88671102317448, 26.579931666966388], [-89.88671102317448, 26.624887610142075], [-89.97662290952587, 26.624887610142075], [-90.02157885270157, 26.714799496493452], [-90.11149073905295, 26.714799496493452], [-90.20140262540434, 26.849667326020516], [-90.29131451175573, 26.849667326020516], [-90.29131451175573, 26.894623269196202], [-90.33627045493142, 26.894623269196202], [-90.38122639810712, 26.98453515554758], [-90.4711382844585, 26.98453515554758], [-90.56105017080989, 27.119402985074643], [-90.65096205716128, 27.119402985074643], [-90.65096205716128, 27.16435892825033], [-90.69591800033697, 27.16435892825033], [-90.69591800033697, 27.209314871426017], [-90.78582988668836, 27.209314871426017], [-90.78582988668836, 27.254270814601703], [-90.83078582986406, 27.254270814601703], [-90.92069771621544, 27.389138644128767], [-91.01060960256683, 27.389138644128767], [-91.01060960256683, 27.434094587304457], [-91.05556554574252, 27.434094587304457], [-91.14547743209391, 27.56896241683152], [-91.2353893184453, 27.56896241683152], [-91.2353893184453, 27.613918360007208], [-91.280345261621, 27.613918360007208], [-91.280345261621, 27.658874303182895], [-91.32530120479669, 27.658874303182895], [-91.32530120479669, 27.703830246358585], [-91.37025714797238, 27.703830246358585], [-91.37025714797238, 27.748786189534272], [-91.41521309114808, 27.748786189534272], [-91.41521309114808, 27.79374213270996], [-91.46016903432377, 27.79374213270996], [-91.46016903432377, 27.83869807588565], [-91.50512497749946, 27.83869807588565], [-91.50512497749946, 27.883654019061336], [-91.55008092067516, 27.883654019061336], [-91.55008092067516, 27.928609962237022], [-91.59503686385085, 27.928609962237022], [-91.59503686385085, 27.973565905412713], [-91.63999280702654, 27.973565905412713], [-91.63999280702654, 28.0185218485884], [-91.68494875020224, 28.0185218485884], [-91.68494875020224, 28.063477791764086], [-91.72990469337793, 28.063477791764086], [-91.72990469337793, 28.108433734939773], [-91.77486063655363, 28.108433734939773], [-91.77486063655363, 28.153389678115463], [-91.81981657972932, 28.153389678115463], [-91.81981657972932, 28.19834562129115], [-91.9546844092564, 28.288257507642527], [-91.9546844092564, 28.3781693939939], [-91.9996403524321, 28.3781693939939], [-91.9996403524321, 28.42312533716959], [-92.08955223878348, 28.468081280345277], [-92.08955223878348, 28.557993166696654], [-92.17946412513487, 28.60294910987234], [-92.17946412513487, 28.692860996223715], [-92.22442006831056, 28.692860996223715], [-92.22442006831056, 28.78277288257509], [-92.26937601148626, 28.78277288257509], [-92.26937601148626, 28.87268476892647], [-92.31433195466195, 28.87268476892647], [-92.31433195466195, 28.962596655277842], [-92.35928789783765, 28.962596655277842], [-92.35928789783765, 29.05250854162922], [-92.40424384101334, 29.05250854162922], [-92.40424384101334, 29.142420427980596], [-92.44919978418903, 29.142420427980596], [-92.49415572736473, 29.412156087034724], [-92.53911167054042, 29.412156087034724], [-92.53911167054042, 29.591979859737474], [-92.58406761371612, 29.591979859737474], [-92.58406761371612, 29.861715518791602], [-92.62902355689181, 29.861715518791602], [-92.62902355689181, 30.356230893724167], [-92.6739795000675, 30.356230893724167]], [[-92.40424384101334, 30.176407121021416], [-92.35928789783765, 30.176407121021416], [-92.35928789783765, 29.771803632440225], [-92.31433195466195, 29.771803632440225], [-92.31433195466195, 29.502067973386097], [-92.26937601148626, 29.502067973386097], [-92.26937601148626, 29.322244200683347], [-92.22442006831056, 29.322244200683347], [-92.17946412513487, 29.05250854162922], [-92.13450818195918, 29.05250854162922], [-92.13450818195918, 28.962596655277842], [-92.08955223878348, 28.962596655277842], [-92.04459629560779, 28.78277288257509], [-91.9546844092564, 28.737816939399405], [-91.90972846608071, 28.557993166696654], [-91.81981657972932, 28.513037223520964], [-91.81981657972932, 28.42312533716959], [-91.77486063655363, 28.42312533716959], [-91.77486063655363, 28.3781693939939], [-91.63999280702654, 28.288257507642527], [-91.63999280702654, 28.19834562129115], [-91.59503686385085, 28.19834562129115], [-91.59503686385085, 28.153389678115463], [-91.55008092067516, 28.153389678115463], [-91.55008092067516, 28.108433734939773], [-91.50512497749946, 28.108433734939773], [-91.50512497749946, 28.063477791764086], [-91.46016903432377, 28.063477791764086], [-91.46016903432377, 28.0185218485884], [-91.41521309114808, 28.0185218485884], [-91.41521309114808, 27.973565905412713], [-91.37025714797238, 27.973565905412713], [-91.37025714797238, 27.928609962237022], [-91.2353893184453, 27.83869807588565], [-91.2353893184453, 27.79374213270996], [-91.14547743209391, 27.79374213270996], [-91.14547743209391, 27.748786189534272], [-91.10052148891822, 27.748786189534272], [-91.01060960256683, 27.613918360007208], [-90.92069771621544, 27.613918360007208], [-90.92069771621544, 27.56896241683152], [-90.87574177303975, 27.56896241683152], [-90.78582988668836, 27.434094587304457], [-90.69591800033697, 27.434094587304457], [-90.69591800033697, 27.389138644128767], [-90.65096205716128, 27.389138644128767], [-90.56105017080989, 27.254270814601703], [-90.4711382844585, 27.254270814601703], [-90.38122639810712, 27.119402985074643], [-90.29131451175573, 27.119402985074643], [-90.20140262540434, 26.98453515554758], [-90.11149073905295, 26.98453515554758], [-90.11149073905295, 26.93957921237189], [-90.06653479587726, 26.93957921237189], [-90.02157885270157, 26.849667326020516], [-89.93166696635018, 26.849667326020516], [-89.84175507999879, 26.714799496493452], [-89.7518431936474, 26.714799496493452], [-89.70688725047171, 26.624887610142075], [-89.61697536412032, 26.624887610142075], [-89.57201942094463, 26.5349757237907], [-89.48210753459324, 26.5349757237907], [-89.39219564824185, 26.400107894263638], [-89.30228376189046, 26.400107894263638], [-89.25732781871477, 26.31019600791226], [-89.16741593236338, 26.31019600791226], [-89.12245998918769, 26.220284121560884], [-89.0325481028363, 26.220284121560884], [-88.98759215966061, 26.13037223520951], [-88.89768027330922, 26.13037223520951], [-88.80776838695783, 25.995504405682446], [-88.71785650060644, 25.995504405682446], [-88.67290055743075, 25.90559251933107], [-88.58298867107936, 25.90559251933107], [-88.53803272790367, 25.815680632979692], [-88.44812084155228, 25.815680632979692], [-88.44812084155228, 25.770724689804005], [-88.40316489837659, 25.770724689804005], [-88.40316489837659, 25.72576874662832], [-88.3132530120252, 25.72576874662832], [-88.2682970688495, 25.63585686027694], [-88.17838518249812, 25.63585686027694], [-88.17838518249812, 25.590900917101255], [-88.13342923932242, 25.590900917101255], [-88.13342923932242, 25.545944973925568], [-88.04351735297104, 25.545944973925568], [-87.99856140979534, 25.45603308757419], [-87.90864952344396, 25.45603308757419], [-87.86369358026826, 25.366121201222814], [-87.77378169391687, 25.366121201222814], [-87.68386980756549, 25.23125337169575], [-87.5939579212141, 25.23125337169575], [-87.5490019780384, 25.141341485344377], [-87.36917820533563, 25.09638554216869], [-87.36917820533563, 25.051429598993], [-87.32422226215994, 25.051429598993], [-87.32422226215994, 25.006473655817313], [-87.23431037580855, 25.006473655817313], [-87.14439848945716, 24.87160582629025], [-87.05448660310577, 24.87160582629025], [-87.00953065993008, 24.781693939938872], [-86.91961877357869, 24.781693939938872], [-86.91961877357869, 24.736737996763186], [-86.874662830403, 24.736737996763186], [-86.874662830403, 24.6917820535875], [-86.78475094405161, 24.6917820535875], [-86.73979500087592, 24.60187016723612], [-86.64988311452453, 24.60187016723612], [-86.60492717134883, 24.511958280884745], [-86.51501528499745, 24.511958280884745], [-86.47005934182175, 24.42204639453337], [-86.38014745547036, 24.42204639453337], [-86.38014745547036, 24.37709045135768], [-86.33519151229467, 24.37709045135768], [-86.24527962594328, 24.24222262183062], [-86.1553677395919, 24.24222262183062], [-86.1104117964162, 24.152310735479244], [-86.02049991006481, 24.152310735479244], [-85.93058802371343, 24.01744290595218], [-85.84067613736204, 24.01744290595218], [-85.84067613736204, 23.972486962776493], [-85.79572019418634, 23.972486962776493], [-85.75076425101065, 23.882575076425116], [-85.66085236465926, 23.882575076425116], [-85.61589642148357, 23.79266319007374], [-85.52598453513218, 23.79266319007374], [-85.52598453513218, 23.747707246898052], [-85.4360726487808, 23.747707246898052], [-85.4360726487808, 23.702751303722366], [-85.25624887607802, 23.65779536054668], [-85.25624887607802, 23.61283941737099], [-85.16633698972663, 23.61283941737099], [-85.16633698972663, 23.567883474195302], [-84.98651321702386, 23.522927531019615], [-84.94155727384816, 23.433015644668238], [-84.76173350114539, 23.38805970149255], [-84.76173350114539, 23.34310375831686], [-84.671821614794, 23.34310375831686], [-84.671821614794, 23.298147815141174], [-84.35713001256414, 23.298147815141174], [-84.35713001256414, 23.34310375831686], [-84.22226218303706, 23.433015644668238], [-84.22226218303706, 23.522927531019615], [-84.17730623986137, 23.522927531019615], [-84.17730623986137, 24.062398849127867], [-84.22226218303706, 24.062398849127867], [-84.26721812621275, 24.24222262183062], [-84.40208595573984, 24.332134508181994], [-84.40208595573984, 24.42204639453337], [-84.44704189891553, 24.42204639453337], [-84.44704189891553, 24.467002337709058], [-84.49199784209122, 24.467002337709058], [-84.49199784209122, 24.511958280884745], [-84.53695378526692, 24.511958280884745], [-84.53695378526692, 24.556914224060435], [-84.58190972844261, 24.556914224060435], [-84.58190972844261, 24.60187016723612], [-84.71677755796969, 24.6917820535875], [-84.71677755796969, 24.781693939938872], [-84.76173350114539, 24.781693939938872], [-84.76173350114539, 24.826649883114563], [-84.80668944432108, 24.826649883114563], [-84.89660133067247, 24.961517712641626], [-84.98651321702386, 24.961517712641626], [-84.98651321702386, 25.006473655817313], [-85.03146916019955, 25.006473655817313], [-85.03146916019955, 25.09638554216869], [-85.07642510337524, 25.09638554216869], [-85.07642510337524, 25.141341485344377], [-85.12138104655094, 25.141341485344377], [-85.12138104655094, 25.186297428520064], [-85.16633698972663, 25.186297428520064], [-85.16633698972663, 25.23125337169575], [-85.21129293290232, 25.23125337169575], [-85.21129293290232, 25.27620931487144], [-85.25624887607802, 25.27620931487144], [-85.25624887607802, 25.321165258047127], [-85.30120481925371, 25.321165258047127], [-85.30120481925371, 25.366121201222814], [-85.3461607624294, 25.366121201222814], [-85.3461607624294, 25.411077144398504], [-85.3911167056051, 25.411077144398504], [-85.3911167056051, 25.45603308757419], [-85.4360726487808, 25.45603308757419], [-85.4360726487808, 25.500989030749878], [-85.48102859195649, 25.500989030749878], [-85.48102859195649, 25.545944973925568], [-85.52598453513218, 25.545944973925568], [-85.52598453513218, 25.590900917101255], [-85.57094047830788, 25.590900917101255], [-85.57094047830788, 25.63585686027694], [-85.61589642148357, 25.63585686027694], [-85.61589642148357, 25.680812803452632], [-85.66085236465926, 25.680812803452632], [-85.66085236465926, 25.72576874662832], [-85.70580830783496, 25.72576874662832], [-85.70580830783496, 25.770724689804005], [-85.75076425101065, 25.770724689804005], [-85.75076425101065, 25.815680632979692], [-85.79572019418634, 25.815680632979692], [-85.79572019418634, 25.860636576155382], [-85.84067613736204, 25.860636576155382], [-85.84067613736204, 25.90559251933107], [-85.88563208053773, 25.90559251933107], [-85.88563208053773, 25.950548462506756], [-85.93058802371343, 25.950548462506756], [-85.93058802371343, 25.995504405682446], [-85.97554396688912, 25.995504405682446], [-85.97554396688912, 26.040460348858133], [-86.02049991006481, 26.040460348858133], [-86.02049991006481, 26.08541629203382], [-86.06545585324051, 26.08541629203382], [-86.06545585324051, 26.13037223520951], [-86.1104117964162, 26.13037223520951], [-86.1104117964162, 26.175328178385197], [-86.1553677395919, 26.175328178385197], [-86.1553677395919, 26.220284121560884], [-86.20032368276759, 26.220284121560884], [-86.20032368276759, 26.265240064736574], [-86.24527962594328, 26.265240064736574], [-86.24527962594328, 26.31019600791226], [-86.29023556911898, 26.31019600791226], [-86.29023556911898, 26.355151951087947], [-86.33519151229467, 26.355151951087947], [-86.33519151229467, 26.400107894263638], [-86.38014745547036, 26.400107894263638], [-86.38014745547036, 26.445063837439324], [-86.42510339864606, 26.445063837439324], [-86.42510339864606, 26.49001978061501], [-86.47005934182175, 26.49001978061501], [-86.47005934182175, 26.5349757237907], [-86.51501528499745, 26.5349757237907], [-86.51501528499745, 26.579931666966388], [-86.55997122817314, 26.579931666966388], [-86.55997122817314, 26.624887610142075], [-86.60492717134883, 26.624887610142075], [-86.60492717134883, 26.66984355331776], [-86.64988311452453, 26.66984355331776], [-86.64988311452453, 26.714799496493452], [-86.69483905770022, 26.714799496493452], [-86.69483905770022, 26.75975543966914], [-86.73979500087592, 26.75975543966914], [-86.73979500087592, 26.804711382844825], [-86.78475094405161, 26.804711382844825], [-86.78475094405161, 26.849667326020516], [-86.8297068872273, 26.849667326020516], [-86.8297068872273, 26.894623269196202], [-86.874662830403, 26.894623269196202], [-86.874662830403, 26.93957921237189], [-86.91961877357869, 26.93957921237189], [-86.91961877357869, 26.98453515554758], [-86.96457471675438, 26.98453515554758], [-86.96457471675438, 27.029491098723266], [-87.09944254628147, 27.119402985074643], [-87.09944254628147, 27.16435892825033], [-87.14439848945716, 27.16435892825033], [-87.14439848945716, 27.254270814601703], [-87.18935443263285, 27.254270814601703], [-87.18935443263285, 27.299226757777394], [-87.23431037580855, 27.299226757777394], [-87.23431037580855, 27.34418270095308], [-87.27926631898424, 27.34418270095308], [-87.27926631898424, 27.389138644128767], [-87.32422226215994, 27.389138644128767], [-87.32422226215994, 27.434094587304457], [-87.36917820533563, 27.434094587304457], [-87.36917820533563, 27.479050530480144], [-87.41413414851132, 27.479050530480144], [-87.41413414851132, 27.52400647365583], [-87.45909009168702, 27.52400647365583], [-87.45909009168702, 27.56896241683152], [-87.50404603486271, 27.56896241683152], [-87.50404603486271, 27.613918360007208], [-87.5490019780384, 27.613918360007208], [-87.5490019780384, 27.658874303182895], [-87.5939579212141, 27.658874303182895], [-87.5939579212141, 27.703830246358585], [-87.63891386438979, 27.703830246358585], [-87.63891386438979, 27.748786189534272], [-87.68386980756549, 27.748786189534272], [-87.68386980756549, 27.79374213270996], [-87.72882575074118, 27.79374213270996], [-87.72882575074118, 27.83869807588565], [-87.77378169391687, 27.83869807588565], [-87.77378169391687, 27.883654019061336], [-87.81873763709257, 27.883654019061336], [-87.81873763709257, 27.928609962237022], [-87.86369358026826, 27.928609962237022], [-87.86369358026826, 27.973565905412713], [-87.99856140979534, 28.063477791764086], [-87.99856140979534, 28.153389678115463], [-88.04351735297104, 28.153389678115463], [-88.04351735297104, 28.19834562129115], [-88.08847329614673, 28.19834562129115], [-88.08847329614673, 28.243301564466837], [-88.13342923932242, 28.243301564466837], [-88.13342923932242, 28.288257507642527], [-88.17838518249812, 28.288257507642527], [-88.17838518249812, 28.333213450818214], [-88.22334112567381, 28.333213450818214], [-88.22334112567381, 28.3781693939939], [-88.2682970688495, 28.3781693939939], [-88.2682970688495, 28.42312533716959], [-88.3132530120252, 28.42312533716959], [-88.3132530120252, 28.468081280345277], [-88.3582089552009, 28.468081280345277], [-88.3582089552009, 28.513037223520964], [-88.40316489837659, 28.513037223520964], [-88.40316489837659, 28.557993166696654], [-88.53803272790367, 28.647905053048028], [-88.53803272790367, 28.737816939399405], [-88.58298867107936, 28.737816939399405], [-88.58298867107936, 28.78277288257509], [-88.62794461425506, 28.78277288257509], [-88.62794461425506, 28.82772882575078], [-88.67290055743075, 28.82772882575078], [-88.67290055743075, 28.87268476892647], [-88.71785650060644, 28.87268476892647], [-88.71785650060644, 28.917640712102155], [-88.76281244378214, 28.917640712102155], [-88.76281244378214, 28.962596655277842], [-88.80776838695783, 28.962596655277842], [-88.80776838695783, 29.007552598453533], [-88.94263621648491, 29.097464484804906], [-88.94263621648491, 29.187376371156283], [-88.98759215966061, 29.187376371156283], [-88.98759215966061, 29.23233231433197], [-89.0325481028363, 29.23233231433197], [-89.0325481028363, 29.27728825750766], [-89.077504046012, 29.27728825750766], [-89.077504046012, 29.322244200683347], [-89.12245998918769, 29.322244200683347], [-89.12245998918769, 29.367200143859034], [-89.25732781871477, 29.45711203021041], [-89.25732781871477, 29.547023916561784], [-89.30228376189046, 29.547023916561784], [-89.30228376189046, 29.591979859737474], [-89.34723970506616, 29.591979859737474], [-89.34723970506616, 29.63693580291316], [-89.39219564824185, 29.63693580291316], [-89.39219564824185, 29.681891746088848], [-89.43715159141755, 29.681891746088848], [-89.43715159141755, 29.726847689264538], [-89.48210753459324, 29.726847689264538], [-89.48210753459324, 29.771803632440225], [-89.52706347776893, 29.771803632440225], [-89.52706347776893, 29.81675957561591], [-89.66193130729602, 29.90667146196729], [-89.66193130729602, 29.996583348318666], [-89.7967991368231, 30.08649523467004], [-89.7967991368231, 30.176407121021416], [-89.93166696635018, 30.26631900737279], [-89.93166696635018, 30.356230893724167], [-90.02157885270157, 30.401186836899853], [-90.02157885270157, 30.49109872325123], [-90.11149073905295, 30.536054666426917], [-90.11149073905295, 30.625966552778294], [-90.20140262540434, 30.67092249595398], [-90.20140262540434, 30.760834382305358], [-90.24635856858004, 30.760834382305358], [-90.24635856858004, 30.805790325481045], [-90.38122639810712, 30.895702211832422], [-90.38122639810712, 30.985614098183795], [-90.42618234128281, 30.985614098183795], [-90.4711382844585, 31.075525984535172], [-90.56105017080989, 31.075525984535172], [-90.65096205716128, 31.210393814062236], [-90.83078582986406, 31.255349757237923], [-90.83078582986406, 31.300305700413613], [-90.87574177303975, 31.300305700413613], [-90.87574177303975, 31.3452616435893], [-90.96565365939114, 31.3452616435893], [-90.96565365939114, 31.390217586764987], [-91.1904333752696, 31.390217586764987], [-91.1904333752696, 31.435173529940677], [-91.55008092067516, 31.480129473116364], [-91.55008092067516, 31.435173529940677], [-91.63999280702654, 31.435173529940677], [-91.63999280702654, 31.390217586764987], [-91.72990469337793, 31.390217586764987], [-91.72990469337793, 31.3452616435893], [-91.81981657972932, 31.3452616435893], [-91.81981657972932, 31.300305700413613], [-91.9996403524321, 31.255349757237923], [-91.9996403524321, 31.210393814062236], [-92.04459629560779, 31.210393814062236], [-92.04459629560779, 31.16543787088655], [-92.08955223878348, 31.16543787088655], [-92.08955223878348, 31.12048192771086], [-92.22442006831056, 31.030570041359486], [-92.22442006831056, 30.895702211832422], [-92.26937601148626, 30.895702211832422], [-92.26937601148626, 30.805790325481045], [-92.31433195466195, 30.805790325481045], [-92.31433195466195, 30.71587843912967], [-92.35928789783765, 30.71587843912967], [-92.35928789783765, 30.581010609602608], [-92.40424384101334, 30.581010609602608], [-92.40424384101334, 30.176407121021416]]]]}}, {"type": "Feature", "properties": {"shapefile": "2021082806_wsp50knt120hr_5km", "PERCENTAGE": "50-60%"}, "geometry": {"type": "MultiPolygon", "coordinates": [[[[-92.40424384101334, 30.176407121021416], [-92.40424384101334, 30.581010609602608], [-92.35928789783765, 30.581010609602608], [-92.35928789783765, 30.71587843912967], [-92.31433195466195, 30.71587843912967], [-92.31433195466195, 30.805790325481045], [-92.26937601148626, 30.805790325481045], [-92.26937601148626, 30.895702211832422], [-92.22442006831056, 30.895702211832422], [-92.22442006831056, 31.030570041359486], [-92.17946412513487, 31.030570041359486], [-92.17946412513487, 31.075525984535172], [-92.13450818195918, 31.075525984535172], [-92.13450818195918, 31.12048192771086], [-92.08955223878348, 31.12048192771086], [-91.9996403524321, 31.255349757237923], [-91.90972846608071, 31.255349757237923], [-91.90972846608071, 31.300305700413613], [-91.81981657972932, 31.300305700413613], [-91.81981657972932, 31.3452616435893], [-91.63999280702654, 31.390217586764987], [-91.63999280702654, 31.435173529940677], [-91.55008092067516, 31.435173529940677], [-91.55008092067516, 31.480129473116364], [-91.1904333752696, 31.435173529940677], [-91.1904333752696, 31.390217586764987], [-90.96565365939114, 31.390217586764987], [-90.96565365939114, 31.3452616435893], [-90.87574177303975, 31.3452616435893], [-90.83078582986406, 31.255349757237923], [-90.65096205716128, 31.210393814062236], [-90.56105017080989, 31.075525984535172], [-90.4711382844585, 31.075525984535172], [-90.4711382844585, 31.030570041359486], [-90.38122639810712, 30.985614098183795], [-90.38122639810712, 30.895702211832422], [-90.33627045493142, 30.895702211832422], [-90.33627045493142, 30.850746268656735], [-90.20140262540434, 30.760834382305358], [-90.20140262540434, 30.67092249595398], [-90.11149073905295, 30.625966552778294], [-90.11149073905295, 30.536054666426917], [-90.02157885270157, 30.49109872325123], [-90.02157885270157, 30.401186836899853], [-89.93166696635018, 30.356230893724167], [-89.93166696635018, 30.26631900737279], [-89.88671102317448, 30.26631900737279], [-89.88671102317448, 30.221363064197103], [-89.7967991368231, 30.176407121021416], [-89.7967991368231, 30.08649523467004], [-89.66193130729602, 29.996583348318666], [-89.66193130729602, 29.90667146196729], [-89.61697536412032, 29.90667146196729], [-89.61697536412032, 29.861715518791602], [-89.57201942094463, 29.861715518791602], [-89.57201942094463, 29.81675957561591], [-89.52706347776893, 29.81675957561591], [-89.52706347776893, 29.771803632440225], [-89.48210753459324, 29.771803632440225], [-89.48210753459324, 29.726847689264538], [-89.43715159141755, 29.726847689264538], [-89.43715159141755, 29.681891746088848], [-89.39219564824185, 29.681891746088848], [-89.39219564824185, 29.63693580291316], [-89.25732781871477, 29.547023916561784], [-89.25732781871477, 29.45711203021041], [-89.21237187553908, 29.45711203021041], [-89.21237187553908, 29.412156087034724], [-89.16741593236338, 29.412156087034724], [-89.16741593236338, 29.367200143859034], [-89.12245998918769, 29.367200143859034], [-89.12245998918769, 29.322244200683347], [-89.077504046012, 29.322244200683347], [-89.077504046012, 29.27728825750766], [-88.94263621648491, 29.187376371156283], [-88.94263621648491, 29.097464484804906], [-88.89768027330922, 29.097464484804906], [-88.89768027330922, 29.05250854162922], [-88.85272433013353, 29.05250854162922], [-88.85272433013353, 29.007552598453533], [-88.80776838695783, 29.007552598453533], [-88.80776838695783, 28.962596655277842], [-88.76281244378214, 28.962596655277842], [-88.76281244378214, 28.917640712102155], [-88.71785650060644, 28.917640712102155], [-88.71785650060644, 28.87268476892647], [-88.67290055743075, 28.87268476892647], [-88.67290055743075, 28.82772882575078], [-88.53803272790367, 28.737816939399405], [-88.53803272790367, 28.647905053048028], [-88.49307678472798, 28.647905053048028], [-88.49307678472798, 28.60294910987234], [-88.44812084155228, 28.60294910987234], [-88.44812084155228, 28.557993166696654], [-88.40316489837659, 28.557993166696654], [-88.40316489837659, 28.513037223520964], [-88.3582089552009, 28.513037223520964], [-88.3582089552009, 28.468081280345277], [-88.3132530120252, 28.468081280345277], [-88.3132530120252, 28.42312533716959], [-88.2682970688495, 28.42312533716959], [-88.2682970688495, 28.3781693939939], [-88.22334112567381, 28.3781693939939], [-88.22334112567381, 28.333213450818214], [-88.17838518249812, 28.333213450818214], [-88.17838518249812, 28.288257507642527], [-88.13342923932242, 28.288257507642527], [-88.13342923932242, 28.243301564466837], [-87.99856140979534, 28.153389678115463], [-87.99856140979534, 28.063477791764086], [-87.95360546661965, 28.063477791764086], [-87.95360546661965, 28.0185218485884], [-87.90864952344396, 28.0185218485884], [-87.90864952344396, 27.973565905412713], [-87.86369358026826, 27.973565905412713], [-87.86369358026826, 27.928609962237022], [-87.81873763709257, 27.928609962237022], [-87.81873763709257, 27.883654019061336], [-87.77378169391687, 27.883654019061336], [-87.77378169391687, 27.83869807588565], [-87.72882575074118, 27.83869807588565], [-87.72882575074118, 27.79374213270996], [-87.68386980756549, 27.79374213270996], [-87.68386980756549, 27.748786189534272], [-87.63891386438979, 27.748786189534272], [-87.63891386438979, 27.703830246358585], [-87.5939579212141, 27.703830246358585], [-87.5939579212141, 27.658874303182895], [-87.5490019780384, 27.658874303182895], [-87.5490019780384, 27.613918360007208], [-87.50404603486271, 27.613918360007208], [-87.50404603486271, 27.56896241683152], [-87.45909009168702, 27.56896241683152], [-87.45909009168702, 27.52400647365583], [-87.41413414851132, 27.52400647365583], [-87.41413414851132, 27.479050530480144], [-87.36917820533563, 27.479050530480144], [-87.36917820533563, 27.434094587304457], [-87.32422226215994, 27.434094587304457], [-87.32422226215994, 27.389138644128767], [-87.27926631898424, 27.389138644128767], [-87.27926631898424, 27.34418270095308], [-87.14439848945716, 27.254270814601703], [-87.14439848945716, 27.16435892825033], [-87.09944254628147, 27.16435892825033], [-87.09944254628147, 27.119402985074643], [-87.05448660310577, 27.119402985074643], [-87.05448660310577, 27.074447041898953], [-87.00953065993008, 27.074447041898953], [-87.00953065993008, 27.029491098723266], [-86.96457471675438, 27.029491098723266], [-86.96457471675438, 26.98453515554758], [-86.91961877357869, 26.98453515554758], [-86.91961877357869, 26.93957921237189], [-86.874662830403, 26.93957921237189], [-86.874662830403, 26.894623269196202], [-86.8297068872273, 26.894623269196202], [-86.8297068872273, 26.849667326020516], [-86.78475094405161, 26.849667326020516], [-86.78475094405161, 26.804711382844825], [-86.73979500087592, 26.804711382844825], [-86.73979500087592, 26.75975543966914], [-86.69483905770022, 26.75975543966914], [-86.69483905770022, 26.714799496493452], [-86.64988311452453, 26.714799496493452], [-86.64988311452453, 26.66984355331776], [-86.60492717134883, 26.66984355331776], [-86.60492717134883, 26.624887610142075], [-86.55997122817314, 26.624887610142075], [-86.55997122817314, 26.579931666966388], [-86.51501528499745, 26.579931666966388], [-86.51501528499745, 26.5349757237907], [-86.47005934182175, 26.5349757237907], [-86.47005934182175, 26.49001978061501], [-86.42510339864606, 26.49001978061501], [-86.42510339864606, 26.445063837439324], [-86.38014745547036, 26.445063837439324], [-86.38014745547036, 26.400107894263638], [-86.33519151229467, 26.400107894263638], [-86.33519151229467, 26.355151951087947], [-86.29023556911898, 26.355151951087947], [-86.29023556911898, 26.31019600791226], [-86.24527962594328, 26.31019600791226], [-86.24527962594328, 26.265240064736574], [-86.20032368276759, 26.265240064736574], [-86.20032368276759, 26.220284121560884], [-86.1553677395919, 26.220284121560884], [-86.1553677395919, 26.175328178385197], [-86.1104117964162, 26.175328178385197], [-86.1104117964162, 26.13037223520951], [-86.06545585324051, 26.13037223520951], [-86.06545585324051, 26.08541629203382], [-86.02049991006481, 26.08541629203382], [-86.02049991006481, 26.040460348858133], [-85.97554396688912, 26.040460348858133], [-85.97554396688912, 25.995504405682446], [-85.93058802371343, 25.995504405682446], [-85.93058802371343, 25.950548462506756], [-85.88563208053773, 25.950548462506756], [-85.88563208053773, 25.90559251933107], [-85.84067613736204, 25.90559251933107], [-85.84067613736204, 25.860636576155382], [-85.79572019418634, 25.860636576155382], [-85.79572019418634, 25.815680632979692], [-85.75076425101065, 25.815680632979692], [-85.75076425101065, 25.770724689804005], [-85.70580830783496, 25.770724689804005], [-85.70580830783496, 25.72576874662832], [-85.66085236465926, 25.72576874662832], [-85.66085236465926, 25.680812803452632], [-85.61589642148357, 25.680812803452632], [-85.61589642148357, 25.63585686027694], [-85.57094047830788, 25.63585686027694], [-85.57094047830788, 25.590900917101255], [-85.52598453513218, 25.590900917101255], [-85.52598453513218, 25.545944973925568], [-85.48102859195649, 25.545944973925568], [-85.48102859195649, 25.500989030749878], [-85.4360726487808, 25.500989030749878], [-85.4360726487808, 25.45603308757419], [-85.3911167056051, 25.45603308757419], [-85.3911167056051, 25.411077144398504], [-85.3461607624294, 25.411077144398504], [-85.3461607624294, 25.366121201222814], [-85.30120481925371, 25.366121201222814], [-85.30120481925371, 25.321165258047127], [-85.25624887607802, 25.321165258047127], [-85.25624887607802, 25.27620931487144], [-85.21129293290232, 25.27620931487144], [-85.21129293290232, 25.23125337169575], [-85.16633698972663, 25.23125337169575], [-85.07642510337524, 25.09638554216869], [-85.03146916019955, 25.09638554216869], [-85.03146916019955, 25.006473655817313], [-84.98651321702386, 25.006473655817313], [-84.98651321702386, 24.961517712641626], [-84.89660133067247, 24.961517712641626], [-84.89660133067247, 24.916561769465936], [-84.85164538749677, 24.916561769465936], [-84.85164538749677, 24.87160582629025], [-84.71677755796969, 24.781693939938872], [-84.71677755796969, 24.6917820535875], [-84.671821614794, 24.6917820535875], [-84.671821614794, 24.64682611041181], [-84.6268656716183, 24.64682611041181], [-84.6268656716183, 24.60187016723612], [-84.58190972844261, 24.60187016723612], [-84.58190972844261, 24.556914224060435], [-84.53695378526692, 24.556914224060435], [-84.53695378526692, 24.511958280884745], [-84.40208595573984, 24.42204639453337], [-84.40208595573984, 24.332134508181994], [-84.26721812621275, 24.24222262183062], [-84.26721812621275, 24.152310735479244], [-84.22226218303706, 24.152310735479244], [-84.22226218303706, 24.062398849127867], [-84.17730623986137, 24.062398849127867], [-84.17730623986137, 23.522927531019615], [-84.22226218303706, 23.522927531019615], [-84.22226218303706, 23.433015644668238], [-84.26721812621275, 23.433015644668238], [-84.35713001256414, 23.298147815141174], [-84.671821614794, 23.298147815141174], [-84.671821614794, 23.34310375831686], [-84.76173350114539, 23.34310375831686], [-84.76173350114539, 23.38805970149255], [-84.94155727384816, 23.433015644668238], [-84.98651321702386, 23.522927531019615], [-85.07642510337524, 23.522927531019615], [-85.07642510337524, 23.567883474195302], [-85.25624887607802, 23.61283941737099], [-85.25624887607802, 23.65779536054668], [-85.3461607624294, 23.65779536054668], [-85.3461607624294, 23.702751303722366], [-85.4360726487808, 23.702751303722366], [-85.4360726487808, 23.747707246898052], [-85.61589642148357, 23.79266319007374], [-85.61589642148357, 23.83761913324943], [-85.66085236465926, 23.83761913324943], [-85.66085236465926, 23.882575076425116], [-85.75076425101065, 23.882575076425116], [-85.84067613736204, 24.01744290595218], [-85.93058802371343, 24.01744290595218], [-86.02049991006481, 24.152310735479244], [-86.1104117964162, 24.152310735479244], [-86.1553677395919, 24.24222262183062], [-86.24527962594328, 24.24222262183062], [-86.24527962594328, 24.287178565006307], [-86.38014745547036, 24.37709045135768], [-86.38014745547036, 24.42204639453337], [-86.47005934182175, 24.42204639453337], [-86.47005934182175, 24.467002337709058], [-86.51501528499745, 24.467002337709058], [-86.51501528499745, 24.511958280884745], [-86.60492717134883, 24.511958280884745], [-86.64988311452453, 24.60187016723612], [-86.73979500087592, 24.60187016723612], [-86.78475094405161, 24.6917820535875], [-86.874662830403, 24.6917820535875], [-86.874662830403, 24.736737996763186], [-86.91961877357869, 24.736737996763186], [-86.91961877357869, 24.781693939938872], [-87.00953065993008, 24.781693939938872], [-87.05448660310577, 24.87160582629025], [-87.14439848945716, 24.87160582629025], [-87.23431037580855, 25.006473655817313], [-87.32422226215994, 25.006473655817313], [-87.36917820533563, 25.09638554216869], [-87.5490019780384, 25.141341485344377], [-87.5490019780384, 25.186297428520064], [-87.5939579212141, 25.186297428520064], [-87.5939579212141, 25.23125337169575], [-87.68386980756549, 25.23125337169575], [-87.77378169391687, 25.366121201222814], [-87.86369358026826, 25.366121201222814], [-87.90864952344396, 25.45603308757419], [-87.99856140979534, 25.45603308757419], [-88.04351735297104, 25.545944973925568], [-88.13342923932242, 25.545944973925568], [-88.13342923932242, 25.590900917101255], [-88.17838518249812, 25.590900917101255], [-88.17838518249812, 25.63585686027694], [-88.2682970688495, 25.63585686027694], [-88.3132530120252, 25.72576874662832], [-88.40316489837659, 25.72576874662832], [-88.40316489837659, 25.770724689804005], [-88.44812084155228, 25.770724689804005], [-88.44812084155228, 25.815680632979692], [-88.53803272790367, 25.815680632979692], [-88.58298867107936, 25.90559251933107], [-88.67290055743075, 25.90559251933107], [-88.71785650060644, 25.995504405682446], [-88.80776838695783, 25.995504405682446], [-88.89768027330922, 26.13037223520951], [-88.98759215966061, 26.13037223520951], [-88.98759215966061, 26.175328178385197], [-89.0325481028363, 26.175328178385197], [-89.0325481028363, 26.220284121560884], [-89.12245998918769, 26.220284121560884], [-89.16741593236338, 26.31019600791226], [-89.25732781871477, 26.31019600791226], [-89.30228376189046, 26.400107894263638], [-89.39219564824185, 26.400107894263638], [-89.48210753459324, 26.5349757237907], [-89.57201942094463, 26.5349757237907], [-89.57201942094463, 26.579931666966388], [-89.61697536412032, 26.579931666966388], [-89.61697536412032, 26.624887610142075], [-89.70688725047171, 26.624887610142075], [-89.7518431936474, 26.714799496493452], [-89.84175507999879, 26.714799496493452], [-89.93166696635018, 26.849667326020516], [-90.02157885270157, 26.849667326020516], [-90.02157885270157, 26.894623269196202], [-90.06653479587726, 26.894623269196202], [-90.11149073905295, 26.98453515554758], [-90.20140262540434, 26.98453515554758], [-90.29131451175573, 27.119402985074643], [-90.38122639810712, 27.119402985074643], [-90.4711382844585, 27.254270814601703], [-90.56105017080989, 27.254270814601703], [-90.56105017080989, 27.299226757777394], [-90.60600611398559, 27.299226757777394], [-90.69591800033697, 27.434094587304457], [-90.78582988668836, 27.434094587304457], [-90.78582988668836, 27.479050530480144], [-90.83078582986406, 27.479050530480144], [-90.92069771621544, 27.613918360007208], [-91.01060960256683, 27.613918360007208], [-91.01060960256683, 27.658874303182895], [-91.05556554574252, 27.658874303182895], [-91.14547743209391, 27.79374213270996], [-91.2353893184453, 27.79374213270996], [-91.2353893184453, 27.83869807588565], [-91.280345261621, 27.83869807588565], [-91.280345261621, 27.883654019061336], [-91.32530120479669, 27.883654019061336], [-91.32530120479669, 27.928609962237022], [-91.37025714797238, 27.928609962237022], [-91.37025714797238, 27.973565905412713], [-91.41521309114808, 27.973565905412713], [-91.41521309114808, 28.0185218485884], [-91.46016903432377, 28.0185218485884], [-91.46016903432377, 28.063477791764086], [-91.50512497749946, 28.063477791764086], [-91.50512497749946, 28.108433734939773], [-91.63999280702654, 28.19834562129115], [-91.63999280702654, 28.288257507642527], [-91.68494875020224, 28.288257507642527], [-91.68494875020224, 28.333213450818214], [-91.81981657972932, 28.42312533716959], [-91.81981657972932, 28.513037223520964], [-91.90972846608071, 28.557993166696654], [-91.9546844092564, 28.737816939399405], [-92.04459629560779, 28.78277288257509], [-92.04459629560779, 28.87268476892647], [-92.08955223878348, 28.87268476892647], [-92.08955223878348, 28.962596655277842], [-92.13450818195918, 28.962596655277842], [-92.13450818195918, 29.05250854162922], [-92.17946412513487, 29.05250854162922], [-92.17946412513487, 29.187376371156283], [-92.22442006831056, 29.187376371156283], [-92.22442006831056, 29.322244200683347], [-92.26937601148626, 29.322244200683347], [-92.26937601148626, 29.502067973386097], [-92.31433195466195, 29.502067973386097], [-92.31433195466195, 29.771803632440225], [-92.35928789783765, 29.771803632440225], [-92.35928789783765, 30.176407121021416], [-92.40424384101334, 30.176407121021416]], [[-92.08955223878348, 29.591979859737474], [-92.04459629560779, 29.591979859737474], [-92.04459629560779, 29.367200143859034], [-91.9996403524321, 29.367200143859034], [-91.9996403524321, 29.23233231433197], [-91.9546844092564, 29.23233231433197], [-91.9546844092564, 29.05250854162922], [-91.90972846608071, 29.05250854162922], [-91.90972846608071, 28.962596655277842], [-91.81981657972932, 28.917640712102155], [-91.81981657972932, 28.82772882575078], [-91.77486063655363, 28.82772882575078], [-91.77486063655363, 28.737816939399405], [-91.72990469337793, 28.737816939399405], [-91.72990469337793, 28.647905053048028], [-91.68494875020224, 28.647905053048028], [-91.68494875020224, 28.513037223520964], [-91.63999280702654, 28.513037223520964], [-91.63999280702654, 28.468081280345277], [-91.59503686385085, 28.468081280345277], [-91.59503686385085, 28.42312533716959], [-91.55008092067516, 28.42312533716959], [-91.55008092067516, 28.3781693939939], [-91.50512497749946, 28.3781693939939], [-91.50512497749946, 28.333213450818214], [-91.46016903432377, 28.333213450818214], [-91.46016903432377, 28.288257507642527], [-91.41521309114808, 28.288257507642527], [-91.41521309114808, 28.243301564466837], [-91.37025714797238, 28.243301564466837], [-91.37025714797238, 28.19834562129115], [-91.32530120479669, 28.19834562129115], [-91.32530120479669, 28.153389678115463], [-91.280345261621, 28.153389678115463], [-91.280345261621, 28.108433734939773], [-91.2353893184453, 28.108433734939773], [-91.2353893184453, 28.063477791764086], [-91.1904333752696, 28.063477791764086], [-91.1904333752696, 28.0185218485884], [-91.14547743209391, 28.0185218485884], [-91.14547743209391, 27.973565905412713], [-91.10052148891822, 27.973565905412713], [-91.10052148891822, 27.928609962237022], [-91.05556554574252, 27.928609962237022], [-91.05556554574252, 27.883654019061336], [-91.01060960256683, 27.883654019061336], [-90.92069771621544, 27.748786189534272], [-90.83078582986406, 27.748786189534272], [-90.83078582986406, 27.703830246358585], [-90.78582988668836, 27.703830246358585], [-90.69591800033697, 27.56896241683152], [-90.60600611398559, 27.56896241683152], [-90.60600611398559, 27.52400647365583], [-90.56105017080989, 27.52400647365583], [-90.4711382844585, 27.389138644128767], [-90.38122639810712, 27.389138644128767], [-90.29131451175573, 27.254270814601703], [-90.20140262540434, 27.254270814601703], [-90.11149073905295, 27.119402985074643], [-90.02157885270157, 27.119402985074643], [-90.02157885270157, 27.074447041898953], [-89.97662290952587, 27.074447041898953], [-89.88671102317448, 26.93957921237189], [-89.7967991368231, 26.93957921237189], [-89.70688725047171, 26.804711382844825], [-89.61697536412032, 26.804711382844825], [-89.57201942094463, 26.714799496493452], [-89.48210753459324, 26.714799496493452], [-89.39219564824185, 26.579931666966388], [-89.30228376189046, 26.579931666966388], [-89.30228376189046, 26.5349757237907], [-89.25732781871477, 26.5349757237907], [-89.21237187553908, 26.445063837439324], [-89.12245998918769, 26.445063837439324], [-89.0325481028363, 26.31019600791226], [-88.94263621648491, 26.31019600791226], [-88.94263621648491, 26.265240064736574], [-88.85272433013353, 26.265240064736574], [-88.80776838695783, 26.175328178385197], [-88.71785650060644, 26.175328178385197], [-88.71785650060644, 26.13037223520951], [-88.67290055743075, 26.13037223520951], [-88.62794461425506, 26.040460348858133], [-88.53803272790367, 26.040460348858133], [-88.44812084155228, 25.90559251933107], [-88.3582089552009, 25.90559251933107], [-88.3582089552009, 25.860636576155382], [-88.3132530120252, 25.860636576155382], [-88.3132530120252, 25.815680632979692], [-88.22334112567381, 25.815680632979692], [-88.17838518249812, 25.72576874662832], [-87.99856140979534, 25.680812803452632], [-87.90864952344396, 25.545944973925568], [-87.81873763709257, 25.545944973925568], [-87.81873763709257, 25.500989030749878], [-87.77378169391687, 25.500989030749878], [-87.72882575074118, 25.411077144398504], [-87.63891386438979, 25.411077144398504], [-87.5490019780384, 25.27620931487144], [-87.36917820533563, 25.23125337169575], [-87.36917820533563, 25.186297428520064], [-87.32422226215994, 25.186297428520064], [-87.32422226215994, 25.141341485344377], [-87.23431037580855, 25.141341485344377], [-87.18935443263285, 25.051429598993], [-87.09944254628147, 25.051429598993], [-87.00953065993008, 24.916561769465936], [-86.91961877357869, 24.916561769465936], [-86.874662830403, 24.826649883114563], [-86.78475094405161, 24.826649883114563], [-86.73979500087592, 24.736737996763186], [-86.55997122817314, 24.6917820535875], [-86.47005934182175, 24.556914224060435], [-86.38014745547036, 24.556914224060435], [-86.38014745547036, 24.511958280884745], [-86.33519151229467, 24.511958280884745], [-86.24527962594328, 24.37709045135768], [-86.1553677395919, 24.37709045135768], [-86.06545585324051, 24.24222262183062], [-85.97554396688912, 24.24222262183062], [-85.93058802371343, 24.152310735479244], [-85.84067613736204, 24.152310735479244], [-85.84067613736204, 24.107354792303557], [-85.79572019418634, 24.107354792303557], [-85.70580830783496, 23.972486962776493], [-85.61589642148357, 23.972486962776493], [-85.52598453513218, 23.83761913324943], [-85.4360726487808, 23.83761913324943], [-85.4360726487808, 23.79266319007374], [-85.3461607624294, 23.79266319007374], [-85.3461607624294, 23.747707246898052], [-85.21129293290232, 23.747707246898052], [-85.21129293290232, 23.702751303722366], [-85.12138104655094, 23.702751303722366], [-85.12138104655094, 23.65779536054668], [-84.94155727384816, 23.61283941737099], [-84.89660133067247, 23.522927531019615], [-84.80668944432108, 23.522927531019615], [-84.76173350114539, 23.433015644668238], [-84.58190972844261, 23.38805970149255], [-84.58190972844261, 23.34310375831686], [-84.40208595573984, 23.34310375831686], [-84.40208595573984, 23.38805970149255], [-84.26721812621275, 23.477971587843925], [-84.26721812621275, 23.61283941737099], [-84.22226218303706, 23.61283941737099], [-84.22226218303706, 23.972486962776493], [-84.26721812621275, 23.972486962776493], [-84.26721812621275, 24.107354792303557], [-84.35713001256414, 24.152310735479244], [-84.35713001256414, 24.24222262183062], [-84.40208595573984, 24.24222262183062], [-84.40208595573984, 24.287178565006307], [-84.44704189891553, 24.287178565006307], [-84.44704189891553, 24.332134508181994], [-84.49199784209122, 24.332134508181994], [-84.49199784209122, 24.37709045135768], [-84.53695378526692, 24.37709045135768], [-84.53695378526692, 24.42204639453337], [-84.58190972844261, 24.42204639453337], [-84.58190972844261, 24.467002337709058], [-84.71677755796969, 24.556914224060435], [-84.71677755796969, 24.64682611041181], [-84.76173350114539, 24.64682611041181], [-84.76173350114539, 24.6917820535875], [-84.80668944432108, 24.6917820535875], [-84.89660133067247, 24.826649883114563], [-84.98651321702386, 24.826649883114563], [-84.98651321702386, 24.87160582629025], [-85.03146916019955, 24.87160582629025], [-85.03146916019955, 24.916561769465936], [-85.07642510337524, 24.916561769465936], [-85.07642510337524, 24.961517712641626], [-85.12138104655094, 24.961517712641626], [-85.12138104655094, 25.006473655817313], [-85.25624887607802, 25.09638554216869], [-85.25624887607802, 25.186297428520064], [-85.30120481925371, 25.186297428520064], [-85.3461607624294, 25.27620931487144], [-85.4360726487808, 25.27620931487144], [-85.4360726487808, 25.321165258047127], [-85.48102859195649, 25.321165258047127], [-85.48102859195649, 25.366121201222814], [-85.52598453513218, 25.366121201222814], [-85.52598453513218, 25.411077144398504], [-85.57094047830788, 25.411077144398504], [-85.57094047830788, 25.45603308757419], [-85.61589642148357, 25.45603308757419], [-85.61589642148357, 25.500989030749878], [-85.66085236465926, 25.500989030749878], [-85.66085236465926, 25.545944973925568], [-85.70580830783496, 25.545944973925568], [-85.70580830783496, 25.590900917101255], [-85.75076425101065, 25.590900917101255], [-85.75076425101065, 25.63585686027694], [-85.79572019418634, 25.63585686027694], [-85.79572019418634, 25.680812803452632], [-85.84067613736204, 25.680812803452632], [-85.84067613736204, 25.72576874662832], [-85.88563208053773, 25.72576874662832], [-85.88563208053773, 25.770724689804005], [-85.93058802371343, 25.770724689804005], [-85.93058802371343, 25.815680632979692], [-85.97554396688912, 25.815680632979692], [-85.97554396688912, 25.860636576155382], [-86.02049991006481, 25.860636576155382], [-86.02049991006481, 25.90559251933107], [-86.06545585324051, 25.90559251933107], [-86.06545585324051, 25.950548462506756], [-86.1104117964162, 25.950548462506756], [-86.1104117964162, 25.995504405682446], [-86.1553677395919, 25.995504405682446], [-86.1553677395919, 26.040460348858133], [-86.20032368276759, 26.040460348858133], [-86.20032368276759, 26.08541629203382], [-86.24527962594328, 26.08541629203382], [-86.24527962594328, 26.13037223520951], [-86.29023556911898, 26.13037223520951], [-86.29023556911898, 26.175328178385197], [-86.33519151229467, 26.175328178385197], [-86.33519151229467, 26.220284121560884], [-86.38014745547036, 26.220284121560884], [-86.38014745547036, 26.265240064736574], [-86.42510339864606, 26.265240064736574], [-86.42510339864606, 26.31019600791226], [-86.47005934182175, 26.31019600791226], [-86.47005934182175, 26.355151951087947], [-86.51501528499745, 26.355151951087947], [-86.51501528499745, 26.400107894263638], [-86.55997122817314, 26.400107894263638], [-86.55997122817314, 26.445063837439324], [-86.60492717134883, 26.445063837439324], [-86.60492717134883, 26.49001978061501], [-86.64988311452453, 26.49001978061501], [-86.64988311452453, 26.5349757237907], [-86.69483905770022, 26.5349757237907], [-86.69483905770022, 26.579931666966388], [-86.73979500087592, 26.579931666966388], [-86.73979500087592, 26.624887610142075], [-86.78475094405161, 26.624887610142075], [-86.78475094405161, 26.66984355331776], [-86.8297068872273, 26.66984355331776], [-86.8297068872273, 26.714799496493452], [-86.874662830403, 26.714799496493452], [-86.874662830403, 26.75975543966914], [-86.91961877357869, 26.75975543966914], [-86.91961877357869, 26.804711382844825], [-86.96457471675438, 26.804711382844825], [-86.96457471675438, 26.849667326020516], [-87.00953065993008, 26.849667326020516], [-87.00953065993008, 26.894623269196202], [-87.05448660310577, 26.894623269196202], [-87.05448660310577, 26.93957921237189], [-87.09944254628147, 26.93957921237189], [-87.09944254628147, 26.98453515554758], [-87.14439848945716, 26.98453515554758], [-87.14439848945716, 27.029491098723266], [-87.18935443263285, 27.029491098723266], [-87.18935443263285, 27.074447041898953], [-87.23431037580855, 27.074447041898953], [-87.23431037580855, 27.119402985074643], [-87.27926631898424, 27.119402985074643], [-87.27926631898424, 27.16435892825033], [-87.32422226215994, 27.16435892825033], [-87.32422226215994, 27.209314871426017], [-87.36917820533563, 27.209314871426017], [-87.36917820533563, 27.254270814601703], [-87.41413414851132, 27.254270814601703], [-87.41413414851132, 27.299226757777394], [-87.45909009168702, 27.299226757777394], [-87.45909009168702, 27.34418270095308], [-87.50404603486271, 27.34418270095308], [-87.50404603486271, 27.389138644128767], [-87.5490019780384, 27.389138644128767], [-87.5490019780384, 27.434094587304457], [-87.5939579212141, 27.434094587304457], [-87.5939579212141, 27.479050530480144], [-87.63891386438979, 27.479050530480144], [-87.63891386438979, 27.52400647365583], [-87.68386980756549, 27.52400647365583], [-87.68386980756549, 27.56896241683152], [-87.72882575074118, 27.56896241683152], [-87.72882575074118, 27.613918360007208], [-87.77378169391687, 27.613918360007208], [-87.77378169391687, 27.658874303182895], [-87.81873763709257, 27.658874303182895], [-87.81873763709257, 27.703830246358585], [-87.86369358026826, 27.703830246358585], [-87.86369358026826, 27.748786189534272], [-87.90864952344396, 27.748786189534272], [-87.90864952344396, 27.79374213270996], [-87.95360546661965, 27.79374213270996], [-87.95360546661965, 27.83869807588565], [-87.99856140979534, 27.83869807588565], [-87.99856140979534, 27.883654019061336], [-88.13342923932242, 27.973565905412713], [-88.13342923932242, 28.0185218485884], [-88.17838518249812, 28.0185218485884], [-88.17838518249812, 28.108433734939773], [-88.22334112567381, 28.108433734939773], [-88.22334112567381, 28.153389678115463], [-88.2682970688495, 28.153389678115463], [-88.2682970688495, 28.19834562129115], [-88.3132530120252, 28.19834562129115], [-88.3132530120252, 28.243301564466837], [-88.3582089552009, 28.243301564466837], [-88.3582089552009, 28.288257507642527], [-88.40316489837659, 28.288257507642527], [-88.40316489837659, 28.333213450818214], [-88.44812084155228, 28.333213450818214], [-88.44812084155228, 28.3781693939939], [-88.49307678472798, 28.3781693939939], [-88.49307678472798, 28.42312533716959], [-88.53803272790367, 28.42312533716959], [-88.53803272790367, 28.468081280345277], [-88.58298867107936, 28.468081280345277], [-88.58298867107936, 28.513037223520964], [-88.62794461425506, 28.513037223520964], [-88.62794461425506, 28.557993166696654], [-88.67290055743075, 28.557993166696654], [-88.67290055743075, 28.60294910987234], [-88.71785650060644, 28.60294910987234], [-88.71785650060644, 28.647905053048028], [-88.85272433013353, 28.737816939399405], [-88.85272433013353, 28.82772882575078], [-88.89768027330922, 28.82772882575078], [-88.89768027330922, 28.87268476892647], [-88.94263621648491, 28.87268476892647], [-88.94263621648491, 28.917640712102155], [-88.98759215966061, 28.917640712102155], [-88.98759215966061, 28.962596655277842], [-89.0325481028363, 28.962596655277842], [-89.0325481028363, 29.007552598453533], [-89.077504046012, 29.007552598453533], [-89.077504046012, 29.05250854162922], [-89.12245998918769, 29.05250854162922], [-89.12245998918769, 29.097464484804906], [-89.16741593236338, 29.097464484804906], [-89.16741593236338, 29.142420427980596], [-89.30228376189046, 29.23233231433197], [-89.30228376189046, 29.322244200683347], [-89.34723970506616, 29.322244200683347], [-89.43715159141755, 29.45711203021041], [-89.52706347776893, 29.45711203021041], [-89.52706347776893, 29.502067973386097], [-89.57201942094463, 29.502067973386097], [-89.57201942094463, 29.547023916561784], [-89.61697536412032, 29.547023916561784], [-89.61697536412032, 29.591979859737474], [-89.66193130729602, 29.591979859737474], [-89.66193130729602, 29.63693580291316], [-89.70688725047171, 29.63693580291316], [-89.70688725047171, 29.681891746088848], [-89.7518431936474, 29.681891746088848], [-89.7518431936474, 29.726847689264538], [-89.88671102317448, 29.81675957561591], [-89.88671102317448, 29.90667146196729], [-90.02157885270157, 29.996583348318666], [-90.02157885270157, 30.08649523467004], [-90.11149073905295, 30.131451177845726], [-90.11149073905295, 30.221363064197103], [-90.20140262540434, 30.26631900737279], [-90.20140262540434, 30.356230893724167], [-90.29131451175573, 30.401186836899853], [-90.29131451175573, 30.49109872325123], [-90.38122639810712, 30.536054666426917], [-90.38122639810712, 30.625966552778294], [-90.42618234128281, 30.625966552778294], [-90.42618234128281, 30.67092249595398], [-90.4711382844585, 30.67092249595398], [-90.4711382844585, 30.71587843912967], [-90.5160942276342, 30.71587843912967], [-90.60600611398559, 30.850746268656735], [-90.69591800033697, 30.850746268656735], [-90.74087394351267, 30.94065815500811], [-90.83078582986406, 30.94065815500811], [-90.92069771621544, 31.075525984535172], [-91.32530120479669, 31.12048192771086], [-91.32530120479669, 31.16543787088655], [-91.55008092067516, 31.16543787088655], [-91.55008092067516, 31.12048192771086], [-91.72990469337793, 31.075525984535172], [-91.72990469337793, 31.030570041359486], [-91.77486063655363, 31.030570041359486], [-91.77486063655363, 30.985614098183795], [-91.81981657972932, 30.985614098183795], [-91.81981657972932, 30.94065815500811], [-91.86477252290501, 30.94065815500811], [-91.86477252290501, 30.895702211832422], [-91.9996403524321, 30.805790325481045], [-91.9996403524321, 30.71587843912967], [-92.04459629560779, 30.71587843912967], [-92.04459629560779, 30.625966552778294], [-92.08955223878348, 30.625966552778294], [-92.08955223878348, 29.591979859737474]]]]}}, {"type": "Feature", "properties": {"shapefile": "2021082806_wsp50knt120hr_5km", "PERCENTAGE": "60-70%"}, "geometry": {"type": "MultiPolygon", "coordinates": [[[[-84.40208595573984, 23.38805970149255], [-84.40208595573984, 23.433015644668238], [-84.35713001256414, 23.433015644668238], [-84.35713001256414, 23.38805970149255], [-84.40208595573984, 23.38805970149255]]], [[[-92.08955223878348, 29.591979859737474], [-92.08955223878348, 30.625966552778294], [-92.04459629560779, 30.625966552778294], [-91.9996403524321, 30.805790325481045], [-91.9546844092564, 30.805790325481045], [-91.9546844092564, 30.850746268656735], [-91.90972846608071, 30.850746268656735], [-91.90972846608071, 30.895702211832422], [-91.86477252290501, 30.895702211832422], [-91.86477252290501, 30.94065815500811], [-91.81981657972932, 30.94065815500811], [-91.72990469337793, 31.075525984535172], [-91.55008092067516, 31.12048192771086], [-91.55008092067516, 31.16543787088655], [-91.32530120479669, 31.16543787088655], [-91.32530120479669, 31.12048192771086], [-90.92069771621544, 31.075525984535172], [-90.83078582986406, 30.94065815500811], [-90.74087394351267, 30.94065815500811], [-90.69591800033697, 30.850746268656735], [-90.60600611398559, 30.850746268656735], [-90.60600611398559, 30.805790325481045], [-90.56105017080989, 30.805790325481045], [-90.56105017080989, 30.760834382305358], [-90.5160942276342, 30.760834382305358], [-90.5160942276342, 30.71587843912967], [-90.38122639810712, 30.625966552778294], [-90.38122639810712, 30.536054666426917], [-90.29131451175573, 30.49109872325123], [-90.29131451175573, 30.401186836899853], [-90.20140262540434, 30.356230893724167], [-90.20140262540434, 30.26631900737279], [-90.11149073905295, 30.221363064197103], [-90.11149073905295, 30.131451177845726], [-90.02157885270157, 30.08649523467004], [-90.02157885270157, 29.996583348318666], [-89.88671102317448, 29.90667146196729], [-89.88671102317448, 29.81675957561591], [-89.84175507999879, 29.81675957561591], [-89.84175507999879, 29.771803632440225], [-89.7967991368231, 29.771803632440225], [-89.7967991368231, 29.726847689264538], [-89.7518431936474, 29.726847689264538], [-89.7518431936474, 29.681891746088848], [-89.70688725047171, 29.681891746088848], [-89.70688725047171, 29.63693580291316], [-89.66193130729602, 29.63693580291316], [-89.66193130729602, 29.591979859737474], [-89.61697536412032, 29.591979859737474], [-89.52706347776893, 29.45711203021041], [-89.43715159141755, 29.45711203021041], [-89.43715159141755, 29.412156087034724], [-89.30228376189046, 29.322244200683347], [-89.30228376189046, 29.23233231433197], [-89.25732781871477, 29.23233231433197], [-89.25732781871477, 29.187376371156283], [-89.21237187553908, 29.187376371156283], [-89.21237187553908, 29.142420427980596], [-89.16741593236338, 29.142420427980596], [-89.16741593236338, 29.097464484804906], [-89.12245998918769, 29.097464484804906], [-89.12245998918769, 29.05250854162922], [-89.077504046012, 29.05250854162922], [-89.077504046012, 29.007552598453533], [-89.0325481028363, 29.007552598453533], [-89.0325481028363, 28.962596655277842], [-88.98759215966061, 28.962596655277842], [-88.98759215966061, 28.917640712102155], [-88.85272433013353, 28.82772882575078], [-88.85272433013353, 28.737816939399405], [-88.80776838695783, 28.737816939399405], [-88.80776838695783, 28.692860996223715], [-88.76281244378214, 28.692860996223715], [-88.76281244378214, 28.647905053048028], [-88.71785650060644, 28.647905053048028], [-88.71785650060644, 28.60294910987234], [-88.67290055743075, 28.60294910987234], [-88.67290055743075, 28.557993166696654], [-88.62794461425506, 28.557993166696654], [-88.62794461425506, 28.513037223520964], [-88.58298867107936, 28.513037223520964], [-88.58298867107936, 28.468081280345277], [-88.53803272790367, 28.468081280345277], [-88.53803272790367, 28.42312533716959], [-88.49307678472798, 28.42312533716959], [-88.49307678472798, 28.3781693939939], [-88.44812084155228, 28.3781693939939], [-88.44812084155228, 28.333213450818214], [-88.40316489837659, 28.333213450818214], [-88.40316489837659, 28.288257507642527], [-88.3582089552009, 28.288257507642527], [-88.3582089552009, 28.243301564466837], [-88.3132530120252, 28.243301564466837], [-88.3132530120252, 28.19834562129115], [-88.17838518249812, 28.108433734939773], [-88.17838518249812, 28.0185218485884], [-88.13342923932242, 28.0185218485884], [-88.13342923932242, 27.973565905412713], [-88.08847329614673, 27.973565905412713], [-88.08847329614673, 27.928609962237022], [-88.04351735297104, 27.928609962237022], [-88.04351735297104, 27.883654019061336], [-87.99856140979534, 27.883654019061336], [-87.99856140979534, 27.83869807588565], [-87.95360546661965, 27.83869807588565], [-87.95360546661965, 27.79374213270996], [-87.90864952344396, 27.79374213270996], [-87.90864952344396, 27.748786189534272], [-87.86369358026826, 27.748786189534272], [-87.86369358026826, 27.703830246358585], [-87.81873763709257, 27.703830246358585], [-87.81873763709257, 27.658874303182895], [-87.77378169391687, 27.658874303182895], [-87.77378169391687, 27.613918360007208], [-87.72882575074118, 27.613918360007208], [-87.72882575074118, 27.56896241683152], [-87.68386980756549, 27.56896241683152], [-87.68386980756549, 27.52400647365583], [-87.63891386438979, 27.52400647365583], [-87.63891386438979, 27.479050530480144], [-87.5939579212141, 27.479050530480144], [-87.5939579212141, 27.434094587304457], [-87.5490019780384, 27.434094587304457], [-87.5490019780384, 27.389138644128767], [-87.50404603486271, 27.389138644128767], [-87.50404603486271, 27.34418270095308], [-87.45909009168702, 27.34418270095308], [-87.45909009168702, 27.299226757777394], [-87.41413414851132, 27.299226757777394], [-87.41413414851132, 27.254270814601703], [-87.36917820533563, 27.254270814601703], [-87.36917820533563, 27.209314871426017], [-87.32422226215994, 27.209314871426017], [-87.32422226215994, 27.16435892825033], [-87.27926631898424, 27.16435892825033], [-87.27926631898424, 27.119402985074643], [-87.23431037580855, 27.119402985074643], [-87.23431037580855, 27.074447041898953], [-87.18935443263285, 27.074447041898953], [-87.18935443263285, 27.029491098723266], [-87.14439848945716, 27.029491098723266], [-87.14439848945716, 26.98453515554758], [-87.09944254628147, 26.98453515554758], [-87.09944254628147, 26.93957921237189], [-87.05448660310577, 26.93957921237189], [-87.05448660310577, 26.894623269196202], [-87.00953065993008, 26.894623269196202], [-87.00953065993008, 26.849667326020516], [-86.96457471675438, 26.849667326020516], [-86.96457471675438, 26.804711382844825], [-86.91961877357869, 26.804711382844825], [-86.91961877357869, 26.75975543966914], [-86.874662830403, 26.75975543966914], [-86.874662830403, 26.714799496493452], [-86.8297068872273, 26.714799496493452], [-86.8297068872273, 26.66984355331776], [-86.78475094405161, 26.66984355331776], [-86.78475094405161, 26.624887610142075], [-86.73979500087592, 26.624887610142075], [-86.73979500087592, 26.579931666966388], [-86.69483905770022, 26.579931666966388], [-86.69483905770022, 26.5349757237907], [-86.64988311452453, 26.5349757237907], [-86.64988311452453, 26.49001978061501], [-86.60492717134883, 26.49001978061501], [-86.60492717134883, 26.445063837439324], [-86.55997122817314, 26.445063837439324], [-86.55997122817314, 26.400107894263638], [-86.51501528499745, 26.400107894263638], [-86.51501528499745, 26.355151951087947], [-86.47005934182175, 26.355151951087947], [-86.47005934182175, 26.31019600791226], [-86.42510339864606, 26.31019600791226], [-86.42510339864606, 26.265240064736574], [-86.38014745547036, 26.265240064736574], [-86.38014745547036, 26.220284121560884], [-86.33519151229467, 26.220284121560884], [-86.33519151229467, 26.175328178385197], [-86.29023556911898, 26.175328178385197], [-86.29023556911898, 26.13037223520951], [-86.24527962594328, 26.13037223520951], [-86.24527962594328, 26.08541629203382], [-86.20032368276759, 26.08541629203382], [-86.20032368276759, 26.040460348858133], [-86.1553677395919, 26.040460348858133], [-86.1553677395919, 25.995504405682446], [-86.1104117964162, 25.995504405682446], [-86.1104117964162, 25.950548462506756], [-86.06545585324051, 25.950548462506756], [-86.06545585324051, 25.90559251933107], [-86.02049991006481, 25.90559251933107], [-86.02049991006481, 25.860636576155382], [-85.97554396688912, 25.860636576155382], [-85.97554396688912, 25.815680632979692], [-85.93058802371343, 25.815680632979692], [-85.93058802371343, 25.770724689804005], [-85.88563208053773, 25.770724689804005], [-85.88563208053773, 25.72576874662832], [-85.84067613736204, 25.72576874662832], [-85.84067613736204, 25.680812803452632], [-85.79572019418634, 25.680812803452632], [-85.79572019418634, 25.63585686027694], [-85.75076425101065, 25.63585686027694], [-85.75076425101065, 25.590900917101255], [-85.70580830783496, 25.590900917101255], [-85.70580830783496, 25.545944973925568], [-85.66085236465926, 25.545944973925568], [-85.66085236465926, 25.500989030749878], [-85.61589642148357, 25.500989030749878], [-85.61589642148357, 25.45603308757419], [-85.57094047830788, 25.45603308757419], [-85.57094047830788, 25.411077144398504], [-85.52598453513218, 25.411077144398504], [-85.4360726487808, 25.27620931487144], [-85.3461607624294, 25.27620931487144], [-85.3461607624294, 25.23125337169575], [-85.25624887607802, 25.186297428520064], [-85.25624887607802, 25.09638554216869], [-85.21129293290232, 25.09638554216869], [-85.21129293290232, 25.051429598993], [-85.16633698972663, 25.051429598993], [-85.16633698972663, 25.006473655817313], [-85.12138104655094, 25.006473655817313], [-85.12138104655094, 24.961517712641626], [-85.07642510337524, 24.961517712641626], [-84.98651321702386, 24.826649883114563], [-84.89660133067247, 24.826649883114563], [-84.89660133067247, 24.781693939938872], [-84.85164538749677, 24.781693939938872], [-84.85164538749677, 24.736737996763186], [-84.71677755796969, 24.64682611041181], [-84.71677755796969, 24.556914224060435], [-84.671821614794, 24.556914224060435], [-84.671821614794, 24.511958280884745], [-84.6268656716183, 24.511958280884745], [-84.6268656716183, 24.467002337709058], [-84.58190972844261, 24.467002337709058], [-84.58190972844261, 24.42204639453337], [-84.53695378526692, 24.42204639453337], [-84.53695378526692, 24.37709045135768], [-84.49199784209122, 24.37709045135768], [-84.49199784209122, 24.332134508181994], [-84.35713001256414, 24.24222262183062], [-84.35713001256414, 24.152310735479244], [-84.26721812621275, 24.107354792303557], [-84.26721812621275, 23.972486962776493], [-84.22226218303706, 23.972486962776493], [-84.22226218303706, 23.61283941737099], [-84.26721812621275, 23.61283941737099], [-84.26721812621275, 23.477971587843925], [-84.35713001256414, 23.433015644668238], [-84.35713001256414, 23.522927531019615], [-84.31217406938845, 23.522927531019615], [-84.31217406938845, 24.01744290595218], [-84.35713001256414, 24.01744290595218], [-84.35713001256414, 24.107354792303557], [-84.40208595573984, 24.107354792303557], [-84.40208595573984, 24.152310735479244], [-84.44704189891553, 24.152310735479244], [-84.44704189891553, 24.19726667865493], [-84.49199784209122, 24.19726667865493], [-84.49199784209122, 24.24222262183062], [-84.53695378526692, 24.24222262183062], [-84.53695378526692, 24.287178565006307], [-84.58190972844261, 24.287178565006307], [-84.58190972844261, 24.332134508181994], [-84.6268656716183, 24.332134508181994], [-84.6268656716183, 24.37709045135768], [-84.76173350114539, 24.467002337709058], [-84.76173350114539, 24.556914224060435], [-84.80668944432108, 24.556914224060435], [-84.80668944432108, 24.60187016723612], [-84.85164538749677, 24.60187016723612], [-84.85164538749677, 24.64682611041181], [-84.89660133067247, 24.64682611041181], [-84.98651321702386, 24.781693939938872], [-85.07642510337524, 24.781693939938872], [-85.07642510337524, 24.826649883114563], [-85.12138104655094, 24.826649883114563], [-85.12138104655094, 24.87160582629025], [-85.16633698972663, 24.87160582629025], [-85.16633698972663, 24.916561769465936], [-85.30120481925371, 25.006473655817313], [-85.30120481925371, 25.09638554216869], [-85.3461607624294, 25.09638554216869], [-85.3911167056051, 25.186297428520064], [-85.48102859195649, 25.186297428520064], [-85.48102859195649, 25.23125337169575], [-85.52598453513218, 25.23125337169575], [-85.52598453513218, 25.27620931487144], [-85.57094047830788, 25.27620931487144], [-85.57094047830788, 25.321165258047127], [-85.61589642148357, 25.321165258047127], [-85.61589642148357, 25.366121201222814], [-85.66085236465926, 25.366121201222814], [-85.66085236465926, 25.411077144398504], [-85.70580830783496, 25.411077144398504], [-85.70580830783496, 25.45603308757419], [-85.75076425101065, 25.45603308757419], [-85.75076425101065, 25.500989030749878], [-85.79572019418634, 25.500989030749878], [-85.79572019418634, 25.545944973925568], [-85.84067613736204, 25.545944973925568], [-85.84067613736204, 25.590900917101255], [-85.88563208053773, 25.590900917101255], [-85.88563208053773, 25.63585686027694], [-85.93058802371343, 25.63585686027694], [-86.02049991006481, 25.770724689804005], [-86.1104117964162, 25.770724689804005], [-86.1104117964162, 25.815680632979692], [-86.1553677395919, 25.815680632979692], [-86.1553677395919, 25.860636576155382], [-86.29023556911898, 25.950548462506756], [-86.29023556911898, 26.040460348858133], [-86.33519151229467, 26.040460348858133], [-86.42510339864606, 26.175328178385197], [-86.51501528499745, 26.175328178385197], [-86.51501528499745, 26.220284121560884], [-86.55997122817314, 26.220284121560884], [-86.55997122817314, 26.265240064736574], [-86.60492717134883, 26.265240064736574], [-86.60492717134883, 26.31019600791226], [-86.64988311452453, 26.31019600791226], [-86.64988311452453, 26.355151951087947], [-86.69483905770022, 26.355151951087947], [-86.69483905770022, 26.400107894263638], [-86.73979500087592, 26.400107894263638], [-86.73979500087592, 26.445063837439324], [-86.874662830403, 26.5349757237907], [-86.874662830403, 26.624887610142075], [-86.91961877357869, 26.624887610142075], [-86.91961877357869, 26.66984355331776], [-87.00953065993008, 26.66984355331776], [-87.00953065993008, 26.714799496493452], [-87.05448660310577, 26.714799496493452], [-87.05448660310577, 26.75975543966914], [-87.09944254628147, 26.75975543966914], [-87.09944254628147, 26.804711382844825], [-87.14439848945716, 26.804711382844825], [-87.14439848945716, 26.849667326020516], [-87.18935443263285, 26.849667326020516], [-87.18935443263285, 26.894623269196202], [-87.23431037580855, 26.894623269196202], [-87.23431037580855, 26.93957921237189], [-87.27926631898424, 26.93957921237189], [-87.27926631898424, 26.98453515554758], [-87.32422226215994, 26.98453515554758], [-87.32422226215994, 27.029491098723266], [-87.36917820533563, 27.029491098723266], [-87.36917820533563, 27.074447041898953], [-87.41413414851132, 27.074447041898953], [-87.41413414851132, 27.119402985074643], [-87.45909009168702, 27.119402985074643], [-87.5490019780384, 27.254270814601703], [-87.63891386438979, 27.254270814601703], [-87.63891386438979, 27.299226757777394], [-87.68386980756549, 27.299226757777394], [-87.68386980756549, 27.34418270095308], [-87.72882575074118, 27.34418270095308], [-87.72882575074118, 27.389138644128767], [-87.86369358026826, 27.479050530480144], [-87.86369358026826, 27.56896241683152], [-87.90864952344396, 27.56896241683152], [-87.95360546661965, 27.658874303182895], [-88.04351735297104, 27.658874303182895], [-88.04351735297104, 27.703830246358585], [-88.08847329614673, 27.703830246358585], [-88.08847329614673, 27.748786189534272], [-88.13342923932242, 27.748786189534272], [-88.13342923932242, 27.79374213270996], [-88.2682970688495, 27.883654019061336], [-88.2682970688495, 27.973565905412713], [-88.3132530120252, 27.973565905412713], [-88.3132530120252, 28.0185218485884], [-88.3582089552009, 28.0185218485884], [-88.3582089552009, 28.063477791764086], [-88.40316489837659, 28.063477791764086], [-88.40316489837659, 28.108433734939773], [-88.44812084155228, 28.108433734939773], [-88.44812084155228, 28.153389678115463], [-88.49307678472798, 28.153389678115463], [-88.49307678472798, 28.19834562129115], [-88.53803272790367, 28.19834562129115], [-88.53803272790367, 28.243301564466837], [-88.58298867107936, 28.243301564466837], [-88.58298867107936, 28.288257507642527], [-88.62794461425506, 28.288257507642527], [-88.62794461425506, 28.333213450818214], [-88.67290055743075, 28.333213450818214], [-88.67290055743075, 28.3781693939939], [-88.71785650060644, 28.3781693939939], [-88.71785650060644, 28.42312533716959], [-88.76281244378214, 28.42312533716959], [-88.76281244378214, 28.468081280345277], [-88.80776838695783, 28.468081280345277], [-88.80776838695783, 28.513037223520964], [-88.85272433013353, 28.513037223520964], [-88.85272433013353, 28.557993166696654], [-88.89768027330922, 28.557993166696654], [-88.89768027330922, 28.60294910987234], [-88.94263621648491, 28.60294910987234], [-88.94263621648491, 28.647905053048028], [-88.98759215966061, 28.647905053048028], [-88.98759215966061, 28.692860996223715], [-89.0325481028363, 28.692860996223715], [-89.0325481028363, 28.737816939399405], [-89.077504046012, 28.737816939399405], [-89.077504046012, 28.78277288257509], [-89.12245998918769, 28.78277288257509], [-89.12245998918769, 28.82772882575078], [-89.25732781871477, 28.917640712102155], [-89.25732781871477, 29.007552598453533], [-89.30228376189046, 29.007552598453533], [-89.30228376189046, 29.05250854162922], [-89.34723970506616, 29.05250854162922], [-89.34723970506616, 29.097464484804906], [-89.39219564824185, 29.097464484804906], [-89.39219564824185, 29.142420427980596], [-89.43715159141755, 29.142420427980596], [-89.52706347776893, 29.27728825750766], [-89.61697536412032, 29.27728825750766], [-89.70688725047171, 29.412156087034724], [-89.7967991368231, 29.412156087034724], [-89.7967991368231, 29.45711203021041], [-89.84175507999879, 29.45711203021041], [-89.84175507999879, 29.502067973386097], [-89.88671102317448, 29.502067973386097], [-89.88671102317448, 29.547023916561784], [-89.93166696635018, 29.547023916561784], [-89.93166696635018, 29.591979859737474], [-89.97662290952587, 29.591979859737474], [-89.97662290952587, 29.63693580291316], [-90.02157885270157, 29.63693580291316], [-90.02157885270157, 29.681891746088848], [-90.15644668222865, 29.771803632440225], [-90.15644668222865, 29.861715518791602], [-90.24635856858004, 29.90667146196729], [-90.24635856858004, 29.996583348318666], [-90.29131451175573, 29.996583348318666], [-90.29131451175573, 30.08649523467004], [-90.38122639810712, 30.131451177845726], [-90.42618234128281, 30.31127495054848], [-90.4711382844585, 30.31127495054848], [-90.4711382844585, 30.356230893724167], [-90.5160942276342, 30.356230893724167], [-90.5160942276342, 30.401186836899853], [-90.56105017080989, 30.401186836899853], [-90.56105017080989, 30.446142780075544], [-90.60600611398559, 30.446142780075544], [-90.60600611398559, 30.49109872325123], [-90.65096205716128, 30.49109872325123], [-90.74087394351267, 30.625966552778294], [-90.83078582986406, 30.625966552778294], [-90.92069771621544, 30.760834382305358], [-91.05556554574252, 30.760834382305358], [-91.05556554574252, 30.805790325481045], [-91.41521309114808, 30.805790325481045], [-91.41521309114808, 30.850746268656735], [-91.50512497749946, 30.850746268656735], [-91.50512497749946, 30.805790325481045], [-91.55008092067516, 30.805790325481045], [-91.55008092067516, 30.760834382305358], [-91.59503686385085, 30.760834382305358], [-91.59503686385085, 30.71587843912967], [-91.63999280702654, 30.71587843912967], [-91.63999280702654, 30.67092249595398], [-91.77486063655363, 30.581010609602608], [-91.77486063655363, 30.401186836899853], [-91.81981657972932, 30.401186836899853], [-91.81981657972932, 29.45711203021041], [-91.77486063655363, 29.45711203021041], [-91.77486063655363, 29.322244200683347], [-91.72990469337793, 29.322244200683347], [-91.72990469337793, 29.187376371156283], [-91.68494875020224, 29.187376371156283], [-91.68494875020224, 29.05250854162922], [-91.63999280702654, 29.05250854162922], [-91.63999280702654, 28.962596655277842], [-91.59503686385085, 28.962596655277842], [-91.59503686385085, 28.82772882575078], [-91.55008092067516, 28.82772882575078], [-91.55008092067516, 28.737816939399405], [-91.50512497749946, 28.737816939399405], [-91.50512497749946, 28.60294910987234], [-91.46016903432377, 28.60294910987234], [-91.46016903432377, 28.513037223520964], [-91.41521309114808, 28.513037223520964], [-91.41521309114808, 28.468081280345277], [-91.32530120479669, 28.468081280345277], [-91.32530120479669, 28.42312533716959], [-91.280345261621, 28.42312533716959], [-91.280345261621, 28.3781693939939], [-91.14547743209391, 28.288257507642527], [-91.14547743209391, 28.19834562129115], [-91.01060960256683, 28.108433734939773], [-91.01060960256683, 28.0185218485884], [-90.96565365939114, 28.0185218485884], [-90.96565365939114, 27.973565905412713], [-90.87574177303975, 27.973565905412713], [-90.87574177303975, 27.928609962237022], [-90.83078582986406, 27.928609962237022], [-90.83078582986406, 27.883654019061336], [-90.74087394351267, 27.883654019061336], [-90.65096205716128, 27.748786189534272], [-90.56105017080989, 27.748786189534272], [-90.56105017080989, 27.703830246358585], [-90.5160942276342, 27.703830246358585], [-90.5160942276342, 27.658874303182895], [-90.4711382844585, 27.658874303182895], [-90.4711382844585, 27.613918360007208], [-90.42618234128281, 27.613918360007208], [-90.33627045493142, 27.479050530480144], [-90.24635856858004, 27.479050530480144], [-90.15644668222865, 27.34418270095308], [-90.06653479587726, 27.34418270095308], [-89.97662290952587, 27.209314871426017], [-89.88671102317448, 27.209314871426017], [-89.88671102317448, 27.16435892825033], [-89.84175507999879, 27.16435892825033], [-89.84175507999879, 27.119402985074643], [-89.7967991368231, 27.119402985074643], [-89.7967991368231, 27.074447041898953], [-89.7518431936474, 27.074447041898953], [-89.66193130729602, 26.93957921237189], [-89.57201942094463, 26.93957921237189], [-89.52706347776893, 26.849667326020516], [-89.34723970506616, 26.804711382844825], [-89.25732781871477, 26.66984355331776], [-89.16741593236338, 26.66984355331776], [-89.16741593236338, 26.624887610142075], [-89.12245998918769, 26.624887610142075], [-89.12245998918769, 26.579931666966388], [-89.077504046012, 26.579931666966388], [-88.98759215966061, 26.445063837439324], [-88.89768027330922, 26.445063837439324], [-88.85272433013353, 26.355151951087947], [-88.76281244378214, 26.355151951087947], [-88.76281244378214, 26.31019600791226], [-88.71785650060644, 26.31019600791226], [-88.71785650060644, 26.265240064736574], [-88.62794461425506, 26.265240064736574], [-88.58298867107936, 26.175328178385197], [-88.49307678472798, 26.175328178385197], [-88.49307678472798, 26.13037223520951], [-88.44812084155228, 26.13037223520951], [-88.3582089552009, 25.995504405682446], [-88.2682970688495, 25.995504405682446], [-88.2682970688495, 25.950548462506756], [-88.22334112567381, 25.950548462506756], [-88.22334112567381, 25.90559251933107], [-88.13342923932242, 25.90559251933107], [-88.08847329614673, 25.815680632979692], [-87.90864952344396, 25.770724689804005], [-87.81873763709257, 25.63585686027694], [-87.72882575074118, 25.63585686027694], [-87.72882575074118, 25.590900917101255], [-87.68386980756549, 25.590900917101255], [-87.68386980756549, 25.545944973925568], [-87.63891386438979, 25.545944973925568], [-87.5490019780384, 25.411077144398504], [-87.45909009168702, 25.411077144398504], [-87.41413414851132, 25.321165258047127], [-87.32422226215994, 25.321165258047127], [-87.32422226215994, 25.27620931487144], [-87.14439848945716, 25.23125337169575], [-87.14439848945716, 25.186297428520064], [-87.09944254628147, 25.186297428520064], [-87.09944254628147, 25.141341485344377], [-87.00953065993008, 25.141341485344377], [-87.00953065993008, 25.09638554216869], [-86.96457471675438, 25.09638554216869], [-86.874662830403, 24.961517712641626], [-86.78475094405161, 24.961517712641626], [-86.78475094405161, 24.916561769465936], [-86.73979500087592, 24.916561769465936], [-86.73979500087592, 24.87160582629025], [-86.64988311452453, 24.87160582629025], [-86.60492717134883, 24.781693939938872], [-86.42510339864606, 24.736737996763186], [-86.42510339864606, 24.6917820535875], [-86.38014745547036, 24.6917820535875], [-86.38014745547036, 24.64682611041181], [-86.33519151229467, 24.64682611041181], [-86.33519151229467, 24.60187016723612], [-86.29023556911898, 24.60187016723612], [-86.29023556911898, 24.556914224060435], [-86.24527962594328, 24.556914224060435], [-86.1553677395919, 24.42204639453337], [-86.06545585324051, 24.42204639453337], [-86.02049991006481, 24.332134508181994], [-85.93058802371343, 24.332134508181994], [-85.88563208053773, 24.24222262183062], [-85.79572019418634, 24.24222262183062], [-85.79572019418634, 24.19726667865493], [-85.75076425101065, 24.19726667865493], [-85.75076425101065, 24.152310735479244], [-85.70580830783496, 24.152310735479244], [-85.70580830783496, 24.107354792303557], [-85.66085236465926, 24.107354792303557], [-85.57094047830788, 23.972486962776493], [-85.48102859195649, 23.972486962776493], [-85.4360726487808, 23.882575076425116], [-85.30120481925371, 23.882575076425116], [-85.30120481925371, 23.83761913324943], [-85.21129293290232, 23.83761913324943], [-85.21129293290232, 23.79266319007374], [-85.07642510337524, 23.79266319007374], [-85.07642510337524, 23.747707246898052], [-84.89660133067247, 23.702751303722366], [-84.89660133067247, 23.65779536054668], [-84.85164538749677, 23.65779536054668], [-84.85164538749677, 23.61283941737099], [-84.76173350114539, 23.61283941737099], [-84.76173350114539, 23.567883474195302], [-84.71677755796969, 23.567883474195302], [-84.6268656716183, 23.433015644668238], [-84.53695378526692, 23.433015644668238], [-84.53695378526692, 23.38805970149255], [-84.40208595573984, 23.38805970149255], [-84.40208595573984, 23.34310375831686], [-84.58190972844261, 23.34310375831686], [-84.58190972844261, 23.38805970149255], [-84.76173350114539, 23.433015644668238], [-84.80668944432108, 23.522927531019615], [-84.89660133067247, 23.522927531019615], [-84.94155727384816, 23.61283941737099], [-85.03146916019955, 23.61283941737099], [-85.03146916019955, 23.65779536054668], [-85.12138104655094, 23.65779536054668], [-85.12138104655094, 23.702751303722366], [-85.21129293290232, 23.702751303722366], [-85.21129293290232, 23.747707246898052], [-85.3461607624294, 23.747707246898052], [-85.3461607624294, 23.79266319007374], [-85.52598453513218, 23.83761913324943], [-85.61589642148357, 23.972486962776493], [-85.70580830783496, 23.972486962776493], [-85.70580830783496, 24.01744290595218], [-85.75076425101065, 24.01744290595218], [-85.84067613736204, 24.152310735479244], [-85.93058802371343, 24.152310735479244], [-85.93058802371343, 24.19726667865493], [-85.97554396688912, 24.19726667865493], [-85.97554396688912, 24.24222262183062], [-86.06545585324051, 24.24222262183062], [-86.1553677395919, 24.37709045135768], [-86.24527962594328, 24.37709045135768], [-86.24527962594328, 24.42204639453337], [-86.29023556911898, 24.42204639453337], [-86.38014745547036, 24.556914224060435], [-86.47005934182175, 24.556914224060435], [-86.55997122817314, 24.6917820535875], [-86.73979500087592, 24.736737996763186], [-86.78475094405161, 24.826649883114563], [-86.874662830403, 24.826649883114563], [-86.91961877357869, 24.916561769465936], [-87.00953065993008, 24.916561769465936], [-87.09944254628147, 25.051429598993], [-87.18935443263285, 25.051429598993], [-87.18935443263285, 25.09638554216869], [-87.23431037580855, 25.09638554216869], [-87.23431037580855, 25.141341485344377], [-87.32422226215994, 25.141341485344377], [-87.36917820533563, 25.23125337169575], [-87.5490019780384, 25.27620931487144], [-87.63891386438979, 25.411077144398504], [-87.72882575074118, 25.411077144398504], [-87.72882575074118, 25.45603308757419], [-87.77378169391687, 25.45603308757419], [-87.81873763709257, 25.545944973925568], [-87.90864952344396, 25.545944973925568], [-87.99856140979534, 25.680812803452632], [-88.08847329614673, 25.680812803452632], [-88.08847329614673, 25.72576874662832], [-88.17838518249812, 25.72576874662832], [-88.22334112567381, 25.815680632979692], [-88.3132530120252, 25.815680632979692], [-88.3582089552009, 25.90559251933107], [-88.44812084155228, 25.90559251933107], [-88.44812084155228, 25.950548462506756], [-88.49307678472798, 25.950548462506756], [-88.53803272790367, 26.040460348858133], [-88.62794461425506, 26.040460348858133], [-88.71785650060644, 26.175328178385197], [-88.80776838695783, 26.175328178385197], [-88.85272433013353, 26.265240064736574], [-89.0325481028363, 26.31019600791226], [-89.12245998918769, 26.445063837439324], [-89.21237187553908, 26.445063837439324], [-89.21237187553908, 26.49001978061501], [-89.25732781871477, 26.49001978061501], [-89.30228376189046, 26.579931666966388], [-89.39219564824185, 26.579931666966388], [-89.48210753459324, 26.714799496493452], [-89.57201942094463, 26.714799496493452], [-89.57201942094463, 26.75975543966914], [-89.61697536412032, 26.75975543966914], [-89.61697536412032, 26.804711382844825], [-89.70688725047171, 26.804711382844825], [-89.7967991368231, 26.93957921237189], [-89.88671102317448, 26.93957921237189], [-89.88671102317448, 26.98453515554758], [-89.93166696635018, 26.98453515554758], [-90.02157885270157, 27.119402985074643], [-90.11149073905295, 27.119402985074643], [-90.20140262540434, 27.254270814601703], [-90.29131451175573, 27.254270814601703], [-90.38122639810712, 27.389138644128767], [-90.4711382844585, 27.389138644128767], [-90.4711382844585, 27.434094587304457], [-90.5160942276342, 27.434094587304457], [-90.60600611398559, 27.56896241683152], [-90.69591800033697, 27.56896241683152], [-90.69591800033697, 27.613918360007208], [-90.74087394351267, 27.613918360007208], [-90.83078582986406, 27.748786189534272], [-90.92069771621544, 27.748786189534272], [-90.92069771621544, 27.79374213270996], [-90.96565365939114, 27.79374213270996], [-90.96565365939114, 27.83869807588565], [-91.01060960256683, 27.83869807588565], [-91.01060960256683, 27.883654019061336], [-91.05556554574252, 27.883654019061336], [-91.05556554574252, 27.928609962237022], [-91.10052148891822, 27.928609962237022], [-91.10052148891822, 27.973565905412713], [-91.14547743209391, 27.973565905412713], [-91.14547743209391, 28.0185218485884], [-91.1904333752696, 28.0185218485884], [-91.1904333752696, 28.063477791764086], [-91.2353893184453, 28.063477791764086], [-91.2353893184453, 28.108433734939773], [-91.280345261621, 28.108433734939773], [-91.280345261621, 28.153389678115463], [-91.32530120479669, 28.153389678115463], [-91.32530120479669, 28.19834562129115], [-91.37025714797238, 28.19834562129115], [-91.37025714797238, 28.243301564466837], [-91.41521309114808, 28.243301564466837], [-91.41521309114808, 28.288257507642527], [-91.46016903432377, 28.288257507642527], [-91.46016903432377, 28.333213450818214], [-91.50512497749946, 28.333213450818214], [-91.50512497749946, 28.3781693939939], [-91.55008092067516, 28.3781693939939], [-91.55008092067516, 28.42312533716959], [-91.68494875020224, 28.513037223520964], [-91.68494875020224, 28.647905053048028], [-91.72990469337793, 28.647905053048028], [-91.72990469337793, 28.737816939399405], [-91.77486063655363, 28.737816939399405], [-91.81981657972932, 28.917640712102155], [-91.86477252290501, 28.917640712102155], [-91.86477252290501, 28.962596655277842], [-91.90972846608071, 28.962596655277842], [-91.90972846608071, 29.05250854162922], [-91.9546844092564, 29.05250854162922], [-91.9546844092564, 29.23233231433197], [-91.9996403524321, 29.23233231433197], [-91.9996403524321, 29.367200143859034], [-92.04459629560779, 29.367200143859034], [-92.04459629560779, 29.591979859737474], [-92.08955223878348, 29.591979859737474]]]]}}, {"type": "Feature", "properties": {"shapefile": "2021082806_wsp50knt120hr_5km", "PERCENTAGE": "70-80%"}, "geometry": {"type": "MultiPolygon", "coordinates": [[[[-84.53695378526692, 23.38805970149255], [-84.53695378526692, 23.433015644668238], [-84.44704189891553, 23.433015644668238], [-84.44704189891553, 23.477971587843925], [-84.35713001256414, 23.522927531019615], [-84.35713001256414, 23.433015644668238], [-84.40208595573984, 23.433015644668238], [-84.40208595573984, 23.38805970149255], [-84.53695378526692, 23.38805970149255]]], [[[-84.35713001256414, 23.522927531019615], [-84.35713001256414, 24.01744290595218], [-84.31217406938845, 24.01744290595218], [-84.31217406938845, 23.522927531019615], [-84.35713001256414, 23.522927531019615]]], [[[-84.40208595573984, 24.01744290595218], [-84.40208595573984, 24.107354792303557], [-84.35713001256414, 24.107354792303557], [-84.35713001256414, 24.01744290595218], [-84.40208595573984, 24.01744290595218]]], [[[-91.81981657972932, 29.45711203021041], [-91.81981657972932, 30.401186836899853], [-91.77486063655363, 30.401186836899853], [-91.77486063655363, 30.581010609602608], [-91.72990469337793, 30.581010609602608], [-91.72990469337793, 30.625966552778294], [-91.68494875020224, 30.625966552778294], [-91.68494875020224, 30.67092249595398], [-91.63999280702654, 30.67092249595398], [-91.63999280702654, 30.71587843912967], [-91.59503686385085, 30.71587843912967], [-91.50512497749946, 30.850746268656735], [-91.41521309114808, 30.850746268656735], [-91.41521309114808, 30.805790325481045], [-91.05556554574252, 30.805790325481045], [-91.05556554574252, 30.760834382305358], [-90.92069771621544, 30.760834382305358], [-90.83078582986406, 30.625966552778294], [-90.74087394351267, 30.625966552778294], [-90.74087394351267, 30.581010609602608], [-90.69591800033697, 30.581010609602608], [-90.69591800033697, 30.536054666426917], [-90.65096205716128, 30.536054666426917], [-90.65096205716128, 30.49109872325123], [-90.60600611398559, 30.49109872325123], [-90.60600611398559, 30.446142780075544], [-90.56105017080989, 30.446142780075544], [-90.56105017080989, 30.401186836899853], [-90.42618234128281, 30.31127495054848], [-90.42618234128281, 30.221363064197103], [-90.38122639810712, 30.221363064197103], [-90.38122639810712, 30.131451177845726], [-90.29131451175573, 30.08649523467004], [-90.29131451175573, 29.996583348318666], [-90.24635856858004, 29.996583348318666], [-90.24635856858004, 29.90667146196729], [-90.15644668222865, 29.861715518791602], [-90.15644668222865, 29.771803632440225], [-90.11149073905295, 29.771803632440225], [-90.11149073905295, 29.726847689264538], [-90.06653479587726, 29.726847689264538], [-90.06653479587726, 29.681891746088848], [-90.02157885270157, 29.681891746088848], [-90.02157885270157, 29.63693580291316], [-89.97662290952587, 29.63693580291316], [-89.97662290952587, 29.591979859737474], [-89.93166696635018, 29.591979859737474], [-89.93166696635018, 29.547023916561784], [-89.88671102317448, 29.547023916561784], [-89.7967991368231, 29.412156087034724], [-89.70688725047171, 29.412156087034724], [-89.61697536412032, 29.27728825750766], [-89.52706347776893, 29.27728825750766], [-89.52706347776893, 29.23233231433197], [-89.48210753459324, 29.23233231433197], [-89.48210753459324, 29.187376371156283], [-89.43715159141755, 29.187376371156283], [-89.43715159141755, 29.142420427980596], [-89.39219564824185, 29.142420427980596], [-89.39219564824185, 29.097464484804906], [-89.25732781871477, 29.007552598453533], [-89.25732781871477, 28.917640712102155], [-89.21237187553908, 28.917640712102155], [-89.21237187553908, 28.87268476892647], [-89.16741593236338, 28.87268476892647], [-89.16741593236338, 28.82772882575078], [-89.12245998918769, 28.82772882575078], [-89.12245998918769, 28.78277288257509], [-89.077504046012, 28.78277288257509], [-89.077504046012, 28.737816939399405], [-89.0325481028363, 28.737816939399405], [-89.0325481028363, 28.692860996223715], [-88.98759215966061, 28.692860996223715], [-88.98759215966061, 28.647905053048028], [-88.94263621648491, 28.647905053048028], [-88.94263621648491, 28.60294910987234], [-88.89768027330922, 28.60294910987234], [-88.89768027330922, 28.557993166696654], [-88.85272433013353, 28.557993166696654], [-88.85272433013353, 28.513037223520964], [-88.80776838695783, 28.513037223520964], [-88.80776838695783, 28.468081280345277], [-88.76281244378214, 28.468081280345277], [-88.76281244378214, 28.42312533716959], [-88.71785650060644, 28.42312533716959], [-88.71785650060644, 28.3781693939939], [-88.67290055743075, 28.3781693939939], [-88.67290055743075, 28.333213450818214], [-88.62794461425506, 28.333213450818214], [-88.62794461425506, 28.288257507642527], [-88.58298867107936, 28.288257507642527], [-88.58298867107936, 28.243301564466837], [-88.53803272790367, 28.243301564466837], [-88.53803272790367, 28.19834562129115], [-88.49307678472798, 28.19834562129115], [-88.49307678472798, 28.153389678115463], [-88.44812084155228, 28.153389678115463], [-88.44812084155228, 28.108433734939773], [-88.40316489837659, 28.108433734939773], [-88.40316489837659, 28.063477791764086], [-88.2682970688495, 27.973565905412713], [-88.2682970688495, 27.883654019061336], [-88.22334112567381, 27.883654019061336], [-88.22334112567381, 27.83869807588565], [-88.17838518249812, 27.83869807588565], [-88.17838518249812, 27.79374213270996], [-88.13342923932242, 27.79374213270996], [-88.04351735297104, 27.658874303182895], [-87.95360546661965, 27.658874303182895], [-87.95360546661965, 27.613918360007208], [-87.86369358026826, 27.56896241683152], [-87.86369358026826, 27.479050530480144], [-87.81873763709257, 27.479050530480144], [-87.81873763709257, 27.434094587304457], [-87.77378169391687, 27.434094587304457], [-87.77378169391687, 27.389138644128767], [-87.72882575074118, 27.389138644128767], [-87.63891386438979, 27.254270814601703], [-87.5490019780384, 27.254270814601703], [-87.5490019780384, 27.209314871426017], [-87.50404603486271, 27.209314871426017], [-87.50404603486271, 27.16435892825033], [-87.45909009168702, 27.16435892825033], [-87.45909009168702, 27.119402985074643], [-87.41413414851132, 27.119402985074643], [-87.41413414851132, 27.074447041898953], [-87.36917820533563, 27.074447041898953], [-87.36917820533563, 27.029491098723266], [-87.32422226215994, 27.029491098723266], [-87.32422226215994, 26.98453515554758], [-87.27926631898424, 26.98453515554758], [-87.27926631898424, 26.93957921237189], [-87.23431037580855, 26.93957921237189], [-87.23431037580855, 26.894623269196202], [-87.18935443263285, 26.894623269196202], [-87.18935443263285, 26.849667326020516], [-87.14439848945716, 26.849667326020516], [-87.14439848945716, 26.804711382844825], [-87.00953065993008, 26.714799496493452], [-87.00953065993008, 26.66984355331776], [-86.91961877357869, 26.66984355331776], [-86.91961877357869, 26.624887610142075], [-86.874662830403, 26.624887610142075], [-86.874662830403, 26.5349757237907], [-86.8297068872273, 26.5349757237907], [-86.8297068872273, 26.49001978061501], [-86.78475094405161, 26.49001978061501], [-86.78475094405161, 26.445063837439324], [-86.73979500087592, 26.445063837439324], [-86.73979500087592, 26.400107894263638], [-86.69483905770022, 26.400107894263638], [-86.69483905770022, 26.355151951087947], [-86.64988311452453, 26.355151951087947], [-86.64988311452453, 26.31019600791226], [-86.60492717134883, 26.31019600791226], [-86.51501528499745, 26.175328178385197], [-86.42510339864606, 26.175328178385197], [-86.42510339864606, 26.13037223520951], [-86.29023556911898, 26.040460348858133], [-86.29023556911898, 25.950548462506756], [-86.24527962594328, 25.950548462506756], [-86.24527962594328, 25.90559251933107], [-86.20032368276759, 25.90559251933107], [-86.1104117964162, 25.770724689804005], [-86.02049991006481, 25.770724689804005], [-86.02049991006481, 25.72576874662832], [-85.97554396688912, 25.72576874662832], [-85.97554396688912, 25.680812803452632], [-85.93058802371343, 25.680812803452632], [-85.93058802371343, 25.63585686027694], [-85.88563208053773, 25.63585686027694], [-85.88563208053773, 25.590900917101255], [-85.84067613736204, 25.590900917101255], [-85.84067613736204, 25.545944973925568], [-85.79572019418634, 25.545944973925568], [-85.79572019418634, 25.500989030749878], [-85.75076425101065, 25.500989030749878], [-85.75076425101065, 25.45603308757419], [-85.70580830783496, 25.45603308757419], [-85.70580830783496, 25.411077144398504], [-85.66085236465926, 25.411077144398504], [-85.66085236465926, 25.366121201222814], [-85.61589642148357, 25.366121201222814], [-85.61589642148357, 25.321165258047127], [-85.48102859195649, 25.23125337169575], [-85.48102859195649, 25.186297428520064], [-85.3911167056051, 25.186297428520064], [-85.3911167056051, 25.141341485344377], [-85.30120481925371, 25.09638554216869], [-85.30120481925371, 25.006473655817313], [-85.25624887607802, 25.006473655817313], [-85.25624887607802, 24.961517712641626], [-85.21129293290232, 24.961517712641626], [-85.21129293290232, 24.916561769465936], [-85.16633698972663, 24.916561769465936], [-85.07642510337524, 24.781693939938872], [-84.98651321702386, 24.781693939938872], [-84.98651321702386, 24.736737996763186], [-84.94155727384816, 24.736737996763186], [-84.94155727384816, 24.6917820535875], [-84.89660133067247, 24.6917820535875], [-84.89660133067247, 24.64682611041181], [-84.76173350114539, 24.556914224060435], [-84.76173350114539, 24.467002337709058], [-84.71677755796969, 24.467002337709058], [-84.71677755796969, 24.42204639453337], [-84.671821614794, 24.42204639453337], [-84.671821614794, 24.37709045135768], [-84.6268656716183, 24.37709045135768], [-84.6268656716183, 24.332134508181994], [-84.58190972844261, 24.332134508181994], [-84.58190972844261, 24.287178565006307], [-84.53695378526692, 24.287178565006307], [-84.53695378526692, 24.24222262183062], [-84.49199784209122, 24.24222262183062], [-84.40208595573984, 24.107354792303557], [-84.49199784209122, 24.107354792303557], [-84.53695378526692, 24.19726667865493], [-84.6268656716183, 24.19726667865493], [-84.6268656716183, 24.24222262183062], [-84.671821614794, 24.24222262183062], [-84.671821614794, 24.287178565006307], [-84.80668944432108, 24.37709045135768], [-84.85164538749677, 24.556914224060435], [-84.89660133067247, 24.556914224060435], [-84.94155727384816, 24.64682611041181], [-85.12138104655094, 24.6917820535875], [-85.12138104655094, 24.736737996763186], [-85.16633698972663, 24.736737996763186], [-85.16633698972663, 24.781693939938872], [-85.21129293290232, 24.781693939938872], [-85.21129293290232, 24.826649883114563], [-85.3461607624294, 24.916561769465936], [-85.3461607624294, 25.006473655817313], [-85.3911167056051, 25.006473655817313], [-85.48102859195649, 25.141341485344377], [-85.66085236465926, 25.186297428520064], [-85.66085236465926, 25.23125337169575], [-85.70580830783496, 25.23125337169575], [-85.70580830783496, 25.27620931487144], [-85.75076425101065, 25.27620931487144], [-85.75076425101065, 25.321165258047127], [-85.88563208053773, 25.411077144398504], [-85.88563208053773, 25.500989030749878], [-85.93058802371343, 25.500989030749878], [-86.02049991006481, 25.63585686027694], [-86.20032368276759, 25.680812803452632], [-86.20032368276759, 25.72576874662832], [-86.24527962594328, 25.72576874662832], [-86.24527962594328, 25.770724689804005], [-86.38014745547036, 25.860636576155382], [-86.38014745547036, 25.950548462506756], [-86.42510339864606, 25.950548462506756], [-86.42510339864606, 26.040460348858133], [-86.47005934182175, 26.040460348858133], [-86.47005934182175, 26.08541629203382], [-86.64988311452453, 26.13037223520951], [-86.64988311452453, 26.175328178385197], [-86.69483905770022, 26.175328178385197], [-86.69483905770022, 26.220284121560884], [-86.73979500087592, 26.220284121560884], [-86.73979500087592, 26.265240064736574], [-86.78475094405161, 26.265240064736574], [-86.78475094405161, 26.31019600791226], [-86.91961877357869, 26.400107894263638], [-86.91961877357869, 26.49001978061501], [-86.96457471675438, 26.49001978061501], [-87.00953065993008, 26.579931666966388], [-87.09944254628147, 26.579931666966388], [-87.14439848945716, 26.66984355331776], [-87.23431037580855, 26.66984355331776], [-87.23431037580855, 26.714799496493452], [-87.27926631898424, 26.714799496493452], [-87.27926631898424, 26.75975543966914], [-87.41413414851132, 26.849667326020516], [-87.45909009168702, 27.029491098723266], [-87.5490019780384, 27.029491098723266], [-87.5490019780384, 27.074447041898953], [-87.63891386438979, 27.074447041898953], [-87.68386980756549, 27.16435892825033], [-87.77378169391687, 27.16435892825033], [-87.77378169391687, 27.209314871426017], [-87.90864952344396, 27.299226757777394], [-87.90864952344396, 27.389138644128767], [-87.95360546661965, 27.389138644128767], [-87.95360546661965, 27.434094587304457], [-87.99856140979534, 27.434094587304457], [-88.08847329614673, 27.56896241683152], [-88.17838518249812, 27.56896241683152], [-88.17838518249812, 27.613918360007208], [-88.22334112567381, 27.613918360007208], [-88.22334112567381, 27.658874303182895], [-88.2682970688495, 27.658874303182895], [-88.2682970688495, 27.703830246358585], [-88.3132530120252, 27.703830246358585], [-88.3132530120252, 27.748786189534272], [-88.44812084155228, 27.83869807588565], [-88.44812084155228, 27.928609962237022], [-88.49307678472798, 27.928609962237022], [-88.58298867107936, 28.063477791764086], [-88.67290055743075, 28.063477791764086], [-88.67290055743075, 28.108433734939773], [-88.71785650060644, 28.108433734939773], [-88.71785650060644, 28.153389678115463], [-88.76281244378214, 28.153389678115463], [-88.76281244378214, 28.19834562129115], [-88.80776838695783, 28.19834562129115], [-88.80776838695783, 28.243301564466837], [-88.94263621648491, 28.333213450818214], [-88.94263621648491, 28.42312533716959], [-88.98759215966061, 28.42312533716959], [-88.98759215966061, 28.468081280345277], [-89.0325481028363, 28.468081280345277], [-89.12245998918769, 28.60294910987234], [-89.21237187553908, 28.60294910987234], [-89.21237187553908, 28.647905053048028], [-89.34723970506616, 28.737816939399405], [-89.34723970506616, 28.82772882575078], [-89.39219564824185, 28.82772882575078], [-89.39219564824185, 28.87268476892647], [-89.43715159141755, 28.87268476892647], [-89.43715159141755, 28.917640712102155], [-89.48210753459324, 28.917640712102155], [-89.48210753459324, 28.962596655277842], [-89.52706347776893, 28.962596655277842], [-89.61697536412032, 29.097464484804906], [-89.70688725047171, 29.097464484804906], [-89.7518431936474, 29.187376371156283], [-89.93166696635018, 29.23233231433197], [-89.97662290952587, 29.322244200683347], [-90.06653479587726, 29.322244200683347], [-90.11149073905295, 29.412156087034724], [-90.20140262540434, 29.412156087034724], [-90.20140262540434, 29.45711203021041], [-90.24635856858004, 29.45711203021041], [-90.24635856858004, 29.502067973386097], [-90.38122639810712, 29.591979859737474], [-90.38122639810712, 29.681891746088848], [-90.42618234128281, 29.681891746088848], [-90.4711382844585, 29.861715518791602], [-90.60600611398559, 29.951627405142975], [-90.60600611398559, 30.041539291494352], [-90.65096205716128, 30.041539291494352], [-90.65096205716128, 30.08649523467004], [-90.69591800033697, 30.08649523467004], [-90.69591800033697, 30.131451177845726], [-90.74087394351267, 30.131451177845726], [-90.74087394351267, 30.176407121021416], [-90.78582988668836, 30.176407121021416], [-90.78582988668836, 30.221363064197103], [-90.83078582986406, 30.221363064197103], [-90.83078582986406, 30.26631900737279], [-90.87574177303975, 30.26631900737279], [-90.96565365939114, 30.401186836899853], [-91.32530120479669, 30.401186836899853], [-91.32530120479669, 30.356230893724167], [-91.50512497749946, 30.356230893724167], [-91.50512497749946, 30.176407121021416], [-91.55008092067516, 30.176407121021416], [-91.55008092067516, 29.726847689264538], [-91.59503686385085, 29.726847689264538], [-91.59503686385085, 29.502067973386097], [-91.55008092067516, 29.502067973386097], [-91.50512497749946, 29.23233231433197], [-91.46016903432377, 29.23233231433197], [-91.46016903432377, 29.142420427980596], [-91.41521309114808, 29.142420427980596], [-91.41521309114808, 29.05250854162922], [-91.37025714797238, 29.05250854162922], [-91.37025714797238, 28.962596655277842], [-91.32530120479669, 28.962596655277842], [-91.32530120479669, 28.87268476892647], [-91.280345261621, 28.87268476892647], [-91.280345261621, 28.78277288257509], [-91.2353893184453, 28.78277288257509], [-91.2353893184453, 28.692860996223715], [-91.1904333752696, 28.692860996223715], [-91.14547743209391, 28.513037223520964], [-91.10052148891822, 28.513037223520964], [-91.10052148891822, 28.468081280345277], [-91.05556554574252, 28.468081280345277], [-91.05556554574252, 28.42312533716959], [-91.01060960256683, 28.42312533716959], [-91.01060960256683, 28.3781693939939], [-90.96565365939114, 28.3781693939939], [-90.96565365939114, 28.333213450818214], [-90.92069771621544, 28.333213450818214], [-90.92069771621544, 28.288257507642527], [-90.87574177303975, 28.288257507642527], [-90.87574177303975, 28.243301564466837], [-90.74087394351267, 28.153389678115463], [-90.74087394351267, 28.063477791764086], [-90.69591800033697, 28.063477791764086], [-90.65096205716128, 27.973565905412713], [-90.56105017080989, 27.973565905412713], [-90.4711382844585, 27.83869807588565], [-90.38122639810712, 27.83869807588565], [-90.38122639810712, 27.79374213270996], [-90.33627045493142, 27.79374213270996], [-90.33627045493142, 27.748786189534272], [-90.29131451175573, 27.748786189534272], [-90.29131451175573, 27.703830246358585], [-90.24635856858004, 27.703830246358585], [-90.24635856858004, 27.658874303182895], [-90.20140262540434, 27.658874303182895], [-90.20140262540434, 27.613918360007208], [-90.15644668222865, 27.613918360007208], [-90.15644668222865, 27.56896241683152], [-90.11149073905295, 27.56896241683152], [-90.02157885270157, 27.434094587304457], [-89.93166696635018, 27.434094587304457], [-89.93166696635018, 27.389138644128767], [-89.84175507999879, 27.389138644128767], [-89.7518431936474, 27.254270814601703], [-89.66193130729602, 27.254270814601703], [-89.48210753459324, 26.98453515554758], [-89.39219564824185, 26.98453515554758], [-89.39219564824185, 26.93957921237189], [-89.21237187553908, 26.894623269196202], [-89.16741593236338, 26.804711382844825], [-89.077504046012, 26.804711382844825], [-89.077504046012, 26.75975543966914], [-89.0325481028363, 26.75975543966914], [-89.0325481028363, 26.714799496493452], [-88.98759215966061, 26.714799496493452], [-88.98759215966061, 26.66984355331776], [-88.94263621648491, 26.66984355331776], [-88.94263621648491, 26.624887610142075], [-88.80776838695783, 26.5349757237907], [-88.80776838695783, 26.49001978061501], [-88.71785650060644, 26.49001978061501], [-88.71785650060644, 26.445063837439324], [-88.67290055743075, 26.445063837439324], [-88.67290055743075, 26.400107894263638], [-88.58298867107936, 26.400107894263638], [-88.53803272790367, 26.31019600791226], [-88.3582089552009, 26.265240064736574], [-88.3582089552009, 26.220284121560884], [-88.3132530120252, 26.220284121560884], [-88.3132530120252, 26.175328178385197], [-88.2682970688495, 26.175328178385197], [-88.2682970688495, 26.13037223520951], [-88.22334112567381, 26.13037223520951], [-88.22334112567381, 26.08541629203382], [-88.17838518249812, 26.08541629203382], [-88.08847329614673, 25.950548462506756], [-87.99856140979534, 25.950548462506756], [-87.99856140979534, 25.90559251933107], [-87.81873763709257, 25.860636576155382], [-87.77378169391687, 25.770724689804005], [-87.68386980756549, 25.770724689804005], [-87.68386980756549, 25.72576874662832], [-87.5939579212141, 25.680812803452632], [-87.5939579212141, 25.590900917101255], [-87.5490019780384, 25.590900917101255], [-87.45909009168702, 25.45603308757419], [-87.32422226215994, 25.45603308757419], [-87.32422226215994, 25.411077144398504], [-87.23431037580855, 25.411077144398504], [-87.23431037580855, 25.366121201222814], [-87.05448660310577, 25.321165258047127], [-87.05448660310577, 25.27620931487144], [-87.00953065993008, 25.27620931487144], [-87.00953065993008, 25.23125337169575], [-86.91961877357869, 25.23125337169575], [-86.91961877357869, 25.186297428520064], [-86.874662830403, 25.186297428520064], [-86.874662830403, 25.141341485344377], [-86.8297068872273, 25.141341485344377], [-86.8297068872273, 25.09638554216869], [-86.78475094405161, 25.09638554216869], [-86.69483905770022, 24.961517712641626], [-86.60492717134883, 24.961517712641626], [-86.55997122817314, 24.87160582629025], [-86.47005934182175, 24.87160582629025], [-86.47005934182175, 24.826649883114563], [-86.29023556911898, 24.781693939938872], [-86.29023556911898, 24.736737996763186], [-86.1553677395919, 24.64682611041181], [-86.1553677395919, 24.556914224060435], [-86.1104117964162, 24.556914224060435], [-86.02049991006481, 24.42204639453337], [-85.93058802371343, 24.42204639453337], [-85.93058802371343, 24.37709045135768], [-85.84067613736204, 24.37709045135768], [-85.84067613736204, 24.332134508181994], [-85.66085236465926, 24.287178565006307], [-85.66085236465926, 24.24222262183062], [-85.57094047830788, 24.19726667865493], [-85.52598453513218, 24.01744290595218], [-85.4360726487808, 24.01744290595218], [-85.4360726487808, 23.972486962776493], [-85.30120481925371, 23.972486962776493], [-85.30120481925371, 23.927531019600803], [-85.16633698972663, 23.927531019600803], [-85.16633698972663, 23.882575076425116], [-85.03146916019955, 23.882575076425116], [-85.03146916019955, 23.83761913324943], [-84.94155727384816, 23.83761913324943], [-84.94155727384816, 23.79266319007374], [-84.76173350114539, 23.747707246898052], [-84.76173350114539, 23.702751303722366], [-84.671821614794, 23.65779536054668], [-84.671821614794, 23.567883474195302], [-84.6268656716183, 23.567883474195302], [-84.53695378526692, 23.433015644668238], [-84.6268656716183, 23.433015644668238], [-84.6268656716183, 23.477971587843925], [-84.671821614794, 23.477971587843925], [-84.76173350114539, 23.61283941737099], [-84.85164538749677, 23.61283941737099], [-84.89660133067247, 23.702751303722366], [-84.98651321702386, 23.702751303722366], [-84.98651321702386, 23.747707246898052], [-85.07642510337524, 23.747707246898052], [-85.07642510337524, 23.79266319007374], [-85.21129293290232, 23.79266319007374], [-85.21129293290232, 23.83761913324943], [-85.30120481925371, 23.83761913324943], [-85.30120481925371, 23.882575076425116], [-85.4360726487808, 23.882575076425116], [-85.48102859195649, 23.972486962776493], [-85.57094047830788, 23.972486962776493], [-85.57094047830788, 24.01744290595218], [-85.61589642148357, 24.01744290595218], [-85.61589642148357, 24.062398849127867], [-85.66085236465926, 24.062398849127867], [-85.66085236465926, 24.107354792303557], [-85.70580830783496, 24.107354792303557], [-85.79572019418634, 24.24222262183062], [-85.88563208053773, 24.24222262183062], [-85.88563208053773, 24.287178565006307], [-85.93058802371343, 24.287178565006307], [-85.93058802371343, 24.332134508181994], [-86.02049991006481, 24.332134508181994], [-86.06545585324051, 24.42204639453337], [-86.1553677395919, 24.42204639453337], [-86.1553677395919, 24.467002337709058], [-86.20032368276759, 24.467002337709058], [-86.20032368276759, 24.511958280884745], [-86.24527962594328, 24.511958280884745], [-86.24527962594328, 24.556914224060435], [-86.29023556911898, 24.556914224060435], [-86.29023556911898, 24.60187016723612], [-86.33519151229467, 24.60187016723612], [-86.42510339864606, 24.736737996763186], [-86.60492717134883, 24.781693939938872], [-86.64988311452453, 24.87160582629025], [-86.73979500087592, 24.87160582629025], [-86.78475094405161, 24.961517712641626], [-86.874662830403, 24.961517712641626], [-86.874662830403, 25.006473655817313], [-86.91961877357869, 25.006473655817313], [-87.00953065993008, 25.141341485344377], [-87.09944254628147, 25.141341485344377], [-87.14439848945716, 25.23125337169575], [-87.23431037580855, 25.23125337169575], [-87.23431037580855, 25.27620931487144], [-87.41413414851132, 25.321165258047127], [-87.45909009168702, 25.411077144398504], [-87.5490019780384, 25.411077144398504], [-87.5490019780384, 25.45603308757419], [-87.5939579212141, 25.45603308757419], [-87.5939579212141, 25.500989030749878], [-87.63891386438979, 25.500989030749878], [-87.72882575074118, 25.63585686027694], [-87.81873763709257, 25.63585686027694], [-87.90864952344396, 25.770724689804005], [-88.08847329614673, 25.815680632979692], [-88.13342923932242, 25.90559251933107], [-88.22334112567381, 25.90559251933107], [-88.2682970688495, 25.995504405682446], [-88.3582089552009, 25.995504405682446], [-88.3582089552009, 26.040460348858133], [-88.40316489837659, 26.040460348858133], [-88.49307678472798, 26.175328178385197], [-88.58298867107936, 26.175328178385197], [-88.62794461425506, 26.265240064736574], [-88.71785650060644, 26.265240064736574], [-88.71785650060644, 26.31019600791226], [-88.76281244378214, 26.31019600791226], [-88.76281244378214, 26.355151951087947], [-88.85272433013353, 26.355151951087947], [-88.89768027330922, 26.445063837439324], [-88.98759215966061, 26.445063837439324], [-88.98759215966061, 26.49001978061501], [-89.0325481028363, 26.49001978061501], [-89.0325481028363, 26.5349757237907], [-89.077504046012, 26.5349757237907], [-89.16741593236338, 26.66984355331776], [-89.25732781871477, 26.66984355331776], [-89.34723970506616, 26.804711382844825], [-89.43715159141755, 26.804711382844825], [-89.43715159141755, 26.849667326020516], [-89.52706347776893, 26.849667326020516], [-89.57201942094463, 26.93957921237189], [-89.66193130729602, 26.93957921237189], [-89.66193130729602, 26.98453515554758], [-89.70688725047171, 26.98453515554758], [-89.70688725047171, 27.029491098723266], [-89.7518431936474, 27.029491098723266], [-89.7518431936474, 27.074447041898953], [-89.7967991368231, 27.074447041898953], [-89.88671102317448, 27.209314871426017], [-89.97662290952587, 27.209314871426017], [-90.06653479587726, 27.34418270095308], [-90.15644668222865, 27.34418270095308], [-90.24635856858004, 27.479050530480144], [-90.33627045493142, 27.479050530480144], [-90.33627045493142, 27.52400647365583], [-90.38122639810712, 27.52400647365583], [-90.38122639810712, 27.56896241683152], [-90.42618234128281, 27.56896241683152], [-90.42618234128281, 27.613918360007208], [-90.4711382844585, 27.613918360007208], [-90.56105017080989, 27.748786189534272], [-90.65096205716128, 27.748786189534272], [-90.74087394351267, 27.883654019061336], [-90.83078582986406, 27.883654019061336], [-90.87574177303975, 27.973565905412713], [-90.96565365939114, 27.973565905412713], [-90.96565365939114, 28.0185218485884], [-91.01060960256683, 28.0185218485884], [-91.01060960256683, 28.108433734939773], [-91.14547743209391, 28.19834562129115], [-91.14547743209391, 28.288257507642527], [-91.1904333752696, 28.288257507642527], [-91.1904333752696, 28.333213450818214], [-91.2353893184453, 28.333213450818214], [-91.32530120479669, 28.468081280345277], [-91.41521309114808, 28.468081280345277], [-91.41521309114808, 28.513037223520964], [-91.46016903432377, 28.513037223520964], [-91.46016903432377, 28.60294910987234], [-91.50512497749946, 28.60294910987234], [-91.50512497749946, 28.737816939399405], [-91.55008092067516, 28.737816939399405], [-91.55008092067516, 28.82772882575078], [-91.59503686385085, 28.82772882575078], [-91.59503686385085, 28.962596655277842], [-91.63999280702654, 28.962596655277842], [-91.63999280702654, 29.05250854162922], [-91.68494875020224, 29.05250854162922], [-91.68494875020224, 29.187376371156283], [-91.72990469337793, 29.187376371156283], [-91.77486063655363, 29.45711203021041], [-91.81981657972932, 29.45711203021041]]]]}}, {"type": "Feature", "properties": {"shapefile": "2021082806_wsp50knt120hr_5km", "PERCENTAGE": "80-90%"}, "geometry": {"type": "MultiPolygon", "coordinates": [[[[-84.53695378526692, 23.433015644668238], [-84.53695378526692, 23.477971587843925], [-84.44704189891553, 23.477971587843925], [-84.44704189891553, 23.433015644668238], [-84.53695378526692, 23.433015644668238]]], [[[-91.59503686385085, 29.502067973386097], [-91.59503686385085, 29.726847689264538], [-91.55008092067516, 29.726847689264538], [-91.55008092067516, 30.176407121021416], [-91.50512497749946, 30.176407121021416], [-91.50512497749946, 30.356230893724167], [-91.32530120479669, 30.356230893724167], [-91.32530120479669, 30.401186836899853], [-90.96565365939114, 30.401186836899853], [-90.96565365939114, 30.356230893724167], [-90.92069771621544, 30.356230893724167], [-90.92069771621544, 30.31127495054848], [-90.87574177303975, 30.31127495054848], [-90.87574177303975, 30.26631900737279], [-90.83078582986406, 30.26631900737279], [-90.83078582986406, 30.221363064197103], [-90.78582988668836, 30.221363064197103], [-90.78582988668836, 30.176407121021416], [-90.74087394351267, 30.176407121021416], [-90.74087394351267, 30.131451177845726], [-90.60600611398559, 30.041539291494352], [-90.60600611398559, 29.951627405142975], [-90.4711382844585, 29.861715518791602], [-90.4711382844585, 29.771803632440225], [-90.42618234128281, 29.771803632440225], [-90.38122639810712, 29.591979859737474], [-90.33627045493142, 29.591979859737474], [-90.33627045493142, 29.547023916561784], [-90.29131451175573, 29.547023916561784], [-90.20140262540434, 29.412156087034724], [-90.11149073905295, 29.412156087034724], [-90.11149073905295, 29.367200143859034], [-90.06653479587726, 29.367200143859034], [-90.06653479587726, 29.322244200683347], [-89.97662290952587, 29.322244200683347], [-89.93166696635018, 29.23233231433197], [-89.84175507999879, 29.23233231433197], [-89.84175507999879, 29.187376371156283], [-89.7518431936474, 29.187376371156283], [-89.70688725047171, 29.097464484804906], [-89.61697536412032, 29.097464484804906], [-89.61697536412032, 29.05250854162922], [-89.57201942094463, 29.05250854162922], [-89.57201942094463, 29.007552598453533], [-89.52706347776893, 29.007552598453533], [-89.52706347776893, 28.962596655277842], [-89.48210753459324, 28.962596655277842], [-89.48210753459324, 28.917640712102155], [-89.34723970506616, 28.82772882575078], [-89.34723970506616, 28.737816939399405], [-89.30228376189046, 28.737816939399405], [-89.21237187553908, 28.60294910987234], [-89.12245998918769, 28.60294910987234], [-89.12245998918769, 28.557993166696654], [-89.077504046012, 28.557993166696654], [-89.077504046012, 28.513037223520964], [-88.94263621648491, 28.42312533716959], [-88.94263621648491, 28.333213450818214], [-88.89768027330922, 28.333213450818214], [-88.89768027330922, 28.288257507642527], [-88.85272433013353, 28.288257507642527], [-88.85272433013353, 28.243301564466837], [-88.80776838695783, 28.243301564466837], [-88.80776838695783, 28.19834562129115], [-88.76281244378214, 28.19834562129115], [-88.67290055743075, 28.063477791764086], [-88.58298867107936, 28.063477791764086], [-88.58298867107936, 28.0185218485884], [-88.44812084155228, 27.928609962237022], [-88.44812084155228, 27.83869807588565], [-88.40316489837659, 27.83869807588565], [-88.40316489837659, 27.79374213270996], [-88.3582089552009, 27.79374213270996], [-88.3582089552009, 27.748786189534272], [-88.3132530120252, 27.748786189534272], [-88.3132530120252, 27.703830246358585], [-88.2682970688495, 27.703830246358585], [-88.17838518249812, 27.56896241683152], [-88.08847329614673, 27.56896241683152], [-88.08847329614673, 27.52400647365583], [-88.04351735297104, 27.52400647365583], [-88.04351735297104, 27.479050530480144], [-87.90864952344396, 27.389138644128767], [-87.90864952344396, 27.299226757777394], [-87.86369358026826, 27.299226757777394], [-87.77378169391687, 27.16435892825033], [-87.68386980756549, 27.16435892825033], [-87.63891386438979, 27.074447041898953], [-87.45909009168702, 27.029491098723266], [-87.41413414851132, 26.849667326020516], [-87.36917820533563, 26.849667326020516], [-87.36917820533563, 26.804711382844825], [-87.32422226215994, 26.804711382844825], [-87.23431037580855, 26.66984355331776], [-87.14439848945716, 26.66984355331776], [-87.09944254628147, 26.579931666966388], [-87.00953065993008, 26.579931666966388], [-87.00953065993008, 26.5349757237907], [-86.91961877357869, 26.49001978061501], [-86.91961877357869, 26.400107894263638], [-86.874662830403, 26.400107894263638], [-86.874662830403, 26.355151951087947], [-86.8297068872273, 26.355151951087947], [-86.8297068872273, 26.31019600791226], [-86.78475094405161, 26.31019600791226], [-86.78475094405161, 26.265240064736574], [-86.73979500087592, 26.265240064736574], [-86.64988311452453, 26.13037223520951], [-86.47005934182175, 26.08541629203382], [-86.47005934182175, 26.040460348858133], [-86.42510339864606, 26.040460348858133], [-86.42510339864606, 25.950548462506756], [-86.38014745547036, 25.950548462506756], [-86.38014745547036, 25.860636576155382], [-86.33519151229467, 25.860636576155382], [-86.33519151229467, 25.815680632979692], [-86.29023556911898, 25.815680632979692], [-86.20032368276759, 25.680812803452632], [-86.02049991006481, 25.63585686027694], [-86.02049991006481, 25.590900917101255], [-85.88563208053773, 25.500989030749878], [-85.88563208053773, 25.411077144398504], [-85.84067613736204, 25.411077144398504], [-85.84067613736204, 25.366121201222814], [-85.79572019418634, 25.366121201222814], [-85.79572019418634, 25.321165258047127], [-85.75076425101065, 25.321165258047127], [-85.66085236465926, 25.186297428520064], [-85.48102859195649, 25.141341485344377], [-85.48102859195649, 25.09638554216869], [-85.3461607624294, 25.006473655817313], [-85.3461607624294, 24.916561769465936], [-85.30120481925371, 24.916561769465936], [-85.30120481925371, 24.87160582629025], [-85.25624887607802, 24.87160582629025], [-85.25624887607802, 24.826649883114563], [-85.21129293290232, 24.826649883114563], [-85.12138104655094, 24.6917820535875], [-85.03146916019955, 24.6917820535875], [-85.03146916019955, 24.64682611041181], [-84.94155727384816, 24.64682611041181], [-84.94155727384816, 24.60187016723612], [-84.85164538749677, 24.556914224060435], [-84.80668944432108, 24.37709045135768], [-84.76173350114539, 24.37709045135768], [-84.76173350114539, 24.332134508181994], [-84.6268656716183, 24.24222262183062], [-84.6268656716183, 24.19726667865493], [-84.53695378526692, 24.19726667865493], [-84.49199784209122, 24.107354792303557], [-84.40208595573984, 24.107354792303557], [-84.40208595573984, 24.01744290595218], [-84.35713001256414, 24.01744290595218], [-84.35713001256414, 23.522927531019615], [-84.44704189891553, 23.477971587843925], [-84.44704189891553, 23.61283941737099], [-84.40208595573984, 23.61283941737099], [-84.40208595573984, 23.927531019600803], [-84.44704189891553, 23.927531019600803], [-84.44704189891553, 24.062398849127867], [-84.76173350114539, 24.152310735479244], [-84.76173350114539, 24.19726667865493], [-84.85164538749677, 24.24222262183062], [-84.85164538749677, 24.332134508181994], [-84.89660133067247, 24.332134508181994], [-84.89660133067247, 24.467002337709058], [-84.94155727384816, 24.467002337709058], [-84.94155727384816, 24.556914224060435], [-84.98651321702386, 24.556914224060435], [-84.98651321702386, 24.60187016723612], [-85.16633698972663, 24.60187016723612], [-85.16633698972663, 24.64682611041181], [-85.25624887607802, 24.64682611041181], [-85.25624887607802, 24.6917820535875], [-85.3911167056051, 24.781693939938872], [-85.3911167056051, 24.87160582629025], [-85.4360726487808, 24.87160582629025], [-85.4360726487808, 25.006473655817313], [-85.48102859195649, 25.006473655817313], [-85.48102859195649, 25.051429598993], [-85.61589642148357, 25.051429598993], [-85.61589642148357, 25.09638554216869], [-85.75076425101065, 25.09638554216869], [-85.79572019418634, 25.186297428520064], [-85.88563208053773, 25.186297428520064], [-85.88563208053773, 25.23125337169575], [-85.93058802371343, 25.23125337169575], [-85.93058802371343, 25.321165258047127], [-85.97554396688912, 25.321165258047127], [-85.97554396688912, 25.411077144398504], [-86.02049991006481, 25.411077144398504], [-86.1104117964162, 25.545944973925568], [-86.24527962594328, 25.545944973925568], [-86.29023556911898, 25.63585686027694], [-86.38014745547036, 25.63585686027694], [-86.38014745547036, 25.680812803452632], [-86.42510339864606, 25.680812803452632], [-86.42510339864606, 25.770724689804005], [-86.69483905770022, 25.950548462506756], [-86.69483905770022, 26.040460348858133], [-86.874662830403, 26.08541629203382], [-86.874662830403, 26.13037223520951], [-86.91961877357869, 26.13037223520951], [-86.91961877357869, 26.220284121560884], [-86.96457471675438, 26.220284121560884], [-86.96457471675438, 26.265240064736574], [-87.05448660310577, 26.265240064736574], [-87.05448660310577, 26.31019600791226], [-87.09944254628147, 26.31019600791226], [-87.09944254628147, 26.355151951087947], [-87.23431037580855, 26.445063837439324], [-87.23431037580855, 26.5349757237907], [-87.32422226215994, 26.5349757237907], [-87.32422226215994, 26.579931666966388], [-87.45909009168702, 26.66984355331776], [-87.45909009168702, 26.714799496493452], [-87.63891386438979, 26.75975543966914], [-87.63891386438979, 26.804711382844825], [-87.77378169391687, 26.894623269196202], [-87.77378169391687, 26.98453515554758], [-87.81873763709257, 26.98453515554758], [-87.81873763709257, 27.029491098723266], [-87.86369358026826, 27.029491098723266], [-87.95360546661965, 27.16435892825033], [-88.08847329614673, 27.16435892825033], [-88.13342923932242, 27.254270814601703], [-88.22334112567381, 27.254270814601703], [-88.22334112567381, 27.299226757777394], [-88.3132530120252, 27.34418270095308], [-88.3582089552009, 27.52400647365583], [-88.40316489837659, 27.52400647365583], [-88.49307678472798, 27.658874303182895], [-88.67290055743075, 27.703830246358585], [-88.67290055743075, 27.748786189534272], [-88.80776838695783, 27.83869807588565], [-88.80776838695783, 27.928609962237022], [-88.89768027330922, 27.973565905412713], [-88.89768027330922, 28.063477791764086], [-88.94263621648491, 28.063477791764086], [-88.94263621648491, 28.108433734939773], [-89.0325481028363, 28.108433734939773], [-89.0325481028363, 28.153389678115463], [-89.12245998918769, 28.153389678115463], [-89.12245998918769, 28.19834562129115], [-89.16741593236338, 28.19834562129115], [-89.16741593236338, 28.243301564466837], [-89.21237187553908, 28.243301564466837], [-89.21237187553908, 28.288257507642527], [-89.34723970506616, 28.3781693939939], [-89.34723970506616, 28.468081280345277], [-89.39219564824185, 28.468081280345277], [-89.39219564824185, 28.557993166696654], [-89.43715159141755, 28.557993166696654], [-89.43715159141755, 28.60294910987234], [-89.61697536412032, 28.647905053048028], [-89.70688725047171, 28.78277288257509], [-89.7967991368231, 28.78277288257509], [-89.7967991368231, 28.87268476892647], [-89.88671102317448, 28.917640712102155], [-89.88671102317448, 29.007552598453533], [-89.93166696635018, 29.007552598453533], [-89.93166696635018, 29.05250854162922], [-90.20140262540434, 29.097464484804906], [-90.20140262540434, 29.142420427980596], [-90.38122639810712, 29.187376371156283], [-90.38122639810712, 29.23233231433197], [-90.42618234128281, 29.23233231433197], [-90.42618234128281, 29.27728825750766], [-90.5160942276342, 29.27728825750766], [-90.5160942276342, 29.322244200683347], [-90.78582988668836, 29.322244200683347], [-90.78582988668836, 29.367200143859034], [-90.87574177303975, 29.367200143859034], [-90.87574177303975, 29.412156087034724], [-90.96565365939114, 29.412156087034724], [-90.96565365939114, 29.45711203021041], [-91.01060960256683, 29.45711203021041], [-91.01060960256683, 29.27728825750766], [-91.05556554574252, 29.27728825750766], [-91.05556554574252, 28.962596655277842], [-91.01060960256683, 28.962596655277842], [-91.01060960256683, 28.87268476892647], [-90.96565365939114, 28.87268476892647], [-90.96565365939114, 28.82772882575078], [-90.92069771621544, 28.82772882575078], [-90.92069771621544, 28.78277288257509], [-90.78582988668836, 28.692860996223715], [-90.74087394351267, 28.513037223520964], [-90.69591800033697, 28.513037223520964], [-90.69591800033697, 28.468081280345277], [-90.65096205716128, 28.468081280345277], [-90.65096205716128, 28.42312533716959], [-90.5160942276342, 28.333213450818214], [-90.5160942276342, 28.243301564466837], [-90.4711382844585, 28.243301564466837], [-90.4711382844585, 28.19834562129115], [-90.42618234128281, 28.19834562129115], [-90.42618234128281, 28.153389678115463], [-90.38122639810712, 28.153389678115463], [-90.38122639810712, 28.108433734939773], [-90.33627045493142, 28.108433734939773], [-90.24635856858004, 27.973565905412713], [-90.15644668222865, 27.973565905412713], [-90.15644668222865, 27.928609962237022], [-90.11149073905295, 27.928609962237022], [-90.11149073905295, 27.883654019061336], [-90.06653479587726, 27.883654019061336], [-90.06653479587726, 27.83869807588565], [-90.02157885270157, 27.83869807588565], [-90.02157885270157, 27.79374213270996], [-89.97662290952587, 27.79374213270996], [-89.97662290952587, 27.748786189534272], [-89.93166696635018, 27.748786189534272], [-89.93166696635018, 27.703830246358585], [-89.88671102317448, 27.703830246358585], [-89.88671102317448, 27.658874303182895], [-89.84175507999879, 27.658874303182895], [-89.84175507999879, 27.613918360007208], [-89.70688725047171, 27.52400647365583], [-89.70688725047171, 27.479050530480144], [-89.61697536412032, 27.479050530480144], [-89.52706347776893, 27.34418270095308], [-89.34723970506616, 27.299226757777394], [-89.34723970506616, 27.254270814601703], [-89.30228376189046, 27.254270814601703], [-89.30228376189046, 27.209314871426017], [-89.25732781871477, 27.209314871426017], [-89.25732781871477, 27.16435892825033], [-89.21237187553908, 27.16435892825033], [-89.21237187553908, 27.119402985074643], [-89.16741593236338, 27.119402985074643], [-89.16741593236338, 27.074447041898953], [-89.0325481028363, 26.98453515554758], [-89.0325481028363, 26.93957921237189], [-88.94263621648491, 26.93957921237189], [-88.94263621648491, 26.894623269196202], [-88.76281244378214, 26.849667326020516], [-88.76281244378214, 26.804711382844825], [-88.62794461425506, 26.714799496493452], [-88.62794461425506, 26.624887610142075], [-88.58298867107936, 26.624887610142075], [-88.58298867107936, 26.5349757237907], [-88.53803272790367, 26.5349757237907], [-88.53803272790367, 26.49001978061501], [-88.22334112567381, 26.400107894263638], [-88.22334112567381, 26.355151951087947], [-88.17838518249812, 26.355151951087947], [-88.17838518249812, 26.31019600791226], [-88.13342923932242, 26.31019600791226], [-88.13342923932242, 26.265240064736574], [-87.99856140979534, 26.175328178385197], [-87.99856140979534, 26.08541629203382], [-87.95360546661965, 26.08541629203382], [-87.90864952344396, 25.995504405682446], [-87.77378169391687, 25.995504405682446], [-87.77378169391687, 25.950548462506756], [-87.5939579212141, 25.90559251933107], [-87.5939579212141, 25.860636576155382], [-87.50404603486271, 25.815680632979692], [-87.50404603486271, 25.72576874662832], [-87.41413414851132, 25.72576874662832], [-87.41413414851132, 25.680812803452632], [-87.36917820533563, 25.680812803452632], [-87.36917820533563, 25.63585686027694], [-87.32422226215994, 25.63585686027694], [-87.23431037580855, 25.500989030749878], [-87.05448660310577, 25.45603308757419], [-87.05448660310577, 25.411077144398504], [-86.96457471675438, 25.411077144398504], [-86.96457471675438, 25.366121201222814], [-86.8297068872273, 25.366121201222814], [-86.8297068872273, 25.321165258047127], [-86.73979500087592, 25.321165258047127], [-86.73979500087592, 25.27620931487144], [-86.64988311452453, 25.23125337169575], [-86.64988311452453, 25.141341485344377], [-86.60492717134883, 25.141341485344377], [-86.60492717134883, 25.006473655817313], [-86.51501528499745, 25.006473655817313], [-86.51501528499745, 24.961517712641626], [-86.38014745547036, 24.961517712641626], [-86.38014745547036, 24.916561769465936], [-86.24527962594328, 24.916561769465936], [-86.24527962594328, 24.87160582629025], [-86.20032368276759, 24.87160582629025], [-86.20032368276759, 24.826649883114563], [-86.06545585324051, 24.736737996763186], [-86.06545585324051, 24.64682611041181], [-86.02049991006481, 24.64682611041181], [-86.02049991006481, 24.511958280884745], [-85.93058802371343, 24.511958280884745], [-85.93058802371343, 24.467002337709058], [-85.75076425101065, 24.467002337709058], [-85.75076425101065, 24.42204639453337], [-85.57094047830788, 24.37709045135768], [-85.57094047830788, 24.332134508181994], [-85.48102859195649, 24.287178565006307], [-85.48102859195649, 24.19726667865493], [-85.3911167056051, 24.19726667865493], [-85.3911167056051, 24.152310735479244], [-85.30120481925371, 24.107354792303557], [-85.30120481925371, 24.01744290595218], [-85.16633698972663, 24.01744290595218], [-85.16633698972663, 23.972486962776493], [-85.03146916019955, 23.972486962776493], [-85.03146916019955, 23.927531019600803], [-84.85164538749677, 23.927531019600803], [-84.85164538749677, 23.882575076425116], [-84.671821614794, 23.83761913324943], [-84.671821614794, 23.79266319007374], [-84.6268656716183, 23.79266319007374], [-84.6268656716183, 23.702751303722366], [-84.58190972844261, 23.702751303722366], [-84.58190972844261, 23.61283941737099], [-84.53695378526692, 23.61283941737099], [-84.53695378526692, 23.477971587843925], [-84.671821614794, 23.567883474195302], [-84.671821614794, 23.65779536054668], [-84.71677755796969, 23.65779536054668], [-84.76173350114539, 23.747707246898052], [-84.94155727384816, 23.79266319007374], [-84.94155727384816, 23.83761913324943], [-85.03146916019955, 23.83761913324943], [-85.03146916019955, 23.882575076425116], [-85.16633698972663, 23.882575076425116], [-85.16633698972663, 23.927531019600803], [-85.30120481925371, 23.927531019600803], [-85.30120481925371, 23.972486962776493], [-85.4360726487808, 23.972486962776493], [-85.4360726487808, 24.01744290595218], [-85.52598453513218, 24.01744290595218], [-85.57094047830788, 24.19726667865493], [-85.61589642148357, 24.19726667865493], [-85.66085236465926, 24.287178565006307], [-85.75076425101065, 24.287178565006307], [-85.75076425101065, 24.332134508181994], [-85.84067613736204, 24.332134508181994], [-85.84067613736204, 24.37709045135768], [-86.02049991006481, 24.42204639453337], [-86.02049991006481, 24.467002337709058], [-86.1553677395919, 24.556914224060435], [-86.1553677395919, 24.64682611041181], [-86.20032368276759, 24.64682611041181], [-86.29023556911898, 24.781693939938872], [-86.38014745547036, 24.781693939938872], [-86.38014745547036, 24.826649883114563], [-86.55997122817314, 24.87160582629025], [-86.60492717134883, 24.961517712641626], [-86.69483905770022, 24.961517712641626], [-86.69483905770022, 25.006473655817313], [-86.73979500087592, 25.006473655817313], [-86.73979500087592, 25.051429598993], [-86.78475094405161, 25.051429598993], [-86.78475094405161, 25.09638554216869], [-86.8297068872273, 25.09638554216869], [-86.91961877357869, 25.23125337169575], [-87.00953065993008, 25.23125337169575], [-87.05448660310577, 25.321165258047127], [-87.23431037580855, 25.366121201222814], [-87.23431037580855, 25.411077144398504], [-87.32422226215994, 25.411077144398504], [-87.32422226215994, 25.45603308757419], [-87.45909009168702, 25.45603308757419], [-87.45909009168702, 25.500989030749878], [-87.5939579212141, 25.590900917101255], [-87.5939579212141, 25.680812803452632], [-87.63891386438979, 25.680812803452632], [-87.68386980756549, 25.770724689804005], [-87.77378169391687, 25.770724689804005], [-87.81873763709257, 25.860636576155382], [-87.90864952344396, 25.860636576155382], [-87.90864952344396, 25.90559251933107], [-88.08847329614673, 25.950548462506756], [-88.08847329614673, 25.995504405682446], [-88.13342923932242, 25.995504405682446], [-88.13342923932242, 26.040460348858133], [-88.17838518249812, 26.040460348858133], [-88.17838518249812, 26.08541629203382], [-88.22334112567381, 26.08541629203382], [-88.22334112567381, 26.13037223520951], [-88.2682970688495, 26.13037223520951], [-88.3582089552009, 26.265240064736574], [-88.44812084155228, 26.265240064736574], [-88.44812084155228, 26.31019600791226], [-88.53803272790367, 26.31019600791226], [-88.58298867107936, 26.400107894263638], [-88.67290055743075, 26.400107894263638], [-88.71785650060644, 26.49001978061501], [-88.80776838695783, 26.49001978061501], [-88.80776838695783, 26.5349757237907], [-88.85272433013353, 26.5349757237907], [-88.85272433013353, 26.579931666966388], [-88.89768027330922, 26.579931666966388], [-88.89768027330922, 26.624887610142075], [-88.94263621648491, 26.624887610142075], [-88.94263621648491, 26.66984355331776], [-88.98759215966061, 26.66984355331776], [-89.077504046012, 26.804711382844825], [-89.16741593236338, 26.804711382844825], [-89.21237187553908, 26.894623269196202], [-89.30228376189046, 26.894623269196202], [-89.30228376189046, 26.93957921237189], [-89.48210753459324, 26.98453515554758], [-89.66193130729602, 27.254270814601703], [-89.7518431936474, 27.254270814601703], [-89.84175507999879, 27.389138644128767], [-90.02157885270157, 27.434094587304457], [-90.02157885270157, 27.479050530480144], [-90.06653479587726, 27.479050530480144], [-90.06653479587726, 27.52400647365583], [-90.11149073905295, 27.52400647365583], [-90.11149073905295, 27.56896241683152], [-90.15644668222865, 27.56896241683152], [-90.15644668222865, 27.613918360007208], [-90.20140262540434, 27.613918360007208], [-90.20140262540434, 27.658874303182895], [-90.24635856858004, 27.658874303182895], [-90.24635856858004, 27.703830246358585], [-90.38122639810712, 27.79374213270996], [-90.38122639810712, 27.83869807588565], [-90.4711382844585, 27.83869807588565], [-90.56105017080989, 27.973565905412713], [-90.65096205716128, 27.973565905412713], [-90.65096205716128, 28.0185218485884], [-90.74087394351267, 28.063477791764086], [-90.74087394351267, 28.153389678115463], [-90.78582988668836, 28.153389678115463], [-90.78582988668836, 28.19834562129115], [-90.83078582986406, 28.19834562129115], [-90.83078582986406, 28.243301564466837], [-90.87574177303975, 28.243301564466837], [-90.87574177303975, 28.288257507642527], [-90.92069771621544, 28.288257507642527], [-90.92069771621544, 28.333213450818214], [-90.96565365939114, 28.333213450818214], [-90.96565365939114, 28.3781693939939], [-91.01060960256683, 28.3781693939939], [-91.01060960256683, 28.42312533716959], [-91.14547743209391, 28.513037223520964], [-91.14547743209391, 28.60294910987234], [-91.1904333752696, 28.60294910987234], [-91.1904333752696, 28.692860996223715], [-91.2353893184453, 28.692860996223715], [-91.2353893184453, 28.78277288257509], [-91.280345261621, 28.78277288257509], [-91.280345261621, 28.87268476892647], [-91.32530120479669, 28.87268476892647], [-91.32530120479669, 28.962596655277842], [-91.37025714797238, 28.962596655277842], [-91.37025714797238, 29.05250854162922], [-91.41521309114808, 29.05250854162922], [-91.41521309114808, 29.142420427980596], [-91.46016903432377, 29.142420427980596], [-91.46016903432377, 29.23233231433197], [-91.50512497749946, 29.23233231433197], [-91.55008092067516, 29.502067973386097], [-91.59503686385085, 29.502067973386097]]]]}}, {"type": "Feature", "properties": {"shapefile": "2021082806_wsp50knt120hr_5km", "PERCENTAGE": ">90%"}, "geometry": {"type": "MultiPolygon", "coordinates": [[[[-91.05556554574252, 28.962596655277842], [-91.05556554574252, 29.27728825750766], [-91.01060960256683, 29.27728825750766], [-91.01060960256683, 29.45711203021041], [-90.96565365939114, 29.45711203021041], [-90.96565365939114, 29.412156087034724], [-90.87574177303975, 29.412156087034724], [-90.87574177303975, 29.367200143859034], [-90.78582988668836, 29.367200143859034], [-90.78582988668836, 29.322244200683347], [-90.5160942276342, 29.322244200683347], [-90.5160942276342, 29.27728825750766], [-90.42618234128281, 29.27728825750766], [-90.38122639810712, 29.187376371156283], [-90.20140262540434, 29.142420427980596], [-90.20140262540434, 29.097464484804906], [-89.93166696635018, 29.05250854162922], [-89.93166696635018, 29.007552598453533], [-89.88671102317448, 29.007552598453533], [-89.88671102317448, 28.917640712102155], [-89.7967991368231, 28.87268476892647], [-89.7967991368231, 28.78277288257509], [-89.70688725047171, 28.78277288257509], [-89.61697536412032, 28.647905053048028], [-89.43715159141755, 28.60294910987234], [-89.43715159141755, 28.557993166696654], [-89.39219564824185, 28.557993166696654], [-89.39219564824185, 28.468081280345277], [-89.34723970506616, 28.468081280345277], [-89.34723970506616, 28.3781693939939], [-89.30228376189046, 28.3781693939939], [-89.30228376189046, 28.333213450818214], [-89.25732781871477, 28.333213450818214], [-89.25732781871477, 28.288257507642527], [-89.21237187553908, 28.288257507642527], [-89.12245998918769, 28.153389678115463], [-88.94263621648491, 28.108433734939773], [-88.94263621648491, 28.063477791764086], [-88.89768027330922, 28.063477791764086], [-88.89768027330922, 27.973565905412713], [-88.80776838695783, 27.928609962237022], [-88.80776838695783, 27.83869807588565], [-88.76281244378214, 27.83869807588565], [-88.67290055743075, 27.703830246358585], [-88.49307678472798, 27.658874303182895], [-88.49307678472798, 27.613918360007208], [-88.3582089552009, 27.52400647365583], [-88.3582089552009, 27.434094587304457], [-88.3132530120252, 27.434094587304457], [-88.3132530120252, 27.34418270095308], [-88.2682970688495, 27.34418270095308], [-88.22334112567381, 27.254270814601703], [-88.13342923932242, 27.254270814601703], [-88.08847329614673, 27.16435892825033], [-87.95360546661965, 27.16435892825033], [-87.95360546661965, 27.119402985074643], [-87.90864952344396, 27.119402985074643], [-87.90864952344396, 27.074447041898953], [-87.77378169391687, 26.98453515554758], [-87.77378169391687, 26.894623269196202], [-87.72882575074118, 26.894623269196202], [-87.63891386438979, 26.75975543966914], [-87.45909009168702, 26.714799496493452], [-87.45909009168702, 26.66984355331776], [-87.41413414851132, 26.66984355331776], [-87.32422226215994, 26.5349757237907], [-87.23431037580855, 26.5349757237907], [-87.23431037580855, 26.445063837439324], [-87.18935443263285, 26.445063837439324], [-87.18935443263285, 26.400107894263638], [-87.14439848945716, 26.400107894263638], [-87.05448660310577, 26.265240064736574], [-86.96457471675438, 26.265240064736574], [-86.874662830403, 26.08541629203382], [-86.69483905770022, 26.040460348858133], [-86.69483905770022, 25.950548462506756], [-86.64988311452453, 25.950548462506756], [-86.60492717134883, 25.860636576155382], [-86.51501528499745, 25.860636576155382], [-86.51501528499745, 25.815680632979692], [-86.42510339864606, 25.770724689804005], [-86.42510339864606, 25.680812803452632], [-86.38014745547036, 25.680812803452632], [-86.38014745547036, 25.63585686027694], [-86.29023556911898, 25.63585686027694], [-86.24527962594328, 25.545944973925568], [-86.1104117964162, 25.545944973925568], [-86.1104117964162, 25.500989030749878], [-85.97554396688912, 25.411077144398504], [-85.97554396688912, 25.321165258047127], [-85.93058802371343, 25.321165258047127], [-85.93058802371343, 25.23125337169575], [-85.88563208053773, 25.23125337169575], [-85.88563208053773, 25.186297428520064], [-85.79572019418634, 25.186297428520064], [-85.75076425101065, 25.09638554216869], [-85.48102859195649, 25.051429598993], [-85.48102859195649, 25.006473655817313], [-85.4360726487808, 25.006473655817313], [-85.4360726487808, 24.87160582629025], [-85.3911167056051, 24.87160582629025], [-85.3911167056051, 24.781693939938872], [-85.3461607624294, 24.781693939938872], [-85.25624887607802, 24.64682611041181], [-85.16633698972663, 24.64682611041181], [-85.16633698972663, 24.60187016723612], [-84.98651321702386, 24.60187016723612], [-84.98651321702386, 24.556914224060435], [-84.94155727384816, 24.556914224060435], [-84.94155727384816, 24.467002337709058], [-84.89660133067247, 24.467002337709058], [-84.89660133067247, 24.332134508181994], [-84.85164538749677, 24.332134508181994], [-84.85164538749677, 24.24222262183062], [-84.80668944432108, 24.24222262183062], [-84.76173350114539, 24.152310735479244], [-84.44704189891553, 24.062398849127867], [-84.44704189891553, 23.927531019600803], [-84.40208595573984, 23.927531019600803], [-84.40208595573984, 23.61283941737099], [-84.44704189891553, 23.61283941737099], [-84.44704189891553, 23.477971587843925], [-84.53695378526692, 23.477971587843925], [-84.53695378526692, 23.61283941737099], [-84.58190972844261, 23.61283941737099], [-84.58190972844261, 23.702751303722366], [-84.6268656716183, 23.702751303722366], [-84.6268656716183, 23.79266319007374], [-84.671821614794, 23.79266319007374], [-84.671821614794, 23.83761913324943], [-84.76173350114539, 23.83761913324943], [-84.76173350114539, 23.882575076425116], [-84.85164538749677, 23.882575076425116], [-84.85164538749677, 23.927531019600803], [-85.03146916019955, 23.927531019600803], [-85.03146916019955, 23.972486962776493], [-85.16633698972663, 23.972486962776493], [-85.16633698972663, 24.01744290595218], [-85.30120481925371, 24.01744290595218], [-85.30120481925371, 24.107354792303557], [-85.3461607624294, 24.107354792303557], [-85.3911167056051, 24.19726667865493], [-85.48102859195649, 24.19726667865493], [-85.48102859195649, 24.287178565006307], [-85.52598453513218, 24.287178565006307], [-85.57094047830788, 24.37709045135768], [-85.66085236465926, 24.37709045135768], [-85.66085236465926, 24.42204639453337], [-85.75076425101065, 24.42204639453337], [-85.75076425101065, 24.467002337709058], [-85.93058802371343, 24.467002337709058], [-85.93058802371343, 24.511958280884745], [-86.02049991006481, 24.511958280884745], [-86.02049991006481, 24.64682611041181], [-86.06545585324051, 24.64682611041181], [-86.06545585324051, 24.736737996763186], [-86.1104117964162, 24.736737996763186], [-86.1104117964162, 24.781693939938872], [-86.1553677395919, 24.781693939938872], [-86.24527962594328, 24.916561769465936], [-86.38014745547036, 24.916561769465936], [-86.38014745547036, 24.961517712641626], [-86.51501528499745, 24.961517712641626], [-86.51501528499745, 25.006473655817313], [-86.60492717134883, 25.006473655817313], [-86.60492717134883, 25.141341485344377], [-86.64988311452453, 25.141341485344377], [-86.64988311452453, 25.23125337169575], [-86.69483905770022, 25.23125337169575], [-86.73979500087592, 25.321165258047127], [-86.8297068872273, 25.321165258047127], [-86.8297068872273, 25.366121201222814], [-86.96457471675438, 25.366121201222814], [-86.96457471675438, 25.411077144398504], [-87.05448660310577, 25.411077144398504], [-87.05448660310577, 25.45603308757419], [-87.23431037580855, 25.500989030749878], [-87.23431037580855, 25.545944973925568], [-87.27926631898424, 25.545944973925568], [-87.27926631898424, 25.590900917101255], [-87.32422226215994, 25.590900917101255], [-87.41413414851132, 25.72576874662832], [-87.50404603486271, 25.72576874662832], [-87.50404603486271, 25.815680632979692], [-87.5490019780384, 25.815680632979692], [-87.5939579212141, 25.90559251933107], [-87.77378169391687, 25.950548462506756], [-87.77378169391687, 25.995504405682446], [-87.90864952344396, 25.995504405682446], [-87.90864952344396, 26.040460348858133], [-87.99856140979534, 26.08541629203382], [-87.99856140979534, 26.175328178385197], [-88.04351735297104, 26.175328178385197], [-88.04351735297104, 26.220284121560884], [-88.08847329614673, 26.220284121560884], [-88.08847329614673, 26.265240064736574], [-88.13342923932242, 26.265240064736574], [-88.22334112567381, 26.400107894263638], [-88.53803272790367, 26.49001978061501], [-88.53803272790367, 26.5349757237907], [-88.58298867107936, 26.5349757237907], [-88.58298867107936, 26.624887610142075], [-88.62794461425506, 26.624887610142075], [-88.62794461425506, 26.714799496493452], [-88.67290055743075, 26.714799496493452], [-88.76281244378214, 26.849667326020516], [-88.85272433013353, 26.849667326020516], [-88.85272433013353, 26.894623269196202], [-89.0325481028363, 26.93957921237189], [-89.0325481028363, 26.98453515554758], [-89.077504046012, 26.98453515554758], [-89.077504046012, 27.029491098723266], [-89.12245998918769, 27.029491098723266], [-89.12245998918769, 27.074447041898953], [-89.16741593236338, 27.074447041898953], [-89.16741593236338, 27.119402985074643], [-89.21237187553908, 27.119402985074643], [-89.21237187553908, 27.16435892825033], [-89.34723970506616, 27.254270814601703], [-89.34723970506616, 27.299226757777394], [-89.52706347776893, 27.34418270095308], [-89.52706347776893, 27.389138644128767], [-89.57201942094463, 27.389138644128767], [-89.61697536412032, 27.479050530480144], [-89.70688725047171, 27.479050530480144], [-89.70688725047171, 27.52400647365583], [-89.7518431936474, 27.52400647365583], [-89.7518431936474, 27.56896241683152], [-89.7967991368231, 27.56896241683152], [-89.7967991368231, 27.613918360007208], [-89.84175507999879, 27.613918360007208], [-89.84175507999879, 27.658874303182895], [-89.88671102317448, 27.658874303182895], [-89.88671102317448, 27.703830246358585], [-89.93166696635018, 27.703830246358585], [-89.93166696635018, 27.748786189534272], [-89.97662290952587, 27.748786189534272], [-89.97662290952587, 27.79374213270996], [-90.02157885270157, 27.79374213270996], [-90.02157885270157, 27.83869807588565], [-90.15644668222865, 27.928609962237022], [-90.15644668222865, 27.973565905412713], [-90.24635856858004, 27.973565905412713], [-90.24635856858004, 28.0185218485884], [-90.29131451175573, 28.0185218485884], [-90.29131451175573, 28.063477791764086], [-90.33627045493142, 28.063477791764086], [-90.33627045493142, 28.108433734939773], [-90.38122639810712, 28.108433734939773], [-90.38122639810712, 28.153389678115463], [-90.5160942276342, 28.243301564466837], [-90.5160942276342, 28.333213450818214], [-90.56105017080989, 28.333213450818214], [-90.56105017080989, 28.3781693939939], [-90.60600611398559, 28.3781693939939], [-90.60600611398559, 28.42312533716959], [-90.74087394351267, 28.513037223520964], [-90.78582988668836, 28.692860996223715], [-90.83078582986406, 28.692860996223715], [-90.83078582986406, 28.737816939399405], [-90.87574177303975, 28.737816939399405], [-90.87574177303975, 28.78277288257509], [-91.01060960256683, 28.87268476892647], [-91.01060960256683, 28.962596655277842], [-91.05556554574252, 28.962596655277842]]]]}}]}