{"type": "FeatureCollection", "features": [{"type": "Feature", "properties": {"shapefile": "2021082906_wsp64knt120hr_5km", "PERCENTAGE": "<5%"}, "geometry": {"type": "MultiPolygon", "coordinates": [[[[-92.80884732959458, 30.446142780075544], [-92.80884732959458, 30.895702211832422], [-92.76389138641889, 30.895702211832422], [-92.76389138641889, 31.16543787088655], [-92.7189354432432, 31.16543787088655], [-92.7189354432432, 31.3452616435893], [-92.6739795000675, 31.3452616435893], [-92.6739795000675, 31.52508541629205], [-92.62902355689181, 31.52508541629205], [-92.58406761371612, 31.794821075346178], [-92.53911167054042, 31.794821075346178], [-92.53911167054042, 31.884732961697555], [-92.49415572736473, 31.884732961697555], [-92.49415572736473, 32.01960079122462], [-92.44919978418903, 32.01960079122462], [-92.44919978418903, 32.064556734400306], [-92.40424384101334, 32.064556734400306], [-92.40424384101334, 32.154468620751686], [-92.31433195466195, 32.199424563927366], [-92.31433195466195, 32.289336450278746], [-92.26937601148626, 32.289336450278746], [-92.26937601148626, 32.33429239345443], [-92.22442006831056, 32.33429239345443], [-92.22442006831056, 32.37924833663012], [-92.17946412513487, 32.37924833663012], [-92.17946412513487, 32.42420427980581], [-92.13450818195918, 32.42420427980581], [-92.13450818195918, 32.4691602229815], [-92.08955223878348, 32.4691602229815], [-91.9996403524321, 32.60402805250856], [-91.90972846608071, 32.60402805250856], [-91.81981657972932, 32.73889588203562], [-91.72990469337793, 32.73889588203562], [-91.72990469337793, 32.783851825211315], [-91.55008092067516, 32.828807768386994], [-91.55008092067516, 32.87376371156269], [-91.46016903432377, 32.87376371156269], [-91.46016903432377, 32.918719654738375], [-91.280345261621, 32.918719654738375], [-91.280345261621, 32.96367559791406], [-91.10052148891822, 32.96367559791406], [-91.10052148891822, 33.00863154108975], [-90.5160942276342, 33.00863154108975], [-90.5160942276342, 32.96367559791406], [-90.24635856858004, 32.918719654738375], [-90.20140262540434, 32.828807768386994], [-90.11149073905295, 32.828807768386994], [-90.11149073905295, 32.783851825211315], [-90.06653479587726, 32.783851825211315], [-90.06653479587726, 32.73889588203562], [-89.93166696635018, 32.64898399568425], [-89.93166696635018, 32.559072109332874], [-89.84175507999879, 32.51411616615718], [-89.84175507999879, 32.42420427980581], [-89.7967991368231, 32.42420427980581], [-89.7967991368231, 32.33429239345443], [-89.7518431936474, 32.33429239345443], [-89.70688725047171, 32.154468620751686], [-89.61697536412032, 32.10951267757599], [-89.61697536412032, 32.01960079122462], [-89.52706347776893, 31.97464484804893], [-89.52706347776893, 31.884732961697555], [-89.43715159141755, 31.839777018521865], [-89.43715159141755, 31.74986513217049], [-89.39219564824185, 31.74986513217049], [-89.39219564824185, 31.7049091889948], [-89.25732781871477, 31.614997302643427], [-89.25732781871477, 31.52508541629205], [-89.21237187553908, 31.52508541629205], [-89.21237187553908, 31.480129473116364], [-89.16741593236338, 31.480129473116364], [-89.16741593236338, 31.390217586764987], [-89.0325481028363, 31.300305700413613], [-89.0325481028363, 31.210393814062236], [-88.94263621648491, 31.16543787088655], [-88.94263621648491, 31.075525984535172], [-88.89768027330922, 31.075525984535172], [-88.89768027330922, 30.985614098183795], [-88.80776838695783, 30.94065815500811], [-88.80776838695783, 30.850746268656735], [-88.76281244378214, 30.850746268656735], [-88.76281244378214, 30.760834382305358], [-88.71785650060644, 30.760834382305358], [-88.71785650060644, 30.67092249595398], [-88.67290055743075, 30.67092249595398], [-88.67290055743075, 30.581010609602608], [-88.62794461425506, 30.581010609602608], [-88.62794461425506, 30.49109872325123], [-88.58298867107936, 30.49109872325123], [-88.58298867107936, 30.401186836899853], [-88.53803272790367, 30.401186836899853], [-88.53803272790367, 30.31127495054848], [-88.49307678472798, 30.31127495054848], [-88.49307678472798, 30.221363064197103], [-88.44812084155228, 30.221363064197103], [-88.44812084155228, 30.131451177845726], [-88.40316489837659, 30.131451177845726], [-88.40316489837659, 29.996583348318666], [-88.3132530120252, 29.951627405142975], [-88.3132530120252, 29.861715518791602], [-88.2682970688495, 29.861715518791602], [-88.2682970688495, 29.771803632440225], [-88.22334112567381, 29.771803632440225], [-88.22334112567381, 29.681891746088848], [-88.13342923932242, 29.63693580291316], [-88.13342923932242, 29.547023916561784], [-88.04351735297104, 29.502067973386097], [-88.04351735297104, 29.412156087034724], [-87.90864952344396, 29.322244200683347], [-87.90864952344396, 29.23233231433197], [-87.81873763709257, 29.187376371156283], [-87.81873763709257, 29.097464484804906], [-87.68386980756549, 29.007552598453533], [-87.68386980756549, 28.917640712102155], [-87.5939579212141, 28.87268476892647], [-87.5490019780384, 28.692860996223715], [-87.45909009168702, 28.647905053048028], [-87.45909009168702, 28.513037223520964], [-87.41413414851132, 28.513037223520964], [-87.41413414851132, 28.42312533716959], [-87.36917820533563, 28.42312533716959], [-87.36917820533563, 28.288257507642527], [-87.32422226215994, 28.288257507642527], [-87.32422226215994, 28.063477791764086], [-87.27926631898424, 28.063477791764086], [-87.27926631898424, 27.56896241683152], [-87.32422226215994, 27.56896241683152], [-87.32422226215994, 27.389138644128767], [-87.36917820533563, 27.389138644128767], [-87.36917820533563, 27.254270814601703], [-87.41413414851132, 27.254270814601703], [-87.41413414851132, 27.119402985074643], [-87.45909009168702, 27.119402985074643], [-87.45909009168702, 27.029491098723266], [-87.5490019780384, 26.98453515554758], [-87.5490019780384, 26.894623269196202], [-87.5939579212141, 26.894623269196202], [-87.5939579212141, 26.849667326020516], [-87.63891386438979, 26.849667326020516], [-87.63891386438979, 26.804711382844825], [-87.68386980756549, 26.804711382844825], [-87.68386980756549, 26.75975543966914], [-87.72882575074118, 26.75975543966914], [-87.72882575074118, 26.714799496493452], [-87.77378169391687, 26.714799496493452], [-87.86369358026826, 26.579931666966388], [-88.04351735297104, 26.5349757237907], [-88.04351735297104, 26.49001978061501], [-88.13342923932242, 26.49001978061501], [-88.13342923932242, 26.445063837439324], [-88.22334112567381, 26.445063837439324], [-88.22334112567381, 26.400107894263638], [-88.3582089552009, 26.400107894263638], [-88.3582089552009, 26.355151951087947], [-88.58298867107936, 26.355151951087947], [-88.58298867107936, 26.31019600791226], [-88.94263621648491, 26.31019600791226], [-88.94263621648491, 26.355151951087947], [-89.21237187553908, 26.355151951087947], [-89.21237187553908, 26.400107894263638], [-89.48210753459324, 26.445063837439324], [-89.48210753459324, 26.49001978061501], [-89.66193130729602, 26.5349757237907], [-89.70688725047171, 26.624887610142075], [-89.88671102317448, 26.66984355331776], [-89.97662290952587, 26.804711382844825], [-90.06653479587726, 26.804711382844825], [-90.06653479587726, 26.849667326020516], [-90.11149073905295, 26.849667326020516], [-90.11149073905295, 26.894623269196202], [-90.20140262540434, 26.894623269196202], [-90.29131451175573, 27.029491098723266], [-90.38122639810712, 27.029491098723266], [-90.4711382844585, 27.16435892825033], [-90.56105017080989, 27.16435892825033], [-90.56105017080989, 27.209314871426017], [-90.60600611398559, 27.209314871426017], [-90.69591800033697, 27.34418270095308], [-90.78582988668836, 27.34418270095308], [-90.78582988668836, 27.389138644128767], [-90.83078582986406, 27.389138644128767], [-90.83078582986406, 27.434094587304457], [-90.92069771621544, 27.434094587304457], [-91.01060960256683, 27.56896241683152], [-91.10052148891822, 27.56896241683152], [-91.10052148891822, 27.613918360007208], [-91.14547743209391, 27.613918360007208], [-91.14547743209391, 27.658874303182895], [-91.2353893184453, 27.658874303182895], [-91.280345261621, 27.748786189534272], [-91.37025714797238, 27.748786189534272], [-91.46016903432377, 27.883654019061336], [-91.55008092067516, 27.883654019061336], [-91.55008092067516, 27.928609962237022], [-91.59503686385085, 27.928609962237022], [-91.59503686385085, 27.973565905412713], [-91.63999280702654, 27.973565905412713], [-91.63999280702654, 28.0185218485884], [-91.68494875020224, 28.0185218485884], [-91.68494875020224, 28.063477791764086], [-91.72990469337793, 28.063477791764086], [-91.72990469337793, 28.108433734939773], [-91.77486063655363, 28.108433734939773], [-91.77486063655363, 28.153389678115463], [-91.90972846608071, 28.243301564466837], [-91.90972846608071, 28.333213450818214], [-91.9546844092564, 28.333213450818214], [-91.9546844092564, 28.3781693939939], [-92.08955223878348, 28.468081280345277], [-92.08955223878348, 28.557993166696654], [-92.17946412513487, 28.60294910987234], [-92.17946412513487, 28.692860996223715], [-92.22442006831056, 28.692860996223715], [-92.22442006831056, 28.78277288257509], [-92.26937601148626, 28.78277288257509], [-92.26937601148626, 28.87268476892647], [-92.31433195466195, 28.87268476892647], [-92.31433195466195, 28.962596655277842], [-92.35928789783765, 28.962596655277842], [-92.35928789783765, 29.05250854162922], [-92.40424384101334, 29.05250854162922], [-92.40424384101334, 29.142420427980596], [-92.44919978418903, 29.142420427980596], [-92.44919978418903, 29.27728825750766], [-92.49415572736473, 29.27728825750766], [-92.49415572736473, 29.367200143859034], [-92.53911167054042, 29.367200143859034], [-92.53911167054042, 29.502067973386097], [-92.58406761371612, 29.502067973386097], [-92.58406761371612, 29.63693580291316], [-92.62902355689181, 29.63693580291316], [-92.62902355689181, 29.81675957561591], [-92.6739795000675, 29.81675957561591], [-92.6739795000675, 29.996583348318666], [-92.7189354432432, 29.996583348318666], [-92.7189354432432, 30.176407121021416], [-92.76389138641889, 30.176407121021416], [-92.76389138641889, 30.446142780075544], [-92.80884732959458, 30.446142780075544]], [[-92.22442006831056, 30.31127495054848], [-92.17946412513487, 30.31127495054848], [-92.17946412513487, 29.951627405142975], [-92.13450818195918, 29.951627405142975], [-92.13450818195918, 29.771803632440225], [-92.08955223878348, 29.771803632440225], [-92.08955223878348, 29.591979859737474], [-92.04459629560779, 29.591979859737474], [-91.9996403524321, 29.322244200683347], [-91.9546844092564, 29.322244200683347], [-91.9546844092564, 29.23233231433197], [-91.90972846608071, 29.23233231433197], [-91.90972846608071, 29.097464484804906], [-91.86477252290501, 29.097464484804906], [-91.81981657972932, 28.917640712102155], [-91.77486063655363, 28.917640712102155], [-91.77486063655363, 28.87268476892647], [-91.72990469337793, 28.87268476892647], [-91.72990469337793, 28.78277288257509], [-91.63999280702654, 28.737816939399405], [-91.63999280702654, 28.647905053048028], [-91.59503686385085, 28.647905053048028], [-91.59503686385085, 28.60294910987234], [-91.46016903432377, 28.513037223520964], [-91.46016903432377, 28.42312533716959], [-91.41521309114808, 28.42312533716959], [-91.41521309114808, 28.3781693939939], [-91.37025714797238, 28.3781693939939], [-91.37025714797238, 28.333213450818214], [-91.32530120479669, 28.333213450818214], [-91.32530120479669, 28.288257507642527], [-91.280345261621, 28.288257507642527], [-91.280345261621, 28.243301564466837], [-91.2353893184453, 28.243301564466837], [-91.2353893184453, 28.19834562129115], [-91.1904333752696, 28.19834562129115], [-91.1904333752696, 28.153389678115463], [-91.14547743209391, 28.153389678115463], [-91.14547743209391, 28.108433734939773], [-91.10052148891822, 28.108433734939773], [-91.01060960256683, 27.973565905412713], [-90.92069771621544, 27.973565905412713], [-90.92069771621544, 27.928609962237022], [-90.87574177303975, 27.928609962237022], [-90.87574177303975, 27.883654019061336], [-90.83078582986406, 27.883654019061336], [-90.74087394351267, 27.748786189534272], [-90.65096205716128, 27.748786189534272], [-90.65096205716128, 27.703830246358585], [-90.60600611398559, 27.703830246358585], [-90.5160942276342, 27.56896241683152], [-90.42618234128281, 27.56896241683152], [-90.42618234128281, 27.52400647365583], [-90.38122639810712, 27.52400647365583], [-90.38122639810712, 27.479050530480144], [-90.33627045493142, 27.479050530480144], [-90.33627045493142, 27.434094587304457], [-90.29131451175573, 27.434094587304457], [-90.20140262540434, 27.299226757777394], [-90.11149073905295, 27.299226757777394], [-90.02157885270157, 27.16435892825033], [-89.93166696635018, 27.16435892825033], [-89.93166696635018, 27.119402985074643], [-89.88671102317448, 27.119402985074643], [-89.84175507999879, 27.029491098723266], [-89.7518431936474, 27.029491098723266], [-89.66193130729602, 26.894623269196202], [-89.48210753459324, 26.849667326020516], [-89.48210753459324, 26.804711382844825], [-89.39219564824185, 26.804711382844825], [-89.39219564824185, 26.75975543966914], [-89.30228376189046, 26.75975543966914], [-89.30228376189046, 26.714799496493452], [-89.16741593236338, 26.714799496493452], [-89.16741593236338, 26.66984355331776], [-88.98759215966061, 26.66984355331776], [-88.98759215966061, 26.624887610142075], [-88.53803272790367, 26.624887610142075], [-88.53803272790367, 26.66984355331776], [-88.3582089552009, 26.66984355331776], [-88.3582089552009, 26.714799496493452], [-88.2682970688495, 26.714799496493452], [-88.2682970688495, 26.75975543966914], [-88.08847329614673, 26.804711382844825], [-88.08847329614673, 26.849667326020516], [-88.04351735297104, 26.849667326020516], [-87.99856140979534, 26.93957921237189], [-87.90864952344396, 26.93957921237189], [-87.90864952344396, 27.029491098723266], [-87.77378169391687, 27.119402985074643], [-87.77378169391687, 27.209314871426017], [-87.72882575074118, 27.209314871426017], [-87.72882575074118, 27.299226757777394], [-87.68386980756549, 27.299226757777394], [-87.68386980756549, 27.389138644128767], [-87.63891386438979, 27.389138644128767], [-87.63891386438979, 27.56896241683152], [-87.5939579212141, 27.56896241683152], [-87.5939579212141, 28.108433734939773], [-87.63891386438979, 28.108433734939773], [-87.63891386438979, 28.243301564466837], [-87.68386980756549, 28.243301564466837], [-87.68386980756549, 28.3781693939939], [-87.72882575074118, 28.3781693939939], [-87.72882575074118, 28.468081280345277], [-87.77378169391687, 28.468081280345277], [-87.81873763709257, 28.647905053048028], [-87.95360546661965, 28.737816939399405], [-87.95360546661965, 28.82772882575078], [-88.08847329614673, 28.917640712102155], [-88.08847329614673, 29.007552598453533], [-88.13342923932242, 29.007552598453533], [-88.13342923932242, 29.05250854162922], [-88.17838518249812, 29.05250854162922], [-88.17838518249812, 29.097464484804906], [-88.22334112567381, 29.097464484804906], [-88.22334112567381, 29.142420427980596], [-88.3582089552009, 29.23233231433197], [-88.3582089552009, 29.322244200683347], [-88.40316489837659, 29.322244200683347], [-88.40316489837659, 29.367200143859034], [-88.44812084155228, 29.367200143859034], [-88.44812084155228, 29.412156087034724], [-88.49307678472798, 29.412156087034724], [-88.49307678472798, 29.45711203021041], [-88.62794461425506, 29.547023916561784], [-88.62794461425506, 29.63693580291316], [-88.67290055743075, 29.63693580291316], [-88.67290055743075, 29.681891746088848], [-88.76281244378214, 29.726847689264538], [-88.76281244378214, 29.81675957561591], [-88.89768027330922, 29.90667146196729], [-88.89768027330922, 29.996583348318666], [-88.98759215966061, 30.041539291494352], [-88.98759215966061, 30.131451177845726], [-89.077504046012, 30.176407121021416], [-89.077504046012, 30.26631900737279], [-89.16741593236338, 30.31127495054848], [-89.16741593236338, 30.401186836899853], [-89.30228376189046, 30.49109872325123], [-89.30228376189046, 30.581010609602608], [-89.43715159141755, 30.67092249595398], [-89.43715159141755, 30.760834382305358], [-89.52706347776893, 30.805790325481045], [-89.52706347776893, 30.895702211832422], [-89.57201942094463, 30.895702211832422], [-89.57201942094463, 30.94065815500811], [-89.70688725047171, 31.030570041359486], [-89.70688725047171, 31.12048192771086], [-89.7518431936474, 31.12048192771086], [-89.7518431936474, 31.16543787088655], [-89.7967991368231, 31.16543787088655], [-89.7967991368231, 31.210393814062236], [-89.93166696635018, 31.300305700413613], [-89.93166696635018, 31.390217586764987], [-90.02157885270157, 31.435173529940677], [-90.02157885270157, 31.52508541629205], [-90.06653479587726, 31.52508541629205], [-90.06653479587726, 31.570041359467737], [-90.20140262540434, 31.659953245819114], [-90.20140262540434, 31.74986513217049], [-90.24635856858004, 31.74986513217049], [-90.24635856858004, 31.794821075346178], [-90.29131451175573, 31.794821075346178], [-90.29131451175573, 31.839777018521865], [-90.33627045493142, 31.839777018521865], [-90.33627045493142, 31.884732961697555], [-90.38122639810712, 31.884732961697555], [-90.4711382844585, 32.01960079122462], [-90.56105017080989, 32.01960079122462], [-90.60600611398559, 32.10951267757599], [-90.69591800033697, 32.10951267757599], [-90.69591800033697, 32.154468620751686], [-90.78582988668836, 32.154468620751686], [-90.78582988668836, 32.199424563927366], [-90.92069771621544, 32.199424563927366], [-90.92069771621544, 32.24438050710306], [-91.1904333752696, 32.24438050710306], [-91.1904333752696, 32.199424563927366], [-91.32530120479669, 32.199424563927366], [-91.32530120479669, 32.154468620751686], [-91.41521309114808, 32.154468620751686], [-91.41521309114808, 32.10951267757599], [-91.59503686385085, 32.064556734400306], [-91.59503686385085, 32.01960079122462], [-91.63999280702654, 32.01960079122462], [-91.63999280702654, 31.97464484804893], [-91.77486063655363, 31.884732961697555], [-91.77486063655363, 31.794821075346178], [-91.86477252290501, 31.74986513217049], [-91.86477252290501, 31.659953245819114], [-91.9546844092564, 31.614997302643427], [-91.9546844092564, 31.52508541629205], [-91.9996403524321, 31.52508541629205], [-91.9996403524321, 31.435173529940677], [-92.04459629560779, 31.435173529940677], [-92.04459629560779, 31.3452616435893], [-92.08955223878348, 31.3452616435893], [-92.08955223878348, 31.210393814062236], [-92.13450818195918, 31.210393814062236], [-92.13450818195918, 31.030570041359486], [-92.17946412513487, 31.030570041359486], [-92.17946412513487, 30.71587843912967], [-92.22442006831056, 30.71587843912967], [-92.22442006831056, 30.31127495054848]]]]}}, {"type": "Feature", "properties": {"shapefile": "2021082906_wsp64knt120hr_5km", "PERCENTAGE": "5-10%"}, "geometry": {"type": "MultiPolygon", "coordinates": [[[[-92.22442006831056, 30.31127495054848], [-92.22442006831056, 30.71587843912967], [-92.17946412513487, 30.71587843912967], [-92.17946412513487, 31.030570041359486], [-92.13450818195918, 31.030570041359486], [-92.13450818195918, 31.210393814062236], [-92.08955223878348, 31.210393814062236], [-92.08955223878348, 31.3452616435893], [-92.04459629560779, 31.3452616435893], [-92.04459629560779, 31.435173529940677], [-91.9996403524321, 31.435173529940677], [-91.9546844092564, 31.614997302643427], [-91.86477252290501, 31.659953245819114], [-91.86477252290501, 31.74986513217049], [-91.77486063655363, 31.794821075346178], [-91.77486063655363, 31.884732961697555], [-91.72990469337793, 31.884732961697555], [-91.72990469337793, 31.92968890487324], [-91.68494875020224, 31.92968890487324], [-91.59503686385085, 32.064556734400306], [-91.50512497749946, 32.064556734400306], [-91.50512497749946, 32.10951267757599], [-91.41521309114808, 32.10951267757599], [-91.41521309114808, 32.154468620751686], [-91.32530120479669, 32.154468620751686], [-91.32530120479669, 32.199424563927366], [-91.1904333752696, 32.199424563927366], [-91.1904333752696, 32.24438050710306], [-90.92069771621544, 32.24438050710306], [-90.92069771621544, 32.199424563927366], [-90.78582988668836, 32.199424563927366], [-90.78582988668836, 32.154468620751686], [-90.69591800033697, 32.154468620751686], [-90.69591800033697, 32.10951267757599], [-90.60600611398559, 32.10951267757599], [-90.56105017080989, 32.01960079122462], [-90.4711382844585, 32.01960079122462], [-90.4711382844585, 31.97464484804893], [-90.42618234128281, 31.97464484804893], [-90.42618234128281, 31.92968890487324], [-90.38122639810712, 31.92968890487324], [-90.38122639810712, 31.884732961697555], [-90.33627045493142, 31.884732961697555], [-90.33627045493142, 31.839777018521865], [-90.20140262540434, 31.74986513217049], [-90.20140262540434, 31.659953245819114], [-90.15644668222865, 31.659953245819114], [-90.15644668222865, 31.614997302643427], [-90.02157885270157, 31.52508541629205], [-90.02157885270157, 31.435173529940677], [-89.93166696635018, 31.390217586764987], [-89.93166696635018, 31.300305700413613], [-89.88671102317448, 31.300305700413613], [-89.88671102317448, 31.255349757237923], [-89.84175507999879, 31.255349757237923], [-89.84175507999879, 31.210393814062236], [-89.70688725047171, 31.12048192771086], [-89.70688725047171, 31.030570041359486], [-89.66193130729602, 31.030570041359486], [-89.66193130729602, 30.985614098183795], [-89.52706347776893, 30.895702211832422], [-89.52706347776893, 30.805790325481045], [-89.48210753459324, 30.805790325481045], [-89.48210753459324, 30.760834382305358], [-89.43715159141755, 30.760834382305358], [-89.43715159141755, 30.67092249595398], [-89.30228376189046, 30.581010609602608], [-89.30228376189046, 30.49109872325123], [-89.16741593236338, 30.401186836899853], [-89.16741593236338, 30.31127495054848], [-89.077504046012, 30.26631900737279], [-89.077504046012, 30.176407121021416], [-89.0325481028363, 30.176407121021416], [-89.0325481028363, 30.131451177845726], [-88.98759215966061, 30.131451177845726], [-88.98759215966061, 30.041539291494352], [-88.89768027330922, 29.996583348318666], [-88.89768027330922, 29.90667146196729], [-88.85272433013353, 29.90667146196729], [-88.85272433013353, 29.861715518791602], [-88.76281244378214, 29.81675957561591], [-88.76281244378214, 29.726847689264538], [-88.62794461425506, 29.63693580291316], [-88.62794461425506, 29.547023916561784], [-88.58298867107936, 29.547023916561784], [-88.58298867107936, 29.502067973386097], [-88.53803272790367, 29.502067973386097], [-88.53803272790367, 29.45711203021041], [-88.49307678472798, 29.45711203021041], [-88.49307678472798, 29.412156087034724], [-88.3582089552009, 29.322244200683347], [-88.3582089552009, 29.23233231433197], [-88.3132530120252, 29.23233231433197], [-88.3132530120252, 29.187376371156283], [-88.2682970688495, 29.187376371156283], [-88.2682970688495, 29.142420427980596], [-88.22334112567381, 29.142420427980596], [-88.22334112567381, 29.097464484804906], [-88.08847329614673, 29.007552598453533], [-88.08847329614673, 28.917640712102155], [-88.04351735297104, 28.917640712102155], [-88.04351735297104, 28.87268476892647], [-87.95360546661965, 28.82772882575078], [-87.95360546661965, 28.737816939399405], [-87.81873763709257, 28.647905053048028], [-87.81873763709257, 28.557993166696654], [-87.77378169391687, 28.557993166696654], [-87.77378169391687, 28.468081280345277], [-87.72882575074118, 28.468081280345277], [-87.72882575074118, 28.3781693939939], [-87.68386980756549, 28.3781693939939], [-87.63891386438979, 28.108433734939773], [-87.5939579212141, 28.108433734939773], [-87.5939579212141, 27.56896241683152], [-87.63891386438979, 27.56896241683152], [-87.63891386438979, 27.389138644128767], [-87.68386980756549, 27.389138644128767], [-87.68386980756549, 27.299226757777394], [-87.72882575074118, 27.299226757777394], [-87.77378169391687, 27.119402985074643], [-87.81873763709257, 27.119402985074643], [-87.81873763709257, 27.074447041898953], [-87.90864952344396, 27.029491098723266], [-87.90864952344396, 26.93957921237189], [-87.99856140979534, 26.93957921237189], [-88.08847329614673, 26.804711382844825], [-88.2682970688495, 26.75975543966914], [-88.2682970688495, 26.714799496493452], [-88.3582089552009, 26.714799496493452], [-88.3582089552009, 26.66984355331776], [-88.53803272790367, 26.66984355331776], [-88.53803272790367, 26.624887610142075], [-88.98759215966061, 26.624887610142075], [-88.98759215966061, 26.66984355331776], [-89.16741593236338, 26.66984355331776], [-89.16741593236338, 26.714799496493452], [-89.30228376189046, 26.714799496493452], [-89.30228376189046, 26.75975543966914], [-89.48210753459324, 26.804711382844825], [-89.48210753459324, 26.849667326020516], [-89.66193130729602, 26.894623269196202], [-89.7518431936474, 27.029491098723266], [-89.84175507999879, 27.029491098723266], [-89.93166696635018, 27.16435892825033], [-90.02157885270157, 27.16435892825033], [-90.11149073905295, 27.299226757777394], [-90.20140262540434, 27.299226757777394], [-90.20140262540434, 27.34418270095308], [-90.24635856858004, 27.34418270095308], [-90.24635856858004, 27.389138644128767], [-90.29131451175573, 27.389138644128767], [-90.29131451175573, 27.434094587304457], [-90.33627045493142, 27.434094587304457], [-90.42618234128281, 27.56896241683152], [-90.5160942276342, 27.56896241683152], [-90.5160942276342, 27.613918360007208], [-90.56105017080989, 27.613918360007208], [-90.65096205716128, 27.748786189534272], [-90.74087394351267, 27.748786189534272], [-90.74087394351267, 27.79374213270996], [-90.78582988668836, 27.79374213270996], [-90.78582988668836, 27.83869807588565], [-90.83078582986406, 27.83869807588565], [-90.92069771621544, 27.973565905412713], [-91.01060960256683, 27.973565905412713], [-91.01060960256683, 28.0185218485884], [-91.05556554574252, 28.0185218485884], [-91.05556554574252, 28.063477791764086], [-91.10052148891822, 28.063477791764086], [-91.10052148891822, 28.108433734939773], [-91.14547743209391, 28.108433734939773], [-91.14547743209391, 28.153389678115463], [-91.1904333752696, 28.153389678115463], [-91.1904333752696, 28.19834562129115], [-91.2353893184453, 28.19834562129115], [-91.2353893184453, 28.243301564466837], [-91.280345261621, 28.243301564466837], [-91.280345261621, 28.288257507642527], [-91.32530120479669, 28.288257507642527], [-91.32530120479669, 28.333213450818214], [-91.46016903432377, 28.42312533716959], [-91.46016903432377, 28.513037223520964], [-91.50512497749946, 28.513037223520964], [-91.50512497749946, 28.557993166696654], [-91.63999280702654, 28.647905053048028], [-91.63999280702654, 28.737816939399405], [-91.68494875020224, 28.737816939399405], [-91.68494875020224, 28.78277288257509], [-91.72990469337793, 28.78277288257509], [-91.72990469337793, 28.87268476892647], [-91.81981657972932, 28.917640712102155], [-91.81981657972932, 29.007552598453533], [-91.86477252290501, 29.007552598453533], [-91.86477252290501, 29.097464484804906], [-91.90972846608071, 29.097464484804906], [-91.90972846608071, 29.23233231433197], [-91.9546844092564, 29.23233231433197], [-91.9546844092564, 29.322244200683347], [-91.9996403524321, 29.322244200683347], [-91.9996403524321, 29.45711203021041], [-92.04459629560779, 29.45711203021041], [-92.04459629560779, 29.591979859737474], [-92.08955223878348, 29.591979859737474], [-92.08955223878348, 29.771803632440225], [-92.13450818195918, 29.771803632440225], [-92.13450818195918, 29.951627405142975], [-92.17946412513487, 29.951627405142975], [-92.17946412513487, 30.31127495054848], [-92.22442006831056, 30.31127495054848]], [[-91.9546844092564, 29.951627405142975], [-91.90972846608071, 29.951627405142975], [-91.86477252290501, 29.547023916561784], [-91.81981657972932, 29.547023916561784], [-91.77486063655363, 29.27728825750766], [-91.72990469337793, 29.27728825750766], [-91.72990469337793, 29.187376371156283], [-91.68494875020224, 29.187376371156283], [-91.63999280702654, 29.007552598453533], [-91.55008092067516, 28.962596655277842], [-91.55008092067516, 28.87268476892647], [-91.46016903432377, 28.82772882575078], [-91.46016903432377, 28.737816939399405], [-91.32530120479669, 28.647905053048028], [-91.32530120479669, 28.557993166696654], [-91.280345261621, 28.557993166696654], [-91.280345261621, 28.513037223520964], [-91.2353893184453, 28.513037223520964], [-91.2353893184453, 28.468081280345277], [-91.1904333752696, 28.468081280345277], [-91.1904333752696, 28.42312533716959], [-91.14547743209391, 28.42312533716959], [-91.14547743209391, 28.3781693939939], [-91.10052148891822, 28.3781693939939], [-91.10052148891822, 28.333213450818214], [-91.05556554574252, 28.333213450818214], [-91.05556554574252, 28.288257507642527], [-91.01060960256683, 28.288257507642527], [-91.01060960256683, 28.243301564466837], [-90.87574177303975, 28.153389678115463], [-90.87574177303975, 28.108433734939773], [-90.78582988668836, 28.108433734939773], [-90.78582988668836, 28.063477791764086], [-90.74087394351267, 28.063477791764086], [-90.74087394351267, 28.0185218485884], [-90.69591800033697, 28.0185218485884], [-90.69591800033697, 27.973565905412713], [-90.65096205716128, 27.973565905412713], [-90.65096205716128, 27.928609962237022], [-90.5160942276342, 27.83869807588565], [-90.5160942276342, 27.79374213270996], [-90.42618234128281, 27.79374213270996], [-90.42618234128281, 27.748786189534272], [-90.38122639810712, 27.748786189534272], [-90.38122639810712, 27.703830246358585], [-90.33627045493142, 27.703830246358585], [-90.33627045493142, 27.658874303182895], [-90.29131451175573, 27.658874303182895], [-90.20140262540434, 27.52400647365583], [-90.11149073905295, 27.52400647365583], [-90.11149073905295, 27.479050530480144], [-90.06653479587726, 27.479050530480144], [-90.06653479587726, 27.434094587304457], [-90.02157885270157, 27.434094587304457], [-89.93166696635018, 27.299226757777394], [-89.84175507999879, 27.299226757777394], [-89.84175507999879, 27.254270814601703], [-89.7967991368231, 27.254270814601703], [-89.7518431936474, 27.16435892825033], [-89.66193130729602, 27.16435892825033], [-89.57201942094463, 27.029491098723266], [-89.39219564824185, 26.98453515554758], [-89.34723970506616, 26.894623269196202], [-89.077504046012, 26.849667326020516], [-89.077504046012, 26.804711382844825], [-88.44812084155228, 26.804711382844825], [-88.44812084155228, 26.849667326020516], [-88.3132530120252, 26.849667326020516], [-88.3132530120252, 26.894623269196202], [-88.22334112567381, 26.894623269196202], [-88.17838518249812, 26.98453515554758], [-88.08847329614673, 26.98453515554758], [-88.08847329614673, 27.029491098723266], [-87.95360546661965, 27.119402985074643], [-87.95360546661965, 27.209314871426017], [-87.90864952344396, 27.209314871426017], [-87.90864952344396, 27.254270814601703], [-87.86369358026826, 27.254270814601703], [-87.86369358026826, 27.34418270095308], [-87.81873763709257, 27.34418270095308], [-87.81873763709257, 27.479050530480144], [-87.77378169391687, 27.479050530480144], [-87.77378169391687, 27.703830246358585], [-87.72882575074118, 27.703830246358585], [-87.77378169391687, 28.19834562129115], [-87.81873763709257, 28.19834562129115], [-87.81873763709257, 28.288257507642527], [-87.86369358026826, 28.288257507642527], [-87.86369358026826, 28.3781693939939], [-87.90864952344396, 28.3781693939939], [-87.90864952344396, 28.468081280345277], [-87.95360546661965, 28.468081280345277], [-87.95360546661965, 28.557993166696654], [-87.99856140979534, 28.557993166696654], [-87.99856140979534, 28.60294910987234], [-88.08847329614673, 28.647905053048028], [-88.08847329614673, 28.737816939399405], [-88.13342923932242, 28.737816939399405], [-88.13342923932242, 28.78277288257509], [-88.2682970688495, 28.87268476892647], [-88.2682970688495, 28.962596655277842], [-88.3132530120252, 28.962596655277842], [-88.3132530120252, 29.007552598453533], [-88.3582089552009, 29.007552598453533], [-88.3582089552009, 29.05250854162922], [-88.40316489837659, 29.05250854162922], [-88.40316489837659, 29.097464484804906], [-88.44812084155228, 29.097464484804906], [-88.44812084155228, 29.142420427980596], [-88.49307678472798, 29.142420427980596], [-88.49307678472798, 29.187376371156283], [-88.53803272790367, 29.187376371156283], [-88.53803272790367, 29.23233231433197], [-88.58298867107936, 29.23233231433197], [-88.58298867107936, 29.27728825750766], [-88.71785650060644, 29.367200143859034], [-88.71785650060644, 29.45711203021041], [-88.76281244378214, 29.45711203021041], [-88.76281244378214, 29.502067973386097], [-88.80776838695783, 29.502067973386097], [-88.80776838695783, 29.547023916561784], [-88.94263621648491, 29.63693580291316], [-88.94263621648491, 29.726847689264538], [-88.98759215966061, 29.726847689264538], [-88.98759215966061, 29.771803632440225], [-89.12245998918769, 29.861715518791602], [-89.12245998918769, 29.951627405142975], [-89.21237187553908, 29.996583348318666], [-89.21237187553908, 30.08649523467004], [-89.30228376189046, 30.131451177845726], [-89.30228376189046, 30.221363064197103], [-89.34723970506616, 30.221363064197103], [-89.34723970506616, 30.26631900737279], [-89.48210753459324, 30.356230893724167], [-89.48210753459324, 30.446142780075544], [-89.61697536412032, 30.536054666426917], [-89.61697536412032, 30.625966552778294], [-89.70688725047171, 30.67092249595398], [-89.70688725047171, 30.760834382305358], [-89.7518431936474, 30.760834382305358], [-89.7518431936474, 30.805790325481045], [-89.7967991368231, 30.805790325481045], [-89.7967991368231, 30.850746268656735], [-89.84175507999879, 30.850746268656735], [-89.84175507999879, 30.895702211832422], [-89.88671102317448, 30.895702211832422], [-89.88671102317448, 30.94065815500811], [-89.93166696635018, 30.94065815500811], [-89.93166696635018, 30.985614098183795], [-89.97662290952587, 30.985614098183795], [-89.97662290952587, 31.030570041359486], [-90.02157885270157, 31.030570041359486], [-90.02157885270157, 31.075525984535172], [-90.06653479587726, 31.075525984535172], [-90.06653479587726, 31.12048192771086], [-90.11149073905295, 31.12048192771086], [-90.11149073905295, 31.16543787088655], [-90.24635856858004, 31.255349757237923], [-90.24635856858004, 31.3452616435893], [-90.29131451175573, 31.3452616435893], [-90.38122639810712, 31.480129473116364], [-90.4711382844585, 31.480129473116364], [-90.4711382844585, 31.52508541629205], [-90.5160942276342, 31.52508541629205], [-90.60600611398559, 31.659953245819114], [-90.69591800033697, 31.659953245819114], [-90.78582988668836, 31.794821075346178], [-90.87574177303975, 31.794821075346178], [-90.87574177303975, 31.839777018521865], [-90.96565365939114, 31.839777018521865], [-90.96565365939114, 31.884732961697555], [-91.01060960256683, 31.884732961697555], [-91.01060960256683, 31.839777018521865], [-91.14547743209391, 31.839777018521865], [-91.14547743209391, 31.794821075346178], [-91.41521309114808, 31.74986513217049], [-91.41521309114808, 31.7049091889948], [-91.50512497749946, 31.7049091889948], [-91.50512497749946, 31.659953245819114], [-91.55008092067516, 31.659953245819114], [-91.55008092067516, 31.570041359467737], [-91.59503686385085, 31.570041359467737], [-91.59503686385085, 31.52508541629205], [-91.72990469337793, 31.435173529940677], [-91.72990469337793, 31.3452616435893], [-91.77486063655363, 31.3452616435893], [-91.77486063655363, 31.255349757237923], [-91.81981657972932, 31.255349757237923], [-91.81981657972932, 31.16543787088655], [-91.86477252290501, 31.16543787088655], [-91.86477252290501, 31.030570041359486], [-91.90972846608071, 31.030570041359486], [-91.90972846608071, 30.71587843912967], [-91.9546844092564, 30.71587843912967], [-91.9546844092564, 29.951627405142975]]]]}}, {"type": "Feature", "properties": {"shapefile": "2021082906_wsp64knt120hr_5km", "PERCENTAGE": "10-20%"}, "geometry": {"type": "MultiPolygon", "coordinates": [[[[-91.9546844092564, 29.951627405142975], [-91.9546844092564, 30.71587843912967], [-91.90972846608071, 30.71587843912967], [-91.90972846608071, 31.030570041359486], [-91.86477252290501, 31.030570041359486], [-91.86477252290501, 31.16543787088655], [-91.81981657972932, 31.16543787088655], [-91.81981657972932, 31.255349757237923], [-91.77486063655363, 31.255349757237923], [-91.77486063655363, 31.3452616435893], [-91.72990469337793, 31.3452616435893], [-91.72990469337793, 31.435173529940677], [-91.68494875020224, 31.435173529940677], [-91.68494875020224, 31.480129473116364], [-91.55008092067516, 31.570041359467737], [-91.55008092067516, 31.659953245819114], [-91.50512497749946, 31.659953245819114], [-91.50512497749946, 31.7049091889948], [-91.41521309114808, 31.7049091889948], [-91.41521309114808, 31.74986513217049], [-91.14547743209391, 31.794821075346178], [-91.14547743209391, 31.839777018521865], [-91.01060960256683, 31.839777018521865], [-91.01060960256683, 31.884732961697555], [-90.96565365939114, 31.884732961697555], [-90.96565365939114, 31.839777018521865], [-90.87574177303975, 31.839777018521865], [-90.87574177303975, 31.794821075346178], [-90.78582988668836, 31.794821075346178], [-90.78582988668836, 31.74986513217049], [-90.74087394351267, 31.74986513217049], [-90.69591800033697, 31.659953245819114], [-90.60600611398559, 31.659953245819114], [-90.60600611398559, 31.614997302643427], [-90.56105017080989, 31.614997302643427], [-90.4711382844585, 31.480129473116364], [-90.38122639810712, 31.480129473116364], [-90.38122639810712, 31.435173529940677], [-90.24635856858004, 31.3452616435893], [-90.24635856858004, 31.255349757237923], [-90.20140262540434, 31.255349757237923], [-90.20140262540434, 31.210393814062236], [-90.15644668222865, 31.210393814062236], [-90.15644668222865, 31.16543787088655], [-90.11149073905295, 31.16543787088655], [-90.11149073905295, 31.12048192771086], [-90.06653479587726, 31.12048192771086], [-90.06653479587726, 31.075525984535172], [-90.02157885270157, 31.075525984535172], [-90.02157885270157, 31.030570041359486], [-89.97662290952587, 31.030570041359486], [-89.97662290952587, 30.985614098183795], [-89.93166696635018, 30.985614098183795], [-89.93166696635018, 30.94065815500811], [-89.88671102317448, 30.94065815500811], [-89.88671102317448, 30.895702211832422], [-89.84175507999879, 30.895702211832422], [-89.84175507999879, 30.850746268656735], [-89.70688725047171, 30.760834382305358], [-89.70688725047171, 30.67092249595398], [-89.66193130729602, 30.67092249595398], [-89.66193130729602, 30.625966552778294], [-89.61697536412032, 30.625966552778294], [-89.61697536412032, 30.536054666426917], [-89.48210753459324, 30.446142780075544], [-89.48210753459324, 30.356230893724167], [-89.43715159141755, 30.356230893724167], [-89.43715159141755, 30.31127495054848], [-89.30228376189046, 30.221363064197103], [-89.30228376189046, 30.131451177845726], [-89.21237187553908, 30.08649523467004], [-89.21237187553908, 29.996583348318666], [-89.12245998918769, 29.951627405142975], [-89.12245998918769, 29.861715518791602], [-89.077504046012, 29.861715518791602], [-89.077504046012, 29.81675957561591], [-88.94263621648491, 29.726847689264538], [-88.94263621648491, 29.63693580291316], [-88.89768027330922, 29.63693580291316], [-88.89768027330922, 29.591979859737474], [-88.85272433013353, 29.591979859737474], [-88.85272433013353, 29.547023916561784], [-88.71785650060644, 29.45711203021041], [-88.71785650060644, 29.367200143859034], [-88.67290055743075, 29.367200143859034], [-88.67290055743075, 29.322244200683347], [-88.62794461425506, 29.322244200683347], [-88.62794461425506, 29.27728825750766], [-88.58298867107936, 29.27728825750766], [-88.58298867107936, 29.23233231433197], [-88.53803272790367, 29.23233231433197], [-88.53803272790367, 29.187376371156283], [-88.49307678472798, 29.187376371156283], [-88.49307678472798, 29.142420427980596], [-88.44812084155228, 29.142420427980596], [-88.44812084155228, 29.097464484804906], [-88.40316489837659, 29.097464484804906], [-88.40316489837659, 29.05250854162922], [-88.2682970688495, 28.962596655277842], [-88.2682970688495, 28.87268476892647], [-88.22334112567381, 28.87268476892647], [-88.22334112567381, 28.82772882575078], [-88.08847329614673, 28.737816939399405], [-88.08847329614673, 28.647905053048028], [-87.95360546661965, 28.557993166696654], [-87.95360546661965, 28.468081280345277], [-87.90864952344396, 28.468081280345277], [-87.90864952344396, 28.3781693939939], [-87.86369358026826, 28.3781693939939], [-87.86369358026826, 28.288257507642527], [-87.81873763709257, 28.288257507642527], [-87.81873763709257, 28.19834562129115], [-87.77378169391687, 28.19834562129115], [-87.77378169391687, 27.928609962237022], [-87.72882575074118, 27.928609962237022], [-87.77378169391687, 27.479050530480144], [-87.81873763709257, 27.479050530480144], [-87.81873763709257, 27.34418270095308], [-87.86369358026826, 27.34418270095308], [-87.86369358026826, 27.254270814601703], [-87.95360546661965, 27.209314871426017], [-87.95360546661965, 27.119402985074643], [-87.99856140979534, 27.119402985074643], [-88.08847329614673, 26.98453515554758], [-88.17838518249812, 26.98453515554758], [-88.22334112567381, 26.894623269196202], [-88.3132530120252, 26.894623269196202], [-88.3132530120252, 26.849667326020516], [-88.44812084155228, 26.849667326020516], [-88.44812084155228, 26.804711382844825], [-89.077504046012, 26.804711382844825], [-89.077504046012, 26.849667326020516], [-89.34723970506616, 26.894623269196202], [-89.39219564824185, 26.98453515554758], [-89.57201942094463, 27.029491098723266], [-89.66193130729602, 27.16435892825033], [-89.7518431936474, 27.16435892825033], [-89.84175507999879, 27.299226757777394], [-89.93166696635018, 27.299226757777394], [-89.93166696635018, 27.34418270095308], [-89.97662290952587, 27.34418270095308], [-89.97662290952587, 27.389138644128767], [-90.02157885270157, 27.389138644128767], [-90.11149073905295, 27.52400647365583], [-90.20140262540434, 27.52400647365583], [-90.20140262540434, 27.56896241683152], [-90.24635856858004, 27.56896241683152], [-90.24635856858004, 27.613918360007208], [-90.29131451175573, 27.613918360007208], [-90.29131451175573, 27.658874303182895], [-90.33627045493142, 27.658874303182895], [-90.42618234128281, 27.79374213270996], [-90.5160942276342, 27.79374213270996], [-90.5160942276342, 27.83869807588565], [-90.56105017080989, 27.83869807588565], [-90.56105017080989, 27.883654019061336], [-90.60600611398559, 27.883654019061336], [-90.60600611398559, 27.928609962237022], [-90.65096205716128, 27.928609962237022], [-90.65096205716128, 27.973565905412713], [-90.69591800033697, 27.973565905412713], [-90.78582988668836, 28.108433734939773], [-90.87574177303975, 28.108433734939773], [-90.87574177303975, 28.153389678115463], [-90.92069771621544, 28.153389678115463], [-90.92069771621544, 28.19834562129115], [-90.96565365939114, 28.19834562129115], [-90.96565365939114, 28.243301564466837], [-91.01060960256683, 28.243301564466837], [-91.01060960256683, 28.288257507642527], [-91.05556554574252, 28.288257507642527], [-91.05556554574252, 28.333213450818214], [-91.10052148891822, 28.333213450818214], [-91.10052148891822, 28.3781693939939], [-91.14547743209391, 28.3781693939939], [-91.14547743209391, 28.42312533716959], [-91.1904333752696, 28.42312533716959], [-91.1904333752696, 28.468081280345277], [-91.32530120479669, 28.557993166696654], [-91.32530120479669, 28.647905053048028], [-91.46016903432377, 28.737816939399405], [-91.46016903432377, 28.82772882575078], [-91.55008092067516, 28.87268476892647], [-91.55008092067516, 28.962596655277842], [-91.63999280702654, 29.007552598453533], [-91.63999280702654, 29.097464484804906], [-91.68494875020224, 29.097464484804906], [-91.68494875020224, 29.187376371156283], [-91.72990469337793, 29.187376371156283], [-91.72990469337793, 29.27728825750766], [-91.77486063655363, 29.27728825750766], [-91.77486063655363, 29.412156087034724], [-91.81981657972932, 29.412156087034724], [-91.81981657972932, 29.547023916561784], [-91.86477252290501, 29.547023916561784], [-91.90972846608071, 29.951627405142975], [-91.9546844092564, 29.951627405142975]], [[-91.77486063655363, 29.90667146196729], [-91.72990469337793, 29.90667146196729], [-91.72990469337793, 29.726847689264538], [-91.68494875020224, 29.726847689264538], [-91.68494875020224, 29.547023916561784], [-91.63999280702654, 29.547023916561784], [-91.63999280702654, 29.412156087034724], [-91.59503686385085, 29.412156087034724], [-91.59503686385085, 29.322244200683347], [-91.55008092067516, 29.322244200683347], [-91.55008092067516, 29.23233231433197], [-91.50512497749946, 29.23233231433197], [-91.50512497749946, 29.142420427980596], [-91.46016903432377, 29.142420427980596], [-91.46016903432377, 29.05250854162922], [-91.41521309114808, 29.05250854162922], [-91.41521309114808, 28.962596655277842], [-91.37025714797238, 28.962596655277842], [-91.37025714797238, 28.917640712102155], [-91.280345261621, 28.87268476892647], [-91.280345261621, 28.78277288257509], [-91.14547743209391, 28.692860996223715], [-91.14547743209391, 28.60294910987234], [-91.10052148891822, 28.60294910987234], [-91.10052148891822, 28.557993166696654], [-91.05556554574252, 28.557993166696654], [-91.05556554574252, 28.513037223520964], [-91.01060960256683, 28.513037223520964], [-91.01060960256683, 28.468081280345277], [-90.96565365939114, 28.468081280345277], [-90.96565365939114, 28.42312533716959], [-90.92069771621544, 28.42312533716959], [-90.92069771621544, 28.3781693939939], [-90.87574177303975, 28.3781693939939], [-90.87574177303975, 28.333213450818214], [-90.83078582986406, 28.333213450818214], [-90.83078582986406, 28.288257507642527], [-90.78582988668836, 28.288257507642527], [-90.69591800033697, 28.153389678115463], [-90.60600611398559, 28.153389678115463], [-90.60600611398559, 28.108433734939773], [-90.56105017080989, 28.108433734939773], [-90.56105017080989, 28.063477791764086], [-90.5160942276342, 28.063477791764086], [-90.5160942276342, 28.0185218485884], [-90.4711382844585, 28.0185218485884], [-90.38122639810712, 27.883654019061336], [-90.29131451175573, 27.883654019061336], [-90.29131451175573, 27.83869807588565], [-90.24635856858004, 27.83869807588565], [-90.24635856858004, 27.79374213270996], [-90.20140262540434, 27.79374213270996], [-90.20140262540434, 27.748786189534272], [-90.15644668222865, 27.748786189534272], [-90.15644668222865, 27.703830246358585], [-90.11149073905295, 27.703830246358585], [-90.02157885270157, 27.56896241683152], [-89.93166696635018, 27.56896241683152], [-89.93166696635018, 27.52400647365583], [-89.88671102317448, 27.52400647365583], [-89.88671102317448, 27.479050530480144], [-89.84175507999879, 27.479050530480144], [-89.7518431936474, 27.34418270095308], [-89.66193130729602, 27.34418270095308], [-89.66193130729602, 27.299226757777394], [-89.61697536412032, 27.299226757777394], [-89.52706347776893, 27.16435892825033], [-89.43715159141755, 27.16435892825033], [-89.39219564824185, 27.074447041898953], [-89.30228376189046, 27.074447041898953], [-89.30228376189046, 27.029491098723266], [-89.21237187553908, 27.029491098723266], [-89.21237187553908, 26.98453515554758], [-89.077504046012, 26.98453515554758], [-89.077504046012, 26.93957921237189], [-88.67290055743075, 26.894623269196202], [-88.67290055743075, 26.93957921237189], [-88.44812084155228, 26.93957921237189], [-88.44812084155228, 26.98453515554758], [-88.3582089552009, 26.98453515554758], [-88.3582089552009, 27.029491098723266], [-88.17838518249812, 27.074447041898953], [-88.17838518249812, 27.119402985074643], [-88.04351735297104, 27.209314871426017], [-88.04351735297104, 27.299226757777394], [-87.99856140979534, 27.299226757777394], [-87.99856140979534, 27.34418270095308], [-87.95360546661965, 27.34418270095308], [-87.95360546661965, 27.434094587304457], [-87.90864952344396, 27.434094587304457], [-87.90864952344396, 27.613918360007208], [-87.86369358026826, 27.613918360007208], [-87.86369358026826, 27.973565905412713], [-87.90864952344396, 27.973565905412713], [-87.90864952344396, 28.153389678115463], [-87.95360546661965, 28.153389678115463], [-87.95360546661965, 28.288257507642527], [-87.99856140979534, 28.288257507642527], [-87.99856140979534, 28.3781693939939], [-88.04351735297104, 28.3781693939939], [-88.04351735297104, 28.42312533716959], [-88.08847329614673, 28.42312533716959], [-88.08847329614673, 28.513037223520964], [-88.22334112567381, 28.60294910987234], [-88.22334112567381, 28.692860996223715], [-88.2682970688495, 28.692860996223715], [-88.2682970688495, 28.737816939399405], [-88.3132530120252, 28.737816939399405], [-88.3132530120252, 28.78277288257509], [-88.3582089552009, 28.78277288257509], [-88.3582089552009, 28.82772882575078], [-88.40316489837659, 28.82772882575078], [-88.40316489837659, 28.87268476892647], [-88.44812084155228, 28.87268476892647], [-88.44812084155228, 28.917640712102155], [-88.49307678472798, 28.917640712102155], [-88.49307678472798, 28.962596655277842], [-88.53803272790367, 28.962596655277842], [-88.53803272790367, 29.007552598453533], [-88.58298867107936, 29.007552598453533], [-88.58298867107936, 29.05250854162922], [-88.62794461425506, 29.05250854162922], [-88.62794461425506, 29.097464484804906], [-88.76281244378214, 29.187376371156283], [-88.76281244378214, 29.27728825750766], [-88.80776838695783, 29.27728825750766], [-88.80776838695783, 29.322244200683347], [-88.85272433013353, 29.322244200683347], [-88.85272433013353, 29.367200143859034], [-88.89768027330922, 29.367200143859034], [-88.89768027330922, 29.412156087034724], [-88.94263621648491, 29.412156087034724], [-88.94263621648491, 29.45711203021041], [-89.077504046012, 29.547023916561784], [-89.077504046012, 29.63693580291316], [-89.12245998918769, 29.63693580291316], [-89.12245998918769, 29.681891746088848], [-89.25732781871477, 29.771803632440225], [-89.25732781871477, 29.861715518791602], [-89.39219564824185, 29.951627405142975], [-89.39219564824185, 30.041539291494352], [-89.52706347776893, 30.131451177845726], [-89.52706347776893, 30.221363064197103], [-89.66193130729602, 30.31127495054848], [-89.66193130729602, 30.401186836899853], [-89.70688725047171, 30.401186836899853], [-89.70688725047171, 30.446142780075544], [-89.84175507999879, 30.536054666426917], [-89.84175507999879, 30.625966552778294], [-89.88671102317448, 30.625966552778294], [-89.88671102317448, 30.67092249595398], [-89.93166696635018, 30.67092249595398], [-89.93166696635018, 30.71587843912967], [-89.97662290952587, 30.71587843912967], [-89.97662290952587, 30.760834382305358], [-90.02157885270157, 30.760834382305358], [-90.02157885270157, 30.805790325481045], [-90.06653479587726, 30.805790325481045], [-90.06653479587726, 30.850746268656735], [-90.11149073905295, 30.850746268656735], [-90.11149073905295, 30.895702211832422], [-90.15644668222865, 30.895702211832422], [-90.15644668222865, 30.94065815500811], [-90.20140262540434, 30.94065815500811], [-90.29131451175573, 31.075525984535172], [-90.38122639810712, 31.075525984535172], [-90.4711382844585, 31.210393814062236], [-90.65096205716128, 31.255349757237923], [-90.69591800033697, 31.3452616435893], [-90.83078582986406, 31.3452616435893], [-90.83078582986406, 31.390217586764987], [-90.92069771621544, 31.390217586764987], [-90.92069771621544, 31.435173529940677], [-91.05556554574252, 31.435173529940677], [-91.05556554574252, 31.390217586764987], [-91.32530120479669, 31.3452616435893], [-91.37025714797238, 31.255349757237923], [-91.46016903432377, 31.255349757237923], [-91.46016903432377, 31.210393814062236], [-91.55008092067516, 31.16543787088655], [-91.55008092067516, 31.075525984535172], [-91.63999280702654, 31.030570041359486], [-91.63999280702654, 30.94065815500811], [-91.68494875020224, 30.94065815500811], [-91.68494875020224, 30.850746268656735], [-91.72990469337793, 30.850746268656735], [-91.72990469337793, 30.67092249595398], [-91.77486063655363, 30.67092249595398], [-91.77486063655363, 29.90667146196729]]]]}}, {"type": "Feature", "properties": {"shapefile": "2021082906_wsp64knt120hr_5km", "PERCENTAGE": "20-30%"}, "geometry": {"type": "MultiPolygon", "coordinates": [[[[-91.77486063655363, 29.90667146196729], [-91.77486063655363, 30.67092249595398], [-91.72990469337793, 30.67092249595398], [-91.72990469337793, 30.850746268656735], [-91.68494875020224, 30.850746268656735], [-91.63999280702654, 31.030570041359486], [-91.55008092067516, 31.075525984535172], [-91.55008092067516, 31.16543787088655], [-91.50512497749946, 31.16543787088655], [-91.46016903432377, 31.255349757237923], [-91.37025714797238, 31.255349757237923], [-91.32530120479669, 31.3452616435893], [-91.1904333752696, 31.3452616435893], [-91.1904333752696, 31.390217586764987], [-91.05556554574252, 31.390217586764987], [-91.05556554574252, 31.435173529940677], [-90.92069771621544, 31.435173529940677], [-90.92069771621544, 31.390217586764987], [-90.83078582986406, 31.390217586764987], [-90.83078582986406, 31.3452616435893], [-90.69591800033697, 31.3452616435893], [-90.65096205716128, 31.255349757237923], [-90.4711382844585, 31.210393814062236], [-90.38122639810712, 31.075525984535172], [-90.29131451175573, 31.075525984535172], [-90.29131451175573, 31.030570041359486], [-90.24635856858004, 31.030570041359486], [-90.24635856858004, 30.985614098183795], [-90.20140262540434, 30.985614098183795], [-90.20140262540434, 30.94065815500811], [-90.15644668222865, 30.94065815500811], [-90.15644668222865, 30.895702211832422], [-90.11149073905295, 30.895702211832422], [-90.11149073905295, 30.850746268656735], [-90.06653479587726, 30.850746268656735], [-90.06653479587726, 30.805790325481045], [-90.02157885270157, 30.805790325481045], [-90.02157885270157, 30.760834382305358], [-89.97662290952587, 30.760834382305358], [-89.97662290952587, 30.71587843912967], [-89.84175507999879, 30.625966552778294], [-89.84175507999879, 30.536054666426917], [-89.7967991368231, 30.536054666426917], [-89.7967991368231, 30.49109872325123], [-89.66193130729602, 30.401186836899853], [-89.66193130729602, 30.31127495054848], [-89.52706347776893, 30.221363064197103], [-89.52706347776893, 30.131451177845726], [-89.39219564824185, 30.041539291494352], [-89.39219564824185, 29.951627405142975], [-89.25732781871477, 29.861715518791602], [-89.25732781871477, 29.771803632440225], [-89.21237187553908, 29.771803632440225], [-89.21237187553908, 29.726847689264538], [-89.077504046012, 29.63693580291316], [-89.077504046012, 29.547023916561784], [-89.0325481028363, 29.547023916561784], [-89.0325481028363, 29.502067973386097], [-88.98759215966061, 29.502067973386097], [-88.98759215966061, 29.45711203021041], [-88.94263621648491, 29.45711203021041], [-88.94263621648491, 29.412156087034724], [-88.89768027330922, 29.412156087034724], [-88.89768027330922, 29.367200143859034], [-88.76281244378214, 29.27728825750766], [-88.76281244378214, 29.187376371156283], [-88.71785650060644, 29.187376371156283], [-88.71785650060644, 29.142420427980596], [-88.67290055743075, 29.142420427980596], [-88.67290055743075, 29.097464484804906], [-88.62794461425506, 29.097464484804906], [-88.62794461425506, 29.05250854162922], [-88.58298867107936, 29.05250854162922], [-88.58298867107936, 29.007552598453533], [-88.53803272790367, 29.007552598453533], [-88.53803272790367, 28.962596655277842], [-88.49307678472798, 28.962596655277842], [-88.49307678472798, 28.917640712102155], [-88.44812084155228, 28.917640712102155], [-88.44812084155228, 28.87268476892647], [-88.40316489837659, 28.87268476892647], [-88.40316489837659, 28.82772882575078], [-88.3582089552009, 28.82772882575078], [-88.3582089552009, 28.78277288257509], [-88.22334112567381, 28.692860996223715], [-88.22334112567381, 28.60294910987234], [-88.17838518249812, 28.60294910987234], [-88.17838518249812, 28.557993166696654], [-88.08847329614673, 28.513037223520964], [-88.08847329614673, 28.42312533716959], [-87.99856140979534, 28.3781693939939], [-87.99856140979534, 28.288257507642527], [-87.95360546661965, 28.288257507642527], [-87.95360546661965, 28.153389678115463], [-87.90864952344396, 28.153389678115463], [-87.90864952344396, 27.973565905412713], [-87.86369358026826, 27.973565905412713], [-87.86369358026826, 27.613918360007208], [-87.90864952344396, 27.613918360007208], [-87.90864952344396, 27.434094587304457], [-87.95360546661965, 27.434094587304457], [-87.95360546661965, 27.34418270095308], [-88.04351735297104, 27.299226757777394], [-88.04351735297104, 27.209314871426017], [-88.08847329614673, 27.209314871426017], [-88.17838518249812, 27.074447041898953], [-88.3582089552009, 27.029491098723266], [-88.3582089552009, 26.98453515554758], [-88.44812084155228, 26.98453515554758], [-88.44812084155228, 26.93957921237189], [-88.67290055743075, 26.93957921237189], [-88.67290055743075, 26.894623269196202], [-89.077504046012, 26.93957921237189], [-89.077504046012, 26.98453515554758], [-89.21237187553908, 26.98453515554758], [-89.21237187553908, 27.029491098723266], [-89.39219564824185, 27.074447041898953], [-89.43715159141755, 27.16435892825033], [-89.52706347776893, 27.16435892825033], [-89.52706347776893, 27.209314871426017], [-89.57201942094463, 27.209314871426017], [-89.66193130729602, 27.34418270095308], [-89.7518431936474, 27.34418270095308], [-89.7518431936474, 27.389138644128767], [-89.7967991368231, 27.389138644128767], [-89.7967991368231, 27.434094587304457], [-89.84175507999879, 27.434094587304457], [-89.93166696635018, 27.56896241683152], [-90.02157885270157, 27.56896241683152], [-90.02157885270157, 27.613918360007208], [-90.06653479587726, 27.613918360007208], [-90.06653479587726, 27.658874303182895], [-90.11149073905295, 27.658874303182895], [-90.11149073905295, 27.703830246358585], [-90.15644668222865, 27.703830246358585], [-90.15644668222865, 27.748786189534272], [-90.20140262540434, 27.748786189534272], [-90.29131451175573, 27.883654019061336], [-90.38122639810712, 27.883654019061336], [-90.38122639810712, 27.928609962237022], [-90.42618234128281, 27.928609962237022], [-90.42618234128281, 27.973565905412713], [-90.4711382844585, 27.973565905412713], [-90.4711382844585, 28.0185218485884], [-90.60600611398559, 28.108433734939773], [-90.60600611398559, 28.153389678115463], [-90.69591800033697, 28.153389678115463], [-90.69591800033697, 28.19834562129115], [-90.74087394351267, 28.19834562129115], [-90.74087394351267, 28.243301564466837], [-90.78582988668836, 28.243301564466837], [-90.78582988668836, 28.288257507642527], [-90.83078582986406, 28.288257507642527], [-90.83078582986406, 28.333213450818214], [-90.87574177303975, 28.333213450818214], [-90.87574177303975, 28.3781693939939], [-90.92069771621544, 28.3781693939939], [-90.92069771621544, 28.42312533716959], [-90.96565365939114, 28.42312533716959], [-90.96565365939114, 28.468081280345277], [-91.01060960256683, 28.468081280345277], [-91.01060960256683, 28.513037223520964], [-91.14547743209391, 28.60294910987234], [-91.14547743209391, 28.692860996223715], [-91.1904333752696, 28.692860996223715], [-91.1904333752696, 28.737816939399405], [-91.280345261621, 28.78277288257509], [-91.280345261621, 28.87268476892647], [-91.41521309114808, 28.962596655277842], [-91.41521309114808, 29.05250854162922], [-91.46016903432377, 29.05250854162922], [-91.46016903432377, 29.142420427980596], [-91.50512497749946, 29.142420427980596], [-91.50512497749946, 29.23233231433197], [-91.55008092067516, 29.23233231433197], [-91.55008092067516, 29.322244200683347], [-91.59503686385085, 29.322244200683347], [-91.59503686385085, 29.412156087034724], [-91.63999280702654, 29.412156087034724], [-91.63999280702654, 29.547023916561784], [-91.68494875020224, 29.547023916561784], [-91.68494875020224, 29.726847689264538], [-91.72990469337793, 29.726847689264538], [-91.72990469337793, 29.90667146196729], [-91.77486063655363, 29.90667146196729]], [[-91.63999280702654, 30.08649523467004], [-91.59503686385085, 30.08649523467004], [-91.59503686385085, 29.771803632440225], [-91.55008092067516, 29.771803632440225], [-91.55008092067516, 29.63693580291316], [-91.50512497749946, 29.63693580291316], [-91.46016903432377, 29.367200143859034], [-91.41521309114808, 29.367200143859034], [-91.37025714797238, 29.187376371156283], [-91.280345261621, 29.142420427980596], [-91.280345261621, 29.05250854162922], [-91.1904333752696, 29.007552598453533], [-91.1904333752696, 28.917640712102155], [-91.10052148891822, 28.87268476892647], [-91.10052148891822, 28.78277288257509], [-91.05556554574252, 28.78277288257509], [-91.05556554574252, 28.737816939399405], [-91.01060960256683, 28.737816939399405], [-91.01060960256683, 28.692860996223715], [-90.96565365939114, 28.692860996223715], [-90.96565365939114, 28.647905053048028], [-90.92069771621544, 28.647905053048028], [-90.92069771621544, 28.60294910987234], [-90.87574177303975, 28.60294910987234], [-90.87574177303975, 28.557993166696654], [-90.83078582986406, 28.557993166696654], [-90.83078582986406, 28.513037223520964], [-90.78582988668836, 28.513037223520964], [-90.78582988668836, 28.468081280345277], [-90.74087394351267, 28.468081280345277], [-90.74087394351267, 28.42312533716959], [-90.69591800033697, 28.42312533716959], [-90.69591800033697, 28.3781693939939], [-90.65096205716128, 28.3781693939939], [-90.65096205716128, 28.333213450818214], [-90.60600611398559, 28.333213450818214], [-90.60600611398559, 28.288257507642527], [-90.56105017080989, 28.288257507642527], [-90.56105017080989, 28.243301564466837], [-90.5160942276342, 28.243301564466837], [-90.5160942276342, 28.19834562129115], [-90.38122639810712, 28.108433734939773], [-90.38122639810712, 28.063477791764086], [-90.29131451175573, 28.063477791764086], [-90.29131451175573, 28.0185218485884], [-90.24635856858004, 28.0185218485884], [-90.24635856858004, 27.973565905412713], [-90.20140262540434, 27.973565905412713], [-90.20140262540434, 27.928609962237022], [-90.15644668222865, 27.928609962237022], [-90.15644668222865, 27.883654019061336], [-90.11149073905295, 27.883654019061336], [-90.02157885270157, 27.748786189534272], [-89.93166696635018, 27.748786189534272], [-89.93166696635018, 27.703830246358585], [-89.88671102317448, 27.703830246358585], [-89.88671102317448, 27.658874303182895], [-89.84175507999879, 27.658874303182895], [-89.84175507999879, 27.613918360007208], [-89.7967991368231, 27.613918360007208], [-89.7967991368231, 27.56896241683152], [-89.7518431936474, 27.56896241683152], [-89.7518431936474, 27.52400647365583], [-89.61697536412032, 27.434094587304457], [-89.61697536412032, 27.389138644128767], [-89.52706347776893, 27.389138644128767], [-89.43715159141755, 27.254270814601703], [-89.34723970506616, 27.254270814601703], [-89.30228376189046, 27.16435892825033], [-89.12245998918769, 27.119402985074643], [-89.12245998918769, 27.074447041898953], [-88.98759215966061, 27.074447041898953], [-88.98759215966061, 27.029491098723266], [-88.53803272790367, 27.029491098723266], [-88.53803272790367, 27.074447041898953], [-88.40316489837659, 27.074447041898953], [-88.40316489837659, 27.119402985074643], [-88.3132530120252, 27.119402985074643], [-88.2682970688495, 27.209314871426017], [-88.17838518249812, 27.209314871426017], [-88.17838518249812, 27.254270814601703], [-88.13342923932242, 27.254270814601703], [-88.13342923932242, 27.34418270095308], [-88.08847329614673, 27.34418270095308], [-88.08847329614673, 27.434094587304457], [-88.04351735297104, 27.434094587304457], [-88.04351735297104, 27.52400647365583], [-87.99856140979534, 27.52400647365583], [-87.99856140979534, 28.063477791764086], [-88.04351735297104, 28.063477791764086], [-88.04351735297104, 28.19834562129115], [-88.08847329614673, 28.19834562129115], [-88.13342923932242, 28.3781693939939], [-88.17838518249812, 28.3781693939939], [-88.17838518249812, 28.42312533716959], [-88.2682970688495, 28.468081280345277], [-88.2682970688495, 28.557993166696654], [-88.3132530120252, 28.557993166696654], [-88.3132530120252, 28.60294910987234], [-88.3582089552009, 28.60294910987234], [-88.3582089552009, 28.647905053048028], [-88.40316489837659, 28.647905053048028], [-88.40316489837659, 28.692860996223715], [-88.44812084155228, 28.692860996223715], [-88.44812084155228, 28.737816939399405], [-88.49307678472798, 28.737816939399405], [-88.49307678472798, 28.78277288257509], [-88.53803272790367, 28.78277288257509], [-88.53803272790367, 28.82772882575078], [-88.58298867107936, 28.82772882575078], [-88.58298867107936, 28.87268476892647], [-88.62794461425506, 28.87268476892647], [-88.62794461425506, 28.917640712102155], [-88.67290055743075, 28.917640712102155], [-88.67290055743075, 28.962596655277842], [-88.71785650060644, 28.962596655277842], [-88.71785650060644, 29.007552598453533], [-88.76281244378214, 29.007552598453533], [-88.76281244378214, 29.05250854162922], [-88.80776838695783, 29.05250854162922], [-88.80776838695783, 29.097464484804906], [-88.85272433013353, 29.097464484804906], [-88.85272433013353, 29.142420427980596], [-88.89768027330922, 29.142420427980596], [-88.89768027330922, 29.187376371156283], [-89.0325481028363, 29.27728825750766], [-89.0325481028363, 29.367200143859034], [-89.077504046012, 29.367200143859034], [-89.077504046012, 29.412156087034724], [-89.12245998918769, 29.412156087034724], [-89.12245998918769, 29.45711203021041], [-89.16741593236338, 29.45711203021041], [-89.16741593236338, 29.502067973386097], [-89.21237187553908, 29.502067973386097], [-89.21237187553908, 29.547023916561784], [-89.34723970506616, 29.63693580291316], [-89.34723970506616, 29.726847689264538], [-89.39219564824185, 29.726847689264538], [-89.39219564824185, 29.771803632440225], [-89.52706347776893, 29.861715518791602], [-89.52706347776893, 29.951627405142975], [-89.66193130729602, 30.041539291494352], [-89.66193130729602, 30.131451177845726], [-89.7967991368231, 30.221363064197103], [-89.7967991368231, 30.31127495054848], [-89.84175507999879, 30.31127495054848], [-89.84175507999879, 30.356230893724167], [-89.97662290952587, 30.446142780075544], [-89.97662290952587, 30.536054666426917], [-90.02157885270157, 30.536054666426917], [-90.02157885270157, 30.581010609602608], [-90.06653479587726, 30.581010609602608], [-90.06653479587726, 30.625966552778294], [-90.11149073905295, 30.625966552778294], [-90.11149073905295, 30.67092249595398], [-90.15644668222865, 30.67092249595398], [-90.24635856858004, 30.805790325481045], [-90.33627045493142, 30.805790325481045], [-90.42618234128281, 30.94065815500811], [-90.5160942276342, 30.94065815500811], [-90.56105017080989, 31.030570041359486], [-90.74087394351267, 31.075525984535172], [-90.74087394351267, 31.12048192771086], [-90.83078582986406, 31.12048192771086], [-90.83078582986406, 31.16543787088655], [-90.96565365939114, 31.16543787088655], [-90.96565365939114, 31.210393814062236], [-91.01060960256683, 31.210393814062236], [-91.01060960256683, 31.16543787088655], [-91.14547743209391, 31.16543787088655], [-91.1904333752696, 31.075525984535172], [-91.280345261621, 31.075525984535172], [-91.280345261621, 31.030570041359486], [-91.32530120479669, 31.030570041359486], [-91.32530120479669, 30.985614098183795], [-91.37025714797238, 30.985614098183795], [-91.37025714797238, 30.94065815500811], [-91.50512497749946, 30.850746268656735], [-91.50512497749946, 30.760834382305358], [-91.55008092067516, 30.760834382305358], [-91.55008092067516, 30.67092249595398], [-91.59503686385085, 30.67092249595398], [-91.59503686385085, 30.581010609602608], [-91.63999280702654, 30.581010609602608], [-91.63999280702654, 30.08649523467004]]]]}}, {"type": "Feature", "properties": {"shapefile": "2021082906_wsp64knt120hr_5km", "PERCENTAGE": "30-40%"}, "geometry": {"type": "MultiPolygon", "coordinates": [[[[-91.63999280702654, 30.08649523467004], [-91.63999280702654, 30.581010609602608], [-91.59503686385085, 30.581010609602608], [-91.59503686385085, 30.67092249595398], [-91.55008092067516, 30.67092249595398], [-91.55008092067516, 30.760834382305358], [-91.50512497749946, 30.760834382305358], [-91.50512497749946, 30.850746268656735], [-91.46016903432377, 30.850746268656735], [-91.46016903432377, 30.895702211832422], [-91.41521309114808, 30.895702211832422], [-91.41521309114808, 30.94065815500811], [-91.37025714797238, 30.94065815500811], [-91.280345261621, 31.075525984535172], [-91.1904333752696, 31.075525984535172], [-91.14547743209391, 31.16543787088655], [-91.01060960256683, 31.16543787088655], [-91.01060960256683, 31.210393814062236], [-90.96565365939114, 31.210393814062236], [-90.96565365939114, 31.16543787088655], [-90.83078582986406, 31.16543787088655], [-90.83078582986406, 31.12048192771086], [-90.74087394351267, 31.12048192771086], [-90.74087394351267, 31.075525984535172], [-90.56105017080989, 31.030570041359486], [-90.5160942276342, 30.94065815500811], [-90.42618234128281, 30.94065815500811], [-90.33627045493142, 30.805790325481045], [-90.24635856858004, 30.805790325481045], [-90.24635856858004, 30.760834382305358], [-90.20140262540434, 30.760834382305358], [-90.20140262540434, 30.71587843912967], [-90.15644668222865, 30.71587843912967], [-90.15644668222865, 30.67092249595398], [-90.11149073905295, 30.67092249595398], [-90.11149073905295, 30.625966552778294], [-89.97662290952587, 30.536054666426917], [-89.97662290952587, 30.446142780075544], [-89.93166696635018, 30.446142780075544], [-89.93166696635018, 30.401186836899853], [-89.7967991368231, 30.31127495054848], [-89.7967991368231, 30.221363064197103], [-89.66193130729602, 30.131451177845726], [-89.66193130729602, 30.041539291494352], [-89.52706347776893, 29.951627405142975], [-89.52706347776893, 29.861715518791602], [-89.48210753459324, 29.861715518791602], [-89.48210753459324, 29.81675957561591], [-89.34723970506616, 29.726847689264538], [-89.34723970506616, 29.63693580291316], [-89.30228376189046, 29.63693580291316], [-89.30228376189046, 29.591979859737474], [-89.25732781871477, 29.591979859737474], [-89.25732781871477, 29.547023916561784], [-89.21237187553908, 29.547023916561784], [-89.21237187553908, 29.502067973386097], [-89.16741593236338, 29.502067973386097], [-89.16741593236338, 29.45711203021041], [-89.0325481028363, 29.367200143859034], [-89.0325481028363, 29.27728825750766], [-88.98759215966061, 29.27728825750766], [-88.98759215966061, 29.23233231433197], [-88.94263621648491, 29.23233231433197], [-88.94263621648491, 29.187376371156283], [-88.89768027330922, 29.187376371156283], [-88.89768027330922, 29.142420427980596], [-88.85272433013353, 29.142420427980596], [-88.85272433013353, 29.097464484804906], [-88.80776838695783, 29.097464484804906], [-88.80776838695783, 29.05250854162922], [-88.76281244378214, 29.05250854162922], [-88.76281244378214, 29.007552598453533], [-88.71785650060644, 29.007552598453533], [-88.71785650060644, 28.962596655277842], [-88.67290055743075, 28.962596655277842], [-88.67290055743075, 28.917640712102155], [-88.62794461425506, 28.917640712102155], [-88.62794461425506, 28.87268476892647], [-88.58298867107936, 28.87268476892647], [-88.58298867107936, 28.82772882575078], [-88.53803272790367, 28.82772882575078], [-88.53803272790367, 28.78277288257509], [-88.49307678472798, 28.78277288257509], [-88.49307678472798, 28.737816939399405], [-88.44812084155228, 28.737816939399405], [-88.44812084155228, 28.692860996223715], [-88.40316489837659, 28.692860996223715], [-88.40316489837659, 28.647905053048028], [-88.2682970688495, 28.557993166696654], [-88.2682970688495, 28.468081280345277], [-88.13342923932242, 28.3781693939939], [-88.13342923932242, 28.288257507642527], [-88.08847329614673, 28.288257507642527], [-88.08847329614673, 28.19834562129115], [-88.04351735297104, 28.19834562129115], [-88.04351735297104, 28.063477791764086], [-87.99856140979534, 28.063477791764086], [-87.99856140979534, 27.52400647365583], [-88.04351735297104, 27.52400647365583], [-88.04351735297104, 27.434094587304457], [-88.08847329614673, 27.434094587304457], [-88.08847329614673, 27.34418270095308], [-88.13342923932242, 27.34418270095308], [-88.13342923932242, 27.254270814601703], [-88.17838518249812, 27.254270814601703], [-88.17838518249812, 27.209314871426017], [-88.2682970688495, 27.209314871426017], [-88.3132530120252, 27.119402985074643], [-88.40316489837659, 27.119402985074643], [-88.40316489837659, 27.074447041898953], [-88.53803272790367, 27.074447041898953], [-88.53803272790367, 27.029491098723266], [-88.98759215966061, 27.029491098723266], [-88.98759215966061, 27.074447041898953], [-89.12245998918769, 27.074447041898953], [-89.12245998918769, 27.119402985074643], [-89.30228376189046, 27.16435892825033], [-89.34723970506616, 27.254270814601703], [-89.43715159141755, 27.254270814601703], [-89.52706347776893, 27.389138644128767], [-89.61697536412032, 27.389138644128767], [-89.61697536412032, 27.434094587304457], [-89.66193130729602, 27.434094587304457], [-89.66193130729602, 27.479050530480144], [-89.70688725047171, 27.479050530480144], [-89.70688725047171, 27.52400647365583], [-89.7518431936474, 27.52400647365583], [-89.7518431936474, 27.56896241683152], [-89.7967991368231, 27.56896241683152], [-89.7967991368231, 27.613918360007208], [-89.84175507999879, 27.613918360007208], [-89.93166696635018, 27.748786189534272], [-90.02157885270157, 27.748786189534272], [-90.02157885270157, 27.79374213270996], [-90.06653479587726, 27.79374213270996], [-90.06653479587726, 27.83869807588565], [-90.11149073905295, 27.83869807588565], [-90.11149073905295, 27.883654019061336], [-90.15644668222865, 27.883654019061336], [-90.15644668222865, 27.928609962237022], [-90.20140262540434, 27.928609962237022], [-90.29131451175573, 28.063477791764086], [-90.38122639810712, 28.063477791764086], [-90.38122639810712, 28.108433734939773], [-90.42618234128281, 28.108433734939773], [-90.42618234128281, 28.153389678115463], [-90.4711382844585, 28.153389678115463], [-90.4711382844585, 28.19834562129115], [-90.5160942276342, 28.19834562129115], [-90.5160942276342, 28.243301564466837], [-90.56105017080989, 28.243301564466837], [-90.56105017080989, 28.288257507642527], [-90.60600611398559, 28.288257507642527], [-90.60600611398559, 28.333213450818214], [-90.65096205716128, 28.333213450818214], [-90.65096205716128, 28.3781693939939], [-90.69591800033697, 28.3781693939939], [-90.69591800033697, 28.42312533716959], [-90.74087394351267, 28.42312533716959], [-90.74087394351267, 28.468081280345277], [-90.78582988668836, 28.468081280345277], [-90.78582988668836, 28.513037223520964], [-90.83078582986406, 28.513037223520964], [-90.83078582986406, 28.557993166696654], [-90.87574177303975, 28.557993166696654], [-90.87574177303975, 28.60294910987234], [-90.92069771621544, 28.60294910987234], [-90.92069771621544, 28.647905053048028], [-90.96565365939114, 28.647905053048028], [-90.96565365939114, 28.692860996223715], [-91.10052148891822, 28.78277288257509], [-91.10052148891822, 28.87268476892647], [-91.1904333752696, 28.917640712102155], [-91.1904333752696, 29.007552598453533], [-91.280345261621, 29.05250854162922], [-91.280345261621, 29.142420427980596], [-91.37025714797238, 29.187376371156283], [-91.37025714797238, 29.27728825750766], [-91.41521309114808, 29.27728825750766], [-91.41521309114808, 29.367200143859034], [-91.46016903432377, 29.367200143859034], [-91.46016903432377, 29.502067973386097], [-91.50512497749946, 29.502067973386097], [-91.50512497749946, 29.63693580291316], [-91.55008092067516, 29.63693580291316], [-91.55008092067516, 29.771803632440225], [-91.59503686385085, 29.771803632440225], [-91.59503686385085, 30.08649523467004], [-91.63999280702654, 30.08649523467004]], [[-91.46016903432377, 29.81675957561591], [-91.41521309114808, 29.81675957561591], [-91.41521309114808, 29.63693580291316], [-91.37025714797238, 29.63693580291316], [-91.37025714797238, 29.502067973386097], [-91.32530120479669, 29.502067973386097], [-91.32530120479669, 29.412156087034724], [-91.280345261621, 29.412156087034724], [-91.280345261621, 29.322244200683347], [-91.2353893184453, 29.322244200683347], [-91.2353893184453, 29.23233231433197], [-91.14547743209391, 29.187376371156283], [-91.10052148891822, 29.007552598453533], [-90.96565365939114, 28.917640712102155], [-90.96565365939114, 28.82772882575078], [-90.92069771621544, 28.82772882575078], [-90.92069771621544, 28.78277288257509], [-90.87574177303975, 28.78277288257509], [-90.87574177303975, 28.737816939399405], [-90.83078582986406, 28.737816939399405], [-90.83078582986406, 28.692860996223715], [-90.78582988668836, 28.692860996223715], [-90.78582988668836, 28.647905053048028], [-90.74087394351267, 28.647905053048028], [-90.74087394351267, 28.60294910987234], [-90.69591800033697, 28.60294910987234], [-90.69591800033697, 28.557993166696654], [-90.65096205716128, 28.557993166696654], [-90.65096205716128, 28.513037223520964], [-90.60600611398559, 28.513037223520964], [-90.60600611398559, 28.468081280345277], [-90.56105017080989, 28.468081280345277], [-90.56105017080989, 28.42312533716959], [-90.5160942276342, 28.42312533716959], [-90.5160942276342, 28.3781693939939], [-90.4711382844585, 28.3781693939939], [-90.4711382844585, 28.333213450818214], [-90.42618234128281, 28.333213450818214], [-90.42618234128281, 28.288257507642527], [-90.38122639810712, 28.288257507642527], [-90.38122639810712, 28.243301564466837], [-90.24635856858004, 28.153389678115463], [-90.24635856858004, 28.108433734939773], [-90.15644668222865, 28.108433734939773], [-90.15644668222865, 28.063477791764086], [-90.11149073905295, 28.063477791764086], [-90.11149073905295, 28.0185218485884], [-90.06653479587726, 28.0185218485884], [-90.06653479587726, 27.973565905412713], [-90.02157885270157, 27.973565905412713], [-90.02157885270157, 27.928609962237022], [-89.97662290952587, 27.928609962237022], [-89.97662290952587, 27.883654019061336], [-89.93166696635018, 27.883654019061336], [-89.93166696635018, 27.83869807588565], [-89.88671102317448, 27.83869807588565], [-89.88671102317448, 27.79374213270996], [-89.7518431936474, 27.703830246358585], [-89.7518431936474, 27.658874303182895], [-89.66193130729602, 27.658874303182895], [-89.66193130729602, 27.613918360007208], [-89.61697536412032, 27.613918360007208], [-89.61697536412032, 27.56896241683152], [-89.57201942094463, 27.56896241683152], [-89.57201942094463, 27.52400647365583], [-89.52706347776893, 27.52400647365583], [-89.52706347776893, 27.479050530480144], [-89.48210753459324, 27.479050530480144], [-89.39219564824185, 27.34418270095308], [-89.30228376189046, 27.34418270095308], [-89.25732781871477, 27.254270814601703], [-89.16741593236338, 27.254270814601703], [-89.16741593236338, 27.209314871426017], [-89.077504046012, 27.209314871426017], [-89.077504046012, 27.16435892825033], [-88.94263621648491, 27.16435892825033], [-88.94263621648491, 27.119402985074643], [-88.53803272790367, 27.119402985074643], [-88.53803272790367, 27.16435892825033], [-88.40316489837659, 27.16435892825033], [-88.40316489837659, 27.209314871426017], [-88.3132530120252, 27.209314871426017], [-88.3132530120252, 27.254270814601703], [-88.17838518249812, 27.34418270095308], [-88.17838518249812, 27.434094587304457], [-88.13342923932242, 27.434094587304457], [-88.13342923932242, 27.52400647365583], [-88.08847329614673, 27.52400647365583], [-88.08847329614673, 28.063477791764086], [-88.13342923932242, 28.063477791764086], [-88.13342923932242, 28.153389678115463], [-88.17838518249812, 28.153389678115463], [-88.22334112567381, 28.333213450818214], [-88.2682970688495, 28.333213450818214], [-88.2682970688495, 28.3781693939939], [-88.3132530120252, 28.3781693939939], [-88.3132530120252, 28.42312533716959], [-88.3582089552009, 28.42312533716959], [-88.3582089552009, 28.468081280345277], [-88.40316489837659, 28.468081280345277], [-88.40316489837659, 28.513037223520964], [-88.44812084155228, 28.513037223520964], [-88.44812084155228, 28.557993166696654], [-88.49307678472798, 28.557993166696654], [-88.49307678472798, 28.60294910987234], [-88.62794461425506, 28.692860996223715], [-88.62794461425506, 28.78277288257509], [-88.67290055743075, 28.78277288257509], [-88.71785650060644, 28.87268476892647], [-88.80776838695783, 28.87268476892647], [-88.80776838695783, 28.917640712102155], [-88.85272433013353, 28.917640712102155], [-88.85272433013353, 28.962596655277842], [-88.89768027330922, 28.962596655277842], [-88.89768027330922, 29.007552598453533], [-88.94263621648491, 29.007552598453533], [-88.94263621648491, 29.05250854162922], [-88.98759215966061, 29.05250854162922], [-88.98759215966061, 29.097464484804906], [-89.12245998918769, 29.187376371156283], [-89.12245998918769, 29.27728825750766], [-89.16741593236338, 29.27728825750766], [-89.16741593236338, 29.322244200683347], [-89.21237187553908, 29.322244200683347], [-89.21237187553908, 29.367200143859034], [-89.25732781871477, 29.367200143859034], [-89.25732781871477, 29.412156087034724], [-89.30228376189046, 29.412156087034724], [-89.30228376189046, 29.45711203021041], [-89.34723970506616, 29.45711203021041], [-89.34723970506616, 29.502067973386097], [-89.39219564824185, 29.502067973386097], [-89.39219564824185, 29.547023916561784], [-89.52706347776893, 29.63693580291316], [-89.52706347776893, 29.726847689264538], [-89.57201942094463, 29.726847689264538], [-89.57201942094463, 29.771803632440225], [-89.70688725047171, 29.861715518791602], [-89.70688725047171, 29.951627405142975], [-89.84175507999879, 30.041539291494352], [-89.84175507999879, 30.131451177845726], [-89.88671102317448, 30.131451177845726], [-89.88671102317448, 30.176407121021416], [-90.02157885270157, 30.26631900737279], [-90.02157885270157, 30.356230893724167], [-90.06653479587726, 30.356230893724167], [-90.06653479587726, 30.401186836899853], [-90.11149073905295, 30.401186836899853], [-90.11149073905295, 30.446142780075544], [-90.15644668222865, 30.446142780075544], [-90.15644668222865, 30.49109872325123], [-90.20140262540434, 30.49109872325123], [-90.20140262540434, 30.536054666426917], [-90.24635856858004, 30.536054666426917], [-90.33627045493142, 30.67092249595398], [-90.42618234128281, 30.67092249595398], [-90.5160942276342, 30.805790325481045], [-90.60600611398559, 30.805790325481045], [-90.60600611398559, 30.850746268656735], [-90.69591800033697, 30.850746268656735], [-90.69591800033697, 30.895702211832422], [-90.78582988668836, 30.895702211832422], [-90.78582988668836, 30.94065815500811], [-90.87574177303975, 30.94065815500811], [-90.87574177303975, 30.985614098183795], [-91.05556554574252, 30.985614098183795], [-91.05556554574252, 30.94065815500811], [-91.14547743209391, 30.94065815500811], [-91.14547743209391, 30.895702211832422], [-91.1904333752696, 30.895702211832422], [-91.1904333752696, 30.850746268656735], [-91.2353893184453, 30.850746268656735], [-91.2353893184453, 30.805790325481045], [-91.280345261621, 30.805790325481045], [-91.280345261621, 30.760834382305358], [-91.41521309114808, 30.67092249595398], [-91.41521309114808, 30.581010609602608], [-91.46016903432377, 30.581010609602608], [-91.46016903432377, 29.81675957561591]]]]}}, {"type": "Feature", "properties": {"shapefile": "2021082906_wsp64knt120hr_5km", "PERCENTAGE": "40-50%"}, "geometry": {"type": "MultiPolygon", "coordinates": [[[[-91.46016903432377, 29.81675957561591], [-91.46016903432377, 30.581010609602608], [-91.41521309114808, 30.581010609602608], [-91.41521309114808, 30.67092249595398], [-91.37025714797238, 30.67092249595398], [-91.37025714797238, 30.71587843912967], [-91.32530120479669, 30.71587843912967], [-91.32530120479669, 30.760834382305358], [-91.280345261621, 30.760834382305358], [-91.280345261621, 30.805790325481045], [-91.2353893184453, 30.805790325481045], [-91.14547743209391, 30.94065815500811], [-91.05556554574252, 30.94065815500811], [-91.05556554574252, 30.985614098183795], [-90.87574177303975, 30.985614098183795], [-90.87574177303975, 30.94065815500811], [-90.78582988668836, 30.94065815500811], [-90.78582988668836, 30.895702211832422], [-90.69591800033697, 30.895702211832422], [-90.69591800033697, 30.850746268656735], [-90.5160942276342, 30.805790325481045], [-90.42618234128281, 30.67092249595398], [-90.33627045493142, 30.67092249595398], [-90.33627045493142, 30.625966552778294], [-90.29131451175573, 30.625966552778294], [-90.29131451175573, 30.581010609602608], [-90.24635856858004, 30.581010609602608], [-90.24635856858004, 30.536054666426917], [-90.20140262540434, 30.536054666426917], [-90.20140262540434, 30.49109872325123], [-90.15644668222865, 30.49109872325123], [-90.15644668222865, 30.446142780075544], [-90.02157885270157, 30.356230893724167], [-90.02157885270157, 30.26631900737279], [-89.97662290952587, 30.26631900737279], [-89.97662290952587, 30.221363064197103], [-89.84175507999879, 30.131451177845726], [-89.84175507999879, 30.041539291494352], [-89.70688725047171, 29.951627405142975], [-89.70688725047171, 29.861715518791602], [-89.66193130729602, 29.861715518791602], [-89.66193130729602, 29.81675957561591], [-89.52706347776893, 29.726847689264538], [-89.52706347776893, 29.63693580291316], [-89.48210753459324, 29.63693580291316], [-89.48210753459324, 29.591979859737474], [-89.43715159141755, 29.591979859737474], [-89.43715159141755, 29.547023916561784], [-89.39219564824185, 29.547023916561784], [-89.39219564824185, 29.502067973386097], [-89.34723970506616, 29.502067973386097], [-89.34723970506616, 29.45711203021041], [-89.30228376189046, 29.45711203021041], [-89.30228376189046, 29.412156087034724], [-89.25732781871477, 29.412156087034724], [-89.25732781871477, 29.367200143859034], [-89.12245998918769, 29.27728825750766], [-89.12245998918769, 29.187376371156283], [-89.077504046012, 29.187376371156283], [-89.077504046012, 29.142420427980596], [-89.0325481028363, 29.142420427980596], [-89.0325481028363, 29.097464484804906], [-88.98759215966061, 29.097464484804906], [-88.98759215966061, 29.05250854162922], [-88.94263621648491, 29.05250854162922], [-88.94263621648491, 29.007552598453533], [-88.89768027330922, 29.007552598453533], [-88.80776838695783, 28.87268476892647], [-88.71785650060644, 28.87268476892647], [-88.71785650060644, 28.82772882575078], [-88.62794461425506, 28.78277288257509], [-88.62794461425506, 28.692860996223715], [-88.58298867107936, 28.692860996223715], [-88.58298867107936, 28.647905053048028], [-88.53803272790367, 28.647905053048028], [-88.53803272790367, 28.60294910987234], [-88.49307678472798, 28.60294910987234], [-88.49307678472798, 28.557993166696654], [-88.44812084155228, 28.557993166696654], [-88.44812084155228, 28.513037223520964], [-88.40316489837659, 28.513037223520964], [-88.40316489837659, 28.468081280345277], [-88.3582089552009, 28.468081280345277], [-88.3582089552009, 28.42312533716959], [-88.22334112567381, 28.333213450818214], [-88.22334112567381, 28.243301564466837], [-88.17838518249812, 28.243301564466837], [-88.17838518249812, 28.153389678115463], [-88.13342923932242, 28.153389678115463], [-88.13342923932242, 28.063477791764086], [-88.08847329614673, 28.063477791764086], [-88.08847329614673, 27.52400647365583], [-88.13342923932242, 27.52400647365583], [-88.17838518249812, 27.34418270095308], [-88.22334112567381, 27.34418270095308], [-88.3132530120252, 27.209314871426017], [-88.40316489837659, 27.209314871426017], [-88.40316489837659, 27.16435892825033], [-88.53803272790367, 27.16435892825033], [-88.53803272790367, 27.119402985074643], [-88.94263621648491, 27.119402985074643], [-88.94263621648491, 27.16435892825033], [-89.077504046012, 27.16435892825033], [-89.077504046012, 27.209314871426017], [-89.25732781871477, 27.254270814601703], [-89.30228376189046, 27.34418270095308], [-89.39219564824185, 27.34418270095308], [-89.39219564824185, 27.389138644128767], [-89.43715159141755, 27.389138644128767], [-89.43715159141755, 27.434094587304457], [-89.48210753459324, 27.434094587304457], [-89.48210753459324, 27.479050530480144], [-89.52706347776893, 27.479050530480144], [-89.52706347776893, 27.52400647365583], [-89.57201942094463, 27.52400647365583], [-89.66193130729602, 27.658874303182895], [-89.7518431936474, 27.658874303182895], [-89.7518431936474, 27.703830246358585], [-89.7967991368231, 27.703830246358585], [-89.7967991368231, 27.748786189534272], [-89.84175507999879, 27.748786189534272], [-89.84175507999879, 27.79374213270996], [-89.88671102317448, 27.79374213270996], [-89.88671102317448, 27.83869807588565], [-89.93166696635018, 27.83869807588565], [-89.93166696635018, 27.883654019061336], [-89.97662290952587, 27.883654019061336], [-89.97662290952587, 27.928609962237022], [-90.02157885270157, 27.928609962237022], [-90.02157885270157, 27.973565905412713], [-90.06653479587726, 27.973565905412713], [-90.15644668222865, 28.108433734939773], [-90.24635856858004, 28.108433734939773], [-90.24635856858004, 28.153389678115463], [-90.29131451175573, 28.153389678115463], [-90.29131451175573, 28.19834562129115], [-90.33627045493142, 28.19834562129115], [-90.33627045493142, 28.243301564466837], [-90.38122639810712, 28.243301564466837], [-90.38122639810712, 28.288257507642527], [-90.42618234128281, 28.288257507642527], [-90.42618234128281, 28.333213450818214], [-90.4711382844585, 28.333213450818214], [-90.4711382844585, 28.3781693939939], [-90.5160942276342, 28.3781693939939], [-90.5160942276342, 28.42312533716959], [-90.56105017080989, 28.42312533716959], [-90.56105017080989, 28.468081280345277], [-90.60600611398559, 28.468081280345277], [-90.60600611398559, 28.513037223520964], [-90.65096205716128, 28.513037223520964], [-90.65096205716128, 28.557993166696654], [-90.69591800033697, 28.557993166696654], [-90.69591800033697, 28.60294910987234], [-90.74087394351267, 28.60294910987234], [-90.74087394351267, 28.647905053048028], [-90.78582988668836, 28.647905053048028], [-90.78582988668836, 28.692860996223715], [-90.83078582986406, 28.692860996223715], [-90.83078582986406, 28.737816939399405], [-90.96565365939114, 28.82772882575078], [-90.96565365939114, 28.917640712102155], [-91.10052148891822, 29.007552598453533], [-91.14547743209391, 29.187376371156283], [-91.2353893184453, 29.23233231433197], [-91.2353893184453, 29.322244200683347], [-91.280345261621, 29.322244200683347], [-91.280345261621, 29.412156087034724], [-91.32530120479669, 29.412156087034724], [-91.32530120479669, 29.502067973386097], [-91.37025714797238, 29.502067973386097], [-91.37025714797238, 29.63693580291316], [-91.41521309114808, 29.63693580291316], [-91.41521309114808, 29.81675957561591], [-91.46016903432377, 29.81675957561591]], [[-91.32530120479669, 29.771803632440225], [-91.280345261621, 29.771803632440225], [-91.280345261621, 29.63693580291316], [-91.2353893184453, 29.63693580291316], [-91.2353893184453, 29.502067973386097], [-91.1904333752696, 29.502067973386097], [-91.14547743209391, 29.322244200683347], [-91.05556554574252, 29.27728825750766], [-91.05556554574252, 29.187376371156283], [-91.01060960256683, 29.187376371156283], [-91.01060960256683, 29.097464484804906], [-90.92069771621544, 29.05250854162922], [-90.92069771621544, 28.962596655277842], [-90.87574177303975, 28.962596655277842], [-90.87574177303975, 28.917640712102155], [-90.74087394351267, 28.82772882575078], [-90.74087394351267, 28.737816939399405], [-90.69591800033697, 28.737816939399405], [-90.69591800033697, 28.692860996223715], [-90.65096205716128, 28.692860996223715], [-90.56105017080989, 28.557993166696654], [-90.4711382844585, 28.557993166696654], [-90.4711382844585, 28.513037223520964], [-90.42618234128281, 28.513037223520964], [-90.42618234128281, 28.468081280345277], [-90.38122639810712, 28.468081280345277], [-90.38122639810712, 28.42312533716959], [-90.33627045493142, 28.42312533716959], [-90.33627045493142, 28.3781693939939], [-90.29131451175573, 28.3781693939939], [-90.29131451175573, 28.333213450818214], [-90.24635856858004, 28.333213450818214], [-90.24635856858004, 28.288257507642527], [-90.20140262540434, 28.288257507642527], [-90.20140262540434, 28.243301564466837], [-90.15644668222865, 28.243301564466837], [-90.15644668222865, 28.19834562129115], [-90.11149073905295, 28.19834562129115], [-90.11149073905295, 28.153389678115463], [-90.06653479587726, 28.153389678115463], [-90.06653479587726, 28.108433734939773], [-90.02157885270157, 28.108433734939773], [-90.02157885270157, 28.063477791764086], [-89.97662290952587, 28.063477791764086], [-89.97662290952587, 28.0185218485884], [-89.93166696635018, 28.0185218485884], [-89.93166696635018, 27.973565905412713], [-89.88671102317448, 27.973565905412713], [-89.7967991368231, 27.83869807588565], [-89.70688725047171, 27.83869807588565], [-89.70688725047171, 27.79374213270996], [-89.66193130729602, 27.79374213270996], [-89.66193130729602, 27.748786189534272], [-89.61697536412032, 27.748786189534272], [-89.61697536412032, 27.703830246358585], [-89.57201942094463, 27.703830246358585], [-89.57201942094463, 27.658874303182895], [-89.52706347776893, 27.658874303182895], [-89.52706347776893, 27.613918360007208], [-89.48210753459324, 27.613918360007208], [-89.48210753459324, 27.56896241683152], [-89.43715159141755, 27.56896241683152], [-89.43715159141755, 27.52400647365583], [-89.30228376189046, 27.434094587304457], [-89.30228376189046, 27.389138644128767], [-89.21237187553908, 27.389138644128767], [-89.16741593236338, 27.299226757777394], [-89.077504046012, 27.299226757777394], [-89.077504046012, 27.254270814601703], [-88.98759215966061, 27.254270814601703], [-88.98759215966061, 27.209314871426017], [-88.49307678472798, 27.209314871426017], [-88.49307678472798, 27.254270814601703], [-88.40316489837659, 27.254270814601703], [-88.40316489837659, 27.299226757777394], [-88.3582089552009, 27.299226757777394], [-88.3582089552009, 27.34418270095308], [-88.22334112567381, 27.434094587304457], [-88.13342923932242, 27.83869807588565], [-88.17838518249812, 27.83869807588565], [-88.17838518249812, 28.063477791764086], [-88.22334112567381, 28.063477791764086], [-88.2682970688495, 28.243301564466837], [-88.3132530120252, 28.243301564466837], [-88.3132530120252, 28.288257507642527], [-88.3582089552009, 28.288257507642527], [-88.3582089552009, 28.333213450818214], [-88.40316489837659, 28.333213450818214], [-88.40316489837659, 28.3781693939939], [-88.44812084155228, 28.3781693939939], [-88.44812084155228, 28.42312533716959], [-88.49307678472798, 28.42312533716959], [-88.49307678472798, 28.468081280345277], [-88.53803272790367, 28.468081280345277], [-88.53803272790367, 28.513037223520964], [-88.58298867107936, 28.513037223520964], [-88.58298867107936, 28.557993166696654], [-88.62794461425506, 28.557993166696654], [-88.62794461425506, 28.60294910987234], [-88.67290055743075, 28.60294910987234], [-88.67290055743075, 28.647905053048028], [-88.71785650060644, 28.647905053048028], [-88.71785650060644, 28.692860996223715], [-88.76281244378214, 28.692860996223715], [-88.76281244378214, 28.737816939399405], [-88.80776838695783, 28.737816939399405], [-88.80776838695783, 28.78277288257509], [-88.85272433013353, 28.78277288257509], [-88.85272433013353, 28.82772882575078], [-88.89768027330922, 28.82772882575078], [-88.89768027330922, 28.87268476892647], [-88.94263621648491, 28.87268476892647], [-88.94263621648491, 28.917640712102155], [-88.98759215966061, 28.917640712102155], [-88.98759215966061, 28.962596655277842], [-89.0325481028363, 28.962596655277842], [-89.0325481028363, 29.007552598453533], [-89.077504046012, 29.007552598453533], [-89.077504046012, 29.05250854162922], [-89.12245998918769, 29.05250854162922], [-89.12245998918769, 29.097464484804906], [-89.16741593236338, 29.097464484804906], [-89.16741593236338, 29.142420427980596], [-89.21237187553908, 29.142420427980596], [-89.21237187553908, 29.187376371156283], [-89.25732781871477, 29.187376371156283], [-89.25732781871477, 29.23233231433197], [-89.30228376189046, 29.23233231433197], [-89.30228376189046, 29.27728825750766], [-89.34723970506616, 29.27728825750766], [-89.34723970506616, 29.322244200683347], [-89.39219564824185, 29.322244200683347], [-89.39219564824185, 29.367200143859034], [-89.43715159141755, 29.367200143859034], [-89.43715159141755, 29.412156087034724], [-89.48210753459324, 29.412156087034724], [-89.57201942094463, 29.547023916561784], [-89.61697536412032, 29.547023916561784], [-89.61697536412032, 29.63693580291316], [-89.66193130729602, 29.63693580291316], [-89.66193130729602, 29.681891746088848], [-89.7967991368231, 29.771803632440225], [-89.7967991368231, 29.861715518791602], [-89.84175507999879, 29.861715518791602], [-89.84175507999879, 29.90667146196729], [-89.97662290952587, 29.996583348318666], [-89.97662290952587, 30.08649523467004], [-90.11149073905295, 30.176407121021416], [-90.11149073905295, 30.26631900737279], [-90.15644668222865, 30.26631900737279], [-90.15644668222865, 30.31127495054848], [-90.20140262540434, 30.31127495054848], [-90.20140262540434, 30.356230893724167], [-90.24635856858004, 30.356230893724167], [-90.33627045493142, 30.49109872325123], [-90.42618234128281, 30.49109872325123], [-90.5160942276342, 30.625966552778294], [-90.60600611398559, 30.625966552778294], [-90.60600611398559, 30.67092249595398], [-90.69591800033697, 30.67092249595398], [-90.69591800033697, 30.71587843912967], [-90.78582988668836, 30.71587843912967], [-90.78582988668836, 30.760834382305358], [-90.87574177303975, 30.760834382305358], [-90.87574177303975, 30.805790325481045], [-90.96565365939114, 30.805790325481045], [-90.96565365939114, 30.850746268656735], [-91.01060960256683, 30.850746268656735], [-91.01060960256683, 30.805790325481045], [-91.05556554574252, 30.805790325481045], [-91.05556554574252, 30.760834382305358], [-91.10052148891822, 30.760834382305358], [-91.10052148891822, 30.71587843912967], [-91.14547743209391, 30.71587843912967], [-91.14547743209391, 30.67092249595398], [-91.1904333752696, 30.67092249595398], [-91.1904333752696, 30.625966552778294], [-91.32530120479669, 30.536054666426917], [-91.32530120479669, 29.771803632440225]]]]}}, {"type": "Feature", "properties": {"shapefile": "2021082906_wsp64knt120hr_5km", "PERCENTAGE": "50-60%"}, "geometry": {"type": "MultiPolygon", "coordinates": [[[[-91.32530120479669, 29.771803632440225], [-91.32530120479669, 30.536054666426917], [-91.280345261621, 30.536054666426917], [-91.280345261621, 30.581010609602608], [-91.2353893184453, 30.581010609602608], [-91.2353893184453, 30.625966552778294], [-91.1904333752696, 30.625966552778294], [-91.1904333752696, 30.67092249595398], [-91.14547743209391, 30.67092249595398], [-91.14547743209391, 30.71587843912967], [-91.10052148891822, 30.71587843912967], [-91.01060960256683, 30.850746268656735], [-90.96565365939114, 30.850746268656735], [-90.96565365939114, 30.805790325481045], [-90.87574177303975, 30.805790325481045], [-90.87574177303975, 30.760834382305358], [-90.78582988668836, 30.760834382305358], [-90.78582988668836, 30.71587843912967], [-90.69591800033697, 30.71587843912967], [-90.69591800033697, 30.67092249595398], [-90.60600611398559, 30.67092249595398], [-90.60600611398559, 30.625966552778294], [-90.5160942276342, 30.625966552778294], [-90.42618234128281, 30.49109872325123], [-90.33627045493142, 30.49109872325123], [-90.33627045493142, 30.446142780075544], [-90.29131451175573, 30.446142780075544], [-90.29131451175573, 30.401186836899853], [-90.24635856858004, 30.401186836899853], [-90.24635856858004, 30.356230893724167], [-90.11149073905295, 30.26631900737279], [-90.11149073905295, 30.176407121021416], [-89.97662290952587, 30.08649523467004], [-89.97662290952587, 29.996583348318666], [-89.93166696635018, 29.996583348318666], [-89.93166696635018, 29.951627405142975], [-89.7967991368231, 29.861715518791602], [-89.7967991368231, 29.771803632440225], [-89.7518431936474, 29.771803632440225], [-89.7518431936474, 29.726847689264538], [-89.61697536412032, 29.63693580291316], [-89.61697536412032, 29.547023916561784], [-89.57201942094463, 29.547023916561784], [-89.57201942094463, 29.502067973386097], [-89.52706347776893, 29.502067973386097], [-89.52706347776893, 29.45711203021041], [-89.48210753459324, 29.45711203021041], [-89.48210753459324, 29.412156087034724], [-89.43715159141755, 29.412156087034724], [-89.43715159141755, 29.367200143859034], [-89.39219564824185, 29.367200143859034], [-89.39219564824185, 29.322244200683347], [-89.34723970506616, 29.322244200683347], [-89.34723970506616, 29.27728825750766], [-89.30228376189046, 29.27728825750766], [-89.30228376189046, 29.23233231433197], [-89.25732781871477, 29.23233231433197], [-89.25732781871477, 29.187376371156283], [-89.21237187553908, 29.187376371156283], [-89.21237187553908, 29.142420427980596], [-89.16741593236338, 29.142420427980596], [-89.16741593236338, 29.097464484804906], [-89.12245998918769, 29.097464484804906], [-89.12245998918769, 29.05250854162922], [-89.077504046012, 29.05250854162922], [-89.077504046012, 29.007552598453533], [-89.0325481028363, 29.007552598453533], [-89.0325481028363, 28.962596655277842], [-88.98759215966061, 28.962596655277842], [-88.98759215966061, 28.917640712102155], [-88.94263621648491, 28.917640712102155], [-88.94263621648491, 28.87268476892647], [-88.89768027330922, 28.87268476892647], [-88.89768027330922, 28.82772882575078], [-88.85272433013353, 28.82772882575078], [-88.85272433013353, 28.78277288257509], [-88.80776838695783, 28.78277288257509], [-88.80776838695783, 28.737816939399405], [-88.76281244378214, 28.737816939399405], [-88.76281244378214, 28.692860996223715], [-88.71785650060644, 28.692860996223715], [-88.71785650060644, 28.647905053048028], [-88.67290055743075, 28.647905053048028], [-88.67290055743075, 28.60294910987234], [-88.62794461425506, 28.60294910987234], [-88.62794461425506, 28.557993166696654], [-88.58298867107936, 28.557993166696654], [-88.58298867107936, 28.513037223520964], [-88.53803272790367, 28.513037223520964], [-88.53803272790367, 28.468081280345277], [-88.49307678472798, 28.468081280345277], [-88.49307678472798, 28.42312533716959], [-88.44812084155228, 28.42312533716959], [-88.44812084155228, 28.3781693939939], [-88.3132530120252, 28.288257507642527], [-88.3132530120252, 28.243301564466837], [-88.2682970688495, 28.243301564466837], [-88.2682970688495, 28.153389678115463], [-88.22334112567381, 28.153389678115463], [-88.22334112567381, 28.063477791764086], [-88.17838518249812, 28.063477791764086], [-88.17838518249812, 27.83869807588565], [-88.13342923932242, 27.83869807588565], [-88.22334112567381, 27.434094587304457], [-88.2682970688495, 27.434094587304457], [-88.2682970688495, 27.389138644128767], [-88.3132530120252, 27.389138644128767], [-88.40316489837659, 27.254270814601703], [-88.49307678472798, 27.254270814601703], [-88.49307678472798, 27.209314871426017], [-88.98759215966061, 27.209314871426017], [-88.98759215966061, 27.254270814601703], [-89.16741593236338, 27.299226757777394], [-89.21237187553908, 27.389138644128767], [-89.30228376189046, 27.389138644128767], [-89.30228376189046, 27.434094587304457], [-89.34723970506616, 27.434094587304457], [-89.34723970506616, 27.479050530480144], [-89.39219564824185, 27.479050530480144], [-89.39219564824185, 27.52400647365583], [-89.43715159141755, 27.52400647365583], [-89.43715159141755, 27.56896241683152], [-89.48210753459324, 27.56896241683152], [-89.48210753459324, 27.613918360007208], [-89.52706347776893, 27.613918360007208], [-89.52706347776893, 27.658874303182895], [-89.57201942094463, 27.658874303182895], [-89.57201942094463, 27.703830246358585], [-89.70688725047171, 27.79374213270996], [-89.70688725047171, 27.83869807588565], [-89.7967991368231, 27.83869807588565], [-89.7967991368231, 27.883654019061336], [-89.84175507999879, 27.883654019061336], [-89.84175507999879, 27.928609962237022], [-89.88671102317448, 27.928609962237022], [-89.88671102317448, 27.973565905412713], [-89.93166696635018, 27.973565905412713], [-89.93166696635018, 28.0185218485884], [-89.97662290952587, 28.0185218485884], [-89.97662290952587, 28.063477791764086], [-90.02157885270157, 28.063477791764086], [-90.02157885270157, 28.108433734939773], [-90.06653479587726, 28.108433734939773], [-90.06653479587726, 28.153389678115463], [-90.11149073905295, 28.153389678115463], [-90.11149073905295, 28.19834562129115], [-90.15644668222865, 28.19834562129115], [-90.15644668222865, 28.243301564466837], [-90.20140262540434, 28.243301564466837], [-90.20140262540434, 28.288257507642527], [-90.24635856858004, 28.288257507642527], [-90.24635856858004, 28.333213450818214], [-90.29131451175573, 28.333213450818214], [-90.29131451175573, 28.3781693939939], [-90.33627045493142, 28.3781693939939], [-90.33627045493142, 28.42312533716959], [-90.4711382844585, 28.513037223520964], [-90.4711382844585, 28.557993166696654], [-90.56105017080989, 28.557993166696654], [-90.56105017080989, 28.60294910987234], [-90.60600611398559, 28.60294910987234], [-90.60600611398559, 28.647905053048028], [-90.74087394351267, 28.737816939399405], [-90.74087394351267, 28.82772882575078], [-90.78582988668836, 28.82772882575078], [-90.78582988668836, 28.87268476892647], [-90.92069771621544, 28.962596655277842], [-90.92069771621544, 29.05250854162922], [-91.01060960256683, 29.097464484804906], [-91.05556554574252, 29.27728825750766], [-91.14547743209391, 29.322244200683347], [-91.14547743209391, 29.412156087034724], [-91.1904333752696, 29.412156087034724], [-91.1904333752696, 29.502067973386097], [-91.2353893184453, 29.502067973386097], [-91.2353893184453, 29.63693580291316], [-91.280345261621, 29.63693580291316], [-91.280345261621, 29.771803632440225], [-91.32530120479669, 29.771803632440225]], [[-91.2353893184453, 29.90667146196729], [-91.1904333752696, 29.90667146196729], [-91.1904333752696, 29.726847689264538], [-91.14547743209391, 29.726847689264538], [-91.10052148891822, 29.45711203021041], [-91.01060960256683, 29.412156087034724], [-91.01060960256683, 29.322244200683347], [-90.96565365939114, 29.322244200683347], [-90.96565365939114, 29.27728825750766], [-90.92069771621544, 29.27728825750766], [-90.92069771621544, 29.187376371156283], [-90.83078582986406, 29.142420427980596], [-90.78582988668836, 28.962596655277842], [-90.74087394351267, 28.962596655277842], [-90.74087394351267, 28.917640712102155], [-90.69591800033697, 28.917640712102155], [-90.69591800033697, 28.87268476892647], [-90.65096205716128, 28.87268476892647], [-90.65096205716128, 28.82772882575078], [-90.60600611398559, 28.82772882575078], [-90.60600611398559, 28.78277288257509], [-90.56105017080989, 28.78277288257509], [-90.56105017080989, 28.737816939399405], [-90.5160942276342, 28.737816939399405], [-90.5160942276342, 28.692860996223715], [-90.4711382844585, 28.692860996223715], [-90.4711382844585, 28.647905053048028], [-90.42618234128281, 28.647905053048028], [-90.42618234128281, 28.60294910987234], [-90.38122639810712, 28.60294910987234], [-90.38122639810712, 28.557993166696654], [-90.33627045493142, 28.557993166696654], [-90.33627045493142, 28.513037223520964], [-90.29131451175573, 28.513037223520964], [-90.29131451175573, 28.468081280345277], [-90.24635856858004, 28.468081280345277], [-90.24635856858004, 28.42312533716959], [-90.20140262540434, 28.42312533716959], [-90.20140262540434, 28.3781693939939], [-90.15644668222865, 28.3781693939939], [-90.15644668222865, 28.333213450818214], [-90.11149073905295, 28.333213450818214], [-90.02157885270157, 28.19834562129115], [-89.93166696635018, 28.19834562129115], [-89.93166696635018, 28.153389678115463], [-89.88671102317448, 28.153389678115463], [-89.88671102317448, 28.108433734939773], [-89.84175507999879, 28.108433734939773], [-89.84175507999879, 28.063477791764086], [-89.70688725047171, 27.973565905412713], [-89.70688725047171, 27.883654019061336], [-89.66193130729602, 27.883654019061336], [-89.66193130729602, 27.83869807588565], [-89.57201942094463, 27.83869807588565], [-89.57201942094463, 27.79374213270996], [-89.52706347776893, 27.79374213270996], [-89.52706347776893, 27.748786189534272], [-89.48210753459324, 27.748786189534272], [-89.48210753459324, 27.703830246358585], [-89.43715159141755, 27.703830246358585], [-89.43715159141755, 27.658874303182895], [-89.39219564824185, 27.658874303182895], [-89.39219564824185, 27.613918360007208], [-89.34723970506616, 27.613918360007208], [-89.34723970506616, 27.56896241683152], [-89.30228376189046, 27.56896241683152], [-89.30228376189046, 27.52400647365583], [-89.16741593236338, 27.434094587304457], [-89.16741593236338, 27.389138644128767], [-89.077504046012, 27.389138644128767], [-89.0325481028363, 27.299226757777394], [-88.80776838695783, 27.299226757777394], [-88.80776838695783, 27.254270814601703], [-88.67290055743075, 27.254270814601703], [-88.67290055743075, 27.299226757777394], [-88.44812084155228, 27.299226757777394], [-88.44812084155228, 27.34418270095308], [-88.40316489837659, 27.34418270095308], [-88.40316489837659, 27.389138644128767], [-88.2682970688495, 27.479050530480144], [-88.2682970688495, 27.613918360007208], [-88.22334112567381, 27.613918360007208], [-88.22334112567381, 27.973565905412713], [-88.2682970688495, 27.973565905412713], [-88.2682970688495, 28.108433734939773], [-88.3132530120252, 28.108433734939773], [-88.3132530120252, 28.153389678115463], [-88.3582089552009, 28.153389678115463], [-88.3582089552009, 28.19834562129115], [-88.40316489837659, 28.19834562129115], [-88.40316489837659, 28.243301564466837], [-88.44812084155228, 28.243301564466837], [-88.44812084155228, 28.288257507642527], [-88.49307678472798, 28.288257507642527], [-88.49307678472798, 28.333213450818214], [-88.53803272790367, 28.333213450818214], [-88.53803272790367, 28.3781693939939], [-88.58298867107936, 28.3781693939939], [-88.58298867107936, 28.42312533716959], [-88.62794461425506, 28.42312533716959], [-88.62794461425506, 28.468081280345277], [-88.67290055743075, 28.468081280345277], [-88.67290055743075, 28.513037223520964], [-88.71785650060644, 28.513037223520964], [-88.71785650060644, 28.557993166696654], [-88.76281244378214, 28.557993166696654], [-88.76281244378214, 28.60294910987234], [-88.80776838695783, 28.60294910987234], [-88.80776838695783, 28.647905053048028], [-88.85272433013353, 28.647905053048028], [-88.85272433013353, 28.692860996223715], [-88.89768027330922, 28.692860996223715], [-88.89768027330922, 28.737816939399405], [-88.94263621648491, 28.737816939399405], [-88.94263621648491, 28.78277288257509], [-88.98759215966061, 28.78277288257509], [-89.077504046012, 28.917640712102155], [-89.16741593236338, 28.917640712102155], [-89.16741593236338, 28.962596655277842], [-89.21237187553908, 28.962596655277842], [-89.21237187553908, 29.05250854162922], [-89.25732781871477, 29.05250854162922], [-89.25732781871477, 29.097464484804906], [-89.30228376189046, 29.097464484804906], [-89.30228376189046, 29.142420427980596], [-89.34723970506616, 29.142420427980596], [-89.34723970506616, 29.187376371156283], [-89.39219564824185, 29.187376371156283], [-89.39219564824185, 29.23233231433197], [-89.43715159141755, 29.23233231433197], [-89.43715159141755, 29.27728825750766], [-89.48210753459324, 29.27728825750766], [-89.48210753459324, 29.322244200683347], [-89.52706347776893, 29.322244200683347], [-89.52706347776893, 29.367200143859034], [-89.57201942094463, 29.367200143859034], [-89.57201942094463, 29.412156087034724], [-89.61697536412032, 29.412156087034724], [-89.61697536412032, 29.45711203021041], [-89.66193130729602, 29.45711203021041], [-89.66193130729602, 29.502067973386097], [-89.70688725047171, 29.502067973386097], [-89.70688725047171, 29.547023916561784], [-89.84175507999879, 29.63693580291316], [-89.84175507999879, 29.726847689264538], [-89.88671102317448, 29.726847689264538], [-89.88671102317448, 29.771803632440225], [-89.93166696635018, 29.771803632440225], [-89.93166696635018, 29.81675957561591], [-90.06653479587726, 29.90667146196729], [-90.06653479587726, 29.996583348318666], [-90.20140262540434, 30.08649523467004], [-90.20140262540434, 30.176407121021416], [-90.24635856858004, 30.176407121021416], [-90.24635856858004, 30.221363064197103], [-90.29131451175573, 30.221363064197103], [-90.29131451175573, 30.26631900737279], [-90.33627045493142, 30.26631900737279], [-90.33627045493142, 30.31127495054848], [-90.38122639810712, 30.31127495054848], [-90.4711382844585, 30.446142780075544], [-90.60600611398559, 30.446142780075544], [-90.60600611398559, 30.49109872325123], [-90.69591800033697, 30.49109872325123], [-90.74087394351267, 30.581010609602608], [-90.83078582986406, 30.581010609602608], [-90.83078582986406, 30.625966552778294], [-91.01060960256683, 30.67092249595398], [-91.01060960256683, 30.625966552778294], [-91.14547743209391, 30.536054666426917], [-91.14547743209391, 30.446142780075544], [-91.1904333752696, 30.446142780075544], [-91.2353893184453, 29.90667146196729]]]]}}, {"type": "Feature", "properties": {"shapefile": "2021082906_wsp64knt120hr_5km", "PERCENTAGE": "60-70%"}, "geometry": {"type": "MultiPolygon", "coordinates": [[[[-88.40316489837659, 27.389138644128767], [-88.40316489837659, 27.434094587304457], [-88.3582089552009, 27.434094587304457], [-88.3582089552009, 27.389138644128767], [-88.40316489837659, 27.389138644128767]]], [[[-91.2353893184453, 29.90667146196729], [-91.1904333752696, 30.446142780075544], [-91.14547743209391, 30.446142780075544], [-91.14547743209391, 30.536054666426917], [-91.10052148891822, 30.536054666426917], [-91.01060960256683, 30.67092249595398], [-90.92069771621544, 30.67092249595398], [-90.92069771621544, 30.625966552778294], [-90.74087394351267, 30.581010609602608], [-90.74087394351267, 30.536054666426917], [-90.69591800033697, 30.536054666426917], [-90.69591800033697, 30.49109872325123], [-90.60600611398559, 30.49109872325123], [-90.60600611398559, 30.446142780075544], [-90.4711382844585, 30.446142780075544], [-90.4711382844585, 30.401186836899853], [-90.42618234128281, 30.401186836899853], [-90.42618234128281, 30.356230893724167], [-90.38122639810712, 30.356230893724167], [-90.38122639810712, 30.31127495054848], [-90.33627045493142, 30.31127495054848], [-90.33627045493142, 30.26631900737279], [-90.20140262540434, 30.176407121021416], [-90.20140262540434, 30.08649523467004], [-90.06653479587726, 29.996583348318666], [-90.06653479587726, 29.90667146196729], [-90.02157885270157, 29.90667146196729], [-90.02157885270157, 29.861715518791602], [-89.97662290952587, 29.861715518791602], [-89.97662290952587, 29.81675957561591], [-89.84175507999879, 29.726847689264538], [-89.84175507999879, 29.63693580291316], [-89.7967991368231, 29.63693580291316], [-89.7967991368231, 29.591979859737474], [-89.7518431936474, 29.591979859737474], [-89.7518431936474, 29.547023916561784], [-89.70688725047171, 29.547023916561784], [-89.70688725047171, 29.502067973386097], [-89.66193130729602, 29.502067973386097], [-89.66193130729602, 29.45711203021041], [-89.61697536412032, 29.45711203021041], [-89.61697536412032, 29.412156087034724], [-89.57201942094463, 29.412156087034724], [-89.57201942094463, 29.367200143859034], [-89.52706347776893, 29.367200143859034], [-89.52706347776893, 29.322244200683347], [-89.48210753459324, 29.322244200683347], [-89.48210753459324, 29.27728825750766], [-89.43715159141755, 29.27728825750766], [-89.43715159141755, 29.23233231433197], [-89.39219564824185, 29.23233231433197], [-89.39219564824185, 29.187376371156283], [-89.34723970506616, 29.187376371156283], [-89.34723970506616, 29.142420427980596], [-89.21237187553908, 29.05250854162922], [-89.21237187553908, 28.962596655277842], [-89.16741593236338, 28.962596655277842], [-89.16741593236338, 28.917640712102155], [-89.077504046012, 28.917640712102155], [-89.077504046012, 28.87268476892647], [-89.0325481028363, 28.87268476892647], [-89.0325481028363, 28.82772882575078], [-88.98759215966061, 28.82772882575078], [-88.98759215966061, 28.78277288257509], [-88.94263621648491, 28.78277288257509], [-88.94263621648491, 28.737816939399405], [-88.89768027330922, 28.737816939399405], [-88.89768027330922, 28.692860996223715], [-88.85272433013353, 28.692860996223715], [-88.85272433013353, 28.647905053048028], [-88.80776838695783, 28.647905053048028], [-88.80776838695783, 28.60294910987234], [-88.76281244378214, 28.60294910987234], [-88.76281244378214, 28.557993166696654], [-88.71785650060644, 28.557993166696654], [-88.71785650060644, 28.513037223520964], [-88.67290055743075, 28.513037223520964], [-88.67290055743075, 28.468081280345277], [-88.62794461425506, 28.468081280345277], [-88.62794461425506, 28.42312533716959], [-88.58298867107936, 28.42312533716959], [-88.58298867107936, 28.3781693939939], [-88.53803272790367, 28.3781693939939], [-88.53803272790367, 28.333213450818214], [-88.49307678472798, 28.333213450818214], [-88.49307678472798, 28.288257507642527], [-88.44812084155228, 28.288257507642527], [-88.44812084155228, 28.243301564466837], [-88.40316489837659, 28.243301564466837], [-88.40316489837659, 28.19834562129115], [-88.2682970688495, 28.108433734939773], [-88.2682970688495, 27.973565905412713], [-88.22334112567381, 27.973565905412713], [-88.22334112567381, 27.613918360007208], [-88.2682970688495, 27.613918360007208], [-88.2682970688495, 27.479050530480144], [-88.3582089552009, 27.434094587304457], [-88.3582089552009, 27.52400647365583], [-88.3132530120252, 27.52400647365583], [-88.3132530120252, 28.0185218485884], [-88.3582089552009, 28.0185218485884], [-88.3582089552009, 28.108433734939773], [-88.40316489837659, 28.108433734939773], [-88.40316489837659, 28.153389678115463], [-88.44812084155228, 28.153389678115463], [-88.53803272790367, 28.288257507642527], [-88.62794461425506, 28.288257507642527], [-88.62794461425506, 28.333213450818214], [-88.67290055743075, 28.333213450818214], [-88.67290055743075, 28.3781693939939], [-88.80776838695783, 28.468081280345277], [-88.80776838695783, 28.557993166696654], [-88.85272433013353, 28.557993166696654], [-88.89768027330922, 28.647905053048028], [-88.98759215966061, 28.647905053048028], [-89.077504046012, 28.78277288257509], [-89.16741593236338, 28.78277288257509], [-89.16741593236338, 28.82772882575078], [-89.21237187553908, 28.82772882575078], [-89.21237187553908, 28.87268476892647], [-89.34723970506616, 28.962596655277842], [-89.34723970506616, 29.05250854162922], [-89.39219564824185, 29.05250854162922], [-89.43715159141755, 29.142420427980596], [-89.52706347776893, 29.142420427980596], [-89.52706347776893, 29.187376371156283], [-89.57201942094463, 29.187376371156283], [-89.57201942094463, 29.23233231433197], [-89.61697536412032, 29.23233231433197], [-89.61697536412032, 29.27728825750766], [-89.66193130729602, 29.27728825750766], [-89.66193130729602, 29.322244200683347], [-89.70688725047171, 29.322244200683347], [-89.70688725047171, 29.367200143859034], [-89.84175507999879, 29.45711203021041], [-89.84175507999879, 29.547023916561784], [-89.88671102317448, 29.547023916561784], [-89.88671102317448, 29.591979859737474], [-89.93166696635018, 29.591979859737474], [-89.93166696635018, 29.63693580291316], [-89.97662290952587, 29.63693580291316], [-89.97662290952587, 29.681891746088848], [-90.02157885270157, 29.681891746088848], [-90.02157885270157, 29.726847689264538], [-90.15644668222865, 29.81675957561591], [-90.15644668222865, 29.90667146196729], [-90.24635856858004, 29.951627405142975], [-90.24635856858004, 30.041539291494352], [-90.38122639810712, 30.131451177845726], [-90.38122639810712, 30.221363064197103], [-90.42618234128281, 30.221363064197103], [-90.42618234128281, 30.26631900737279], [-90.5160942276342, 30.26631900737279], [-90.5160942276342, 30.31127495054848], [-90.69591800033697, 30.31127495054848], [-90.69591800033697, 30.356230893724167], [-90.87574177303975, 30.401186836899853], [-90.92069771621544, 30.49109872325123], [-91.01060960256683, 30.49109872325123], [-91.01060960256683, 30.401186836899853], [-91.05556554574252, 30.401186836899853], [-91.05556554574252, 30.221363064197103], [-91.10052148891822, 30.221363064197103], [-91.10052148891822, 29.81675957561591], [-91.05556554574252, 29.81675957561591], [-91.05556554574252, 29.63693580291316], [-91.01060960256683, 29.63693580291316], [-91.01060960256683, 29.502067973386097], [-90.96565365939114, 29.502067973386097], [-90.96565365939114, 29.45711203021041], [-90.87574177303975, 29.412156087034724], [-90.87574177303975, 29.322244200683347], [-90.78582988668836, 29.27728825750766], [-90.78582988668836, 29.187376371156283], [-90.74087394351267, 29.187376371156283], [-90.69591800033697, 29.007552598453533], [-90.65096205716128, 29.007552598453533], [-90.65096205716128, 28.962596655277842], [-90.60600611398559, 28.962596655277842], [-90.60600611398559, 28.917640712102155], [-90.56105017080989, 28.917640712102155], [-90.56105017080989, 28.87268476892647], [-90.5160942276342, 28.87268476892647], [-90.5160942276342, 28.82772882575078], [-90.4711382844585, 28.82772882575078], [-90.4711382844585, 28.78277288257509], [-90.42618234128281, 28.78277288257509], [-90.42618234128281, 28.737816939399405], [-90.38122639810712, 28.737816939399405], [-90.38122639810712, 28.692860996223715], [-90.33627045493142, 28.692860996223715], [-90.33627045493142, 28.647905053048028], [-90.29131451175573, 28.647905053048028], [-90.29131451175573, 28.60294910987234], [-90.24635856858004, 28.60294910987234], [-90.24635856858004, 28.557993166696654], [-90.20140262540434, 28.557993166696654], [-90.20140262540434, 28.513037223520964], [-90.15644668222865, 28.513037223520964], [-90.15644668222865, 28.468081280345277], [-90.11149073905295, 28.468081280345277], [-90.11149073905295, 28.42312533716959], [-90.06653479587726, 28.42312533716959], [-89.97662290952587, 28.288257507642527], [-89.88671102317448, 28.288257507642527], [-89.88671102317448, 28.243301564466837], [-89.84175507999879, 28.243301564466837], [-89.84175507999879, 28.19834562129115], [-89.70688725047171, 28.108433734939773], [-89.70688725047171, 28.0185218485884], [-89.66193130729602, 28.0185218485884], [-89.66193130729602, 27.973565905412713], [-89.61697536412032, 27.973565905412713], [-89.52706347776893, 27.83869807588565], [-89.43715159141755, 27.83869807588565], [-89.43715159141755, 27.79374213270996], [-89.39219564824185, 27.79374213270996], [-89.39219564824185, 27.748786189534272], [-89.34723970506616, 27.748786189534272], [-89.34723970506616, 27.703830246358585], [-89.30228376189046, 27.703830246358585], [-89.30228376189046, 27.658874303182895], [-89.16741593236338, 27.56896241683152], [-89.16741593236338, 27.479050530480144], [-89.12245998918769, 27.479050530480144], [-89.12245998918769, 27.434094587304457], [-89.0325481028363, 27.434094587304457], [-89.0325481028363, 27.389138644128767], [-88.94263621648491, 27.389138644128767], [-88.94263621648491, 27.34418270095308], [-88.49307678472798, 27.34418270095308], [-88.49307678472798, 27.389138644128767], [-88.40316489837659, 27.389138644128767], [-88.44812084155228, 27.299226757777394], [-88.67290055743075, 27.299226757777394], [-88.67290055743075, 27.254270814601703], [-88.80776838695783, 27.254270814601703], [-88.80776838695783, 27.299226757777394], [-89.0325481028363, 27.299226757777394], [-89.0325481028363, 27.34418270095308], [-89.077504046012, 27.34418270095308], [-89.077504046012, 27.389138644128767], [-89.16741593236338, 27.389138644128767], [-89.16741593236338, 27.434094587304457], [-89.21237187553908, 27.434094587304457], [-89.21237187553908, 27.479050530480144], [-89.25732781871477, 27.479050530480144], [-89.25732781871477, 27.52400647365583], [-89.30228376189046, 27.52400647365583], [-89.30228376189046, 27.56896241683152], [-89.34723970506616, 27.56896241683152], [-89.34723970506616, 27.613918360007208], [-89.39219564824185, 27.613918360007208], [-89.39219564824185, 27.658874303182895], [-89.43715159141755, 27.658874303182895], [-89.43715159141755, 27.703830246358585], [-89.57201942094463, 27.79374213270996], [-89.57201942094463, 27.83869807588565], [-89.66193130729602, 27.83869807588565], [-89.66193130729602, 27.883654019061336], [-89.70688725047171, 27.883654019061336], [-89.70688725047171, 27.973565905412713], [-89.7518431936474, 27.973565905412713], [-89.7518431936474, 28.0185218485884], [-89.7967991368231, 28.0185218485884], [-89.7967991368231, 28.063477791764086], [-89.84175507999879, 28.063477791764086], [-89.93166696635018, 28.19834562129115], [-90.02157885270157, 28.19834562129115], [-90.02157885270157, 28.243301564466837], [-90.06653479587726, 28.243301564466837], [-90.06653479587726, 28.288257507642527], [-90.11149073905295, 28.288257507642527], [-90.11149073905295, 28.333213450818214], [-90.15644668222865, 28.333213450818214], [-90.15644668222865, 28.3781693939939], [-90.20140262540434, 28.3781693939939], [-90.20140262540434, 28.42312533716959], [-90.24635856858004, 28.42312533716959], [-90.24635856858004, 28.468081280345277], [-90.29131451175573, 28.468081280345277], [-90.29131451175573, 28.513037223520964], [-90.33627045493142, 28.513037223520964], [-90.33627045493142, 28.557993166696654], [-90.38122639810712, 28.557993166696654], [-90.38122639810712, 28.60294910987234], [-90.42618234128281, 28.60294910987234], [-90.42618234128281, 28.647905053048028], [-90.4711382844585, 28.647905053048028], [-90.4711382844585, 28.692860996223715], [-90.5160942276342, 28.692860996223715], [-90.5160942276342, 28.737816939399405], [-90.56105017080989, 28.737816939399405], [-90.56105017080989, 28.78277288257509], [-90.60600611398559, 28.78277288257509], [-90.60600611398559, 28.82772882575078], [-90.65096205716128, 28.82772882575078], [-90.65096205716128, 28.87268476892647], [-90.78582988668836, 28.962596655277842], [-90.83078582986406, 29.142420427980596], [-90.92069771621544, 29.187376371156283], [-90.92069771621544, 29.27728825750766], [-90.96565365939114, 29.27728825750766], [-90.96565365939114, 29.322244200683347], [-91.01060960256683, 29.322244200683347], [-91.01060960256683, 29.412156087034724], [-91.10052148891822, 29.45711203021041], [-91.10052148891822, 29.591979859737474], [-91.14547743209391, 29.591979859737474], [-91.14547743209391, 29.726847689264538], [-91.1904333752696, 29.726847689264538], [-91.1904333752696, 29.90667146196729], [-91.2353893184453, 29.90667146196729]]]]}}, {"type": "Feature", "properties": {"shapefile": "2021082906_wsp64knt120hr_5km", "PERCENTAGE": "70-80%"}, "geometry": {"type": "MultiPolygon", "coordinates": [[[[-89.0325481028363, 27.389138644128767], [-89.0325481028363, 27.434094587304457], [-88.89768027330922, 27.434094587304457], [-88.89768027330922, 27.389138644128767], [-88.58298867107936, 27.389138644128767], [-88.58298867107936, 27.434094587304457], [-88.44812084155228, 27.434094587304457], [-88.44812084155228, 27.479050530480144], [-88.3582089552009, 27.52400647365583], [-88.3582089552009, 27.434094587304457], [-88.40316489837659, 27.434094587304457], [-88.40316489837659, 27.389138644128767], [-88.49307678472798, 27.389138644128767], [-88.49307678472798, 27.34418270095308], [-88.94263621648491, 27.34418270095308], [-88.94263621648491, 27.389138644128767], [-89.0325481028363, 27.389138644128767]]], [[[-88.3582089552009, 27.52400647365583], [-88.3582089552009, 28.0185218485884], [-88.3132530120252, 28.0185218485884], [-88.3132530120252, 27.52400647365583], [-88.3582089552009, 27.52400647365583]]], [[[-91.10052148891822, 29.81675957561591], [-91.10052148891822, 30.221363064197103], [-91.05556554574252, 30.221363064197103], [-91.05556554574252, 30.401186836899853], [-91.01060960256683, 30.401186836899853], [-91.01060960256683, 30.49109872325123], [-90.92069771621544, 30.49109872325123], [-90.87574177303975, 30.401186836899853], [-90.78582988668836, 30.401186836899853], [-90.78582988668836, 30.356230893724167], [-90.69591800033697, 30.356230893724167], [-90.69591800033697, 30.31127495054848], [-90.5160942276342, 30.31127495054848], [-90.5160942276342, 30.26631900737279], [-90.42618234128281, 30.26631900737279], [-90.42618234128281, 30.221363064197103], [-90.38122639810712, 30.221363064197103], [-90.38122639810712, 30.131451177845726], [-90.33627045493142, 30.131451177845726], [-90.33627045493142, 30.08649523467004], [-90.24635856858004, 30.041539291494352], [-90.24635856858004, 29.951627405142975], [-90.15644668222865, 29.90667146196729], [-90.15644668222865, 29.81675957561591], [-90.11149073905295, 29.81675957561591], [-90.11149073905295, 29.771803632440225], [-90.06653479587726, 29.771803632440225], [-90.06653479587726, 29.726847689264538], [-90.02157885270157, 29.726847689264538], [-90.02157885270157, 29.681891746088848], [-89.97662290952587, 29.681891746088848], [-89.97662290952587, 29.63693580291316], [-89.84175507999879, 29.547023916561784], [-89.84175507999879, 29.45711203021041], [-89.7967991368231, 29.45711203021041], [-89.7967991368231, 29.412156087034724], [-89.7518431936474, 29.412156087034724], [-89.7518431936474, 29.367200143859034], [-89.70688725047171, 29.367200143859034], [-89.70688725047171, 29.322244200683347], [-89.66193130729602, 29.322244200683347], [-89.66193130729602, 29.27728825750766], [-89.61697536412032, 29.27728825750766], [-89.52706347776893, 29.142420427980596], [-89.43715159141755, 29.142420427980596], [-89.43715159141755, 29.097464484804906], [-89.34723970506616, 29.05250854162922], [-89.34723970506616, 28.962596655277842], [-89.30228376189046, 28.962596655277842], [-89.30228376189046, 28.917640712102155], [-89.25732781871477, 28.917640712102155], [-89.16741593236338, 28.78277288257509], [-89.077504046012, 28.78277288257509], [-88.98759215966061, 28.647905053048028], [-88.89768027330922, 28.647905053048028], [-88.89768027330922, 28.60294910987234], [-88.80776838695783, 28.557993166696654], [-88.80776838695783, 28.468081280345277], [-88.76281244378214, 28.468081280345277], [-88.76281244378214, 28.42312533716959], [-88.71785650060644, 28.42312533716959], [-88.62794461425506, 28.288257507642527], [-88.53803272790367, 28.288257507642527], [-88.53803272790367, 28.243301564466837], [-88.49307678472798, 28.243301564466837], [-88.49307678472798, 28.19834562129115], [-88.3582089552009, 28.108433734939773], [-88.3582089552009, 28.0185218485884], [-88.40316489837659, 28.0185218485884], [-88.49307678472798, 28.153389678115463], [-88.67290055743075, 28.19834562129115], [-88.67290055743075, 28.243301564466837], [-88.71785650060644, 28.243301564466837], [-88.71785650060644, 28.288257507642527], [-88.85272433013353, 28.3781693939939], [-88.85272433013353, 28.468081280345277], [-88.89768027330922, 28.468081280345277], [-88.89768027330922, 28.513037223520964], [-88.94263621648491, 28.513037223520964], [-89.0325481028363, 28.647905053048028], [-89.21237187553908, 28.692860996223715], [-89.21237187553908, 28.737816939399405], [-89.25732781871477, 28.737816939399405], [-89.25732781871477, 28.78277288257509], [-89.30228376189046, 28.78277288257509], [-89.30228376189046, 28.82772882575078], [-89.43715159141755, 28.917640712102155], [-89.43715159141755, 29.007552598453533], [-89.48210753459324, 29.007552598453533], [-89.48210753459324, 29.05250854162922], [-89.57201942094463, 29.05250854162922], [-89.61697536412032, 29.142420427980596], [-89.70688725047171, 29.142420427980596], [-89.70688725047171, 29.187376371156283], [-89.7518431936474, 29.187376371156283], [-89.7518431936474, 29.23233231433197], [-89.7967991368231, 29.23233231433197], [-89.7967991368231, 29.27728825750766], [-89.93166696635018, 29.367200143859034], [-89.97662290952587, 29.547023916561784], [-90.06653479587726, 29.547023916561784], [-90.06653479587726, 29.591979859737474], [-90.11149073905295, 29.591979859737474], [-90.11149073905295, 29.63693580291316], [-90.15644668222865, 29.63693580291316], [-90.15644668222865, 29.681891746088848], [-90.29131451175573, 29.771803632440225], [-90.29131451175573, 29.861715518791602], [-90.33627045493142, 29.861715518791602], [-90.33627045493142, 29.951627405142975], [-90.38122639810712, 29.951627405142975], [-90.38122639810712, 30.041539291494352], [-90.42618234128281, 30.041539291494352], [-90.4711382844585, 30.131451177845726], [-90.83078582986406, 30.131451177845726], [-90.83078582986406, 30.176407121021416], [-90.96565365939114, 30.176407121021416], [-90.96565365939114, 30.131451177845726], [-91.01060960256683, 30.131451177845726], [-91.01060960256683, 29.861715518791602], [-90.96565365939114, 29.861715518791602], [-90.96565365939114, 29.771803632440225], [-90.87574177303975, 29.726847689264538], [-90.87574177303975, 29.591979859737474], [-90.83078582986406, 29.591979859737474], [-90.83078582986406, 29.502067973386097], [-90.74087394351267, 29.45711203021041], [-90.74087394351267, 29.367200143859034], [-90.69591800033697, 29.367200143859034], [-90.69591800033697, 29.27728825750766], [-90.65096205716128, 29.27728825750766], [-90.65096205716128, 29.187376371156283], [-90.60600611398559, 29.187376371156283], [-90.60600611398559, 29.05250854162922], [-90.56105017080989, 29.05250854162922], [-90.56105017080989, 28.962596655277842], [-90.4711382844585, 28.962596655277842], [-90.42618234128281, 28.87268476892647], [-90.33627045493142, 28.87268476892647], [-90.33627045493142, 28.82772882575078], [-90.29131451175573, 28.82772882575078], [-90.29131451175573, 28.78277288257509], [-90.15644668222865, 28.692860996223715], [-90.11149073905295, 28.513037223520964], [-90.06653479587726, 28.513037223520964], [-90.02157885270157, 28.42312533716959], [-89.84175507999879, 28.3781693939939], [-89.84175507999879, 28.333213450818214], [-89.7967991368231, 28.333213450818214], [-89.7967991368231, 28.288257507642527], [-89.7518431936474, 28.288257507642527], [-89.7518431936474, 28.243301564466837], [-89.61697536412032, 28.153389678115463], [-89.57201942094463, 27.973565905412713], [-89.52706347776893, 27.973565905412713], [-89.52706347776893, 27.928609962237022], [-89.43715159141755, 27.928609962237022], [-89.43715159141755, 27.883654019061336], [-89.34723970506616, 27.883654019061336], [-89.34723970506616, 27.83869807588565], [-89.30228376189046, 27.83869807588565], [-89.30228376189046, 27.79374213270996], [-89.25732781871477, 27.79374213270996], [-89.25732781871477, 27.748786189534272], [-89.12245998918769, 27.658874303182895], [-89.12245998918769, 27.56896241683152], [-89.077504046012, 27.56896241683152], [-89.077504046012, 27.479050530480144], [-89.0325481028363, 27.479050530480144], [-89.0325481028363, 27.434094587304457], [-89.12245998918769, 27.434094587304457], [-89.12245998918769, 27.479050530480144], [-89.16741593236338, 27.479050530480144], [-89.16741593236338, 27.56896241683152], [-89.21237187553908, 27.56896241683152], [-89.21237187553908, 27.613918360007208], [-89.25732781871477, 27.613918360007208], [-89.25732781871477, 27.658874303182895], [-89.30228376189046, 27.658874303182895], [-89.30228376189046, 27.703830246358585], [-89.34723970506616, 27.703830246358585], [-89.43715159141755, 27.83869807588565], [-89.52706347776893, 27.83869807588565], [-89.52706347776893, 27.883654019061336], [-89.57201942094463, 27.883654019061336], [-89.57201942094463, 27.928609962237022], [-89.70688725047171, 28.0185218485884], [-89.70688725047171, 28.108433734939773], [-89.7518431936474, 28.108433734939773], [-89.7518431936474, 28.153389678115463], [-89.7967991368231, 28.153389678115463], [-89.88671102317448, 28.288257507642527], [-89.97662290952587, 28.288257507642527], [-89.97662290952587, 28.333213450818214], [-90.02157885270157, 28.333213450818214], [-90.02157885270157, 28.3781693939939], [-90.06653479587726, 28.3781693939939], [-90.06653479587726, 28.42312533716959], [-90.11149073905295, 28.42312533716959], [-90.11149073905295, 28.468081280345277], [-90.15644668222865, 28.468081280345277], [-90.15644668222865, 28.513037223520964], [-90.20140262540434, 28.513037223520964], [-90.20140262540434, 28.557993166696654], [-90.24635856858004, 28.557993166696654], [-90.24635856858004, 28.60294910987234], [-90.29131451175573, 28.60294910987234], [-90.29131451175573, 28.647905053048028], [-90.33627045493142, 28.647905053048028], [-90.33627045493142, 28.692860996223715], [-90.38122639810712, 28.692860996223715], [-90.38122639810712, 28.737816939399405], [-90.42618234128281, 28.737816939399405], [-90.42618234128281, 28.78277288257509], [-90.4711382844585, 28.78277288257509], [-90.4711382844585, 28.82772882575078], [-90.5160942276342, 28.82772882575078], [-90.5160942276342, 28.87268476892647], [-90.56105017080989, 28.87268476892647], [-90.56105017080989, 28.917640712102155], [-90.69591800033697, 29.007552598453533], [-90.69591800033697, 29.097464484804906], [-90.74087394351267, 29.097464484804906], [-90.74087394351267, 29.187376371156283], [-90.78582988668836, 29.187376371156283], [-90.78582988668836, 29.27728825750766], [-90.83078582986406, 29.27728825750766], [-90.83078582986406, 29.322244200683347], [-90.87574177303975, 29.322244200683347], [-90.87574177303975, 29.412156087034724], [-91.01060960256683, 29.502067973386097], [-91.01060960256683, 29.63693580291316], [-91.05556554574252, 29.63693580291316], [-91.05556554574252, 29.81675957561591], [-91.10052148891822, 29.81675957561591]]]]}}, {"type": "Feature", "properties": {"shapefile": "2021082906_wsp64knt120hr_5km", "PERCENTAGE": "80-90%"}, "geometry": {"type": "MultiPolygon", "coordinates": [[[[-88.44812084155228, 27.479050530480144], [-88.44812084155228, 27.56896241683152], [-88.40316489837659, 27.56896241683152], [-88.40316489837659, 27.973565905412713], [-88.44812084155228, 27.973565905412713], [-88.44812084155228, 28.063477791764086], [-88.40316489837659, 28.063477791764086], [-88.40316489837659, 28.0185218485884], [-88.3582089552009, 28.0185218485884], [-88.3582089552009, 27.52400647365583], [-88.44812084155228, 27.479050530480144]]], [[[-91.01060960256683, 29.861715518791602], [-91.01060960256683, 30.131451177845726], [-90.96565365939114, 30.131451177845726], [-90.96565365939114, 30.176407121021416], [-90.83078582986406, 30.176407121021416], [-90.83078582986406, 30.131451177845726], [-90.4711382844585, 30.131451177845726], [-90.4711382844585, 30.08649523467004], [-90.38122639810712, 30.041539291494352], [-90.38122639810712, 29.951627405142975], [-90.33627045493142, 29.951627405142975], [-90.29131451175573, 29.771803632440225], [-90.24635856858004, 29.771803632440225], [-90.24635856858004, 29.726847689264538], [-90.20140262540434, 29.726847689264538], [-90.20140262540434, 29.681891746088848], [-90.15644668222865, 29.681891746088848], [-90.06653479587726, 29.547023916561784], [-89.97662290952587, 29.547023916561784], [-89.93166696635018, 29.367200143859034], [-89.88671102317448, 29.367200143859034], [-89.88671102317448, 29.322244200683347], [-89.84175507999879, 29.322244200683347], [-89.84175507999879, 29.27728825750766], [-89.7967991368231, 29.27728825750766], [-89.70688725047171, 29.142420427980596], [-89.61697536412032, 29.142420427980596], [-89.57201942094463, 29.05250854162922], [-89.48210753459324, 29.05250854162922], [-89.48210753459324, 29.007552598453533], [-89.43715159141755, 29.007552598453533], [-89.43715159141755, 28.917640712102155], [-89.39219564824185, 28.917640712102155], [-89.39219564824185, 28.87268476892647], [-89.34723970506616, 28.87268476892647], [-89.34723970506616, 28.82772882575078], [-89.30228376189046, 28.82772882575078], [-89.21237187553908, 28.692860996223715], [-89.0325481028363, 28.647905053048028], [-89.0325481028363, 28.60294910987234], [-88.98759215966061, 28.60294910987234], [-88.98759215966061, 28.557993166696654], [-88.85272433013353, 28.468081280345277], [-88.85272433013353, 28.3781693939939], [-88.80776838695783, 28.3781693939939], [-88.80776838695783, 28.333213450818214], [-88.76281244378214, 28.333213450818214], [-88.67290055743075, 28.19834562129115], [-88.49307678472798, 28.153389678115463], [-88.44812084155228, 28.063477791764086], [-88.80776838695783, 28.153389678115463], [-88.80776838695783, 28.19834562129115], [-88.89768027330922, 28.243301564466837], [-88.89768027330922, 28.333213450818214], [-88.94263621648491, 28.333213450818214], [-88.94263621648491, 28.468081280345277], [-88.98759215966061, 28.468081280345277], [-89.0325481028363, 28.557993166696654], [-89.21237187553908, 28.557993166696654], [-89.21237187553908, 28.60294910987234], [-89.39219564824185, 28.647905053048028], [-89.39219564824185, 28.692860996223715], [-89.43715159141755, 28.692860996223715], [-89.43715159141755, 28.78277288257509], [-89.48210753459324, 28.78277288257509], [-89.48210753459324, 28.82772882575078], [-89.57201942094463, 28.82772882575078], [-89.57201942094463, 28.87268476892647], [-89.70688725047171, 28.962596655277842], [-89.70688725047171, 29.05250854162922], [-89.7967991368231, 29.05250854162922], [-89.7967991368231, 29.097464484804906], [-89.84175507999879, 29.097464484804906], [-89.84175507999879, 29.142420427980596], [-89.88671102317448, 29.142420427980596], [-89.97662290952587, 29.27728825750766], [-90.11149073905295, 29.27728825750766], [-90.11149073905295, 29.322244200683347], [-90.24635856858004, 29.412156087034724], [-90.24635856858004, 29.502067973386097], [-90.33627045493142, 29.547023916561784], [-90.33627045493142, 29.63693580291316], [-90.42618234128281, 29.681891746088848], [-90.42618234128281, 29.81675957561591], [-90.4711382844585, 29.81675957561591], [-90.4711382844585, 29.90667146196729], [-90.5160942276342, 29.90667146196729], [-90.5160942276342, 29.861715518791602], [-90.56105017080989, 29.861715518791602], [-90.56105017080989, 29.726847689264538], [-90.60600611398559, 29.726847689264538], [-90.60600611398559, 29.45711203021041], [-90.56105017080989, 29.45711203021041], [-90.56105017080989, 29.322244200683347], [-90.5160942276342, 29.322244200683347], [-90.5160942276342, 29.097464484804906], [-90.4711382844585, 29.097464484804906], [-90.4711382844585, 29.007552598453533], [-90.33627045493142, 29.007552598453533], [-90.33627045493142, 28.962596655277842], [-90.24635856858004, 28.962596655277842], [-90.24635856858004, 28.917640712102155], [-90.15644668222865, 28.917640712102155], [-90.15644668222865, 28.87268476892647], [-90.11149073905295, 28.87268476892647], [-90.11149073905295, 28.78277288257509], [-90.06653479587726, 28.78277288257509], [-90.06653479587726, 28.692860996223715], [-90.02157885270157, 28.692860996223715], [-90.02157885270157, 28.513037223520964], [-89.7518431936474, 28.468081280345277], [-89.70688725047171, 28.3781693939939], [-89.61697536412032, 28.3781693939939], [-89.61697536412032, 28.288257507642527], [-89.57201942094463, 28.288257507642527], [-89.57201942094463, 28.19834562129115], [-89.52706347776893, 28.19834562129115], [-89.52706347776893, 28.0185218485884], [-89.48210753459324, 28.0185218485884], [-89.48210753459324, 27.973565905412713], [-89.30228376189046, 27.973565905412713], [-89.30228376189046, 27.928609962237022], [-89.21237187553908, 27.928609962237022], [-89.21237187553908, 27.883654019061336], [-89.077504046012, 27.79374213270996], [-89.077504046012, 27.658874303182895], [-89.0325481028363, 27.658874303182895], [-89.0325481028363, 27.52400647365583], [-88.98759215966061, 27.52400647365583], [-88.98759215966061, 27.479050530480144], [-88.44812084155228, 27.479050530480144], [-88.44812084155228, 27.434094587304457], [-88.58298867107936, 27.434094587304457], [-88.58298867107936, 27.389138644128767], [-88.89768027330922, 27.389138644128767], [-88.89768027330922, 27.434094587304457], [-89.0325481028363, 27.434094587304457], [-89.0325481028363, 27.479050530480144], [-89.077504046012, 27.479050530480144], [-89.077504046012, 27.56896241683152], [-89.12245998918769, 27.56896241683152], [-89.12245998918769, 27.658874303182895], [-89.16741593236338, 27.658874303182895], [-89.16741593236338, 27.703830246358585], [-89.21237187553908, 27.703830246358585], [-89.21237187553908, 27.748786189534272], [-89.25732781871477, 27.748786189534272], [-89.34723970506616, 27.883654019061336], [-89.52706347776893, 27.928609962237022], [-89.52706347776893, 27.973565905412713], [-89.57201942094463, 27.973565905412713], [-89.57201942094463, 28.063477791764086], [-89.61697536412032, 28.063477791764086], [-89.61697536412032, 28.153389678115463], [-89.66193130729602, 28.153389678115463], [-89.66193130729602, 28.19834562129115], [-89.70688725047171, 28.19834562129115], [-89.70688725047171, 28.243301564466837], [-89.7518431936474, 28.243301564466837], [-89.84175507999879, 28.3781693939939], [-90.02157885270157, 28.42312533716959], [-90.02157885270157, 28.468081280345277], [-90.11149073905295, 28.513037223520964], [-90.15644668222865, 28.692860996223715], [-90.20140262540434, 28.692860996223715], [-90.20140262540434, 28.737816939399405], [-90.24635856858004, 28.737816939399405], [-90.33627045493142, 28.87268476892647], [-90.42618234128281, 28.87268476892647], [-90.4711382844585, 28.962596655277842], [-90.56105017080989, 28.962596655277842], [-90.56105017080989, 29.05250854162922], [-90.60600611398559, 29.05250854162922], [-90.60600611398559, 29.187376371156283], [-90.65096205716128, 29.187376371156283], [-90.65096205716128, 29.27728825750766], [-90.69591800033697, 29.27728825750766], [-90.74087394351267, 29.45711203021041], [-90.83078582986406, 29.502067973386097], [-90.83078582986406, 29.591979859737474], [-90.87574177303975, 29.591979859737474], [-90.87574177303975, 29.726847689264538], [-90.92069771621544, 29.726847689264538], [-90.92069771621544, 29.771803632440225], [-90.96565365939114, 29.771803632440225], [-90.96565365939114, 29.861715518791602], [-91.01060960256683, 29.861715518791602]]]]}}, {"type": "Feature", "properties": {"shapefile": "2021082906_wsp64knt120hr_5km", "PERCENTAGE": ">90%"}, "geometry": {"type": "MultiPolygon", "coordinates": [[[[-90.60600611398559, 29.45711203021041], [-90.60600611398559, 29.726847689264538], [-90.56105017080989, 29.726847689264538], [-90.56105017080989, 29.861715518791602], [-90.4711382844585, 29.90667146196729], [-90.4711382844585, 29.81675957561591], [-90.42618234128281, 29.81675957561591], [-90.42618234128281, 29.681891746088848], [-90.33627045493142, 29.63693580291316], [-90.33627045493142, 29.547023916561784], [-90.24635856858004, 29.502067973386097], [-90.24635856858004, 29.412156087034724], [-90.20140262540434, 29.412156087034724], [-90.11149073905295, 29.27728825750766], [-89.97662290952587, 29.27728825750766], [-89.97662290952587, 29.23233231433197], [-89.93166696635018, 29.23233231433197], [-89.93166696635018, 29.187376371156283], [-89.88671102317448, 29.187376371156283], [-89.7967991368231, 29.05250854162922], [-89.70688725047171, 29.05250854162922], [-89.70688725047171, 28.962596655277842], [-89.66193130729602, 28.962596655277842], [-89.57201942094463, 28.82772882575078], [-89.48210753459324, 28.82772882575078], [-89.39219564824185, 28.647905053048028], [-89.30228376189046, 28.647905053048028], [-89.30228376189046, 28.60294910987234], [-89.21237187553908, 28.60294910987234], [-89.21237187553908, 28.557993166696654], [-89.0325481028363, 28.557993166696654], [-89.0325481028363, 28.513037223520964], [-88.94263621648491, 28.468081280345277], [-88.94263621648491, 28.333213450818214], [-88.89768027330922, 28.333213450818214], [-88.89768027330922, 28.243301564466837], [-88.85272433013353, 28.243301564466837], [-88.80776838695783, 28.153389678115463], [-88.44812084155228, 28.063477791764086], [-88.44812084155228, 27.973565905412713], [-88.40316489837659, 27.973565905412713], [-88.40316489837659, 27.56896241683152], [-88.44812084155228, 27.56896241683152], [-88.44812084155228, 27.479050530480144], [-88.98759215966061, 27.479050530480144], [-88.98759215966061, 27.52400647365583], [-89.0325481028363, 27.52400647365583], [-89.0325481028363, 27.658874303182895], [-89.077504046012, 27.658874303182895], [-89.077504046012, 27.79374213270996], [-89.12245998918769, 27.79374213270996], [-89.21237187553908, 27.928609962237022], [-89.30228376189046, 27.928609962237022], [-89.30228376189046, 27.973565905412713], [-89.48210753459324, 27.973565905412713], [-89.48210753459324, 28.0185218485884], [-89.52706347776893, 28.0185218485884], [-89.52706347776893, 28.19834562129115], [-89.57201942094463, 28.19834562129115], [-89.61697536412032, 28.3781693939939], [-89.70688725047171, 28.3781693939939], [-89.7518431936474, 28.468081280345277], [-90.02157885270157, 28.513037223520964], [-90.02157885270157, 28.692860996223715], [-90.06653479587726, 28.692860996223715], [-90.11149073905295, 28.87268476892647], [-90.15644668222865, 28.87268476892647], [-90.15644668222865, 28.917640712102155], [-90.24635856858004, 28.917640712102155], [-90.24635856858004, 28.962596655277842], [-90.33627045493142, 28.962596655277842], [-90.33627045493142, 29.007552598453533], [-90.4711382844585, 29.007552598453533], [-90.4711382844585, 29.097464484804906], [-90.5160942276342, 29.097464484804906], [-90.5160942276342, 29.322244200683347], [-90.56105017080989, 29.322244200683347], [-90.56105017080989, 29.45711203021041], [-90.60600611398559, 29.45711203021041]]]]}}]}