{"type": "FeatureCollection", "features": [{"type": "Feature", "properties": {"shapefile": "2021082900_wsp64knt120hr_5km", "PERCENTAGE": "<5%"}, "geometry": {"type": "MultiPolygon", "coordinates": [[[[-92.98867110229736, 30.131451177845726], [-92.98867110229736, 30.67092249595398], [-92.94371515912167, 30.67092249595398], [-92.94371515912167, 30.985614098183795], [-92.89875921594597, 30.985614098183795], [-92.85380327277028, 31.255349757237923], [-92.80884732959458, 31.255349757237923], [-92.80884732959458, 31.3452616435893], [-92.76389138641889, 31.3452616435893], [-92.76389138641889, 31.435173529940677], [-92.7189354432432, 31.435173529940677], [-92.6739795000675, 31.614997302643427], [-92.58406761371612, 31.659953245819114], [-92.58406761371612, 31.74986513217049], [-92.49415572736473, 31.794821075346178], [-92.49415572736473, 31.884732961697555], [-92.44919978418903, 31.884732961697555], [-92.44919978418903, 31.92968890487324], [-92.40424384101334, 31.92968890487324], [-92.40424384101334, 32.01960079122462], [-92.31433195466195, 32.064556734400306], [-92.31433195466195, 32.154468620751686], [-92.26937601148626, 32.154468620751686], [-92.26937601148626, 32.199424563927366], [-92.22442006831056, 32.199424563927366], [-92.22442006831056, 32.24438050710306], [-92.17946412513487, 32.24438050710306], [-92.17946412513487, 32.289336450278746], [-92.13450818195918, 32.289336450278746], [-92.13450818195918, 32.33429239345443], [-92.08955223878348, 32.33429239345443], [-92.08955223878348, 32.37924833663012], [-92.04459629560779, 32.37924833663012], [-91.9546844092564, 32.51411616615718], [-91.86477252290501, 32.51411616615718], [-91.86477252290501, 32.559072109332874], [-91.77486063655363, 32.559072109332874], [-91.72990469337793, 32.64898399568425], [-91.59503686385085, 32.64898399568425], [-91.59503686385085, 32.693939938859934], [-91.50512497749946, 32.693939938859934], [-91.50512497749946, 32.73889588203562], [-91.32530120479669, 32.73889588203562], [-91.32530120479669, 32.783851825211315], [-90.74087394351267, 32.783851825211315], [-90.74087394351267, 32.73889588203562], [-90.60600611398559, 32.73889588203562], [-90.60600611398559, 32.693939938859934], [-90.5160942276342, 32.693939938859934], [-90.5160942276342, 32.64898399568425], [-90.33627045493142, 32.60402805250856], [-90.33627045493142, 32.559072109332874], [-90.29131451175573, 32.559072109332874], [-90.29131451175573, 32.51411616615718], [-90.20140262540434, 32.51411616615718], [-90.11149073905295, 32.37924833663012], [-90.02157885270157, 32.37924833663012], [-89.93166696635018, 32.24438050710306], [-89.84175507999879, 32.24438050710306], [-89.84175507999879, 32.199424563927366], [-89.7967991368231, 32.199424563927366], [-89.7967991368231, 32.154468620751686], [-89.70688725047171, 32.154468620751686], [-89.66193130729602, 32.064556734400306], [-89.48210753459324, 32.01960079122462], [-89.48210753459324, 31.97464484804893], [-89.43715159141755, 31.97464484804893], [-89.43715159141755, 31.92968890487324], [-89.34723970506616, 31.92968890487324], [-89.25732781871477, 31.794821075346178], [-89.16741593236338, 31.794821075346178], [-89.16741593236338, 31.74986513217049], [-89.12245998918769, 31.74986513217049], [-89.12245998918769, 31.7049091889948], [-89.077504046012, 31.7049091889948], [-89.077504046012, 31.659953245819114], [-89.0325481028363, 31.659953245819114], [-89.0325481028363, 31.614997302643427], [-88.98759215966061, 31.614997302643427], [-88.98759215966061, 31.570041359467737], [-88.94263621648491, 31.570041359467737], [-88.94263621648491, 31.52508541629205], [-88.80776838695783, 31.435173529940677], [-88.80776838695783, 31.3452616435893], [-88.76281244378214, 31.3452616435893], [-88.76281244378214, 31.300305700413613], [-88.71785650060644, 31.300305700413613], [-88.71785650060644, 31.255349757237923], [-88.58298867107936, 31.16543787088655], [-88.58298867107936, 31.075525984535172], [-88.44812084155228, 30.985614098183795], [-88.44812084155228, 30.895702211832422], [-88.40316489837659, 30.895702211832422], [-88.40316489837659, 30.850746268656735], [-88.2682970688495, 30.760834382305358], [-88.2682970688495, 30.67092249595398], [-88.17838518249812, 30.625966552778294], [-88.17838518249812, 30.536054666426917], [-88.04351735297104, 30.446142780075544], [-88.04351735297104, 30.356230893724167], [-87.99856140979534, 30.356230893724167], [-87.99856140979534, 30.31127495054848], [-87.95360546661965, 30.31127495054848], [-87.95360546661965, 30.221363064197103], [-87.86369358026826, 30.176407121021416], [-87.81873763709257, 29.996583348318666], [-87.72882575074118, 29.951627405142975], [-87.68386980756549, 29.771803632440225], [-87.5939579212141, 29.726847689264538], [-87.5939579212141, 29.63693580291316], [-87.50404603486271, 29.591979859737474], [-87.50404603486271, 29.502067973386097], [-87.41413414851132, 29.45711203021041], [-87.41413414851132, 29.367200143859034], [-87.32422226215994, 29.322244200683347], [-87.32422226215994, 29.23233231433197], [-87.27926631898424, 29.23233231433197], [-87.27926631898424, 29.187376371156283], [-87.23431037580855, 29.187376371156283], [-87.23431037580855, 29.097464484804906], [-87.14439848945716, 29.05250854162922], [-87.14439848945716, 28.962596655277842], [-87.09944254628147, 28.962596655277842], [-87.09944254628147, 28.87268476892647], [-87.05448660310577, 28.87268476892647], [-87.05448660310577, 28.78277288257509], [-87.00953065993008, 28.78277288257509], [-87.00953065993008, 28.692860996223715], [-86.96457471675438, 28.692860996223715], [-86.96457471675438, 28.60294910987234], [-86.91961877357869, 28.60294910987234], [-86.874662830403, 28.42312533716959], [-86.78475094405161, 28.3781693939939], [-86.78475094405161, 28.288257507642527], [-86.73979500087592, 28.288257507642527], [-86.73979500087592, 28.19834562129115], [-86.69483905770022, 28.19834562129115], [-86.69483905770022, 28.108433734939773], [-86.60492717134883, 28.063477791764086], [-86.60492717134883, 27.973565905412713], [-86.55997122817314, 27.973565905412713], [-86.55997122817314, 27.883654019061336], [-86.51501528499745, 27.883654019061336], [-86.51501528499745, 27.79374213270996], [-86.47005934182175, 27.79374213270996], [-86.47005934182175, 27.703830246358585], [-86.42510339864606, 27.703830246358585], [-86.38014745547036, 27.434094587304457], [-86.33519151229467, 27.434094587304457], [-86.33519151229467, 27.209314871426017], [-86.29023556911898, 27.209314871426017], [-86.29023556911898, 26.66984355331776], [-86.33519151229467, 26.66984355331776], [-86.33519151229467, 26.49001978061501], [-86.38014745547036, 26.49001978061501], [-86.38014745547036, 26.355151951087947], [-86.42510339864606, 26.355151951087947], [-86.42510339864606, 26.265240064736574], [-86.47005934182175, 26.265240064736574], [-86.47005934182175, 26.175328178385197], [-86.51501528499745, 26.175328178385197], [-86.51501528499745, 26.08541629203382], [-86.55997122817314, 26.08541629203382], [-86.55997122817314, 26.040460348858133], [-86.60492717134883, 26.040460348858133], [-86.60492717134883, 25.995504405682446], [-86.64988311452453, 25.995504405682446], [-86.64988311452453, 25.950548462506756], [-86.69483905770022, 25.950548462506756], [-86.69483905770022, 25.90559251933107], [-86.73979500087592, 25.90559251933107], [-86.73979500087592, 25.860636576155382], [-86.78475094405161, 25.860636576155382], [-86.874662830403, 25.72576874662832], [-86.96457471675438, 25.72576874662832], [-86.96457471675438, 25.680812803452632], [-87.00953065993008, 25.680812803452632], [-87.00953065993008, 25.63585686027694], [-87.09944254628147, 25.63585686027694], [-87.09944254628147, 25.590900917101255], [-87.23431037580855, 25.590900917101255], [-87.23431037580855, 25.545944973925568], [-87.45909009168702, 25.545944973925568], [-87.45909009168702, 25.500989030749878], [-87.77378169391687, 25.500989030749878], [-87.77378169391687, 25.545944973925568], [-87.99856140979534, 25.545944973925568], [-87.99856140979534, 25.590900917101255], [-88.13342923932242, 25.590900917101255], [-88.13342923932242, 25.63585686027694], [-88.22334112567381, 25.63585686027694], [-88.22334112567381, 25.680812803452632], [-88.3582089552009, 25.680812803452632], [-88.3582089552009, 25.72576874662832], [-88.44812084155228, 25.72576874662832], [-88.44812084155228, 25.770724689804005], [-88.62794461425506, 25.815680632979692], [-88.67290055743075, 25.90559251933107], [-88.76281244378214, 25.90559251933107], [-88.76281244378214, 25.950548462506756], [-88.94263621648491, 25.995504405682446], [-88.98759215966061, 26.08541629203382], [-89.077504046012, 26.08541629203382], [-89.077504046012, 26.13037223520951], [-89.16741593236338, 26.13037223520951], [-89.16741593236338, 26.175328178385197], [-89.34723970506616, 26.220284121560884], [-89.34723970506616, 26.265240064736574], [-89.52706347776893, 26.31019600791226], [-89.52706347776893, 26.355151951087947], [-89.61697536412032, 26.355151951087947], [-89.61697536412032, 26.400107894263638], [-89.70688725047171, 26.400107894263638], [-89.70688725047171, 26.445063837439324], [-89.84175507999879, 26.445063837439324], [-89.84175507999879, 26.49001978061501], [-89.93166696635018, 26.49001978061501], [-89.93166696635018, 26.5349757237907], [-90.06653479587726, 26.5349757237907], [-90.06653479587726, 26.579931666966388], [-90.33627045493142, 26.624887610142075], [-90.33627045493142, 26.66984355331776], [-90.42618234128281, 26.66984355331776], [-90.42618234128281, 26.714799496493452], [-90.60600611398559, 26.75975543966914], [-90.60600611398559, 26.804711382844825], [-90.65096205716128, 26.804711382844825], [-90.65096205716128, 26.849667326020516], [-90.74087394351267, 26.849667326020516], [-90.83078582986406, 26.98453515554758], [-90.92069771621544, 26.98453515554758], [-90.92069771621544, 27.029491098723266], [-90.96565365939114, 27.029491098723266], [-90.96565365939114, 27.074447041898953], [-91.01060960256683, 27.074447041898953], [-91.10052148891822, 27.209314871426017], [-91.1904333752696, 27.209314871426017], [-91.1904333752696, 27.254270814601703], [-91.2353893184453, 27.254270814601703], [-91.2353893184453, 27.299226757777394], [-91.280345261621, 27.299226757777394], [-91.280345261621, 27.34418270095308], [-91.32530120479669, 27.34418270095308], [-91.32530120479669, 27.389138644128767], [-91.37025714797238, 27.389138644128767], [-91.37025714797238, 27.434094587304457], [-91.41521309114808, 27.434094587304457], [-91.41521309114808, 27.479050530480144], [-91.46016903432377, 27.479050530480144], [-91.46016903432377, 27.52400647365583], [-91.59503686385085, 27.613918360007208], [-91.59503686385085, 27.703830246358585], [-91.63999280702654, 27.703830246358585], [-91.63999280702654, 27.748786189534272], [-91.77486063655363, 27.83869807588565], [-91.77486063655363, 27.928609962237022], [-91.90972846608071, 28.0185218485884], [-91.90972846608071, 28.108433734939773], [-91.9546844092564, 28.108433734939773], [-91.9546844092564, 28.153389678115463], [-92.04459629560779, 28.19834562129115], [-92.04459629560779, 28.288257507642527], [-92.17946412513487, 28.3781693939939], [-92.17946412513487, 28.468081280345277], [-92.26937601148626, 28.513037223520964], [-92.26937601148626, 28.60294910987234], [-92.35928789783765, 28.647905053048028], [-92.35928789783765, 28.737816939399405], [-92.44919978418903, 28.78277288257509], [-92.49415572736473, 28.962596655277842], [-92.58406761371612, 29.007552598453533], [-92.62902355689181, 29.187376371156283], [-92.7189354432432, 29.23233231433197], [-92.7189354432432, 29.322244200683347], [-92.76389138641889, 29.322244200683347], [-92.76389138641889, 29.412156087034724], [-92.80884732959458, 29.412156087034724], [-92.80884732959458, 29.547023916561784], [-92.85380327277028, 29.547023916561784], [-92.85380327277028, 29.681891746088848], [-92.89875921594597, 29.681891746088848], [-92.89875921594597, 29.861715518791602], [-92.94371515912167, 29.861715518791602], [-92.94371515912167, 30.131451177845726], [-92.98867110229736, 30.131451177845726]], [[-92.22442006831056, 29.996583348318666], [-92.17946412513487, 29.996583348318666], [-92.17946412513487, 29.771803632440225], [-92.13450818195918, 29.771803632440225], [-92.08955223878348, 29.502067973386097], [-92.04459629560779, 29.502067973386097], [-92.04459629560779, 29.412156087034724], [-91.9996403524321, 29.412156087034724], [-91.9996403524321, 29.27728825750766], [-91.9546844092564, 29.27728825750766], [-91.90972846608071, 29.097464484804906], [-91.81981657972932, 29.05250854162922], [-91.81981657972932, 28.962596655277842], [-91.72990469337793, 28.917640712102155], [-91.72990469337793, 28.82772882575078], [-91.63999280702654, 28.78277288257509], [-91.63999280702654, 28.692860996223715], [-91.55008092067516, 28.647905053048028], [-91.55008092067516, 28.557993166696654], [-91.41521309114808, 28.468081280345277], [-91.41521309114808, 28.3781693939939], [-91.37025714797238, 28.3781693939939], [-91.37025714797238, 28.333213450818214], [-91.32530120479669, 28.333213450818214], [-91.32530120479669, 28.288257507642527], [-91.1904333752696, 28.19834562129115], [-91.1904333752696, 28.108433734939773], [-91.14547743209391, 28.108433734939773], [-91.14547743209391, 28.063477791764086], [-91.10052148891822, 28.063477791764086], [-91.10052148891822, 28.0185218485884], [-91.05556554574252, 28.0185218485884], [-91.05556554574252, 27.973565905412713], [-91.01060960256683, 27.973565905412713], [-91.01060960256683, 27.928609962237022], [-90.96565365939114, 27.928609962237022], [-90.96565365939114, 27.883654019061336], [-90.92069771621544, 27.883654019061336], [-90.92069771621544, 27.83869807588565], [-90.87574177303975, 27.83869807588565], [-90.87574177303975, 27.79374213270996], [-90.83078582986406, 27.79374213270996], [-90.83078582986406, 27.748786189534272], [-90.78582988668836, 27.748786189534272], [-90.69591800033697, 27.613918360007208], [-90.60600611398559, 27.613918360007208], [-90.60600611398559, 27.56896241683152], [-90.56105017080989, 27.56896241683152], [-90.56105017080989, 27.52400647365583], [-90.5160942276342, 27.52400647365583], [-90.5160942276342, 27.479050530480144], [-90.4711382844585, 27.479050530480144], [-90.38122639810712, 27.34418270095308], [-90.29131451175573, 27.34418270095308], [-90.29131451175573, 27.299226757777394], [-90.24635856858004, 27.299226757777394], [-90.20140262540434, 27.209314871426017], [-90.11149073905295, 27.209314871426017], [-90.02157885270157, 27.074447041898953], [-89.93166696635018, 27.074447041898953], [-89.93166696635018, 27.029491098723266], [-89.88671102317448, 27.029491098723266], [-89.88671102317448, 26.98453515554758], [-89.7967991368231, 26.98453515554758], [-89.7518431936474, 26.894623269196202], [-89.66193130729602, 26.894623269196202], [-89.61697536412032, 26.804711382844825], [-89.43715159141755, 26.75975543966914], [-89.39219564824185, 26.66984355331776], [-89.21237187553908, 26.624887610142075], [-89.16741593236338, 26.5349757237907], [-89.077504046012, 26.5349757237907], [-89.0325481028363, 26.445063837439324], [-88.94263621648491, 26.445063837439324], [-88.94263621648491, 26.400107894263638], [-88.89768027330922, 26.400107894263638], [-88.89768027330922, 26.355151951087947], [-88.80776838695783, 26.355151951087947], [-88.76281244378214, 26.265240064736574], [-88.58298867107936, 26.220284121560884], [-88.53803272790367, 26.13037223520951], [-88.44812084155228, 26.13037223520951], [-88.44812084155228, 26.08541629203382], [-88.3582089552009, 26.08541629203382], [-88.3582089552009, 26.040460348858133], [-88.17838518249812, 25.995504405682446], [-88.17838518249812, 25.950548462506756], [-88.08847329614673, 25.950548462506756], [-88.08847329614673, 25.90559251933107], [-87.81873763709257, 25.860636576155382], [-87.81873763709257, 25.815680632979692], [-87.36917820533563, 25.815680632979692], [-87.36917820533563, 25.860636576155382], [-87.23431037580855, 25.860636576155382], [-87.23431037580855, 25.90559251933107], [-87.14439848945716, 25.90559251933107], [-87.09944254628147, 25.995504405682446], [-87.00953065993008, 25.995504405682446], [-87.00953065993008, 26.040460348858133], [-86.96457471675438, 26.040460348858133], [-86.96457471675438, 26.08541629203382], [-86.91961877357869, 26.08541629203382], [-86.91961877357869, 26.13037223520951], [-86.78475094405161, 26.220284121560884], [-86.78475094405161, 26.31019600791226], [-86.73979500087592, 26.31019600791226], [-86.73979500087592, 26.400107894263638], [-86.69483905770022, 26.400107894263638], [-86.69483905770022, 26.49001978061501], [-86.64988311452453, 26.49001978061501], [-86.64988311452453, 26.66984355331776], [-86.60492717134883, 26.66984355331776], [-86.60492717134883, 27.209314871426017], [-86.64988311452453, 27.209314871426017], [-86.64988311452453, 27.389138644128767], [-86.69483905770022, 27.389138644128767], [-86.69483905770022, 27.52400647365583], [-86.73979500087592, 27.52400647365583], [-86.73979500087592, 27.613918360007208], [-86.78475094405161, 27.613918360007208], [-86.78475094405161, 27.703830246358585], [-86.8297068872273, 27.703830246358585], [-86.874662830403, 27.883654019061336], [-86.96457471675438, 27.928609962237022], [-87.00953065993008, 28.108433734939773], [-87.05448660310577, 28.108433734939773], [-87.05448660310577, 28.153389678115463], [-87.09944254628147, 28.153389678115463], [-87.09944254628147, 28.243301564466837], [-87.23431037580855, 28.333213450818214], [-87.23431037580855, 28.42312533716959], [-87.36917820533563, 28.513037223520964], [-87.36917820533563, 28.60294910987234], [-87.50404603486271, 28.692860996223715], [-87.50404603486271, 28.78277288257509], [-87.5490019780384, 28.78277288257509], [-87.5490019780384, 28.82772882575078], [-87.5939579212141, 28.82772882575078], [-87.5939579212141, 28.87268476892647], [-87.72882575074118, 28.962596655277842], [-87.72882575074118, 29.05250854162922], [-87.77378169391687, 29.05250854162922], [-87.77378169391687, 29.097464484804906], [-87.81873763709257, 29.097464484804906], [-87.81873763709257, 29.142420427980596], [-87.95360546661965, 29.23233231433197], [-87.95360546661965, 29.322244200683347], [-87.99856140979534, 29.322244200683347], [-87.99856140979534, 29.367200143859034], [-88.13342923932242, 29.45711203021041], [-88.13342923932242, 29.547023916561784], [-88.17838518249812, 29.547023916561784], [-88.17838518249812, 29.591979859737474], [-88.22334112567381, 29.591979859737474], [-88.22334112567381, 29.63693580291316], [-88.3582089552009, 29.726847689264538], [-88.3582089552009, 29.81675957561591], [-88.40316489837659, 29.81675957561591], [-88.40316489837659, 29.861715518791602], [-88.53803272790367, 29.951627405142975], [-88.53803272790367, 30.041539291494352], [-88.58298867107936, 30.041539291494352], [-88.58298867107936, 30.08649523467004], [-88.62794461425506, 30.08649523467004], [-88.62794461425506, 30.131451177845726], [-88.67290055743075, 30.131451177845726], [-88.67290055743075, 30.176407121021416], [-88.71785650060644, 30.176407121021416], [-88.71785650060644, 30.221363064197103], [-88.76281244378214, 30.221363064197103], [-88.76281244378214, 30.26631900737279], [-88.89768027330922, 30.356230893724167], [-88.89768027330922, 30.446142780075544], [-88.94263621648491, 30.446142780075544], [-88.94263621648491, 30.49109872325123], [-88.98759215966061, 30.49109872325123], [-88.98759215966061, 30.536054666426917], [-89.0325481028363, 30.536054666426917], [-89.0325481028363, 30.581010609602608], [-89.077504046012, 30.581010609602608], [-89.077504046012, 30.625966552778294], [-89.12245998918769, 30.625966552778294], [-89.12245998918769, 30.67092249595398], [-89.16741593236338, 30.67092249595398], [-89.16741593236338, 30.71587843912967], [-89.21237187553908, 30.71587843912967], [-89.21237187553908, 30.760834382305358], [-89.25732781871477, 30.760834382305358], [-89.25732781871477, 30.805790325481045], [-89.30228376189046, 30.805790325481045], [-89.30228376189046, 30.850746268656735], [-89.34723970506616, 30.850746268656735], [-89.34723970506616, 30.895702211832422], [-89.39219564824185, 30.895702211832422], [-89.39219564824185, 30.94065815500811], [-89.43715159141755, 30.94065815500811], [-89.43715159141755, 30.985614098183795], [-89.48210753459324, 30.985614098183795], [-89.48210753459324, 31.030570041359486], [-89.52706347776893, 31.030570041359486], [-89.52706347776893, 31.075525984535172], [-89.57201942094463, 31.075525984535172], [-89.66193130729602, 31.210393814062236], [-89.7518431936474, 31.210393814062236], [-89.7518431936474, 31.255349757237923], [-89.7967991368231, 31.255349757237923], [-89.7967991368231, 31.300305700413613], [-89.84175507999879, 31.300305700413613], [-89.84175507999879, 31.3452616435893], [-89.88671102317448, 31.3452616435893], [-89.88671102317448, 31.390217586764987], [-89.93166696635018, 31.390217586764987], [-90.02157885270157, 31.52508541629205], [-90.11149073905295, 31.52508541629205], [-90.15644668222865, 31.614997302643427], [-90.33627045493142, 31.659953245819114], [-90.38122639810712, 31.74986513217049], [-90.56105017080989, 31.794821075346178], [-90.56105017080989, 31.839777018521865], [-90.65096205716128, 31.839777018521865], [-90.65096205716128, 31.884732961697555], [-90.74087394351267, 31.884732961697555], [-90.74087394351267, 31.92968890487324], [-90.92069771621544, 31.92968890487324], [-90.92069771621544, 31.97464484804893], [-91.32530120479669, 31.97464484804893], [-91.32530120479669, 31.92968890487324], [-91.46016903432377, 31.92968890487324], [-91.46016903432377, 31.884732961697555], [-91.55008092067516, 31.884732961697555], [-91.59503686385085, 31.794821075346178], [-91.68494875020224, 31.794821075346178], [-91.68494875020224, 31.74986513217049], [-91.72990469337793, 31.74986513217049], [-91.72990469337793, 31.7049091889948], [-91.77486063655363, 31.7049091889948], [-91.77486063655363, 31.659953245819114], [-91.81981657972932, 31.659953245819114], [-91.81981657972932, 31.614997302643427], [-91.9546844092564, 31.52508541629205], [-91.9996403524321, 31.3452616435893], [-92.08955223878348, 31.300305700413613], [-92.13450818195918, 31.030570041359486], [-92.17946412513487, 31.030570041359486], [-92.17946412513487, 30.805790325481045], [-92.22442006831056, 30.805790325481045], [-92.22442006831056, 29.996583348318666]]]]}}, {"type": "Feature", "properties": {"shapefile": "2021082900_wsp64knt120hr_5km", "PERCENTAGE": "5-10%"}, "geometry": {"type": "MultiPolygon", "coordinates": [[[[-92.22442006831056, 29.996583348318666], [-92.22442006831056, 30.805790325481045], [-92.17946412513487, 30.805790325481045], [-92.17946412513487, 31.030570041359486], [-92.13450818195918, 31.030570041359486], [-92.08955223878348, 31.300305700413613], [-91.9996403524321, 31.3452616435893], [-91.9546844092564, 31.52508541629205], [-91.90972846608071, 31.52508541629205], [-91.90972846608071, 31.570041359467737], [-91.86477252290501, 31.570041359467737], [-91.86477252290501, 31.614997302643427], [-91.81981657972932, 31.614997302643427], [-91.81981657972932, 31.659953245819114], [-91.77486063655363, 31.659953245819114], [-91.68494875020224, 31.794821075346178], [-91.59503686385085, 31.794821075346178], [-91.55008092067516, 31.884732961697555], [-91.46016903432377, 31.884732961697555], [-91.46016903432377, 31.92968890487324], [-91.32530120479669, 31.92968890487324], [-91.32530120479669, 31.97464484804893], [-90.92069771621544, 31.97464484804893], [-90.92069771621544, 31.92968890487324], [-90.74087394351267, 31.92968890487324], [-90.74087394351267, 31.884732961697555], [-90.65096205716128, 31.884732961697555], [-90.65096205716128, 31.839777018521865], [-90.56105017080989, 31.839777018521865], [-90.56105017080989, 31.794821075346178], [-90.38122639810712, 31.74986513217049], [-90.33627045493142, 31.659953245819114], [-90.15644668222865, 31.614997302643427], [-90.11149073905295, 31.52508541629205], [-90.02157885270157, 31.52508541629205], [-90.02157885270157, 31.480129473116364], [-89.97662290952587, 31.480129473116364], [-89.97662290952587, 31.435173529940677], [-89.93166696635018, 31.435173529940677], [-89.93166696635018, 31.390217586764987], [-89.88671102317448, 31.390217586764987], [-89.88671102317448, 31.3452616435893], [-89.84175507999879, 31.3452616435893], [-89.7518431936474, 31.210393814062236], [-89.66193130729602, 31.210393814062236], [-89.66193130729602, 31.16543787088655], [-89.61697536412032, 31.16543787088655], [-89.61697536412032, 31.12048192771086], [-89.57201942094463, 31.12048192771086], [-89.57201942094463, 31.075525984535172], [-89.52706347776893, 31.075525984535172], [-89.52706347776893, 31.030570041359486], [-89.48210753459324, 31.030570041359486], [-89.48210753459324, 30.985614098183795], [-89.43715159141755, 30.985614098183795], [-89.43715159141755, 30.94065815500811], [-89.39219564824185, 30.94065815500811], [-89.39219564824185, 30.895702211832422], [-89.34723970506616, 30.895702211832422], [-89.34723970506616, 30.850746268656735], [-89.30228376189046, 30.850746268656735], [-89.30228376189046, 30.805790325481045], [-89.25732781871477, 30.805790325481045], [-89.25732781871477, 30.760834382305358], [-89.21237187553908, 30.760834382305358], [-89.21237187553908, 30.71587843912967], [-89.16741593236338, 30.71587843912967], [-89.16741593236338, 30.67092249595398], [-89.12245998918769, 30.67092249595398], [-89.12245998918769, 30.625966552778294], [-89.077504046012, 30.625966552778294], [-89.077504046012, 30.581010609602608], [-89.0325481028363, 30.581010609602608], [-89.0325481028363, 30.536054666426917], [-88.89768027330922, 30.446142780075544], [-88.89768027330922, 30.356230893724167], [-88.85272433013353, 30.356230893724167], [-88.85272433013353, 30.31127495054848], [-88.80776838695783, 30.31127495054848], [-88.80776838695783, 30.26631900737279], [-88.76281244378214, 30.26631900737279], [-88.76281244378214, 30.221363064197103], [-88.71785650060644, 30.221363064197103], [-88.71785650060644, 30.176407121021416], [-88.67290055743075, 30.176407121021416], [-88.67290055743075, 30.131451177845726], [-88.53803272790367, 30.041539291494352], [-88.53803272790367, 29.951627405142975], [-88.49307678472798, 29.951627405142975], [-88.49307678472798, 29.90667146196729], [-88.3582089552009, 29.81675957561591], [-88.3582089552009, 29.726847689264538], [-88.3132530120252, 29.726847689264538], [-88.3132530120252, 29.681891746088848], [-88.2682970688495, 29.681891746088848], [-88.2682970688495, 29.63693580291316], [-88.13342923932242, 29.547023916561784], [-88.13342923932242, 29.45711203021041], [-88.08847329614673, 29.45711203021041], [-88.08847329614673, 29.412156087034724], [-87.95360546661965, 29.322244200683347], [-87.95360546661965, 29.23233231433197], [-87.90864952344396, 29.23233231433197], [-87.90864952344396, 29.187376371156283], [-87.86369358026826, 29.187376371156283], [-87.86369358026826, 29.142420427980596], [-87.72882575074118, 29.05250854162922], [-87.72882575074118, 28.962596655277842], [-87.68386980756549, 28.962596655277842], [-87.68386980756549, 28.917640712102155], [-87.63891386438979, 28.917640712102155], [-87.63891386438979, 28.87268476892647], [-87.50404603486271, 28.78277288257509], [-87.50404603486271, 28.692860996223715], [-87.36917820533563, 28.60294910987234], [-87.36917820533563, 28.513037223520964], [-87.23431037580855, 28.42312533716959], [-87.23431037580855, 28.333213450818214], [-87.18935443263285, 28.333213450818214], [-87.18935443263285, 28.288257507642527], [-87.09944254628147, 28.243301564466837], [-87.09944254628147, 28.153389678115463], [-87.00953065993008, 28.108433734939773], [-86.96457471675438, 27.928609962237022], [-86.874662830403, 27.883654019061336], [-86.874662830403, 27.79374213270996], [-86.8297068872273, 27.79374213270996], [-86.8297068872273, 27.703830246358585], [-86.78475094405161, 27.703830246358585], [-86.78475094405161, 27.613918360007208], [-86.73979500087592, 27.613918360007208], [-86.73979500087592, 27.52400647365583], [-86.69483905770022, 27.52400647365583], [-86.69483905770022, 27.389138644128767], [-86.64988311452453, 27.389138644128767], [-86.64988311452453, 27.209314871426017], [-86.60492717134883, 27.209314871426017], [-86.60492717134883, 26.66984355331776], [-86.64988311452453, 26.66984355331776], [-86.64988311452453, 26.49001978061501], [-86.69483905770022, 26.49001978061501], [-86.69483905770022, 26.400107894263638], [-86.73979500087592, 26.400107894263638], [-86.73979500087592, 26.31019600791226], [-86.78475094405161, 26.31019600791226], [-86.78475094405161, 26.220284121560884], [-86.8297068872273, 26.220284121560884], [-86.8297068872273, 26.175328178385197], [-86.874662830403, 26.175328178385197], [-86.874662830403, 26.13037223520951], [-86.91961877357869, 26.13037223520951], [-87.00953065993008, 25.995504405682446], [-87.09944254628147, 25.995504405682446], [-87.09944254628147, 25.950548462506756], [-87.14439848945716, 25.950548462506756], [-87.14439848945716, 25.90559251933107], [-87.23431037580855, 25.90559251933107], [-87.23431037580855, 25.860636576155382], [-87.36917820533563, 25.860636576155382], [-87.36917820533563, 25.815680632979692], [-87.81873763709257, 25.815680632979692], [-87.81873763709257, 25.860636576155382], [-88.08847329614673, 25.90559251933107], [-88.08847329614673, 25.950548462506756], [-88.17838518249812, 25.950548462506756], [-88.17838518249812, 25.995504405682446], [-88.2682970688495, 25.995504405682446], [-88.2682970688495, 26.040460348858133], [-88.3582089552009, 26.040460348858133], [-88.3582089552009, 26.08541629203382], [-88.53803272790367, 26.13037223520951], [-88.58298867107936, 26.220284121560884], [-88.76281244378214, 26.265240064736574], [-88.80776838695783, 26.355151951087947], [-88.89768027330922, 26.355151951087947], [-88.94263621648491, 26.445063837439324], [-89.0325481028363, 26.445063837439324], [-89.0325481028363, 26.49001978061501], [-89.077504046012, 26.49001978061501], [-89.077504046012, 26.5349757237907], [-89.16741593236338, 26.5349757237907], [-89.21237187553908, 26.624887610142075], [-89.39219564824185, 26.66984355331776], [-89.43715159141755, 26.75975543966914], [-89.61697536412032, 26.804711382844825], [-89.66193130729602, 26.894623269196202], [-89.7518431936474, 26.894623269196202], [-89.7967991368231, 26.98453515554758], [-89.88671102317448, 26.98453515554758], [-89.93166696635018, 27.074447041898953], [-90.02157885270157, 27.074447041898953], [-90.11149073905295, 27.209314871426017], [-90.20140262540434, 27.209314871426017], [-90.29131451175573, 27.34418270095308], [-90.38122639810712, 27.34418270095308], [-90.38122639810712, 27.389138644128767], [-90.42618234128281, 27.389138644128767], [-90.42618234128281, 27.434094587304457], [-90.4711382844585, 27.434094587304457], [-90.4711382844585, 27.479050530480144], [-90.5160942276342, 27.479050530480144], [-90.60600611398559, 27.613918360007208], [-90.69591800033697, 27.613918360007208], [-90.69591800033697, 27.658874303182895], [-90.74087394351267, 27.658874303182895], [-90.74087394351267, 27.703830246358585], [-90.78582988668836, 27.703830246358585], [-90.78582988668836, 27.748786189534272], [-90.83078582986406, 27.748786189534272], [-90.83078582986406, 27.79374213270996], [-90.87574177303975, 27.79374213270996], [-90.87574177303975, 27.83869807588565], [-90.92069771621544, 27.83869807588565], [-90.92069771621544, 27.883654019061336], [-90.96565365939114, 27.883654019061336], [-90.96565365939114, 27.928609962237022], [-91.01060960256683, 27.928609962237022], [-91.01060960256683, 27.973565905412713], [-91.05556554574252, 27.973565905412713], [-91.05556554574252, 28.0185218485884], [-91.1904333752696, 28.108433734939773], [-91.1904333752696, 28.19834562129115], [-91.2353893184453, 28.19834562129115], [-91.2353893184453, 28.243301564466837], [-91.280345261621, 28.243301564466837], [-91.280345261621, 28.288257507642527], [-91.41521309114808, 28.3781693939939], [-91.41521309114808, 28.468081280345277], [-91.55008092067516, 28.557993166696654], [-91.55008092067516, 28.647905053048028], [-91.63999280702654, 28.692860996223715], [-91.63999280702654, 28.78277288257509], [-91.72990469337793, 28.82772882575078], [-91.72990469337793, 28.917640712102155], [-91.77486063655363, 28.917640712102155], [-91.77486063655363, 28.962596655277842], [-91.81981657972932, 28.962596655277842], [-91.81981657972932, 29.05250854162922], [-91.90972846608071, 29.097464484804906], [-91.90972846608071, 29.187376371156283], [-91.9546844092564, 29.187376371156283], [-91.9546844092564, 29.27728825750766], [-91.9996403524321, 29.27728825750766], [-91.9996403524321, 29.412156087034724], [-92.04459629560779, 29.412156087034724], [-92.04459629560779, 29.502067973386097], [-92.08955223878348, 29.502067973386097], [-92.13450818195918, 29.771803632440225], [-92.17946412513487, 29.771803632440225], [-92.17946412513487, 29.996583348318666], [-92.22442006831056, 29.996583348318666]], [[-91.90972846608071, 29.861715518791602], [-91.86477252290501, 29.861715518791602], [-91.81981657972932, 29.502067973386097], [-91.77486063655363, 29.502067973386097], [-91.77486063655363, 29.412156087034724], [-91.72990469337793, 29.412156087034724], [-91.72990469337793, 29.322244200683347], [-91.68494875020224, 29.322244200683347], [-91.68494875020224, 29.23233231433197], [-91.63999280702654, 29.23233231433197], [-91.59503686385085, 29.05250854162922], [-91.50512497749946, 29.007552598453533], [-91.50512497749946, 28.917640712102155], [-91.41521309114808, 28.87268476892647], [-91.41521309114808, 28.78277288257509], [-91.32530120479669, 28.737816939399405], [-91.32530120479669, 28.647905053048028], [-91.1904333752696, 28.557993166696654], [-91.1904333752696, 28.468081280345277], [-91.14547743209391, 28.468081280345277], [-91.14547743209391, 28.42312533716959], [-91.10052148891822, 28.42312533716959], [-91.10052148891822, 28.3781693939939], [-91.05556554574252, 28.3781693939939], [-91.05556554574252, 28.333213450818214], [-91.01060960256683, 28.333213450818214], [-91.01060960256683, 28.288257507642527], [-90.96565365939114, 28.288257507642527], [-90.96565365939114, 28.243301564466837], [-90.92069771621544, 28.243301564466837], [-90.92069771621544, 28.19834562129115], [-90.87574177303975, 28.19834562129115], [-90.87574177303975, 28.153389678115463], [-90.74087394351267, 28.063477791764086], [-90.74087394351267, 27.973565905412713], [-90.69591800033697, 27.973565905412713], [-90.69591800033697, 27.928609962237022], [-90.65096205716128, 27.928609962237022], [-90.56105017080989, 27.79374213270996], [-90.4711382844585, 27.79374213270996], [-90.4711382844585, 27.748786189534272], [-90.42618234128281, 27.748786189534272], [-90.42618234128281, 27.703830246358585], [-90.38122639810712, 27.703830246358585], [-90.38122639810712, 27.658874303182895], [-90.33627045493142, 27.658874303182895], [-90.33627045493142, 27.613918360007208], [-90.29131451175573, 27.613918360007208], [-90.29131451175573, 27.56896241683152], [-90.24635856858004, 27.56896241683152], [-90.15644668222865, 27.434094587304457], [-90.06653479587726, 27.434094587304457], [-90.06653479587726, 27.389138644128767], [-90.02157885270157, 27.389138644128767], [-89.97662290952587, 27.299226757777394], [-89.88671102317448, 27.299226757777394], [-89.7967991368231, 27.16435892825033], [-89.70688725047171, 27.16435892825033], [-89.66193130729602, 27.074447041898953], [-89.57201942094463, 27.074447041898953], [-89.48210753459324, 26.93957921237189], [-89.39219564824185, 26.93957921237189], [-89.39219564824185, 26.894623269196202], [-89.34723970506616, 26.894623269196202], [-89.34723970506616, 26.849667326020516], [-89.25732781871477, 26.849667326020516], [-89.21237187553908, 26.75975543966914], [-89.0325481028363, 26.714799496493452], [-88.98759215966061, 26.624887610142075], [-88.89768027330922, 26.624887610142075], [-88.85272433013353, 26.5349757237907], [-88.76281244378214, 26.5349757237907], [-88.71785650060644, 26.445063837439324], [-88.62794461425506, 26.445063837439324], [-88.62794461425506, 26.400107894263638], [-88.58298867107936, 26.400107894263638], [-88.58298867107936, 26.355151951087947], [-88.49307678472798, 26.355151951087947], [-88.44812084155228, 26.265240064736574], [-88.3582089552009, 26.265240064736574], [-88.3582089552009, 26.220284121560884], [-88.2682970688495, 26.220284121560884], [-88.2682970688495, 26.175328178385197], [-88.08847329614673, 26.13037223520951], [-88.08847329614673, 26.08541629203382], [-87.99856140979534, 26.08541629203382], [-87.99856140979534, 26.040460348858133], [-87.90864952344396, 26.040460348858133], [-87.90864952344396, 25.995504405682446], [-87.72882575074118, 25.995504405682446], [-87.72882575074118, 25.950548462506756], [-87.41413414851132, 25.950548462506756], [-87.41413414851132, 25.995504405682446], [-87.27926631898424, 25.995504405682446], [-87.23431037580855, 26.08541629203382], [-87.14439848945716, 26.08541629203382], [-87.14439848945716, 26.13037223520951], [-87.09944254628147, 26.13037223520951], [-87.09944254628147, 26.175328178385197], [-87.05448660310577, 26.175328178385197], [-87.05448660310577, 26.220284121560884], [-87.00953065993008, 26.220284121560884], [-87.00953065993008, 26.265240064736574], [-86.874662830403, 26.355151951087947], [-86.874662830403, 26.445063837439324], [-86.8297068872273, 26.445063837439324], [-86.8297068872273, 26.579931666966388], [-86.78475094405161, 26.579931666966388], [-86.78475094405161, 26.75975543966914], [-86.73979500087592, 26.75975543966914], [-86.73979500087592, 27.074447041898953], [-86.78475094405161, 27.074447041898953], [-86.78475094405161, 27.299226757777394], [-86.8297068872273, 27.299226757777394], [-86.874662830403, 27.56896241683152], [-86.96457471675438, 27.613918360007208], [-87.00953065993008, 27.79374213270996], [-87.09944254628147, 27.83869807588565], [-87.09944254628147, 27.928609962237022], [-87.18935443263285, 27.973565905412713], [-87.18935443263285, 28.063477791764086], [-87.27926631898424, 28.108433734939773], [-87.27926631898424, 28.19834562129115], [-87.32422226215994, 28.19834562129115], [-87.32422226215994, 28.243301564466837], [-87.45909009168702, 28.333213450818214], [-87.45909009168702, 28.42312533716959], [-87.50404603486271, 28.42312533716959], [-87.50404603486271, 28.468081280345277], [-87.5490019780384, 28.468081280345277], [-87.5490019780384, 28.513037223520964], [-87.68386980756549, 28.60294910987234], [-87.68386980756549, 28.692860996223715], [-87.72882575074118, 28.692860996223715], [-87.72882575074118, 28.737816939399405], [-87.77378169391687, 28.737816939399405], [-87.77378169391687, 28.78277288257509], [-87.81873763709257, 28.78277288257509], [-87.81873763709257, 28.82772882575078], [-87.86369358026826, 28.82772882575078], [-87.86369358026826, 28.87268476892647], [-87.99856140979534, 28.962596655277842], [-87.99856140979534, 29.05250854162922], [-88.04351735297104, 29.05250854162922], [-88.04351735297104, 29.097464484804906], [-88.08847329614673, 29.097464484804906], [-88.08847329614673, 29.142420427980596], [-88.22334112567381, 29.23233231433197], [-88.22334112567381, 29.322244200683347], [-88.2682970688495, 29.322244200683347], [-88.2682970688495, 29.367200143859034], [-88.3132530120252, 29.367200143859034], [-88.3132530120252, 29.412156087034724], [-88.3582089552009, 29.412156087034724], [-88.3582089552009, 29.45711203021041], [-88.40316489837659, 29.45711203021041], [-88.40316489837659, 29.502067973386097], [-88.44812084155228, 29.502067973386097], [-88.44812084155228, 29.547023916561784], [-88.58298867107936, 29.63693580291316], [-88.58298867107936, 29.726847689264538], [-88.62794461425506, 29.726847689264538], [-88.62794461425506, 29.771803632440225], [-88.67290055743075, 29.771803632440225], [-88.67290055743075, 29.81675957561591], [-88.71785650060644, 29.81675957561591], [-88.71785650060644, 29.861715518791602], [-88.76281244378214, 29.861715518791602], [-88.76281244378214, 29.90667146196729], [-88.89768027330922, 29.996583348318666], [-88.89768027330922, 30.08649523467004], [-88.94263621648491, 30.08649523467004], [-88.94263621648491, 30.131451177845726], [-88.98759215966061, 30.131451177845726], [-88.98759215966061, 30.176407121021416], [-89.0325481028363, 30.176407121021416], [-89.0325481028363, 30.221363064197103], [-89.077504046012, 30.221363064197103], [-89.077504046012, 30.26631900737279], [-89.12245998918769, 30.26631900737279], [-89.12245998918769, 30.31127495054848], [-89.16741593236338, 30.31127495054848], [-89.16741593236338, 30.356230893724167], [-89.21237187553908, 30.356230893724167], [-89.21237187553908, 30.401186836899853], [-89.25732781871477, 30.401186836899853], [-89.25732781871477, 30.446142780075544], [-89.30228376189046, 30.446142780075544], [-89.30228376189046, 30.49109872325123], [-89.34723970506616, 30.49109872325123], [-89.34723970506616, 30.536054666426917], [-89.39219564824185, 30.536054666426917], [-89.39219564824185, 30.581010609602608], [-89.43715159141755, 30.581010609602608], [-89.43715159141755, 30.625966552778294], [-89.48210753459324, 30.625966552778294], [-89.48210753459324, 30.67092249595398], [-89.52706347776893, 30.67092249595398], [-89.52706347776893, 30.71587843912967], [-89.57201942094463, 30.71587843912967], [-89.57201942094463, 30.760834382305358], [-89.70688725047171, 30.850746268656735], [-89.70688725047171, 30.895702211832422], [-89.7967991368231, 30.895702211832422], [-89.7967991368231, 30.94065815500811], [-89.84175507999879, 30.94065815500811], [-89.84175507999879, 30.985614098183795], [-89.93166696635018, 30.985614098183795], [-90.02157885270157, 31.12048192771086], [-90.11149073905295, 31.12048192771086], [-90.11149073905295, 31.210393814062236], [-90.15644668222865, 31.210393814062236], [-90.24635856858004, 31.3452616435893], [-90.42618234128281, 31.390217586764987], [-90.42618234128281, 31.435173529940677], [-90.56105017080989, 31.435173529940677], [-90.56105017080989, 31.480129473116364], [-90.74087394351267, 31.480129473116364], [-90.74087394351267, 31.52508541629205], [-90.92069771621544, 31.570041359467737], [-90.92069771621544, 31.614997302643427], [-91.10052148891822, 31.614997302643427], [-91.10052148891822, 31.570041359467737], [-91.37025714797238, 31.52508541629205], [-91.37025714797238, 31.480129473116364], [-91.50512497749946, 31.480129473116364], [-91.55008092067516, 31.390217586764987], [-91.63999280702654, 31.390217586764987], [-91.63999280702654, 31.3452616435893], [-91.72990469337793, 31.300305700413613], [-91.72990469337793, 31.210393814062236], [-91.81981657972932, 31.16543787088655], [-91.81981657972932, 31.075525984535172], [-91.86477252290501, 31.075525984535172], [-91.86477252290501, 30.850746268656735], [-91.90972846608071, 30.850746268656735], [-91.90972846608071, 29.861715518791602]]]]}}, {"type": "Feature", "properties": {"shapefile": "2021082900_wsp64knt120hr_5km", "PERCENTAGE": "10-20%"}, "geometry": {"type": "MultiPolygon", "coordinates": [[[[-91.90972846608071, 29.861715518791602], [-91.90972846608071, 30.850746268656735], [-91.86477252290501, 30.850746268656735], [-91.86477252290501, 31.075525984535172], [-91.81981657972932, 31.075525984535172], [-91.81981657972932, 31.16543787088655], [-91.72990469337793, 31.210393814062236], [-91.72990469337793, 31.300305700413613], [-91.68494875020224, 31.300305700413613], [-91.63999280702654, 31.390217586764987], [-91.55008092067516, 31.390217586764987], [-91.50512497749946, 31.480129473116364], [-91.37025714797238, 31.480129473116364], [-91.37025714797238, 31.52508541629205], [-91.10052148891822, 31.570041359467737], [-91.10052148891822, 31.614997302643427], [-90.92069771621544, 31.614997302643427], [-90.92069771621544, 31.570041359467737], [-90.83078582986406, 31.570041359467737], [-90.83078582986406, 31.52508541629205], [-90.74087394351267, 31.52508541629205], [-90.74087394351267, 31.480129473116364], [-90.56105017080989, 31.480129473116364], [-90.56105017080989, 31.435173529940677], [-90.42618234128281, 31.435173529940677], [-90.42618234128281, 31.390217586764987], [-90.24635856858004, 31.3452616435893], [-90.24635856858004, 31.300305700413613], [-90.11149073905295, 31.210393814062236], [-90.11149073905295, 31.12048192771086], [-90.02157885270157, 31.12048192771086], [-89.93166696635018, 30.985614098183795], [-89.84175507999879, 30.985614098183795], [-89.7967991368231, 30.895702211832422], [-89.70688725047171, 30.895702211832422], [-89.70688725047171, 30.850746268656735], [-89.66193130729602, 30.850746268656735], [-89.66193130729602, 30.805790325481045], [-89.61697536412032, 30.805790325481045], [-89.61697536412032, 30.760834382305358], [-89.57201942094463, 30.760834382305358], [-89.57201942094463, 30.71587843912967], [-89.52706347776893, 30.71587843912967], [-89.52706347776893, 30.67092249595398], [-89.48210753459324, 30.67092249595398], [-89.48210753459324, 30.625966552778294], [-89.43715159141755, 30.625966552778294], [-89.43715159141755, 30.581010609602608], [-89.39219564824185, 30.581010609602608], [-89.39219564824185, 30.536054666426917], [-89.34723970506616, 30.536054666426917], [-89.34723970506616, 30.49109872325123], [-89.30228376189046, 30.49109872325123], [-89.30228376189046, 30.446142780075544], [-89.25732781871477, 30.446142780075544], [-89.25732781871477, 30.401186836899853], [-89.21237187553908, 30.401186836899853], [-89.21237187553908, 30.356230893724167], [-89.16741593236338, 30.356230893724167], [-89.16741593236338, 30.31127495054848], [-89.12245998918769, 30.31127495054848], [-89.12245998918769, 30.26631900737279], [-89.077504046012, 30.26631900737279], [-89.077504046012, 30.221363064197103], [-89.0325481028363, 30.221363064197103], [-89.0325481028363, 30.176407121021416], [-88.89768027330922, 30.08649523467004], [-88.89768027330922, 29.996583348318666], [-88.85272433013353, 29.996583348318666], [-88.85272433013353, 29.951627405142975], [-88.80776838695783, 29.951627405142975], [-88.80776838695783, 29.90667146196729], [-88.76281244378214, 29.90667146196729], [-88.76281244378214, 29.861715518791602], [-88.71785650060644, 29.861715518791602], [-88.71785650060644, 29.81675957561591], [-88.58298867107936, 29.726847689264538], [-88.58298867107936, 29.63693580291316], [-88.53803272790367, 29.63693580291316], [-88.53803272790367, 29.591979859737474], [-88.49307678472798, 29.591979859737474], [-88.49307678472798, 29.547023916561784], [-88.44812084155228, 29.547023916561784], [-88.44812084155228, 29.502067973386097], [-88.40316489837659, 29.502067973386097], [-88.40316489837659, 29.45711203021041], [-88.3582089552009, 29.45711203021041], [-88.3582089552009, 29.412156087034724], [-88.22334112567381, 29.322244200683347], [-88.22334112567381, 29.23233231433197], [-88.17838518249812, 29.23233231433197], [-88.17838518249812, 29.187376371156283], [-88.13342923932242, 29.187376371156283], [-88.13342923932242, 29.142420427980596], [-87.99856140979534, 29.05250854162922], [-87.99856140979534, 28.962596655277842], [-87.95360546661965, 28.962596655277842], [-87.95360546661965, 28.917640712102155], [-87.90864952344396, 28.917640712102155], [-87.90864952344396, 28.87268476892647], [-87.86369358026826, 28.87268476892647], [-87.86369358026826, 28.82772882575078], [-87.81873763709257, 28.82772882575078], [-87.81873763709257, 28.78277288257509], [-87.68386980756549, 28.692860996223715], [-87.68386980756549, 28.60294910987234], [-87.63891386438979, 28.60294910987234], [-87.63891386438979, 28.557993166696654], [-87.5939579212141, 28.557993166696654], [-87.5939579212141, 28.513037223520964], [-87.45909009168702, 28.42312533716959], [-87.45909009168702, 28.333213450818214], [-87.41413414851132, 28.333213450818214], [-87.41413414851132, 28.288257507642527], [-87.27926631898424, 28.19834562129115], [-87.27926631898424, 28.108433734939773], [-87.18935443263285, 28.063477791764086], [-87.18935443263285, 27.973565905412713], [-87.14439848945716, 27.973565905412713], [-87.14439848945716, 27.928609962237022], [-87.09944254628147, 27.928609962237022], [-87.09944254628147, 27.83869807588565], [-87.00953065993008, 27.79374213270996], [-86.96457471675438, 27.613918360007208], [-86.874662830403, 27.56896241683152], [-86.874662830403, 27.434094587304457], [-86.8297068872273, 27.434094587304457], [-86.8297068872273, 27.299226757777394], [-86.78475094405161, 27.299226757777394], [-86.78475094405161, 27.074447041898953], [-86.73979500087592, 27.074447041898953], [-86.73979500087592, 26.75975543966914], [-86.78475094405161, 26.75975543966914], [-86.78475094405161, 26.579931666966388], [-86.8297068872273, 26.579931666966388], [-86.8297068872273, 26.445063837439324], [-86.874662830403, 26.445063837439324], [-86.874662830403, 26.355151951087947], [-86.91961877357869, 26.355151951087947], [-86.91961877357869, 26.31019600791226], [-86.96457471675438, 26.31019600791226], [-86.96457471675438, 26.265240064736574], [-87.00953065993008, 26.265240064736574], [-87.00953065993008, 26.220284121560884], [-87.05448660310577, 26.220284121560884], [-87.14439848945716, 26.08541629203382], [-87.23431037580855, 26.08541629203382], [-87.27926631898424, 25.995504405682446], [-87.41413414851132, 25.995504405682446], [-87.41413414851132, 25.950548462506756], [-87.72882575074118, 25.950548462506756], [-87.72882575074118, 25.995504405682446], [-87.90864952344396, 25.995504405682446], [-87.90864952344396, 26.040460348858133], [-87.99856140979534, 26.040460348858133], [-87.99856140979534, 26.08541629203382], [-88.08847329614673, 26.08541629203382], [-88.08847329614673, 26.13037223520951], [-88.17838518249812, 26.13037223520951], [-88.17838518249812, 26.175328178385197], [-88.2682970688495, 26.175328178385197], [-88.2682970688495, 26.220284121560884], [-88.44812084155228, 26.265240064736574], [-88.49307678472798, 26.355151951087947], [-88.58298867107936, 26.355151951087947], [-88.62794461425506, 26.445063837439324], [-88.71785650060644, 26.445063837439324], [-88.76281244378214, 26.5349757237907], [-88.85272433013353, 26.5349757237907], [-88.85272433013353, 26.579931666966388], [-88.89768027330922, 26.579931666966388], [-88.89768027330922, 26.624887610142075], [-88.98759215966061, 26.624887610142075], [-89.0325481028363, 26.714799496493452], [-89.12245998918769, 26.714799496493452], [-89.12245998918769, 26.75975543966914], [-89.21237187553908, 26.75975543966914], [-89.25732781871477, 26.849667326020516], [-89.34723970506616, 26.849667326020516], [-89.39219564824185, 26.93957921237189], [-89.48210753459324, 26.93957921237189], [-89.57201942094463, 27.074447041898953], [-89.66193130729602, 27.074447041898953], [-89.66193130729602, 27.119402985074643], [-89.70688725047171, 27.119402985074643], [-89.70688725047171, 27.16435892825033], [-89.7967991368231, 27.16435892825033], [-89.88671102317448, 27.299226757777394], [-89.97662290952587, 27.299226757777394], [-90.06653479587726, 27.434094587304457], [-90.15644668222865, 27.434094587304457], [-90.15644668222865, 27.479050530480144], [-90.20140262540434, 27.479050530480144], [-90.20140262540434, 27.52400647365583], [-90.24635856858004, 27.52400647365583], [-90.24635856858004, 27.56896241683152], [-90.29131451175573, 27.56896241683152], [-90.29131451175573, 27.613918360007208], [-90.33627045493142, 27.613918360007208], [-90.33627045493142, 27.658874303182895], [-90.38122639810712, 27.658874303182895], [-90.4711382844585, 27.79374213270996], [-90.56105017080989, 27.79374213270996], [-90.56105017080989, 27.83869807588565], [-90.60600611398559, 27.83869807588565], [-90.60600611398559, 27.883654019061336], [-90.74087394351267, 27.973565905412713], [-90.74087394351267, 28.063477791764086], [-90.78582988668836, 28.063477791764086], [-90.78582988668836, 28.108433734939773], [-90.83078582986406, 28.108433734939773], [-90.83078582986406, 28.153389678115463], [-90.87574177303975, 28.153389678115463], [-90.87574177303975, 28.19834562129115], [-90.92069771621544, 28.19834562129115], [-90.92069771621544, 28.243301564466837], [-90.96565365939114, 28.243301564466837], [-90.96565365939114, 28.288257507642527], [-91.01060960256683, 28.288257507642527], [-91.01060960256683, 28.333213450818214], [-91.05556554574252, 28.333213450818214], [-91.05556554574252, 28.3781693939939], [-91.1904333752696, 28.468081280345277], [-91.1904333752696, 28.557993166696654], [-91.32530120479669, 28.647905053048028], [-91.32530120479669, 28.737816939399405], [-91.41521309114808, 28.78277288257509], [-91.41521309114808, 28.87268476892647], [-91.46016903432377, 28.87268476892647], [-91.46016903432377, 28.917640712102155], [-91.50512497749946, 28.917640712102155], [-91.50512497749946, 29.007552598453533], [-91.59503686385085, 29.05250854162922], [-91.59503686385085, 29.142420427980596], [-91.63999280702654, 29.142420427980596], [-91.63999280702654, 29.23233231433197], [-91.68494875020224, 29.23233231433197], [-91.68494875020224, 29.322244200683347], [-91.72990469337793, 29.322244200683347], [-91.72990469337793, 29.412156087034724], [-91.77486063655363, 29.412156087034724], [-91.77486063655363, 29.502067973386097], [-91.81981657972932, 29.502067973386097], [-91.81981657972932, 29.681891746088848], [-91.86477252290501, 29.681891746088848], [-91.86477252290501, 29.861715518791602], [-91.90972846608071, 29.861715518791602]], [[-91.72990469337793, 29.951627405142975], [-91.68494875020224, 29.951627405142975], [-91.68494875020224, 29.771803632440225], [-91.63999280702654, 29.771803632440225], [-91.63999280702654, 29.591979859737474], [-91.59503686385085, 29.591979859737474], [-91.59503686385085, 29.502067973386097], [-91.55008092067516, 29.502067973386097], [-91.55008092067516, 29.367200143859034], [-91.50512497749946, 29.367200143859034], [-91.50512497749946, 29.27728825750766], [-91.41521309114808, 29.23233231433197], [-91.41521309114808, 29.142420427980596], [-91.37025714797238, 29.142420427980596], [-91.37025714797238, 29.05250854162922], [-91.280345261621, 29.007552598453533], [-91.280345261621, 28.917640712102155], [-91.1904333752696, 28.87268476892647], [-91.1904333752696, 28.78277288257509], [-91.05556554574252, 28.692860996223715], [-91.05556554574252, 28.60294910987234], [-91.01060960256683, 28.60294910987234], [-91.01060960256683, 28.557993166696654], [-90.87574177303975, 28.468081280345277], [-90.87574177303975, 28.3781693939939], [-90.83078582986406, 28.3781693939939], [-90.83078582986406, 28.333213450818214], [-90.78582988668836, 28.333213450818214], [-90.78582988668836, 28.288257507642527], [-90.74087394351267, 28.288257507642527], [-90.74087394351267, 28.243301564466837], [-90.69591800033697, 28.243301564466837], [-90.69591800033697, 28.19834562129115], [-90.65096205716128, 28.19834562129115], [-90.65096205716128, 28.153389678115463], [-90.60600611398559, 28.153389678115463], [-90.60600611398559, 28.108433734939773], [-90.56105017080989, 28.108433734939773], [-90.56105017080989, 28.063477791764086], [-90.5160942276342, 28.063477791764086], [-90.5160942276342, 28.0185218485884], [-90.4711382844585, 28.0185218485884], [-90.4711382844585, 27.973565905412713], [-90.42618234128281, 27.973565905412713], [-90.42618234128281, 27.928609962237022], [-90.38122639810712, 27.928609962237022], [-90.38122639810712, 27.883654019061336], [-90.33627045493142, 27.883654019061336], [-90.33627045493142, 27.83869807588565], [-90.29131451175573, 27.83869807588565], [-90.29131451175573, 27.79374213270996], [-90.15644668222865, 27.703830246358585], [-90.15644668222865, 27.658874303182895], [-90.06653479587726, 27.658874303182895], [-90.06653479587726, 27.613918360007208], [-90.02157885270157, 27.613918360007208], [-89.93166696635018, 27.479050530480144], [-89.84175507999879, 27.479050530480144], [-89.84175507999879, 27.434094587304457], [-89.7967991368231, 27.434094587304457], [-89.70688725047171, 27.299226757777394], [-89.61697536412032, 27.299226757777394], [-89.52706347776893, 27.16435892825033], [-89.43715159141755, 27.16435892825033], [-89.39219564824185, 27.074447041898953], [-89.30228376189046, 27.074447041898953], [-89.25732781871477, 26.98453515554758], [-89.16741593236338, 26.98453515554758], [-89.12245998918769, 26.894623269196202], [-89.0325481028363, 26.894623269196202], [-88.98759215966061, 26.804711382844825], [-88.89768027330922, 26.804711382844825], [-88.85272433013353, 26.714799496493452], [-88.76281244378214, 26.714799496493452], [-88.71785650060644, 26.624887610142075], [-88.62794461425506, 26.624887610142075], [-88.58298867107936, 26.5349757237907], [-88.49307678472798, 26.5349757237907], [-88.44812084155228, 26.445063837439324], [-88.3582089552009, 26.445063837439324], [-88.3132530120252, 26.355151951087947], [-88.13342923932242, 26.31019600791226], [-88.08847329614673, 26.220284121560884], [-87.99856140979534, 26.220284121560884], [-87.99856140979534, 26.175328178385197], [-87.90864952344396, 26.175328178385197], [-87.90864952344396, 26.13037223520951], [-87.77378169391687, 26.13037223520951], [-87.77378169391687, 26.08541629203382], [-87.32422226215994, 26.08541629203382], [-87.32422226215994, 26.13037223520951], [-87.23431037580855, 26.13037223520951], [-87.23431037580855, 26.175328178385197], [-87.18935443263285, 26.175328178385197], [-87.18935443263285, 26.220284121560884], [-87.14439848945716, 26.220284121560884], [-87.14439848945716, 26.265240064736574], [-87.00953065993008, 26.355151951087947], [-87.00953065993008, 26.445063837439324], [-86.96457471675438, 26.445063837439324], [-86.96457471675438, 26.5349757237907], [-86.91961877357869, 26.5349757237907], [-86.91961877357869, 26.66984355331776], [-86.874662830403, 26.66984355331776], [-86.874662830403, 27.119402985074643], [-86.91961877357869, 27.119402985074643], [-86.91961877357869, 27.299226757777394], [-86.96457471675438, 27.299226757777394], [-86.96457471675438, 27.389138644128767], [-87.00953065993008, 27.389138644128767], [-87.00953065993008, 27.479050530480144], [-87.05448660310577, 27.479050530480144], [-87.09944254628147, 27.658874303182895], [-87.18935443263285, 27.703830246358585], [-87.18935443263285, 27.79374213270996], [-87.27926631898424, 27.83869807588565], [-87.27926631898424, 27.928609962237022], [-87.41413414851132, 28.0185218485884], [-87.41413414851132, 28.108433734939773], [-87.45909009168702, 28.108433734939773], [-87.45909009168702, 28.153389678115463], [-87.5939579212141, 28.243301564466837], [-87.5939579212141, 28.333213450818214], [-87.63891386438979, 28.333213450818214], [-87.63891386438979, 28.3781693939939], [-87.68386980756549, 28.3781693939939], [-87.68386980756549, 28.42312533716959], [-87.72882575074118, 28.42312533716959], [-87.72882575074118, 28.468081280345277], [-87.86369358026826, 28.557993166696654], [-87.86369358026826, 28.647905053048028], [-87.90864952344396, 28.647905053048028], [-87.90864952344396, 28.692860996223715], [-87.95360546661965, 28.692860996223715], [-87.95360546661965, 28.737816939399405], [-87.99856140979534, 28.737816939399405], [-87.99856140979534, 28.78277288257509], [-88.04351735297104, 28.78277288257509], [-88.04351735297104, 28.82772882575078], [-88.08847329614673, 28.82772882575078], [-88.08847329614673, 28.87268476892647], [-88.22334112567381, 28.962596655277842], [-88.22334112567381, 29.05250854162922], [-88.2682970688495, 29.05250854162922], [-88.2682970688495, 29.097464484804906], [-88.3132530120252, 29.097464484804906], [-88.3132530120252, 29.142420427980596], [-88.3582089552009, 29.142420427980596], [-88.3582089552009, 29.187376371156283], [-88.40316489837659, 29.187376371156283], [-88.40316489837659, 29.23233231433197], [-88.53803272790367, 29.322244200683347], [-88.53803272790367, 29.412156087034724], [-88.58298867107936, 29.412156087034724], [-88.58298867107936, 29.45711203021041], [-88.62794461425506, 29.45711203021041], [-88.62794461425506, 29.502067973386097], [-88.67290055743075, 29.502067973386097], [-88.67290055743075, 29.547023916561784], [-88.71785650060644, 29.547023916561784], [-88.71785650060644, 29.591979859737474], [-88.76281244378214, 29.591979859737474], [-88.76281244378214, 29.63693580291316], [-88.89768027330922, 29.726847689264538], [-88.89768027330922, 29.81675957561591], [-88.94263621648491, 29.81675957561591], [-88.94263621648491, 29.861715518791602], [-88.98759215966061, 29.861715518791602], [-88.98759215966061, 29.90667146196729], [-89.0325481028363, 29.90667146196729], [-89.0325481028363, 29.951627405142975], [-89.077504046012, 29.951627405142975], [-89.077504046012, 29.996583348318666], [-89.12245998918769, 29.996583348318666], [-89.12245998918769, 30.041539291494352], [-89.16741593236338, 30.041539291494352], [-89.16741593236338, 30.08649523467004], [-89.21237187553908, 30.08649523467004], [-89.21237187553908, 30.131451177845726], [-89.25732781871477, 30.131451177845726], [-89.25732781871477, 30.176407121021416], [-89.30228376189046, 30.176407121021416], [-89.30228376189046, 30.221363064197103], [-89.34723970506616, 30.221363064197103], [-89.34723970506616, 30.26631900737279], [-89.39219564824185, 30.26631900737279], [-89.39219564824185, 30.31127495054848], [-89.43715159141755, 30.31127495054848], [-89.43715159141755, 30.356230893724167], [-89.48210753459324, 30.356230893724167], [-89.48210753459324, 30.401186836899853], [-89.52706347776893, 30.401186836899853], [-89.52706347776893, 30.446142780075544], [-89.57201942094463, 30.446142780075544], [-89.57201942094463, 30.49109872325123], [-89.70688725047171, 30.581010609602608], [-89.70688725047171, 30.625966552778294], [-89.7967991368231, 30.625966552778294], [-89.7967991368231, 30.67092249595398], [-89.84175507999879, 30.67092249595398], [-89.84175507999879, 30.71587843912967], [-89.88671102317448, 30.71587843912967], [-89.97662290952587, 30.850746268656735], [-90.06653479587726, 30.850746268656735], [-90.06653479587726, 30.895702211832422], [-90.11149073905295, 30.895702211832422], [-90.11149073905295, 30.94065815500811], [-90.20140262540434, 30.94065815500811], [-90.29131451175573, 31.075525984535172], [-90.4711382844585, 31.12048192771086], [-90.4711382844585, 31.16543787088655], [-90.56105017080989, 31.16543787088655], [-90.56105017080989, 31.210393814062236], [-90.69591800033697, 31.210393814062236], [-90.69591800033697, 31.255349757237923], [-91.05556554574252, 31.300305700413613], [-91.05556554574252, 31.255349757237923], [-91.1904333752696, 31.255349757237923], [-91.1904333752696, 31.210393814062236], [-91.280345261621, 31.210393814062236], [-91.280345261621, 31.16543787088655], [-91.32530120479669, 31.16543787088655], [-91.32530120479669, 31.12048192771086], [-91.37025714797238, 31.12048192771086], [-91.37025714797238, 31.075525984535172], [-91.41521309114808, 31.075525984535172], [-91.41521309114808, 31.030570041359486], [-91.55008092067516, 30.94065815500811], [-91.55008092067516, 30.850746268656735], [-91.59503686385085, 30.850746268656735], [-91.59503686385085, 30.760834382305358], [-91.63999280702654, 30.760834382305358], [-91.63999280702654, 30.67092249595398], [-91.68494875020224, 30.67092249595398], [-91.68494875020224, 30.536054666426917], [-91.72990469337793, 30.536054666426917], [-91.72990469337793, 29.951627405142975]]]]}}, {"type": "Feature", "properties": {"shapefile": "2021082900_wsp64knt120hr_5km", "PERCENTAGE": "20-30%"}, "geometry": {"type": "MultiPolygon", "coordinates": [[[[-91.72990469337793, 29.951627405142975], [-91.72990469337793, 30.536054666426917], [-91.68494875020224, 30.536054666426917], [-91.68494875020224, 30.67092249595398], [-91.63999280702654, 30.67092249595398], [-91.63999280702654, 30.760834382305358], [-91.59503686385085, 30.760834382305358], [-91.55008092067516, 30.94065815500811], [-91.50512497749946, 30.94065815500811], [-91.50512497749946, 30.985614098183795], [-91.46016903432377, 30.985614098183795], [-91.46016903432377, 31.030570041359486], [-91.41521309114808, 31.030570041359486], [-91.41521309114808, 31.075525984535172], [-91.37025714797238, 31.075525984535172], [-91.280345261621, 31.210393814062236], [-91.1904333752696, 31.210393814062236], [-91.1904333752696, 31.255349757237923], [-91.05556554574252, 31.255349757237923], [-91.05556554574252, 31.300305700413613], [-90.69591800033697, 31.255349757237923], [-90.69591800033697, 31.210393814062236], [-90.56105017080989, 31.210393814062236], [-90.56105017080989, 31.16543787088655], [-90.4711382844585, 31.16543787088655], [-90.4711382844585, 31.12048192771086], [-90.29131451175573, 31.075525984535172], [-90.29131451175573, 31.030570041359486], [-90.24635856858004, 31.030570041359486], [-90.20140262540434, 30.94065815500811], [-90.11149073905295, 30.94065815500811], [-90.06653479587726, 30.850746268656735], [-89.97662290952587, 30.850746268656735], [-89.97662290952587, 30.805790325481045], [-89.93166696635018, 30.805790325481045], [-89.93166696635018, 30.760834382305358], [-89.88671102317448, 30.760834382305358], [-89.7967991368231, 30.625966552778294], [-89.70688725047171, 30.625966552778294], [-89.70688725047171, 30.581010609602608], [-89.66193130729602, 30.581010609602608], [-89.66193130729602, 30.536054666426917], [-89.61697536412032, 30.536054666426917], [-89.61697536412032, 30.49109872325123], [-89.57201942094463, 30.49109872325123], [-89.57201942094463, 30.446142780075544], [-89.52706347776893, 30.446142780075544], [-89.52706347776893, 30.401186836899853], [-89.48210753459324, 30.401186836899853], [-89.48210753459324, 30.356230893724167], [-89.43715159141755, 30.356230893724167], [-89.43715159141755, 30.31127495054848], [-89.39219564824185, 30.31127495054848], [-89.39219564824185, 30.26631900737279], [-89.34723970506616, 30.26631900737279], [-89.34723970506616, 30.221363064197103], [-89.30228376189046, 30.221363064197103], [-89.30228376189046, 30.176407121021416], [-89.25732781871477, 30.176407121021416], [-89.25732781871477, 30.131451177845726], [-89.21237187553908, 30.131451177845726], [-89.21237187553908, 30.08649523467004], [-89.16741593236338, 30.08649523467004], [-89.16741593236338, 30.041539291494352], [-89.12245998918769, 30.041539291494352], [-89.12245998918769, 29.996583348318666], [-89.077504046012, 29.996583348318666], [-89.077504046012, 29.951627405142975], [-89.0325481028363, 29.951627405142975], [-89.0325481028363, 29.90667146196729], [-88.89768027330922, 29.81675957561591], [-88.89768027330922, 29.726847689264538], [-88.85272433013353, 29.726847689264538], [-88.85272433013353, 29.681891746088848], [-88.80776838695783, 29.681891746088848], [-88.80776838695783, 29.63693580291316], [-88.76281244378214, 29.63693580291316], [-88.76281244378214, 29.591979859737474], [-88.71785650060644, 29.591979859737474], [-88.71785650060644, 29.547023916561784], [-88.67290055743075, 29.547023916561784], [-88.67290055743075, 29.502067973386097], [-88.53803272790367, 29.412156087034724], [-88.53803272790367, 29.322244200683347], [-88.49307678472798, 29.322244200683347], [-88.49307678472798, 29.27728825750766], [-88.44812084155228, 29.27728825750766], [-88.44812084155228, 29.23233231433197], [-88.40316489837659, 29.23233231433197], [-88.40316489837659, 29.187376371156283], [-88.3582089552009, 29.187376371156283], [-88.3582089552009, 29.142420427980596], [-88.22334112567381, 29.05250854162922], [-88.22334112567381, 28.962596655277842], [-88.17838518249812, 28.962596655277842], [-88.17838518249812, 28.917640712102155], [-88.13342923932242, 28.917640712102155], [-88.13342923932242, 28.87268476892647], [-88.08847329614673, 28.87268476892647], [-88.08847329614673, 28.82772882575078], [-88.04351735297104, 28.82772882575078], [-88.04351735297104, 28.78277288257509], [-87.99856140979534, 28.78277288257509], [-87.99856140979534, 28.737816939399405], [-87.86369358026826, 28.647905053048028], [-87.86369358026826, 28.557993166696654], [-87.81873763709257, 28.557993166696654], [-87.81873763709257, 28.513037223520964], [-87.77378169391687, 28.513037223520964], [-87.77378169391687, 28.468081280345277], [-87.72882575074118, 28.468081280345277], [-87.72882575074118, 28.42312533716959], [-87.5939579212141, 28.333213450818214], [-87.5939579212141, 28.243301564466837], [-87.5490019780384, 28.243301564466837], [-87.5490019780384, 28.19834562129115], [-87.41413414851132, 28.108433734939773], [-87.41413414851132, 28.0185218485884], [-87.27926631898424, 27.928609962237022], [-87.27926631898424, 27.83869807588565], [-87.23431037580855, 27.83869807588565], [-87.23431037580855, 27.79374213270996], [-87.18935443263285, 27.79374213270996], [-87.18935443263285, 27.703830246358585], [-87.09944254628147, 27.658874303182895], [-87.09944254628147, 27.56896241683152], [-87.05448660310577, 27.56896241683152], [-87.05448660310577, 27.479050530480144], [-87.00953065993008, 27.479050530480144], [-87.00953065993008, 27.389138644128767], [-86.96457471675438, 27.389138644128767], [-86.96457471675438, 27.299226757777394], [-86.91961877357869, 27.299226757777394], [-86.91961877357869, 27.119402985074643], [-86.874662830403, 27.119402985074643], [-86.874662830403, 26.66984355331776], [-86.91961877357869, 26.66984355331776], [-86.91961877357869, 26.5349757237907], [-86.96457471675438, 26.5349757237907], [-87.00953065993008, 26.355151951087947], [-87.05448660310577, 26.355151951087947], [-87.05448660310577, 26.31019600791226], [-87.09944254628147, 26.31019600791226], [-87.09944254628147, 26.265240064736574], [-87.14439848945716, 26.265240064736574], [-87.23431037580855, 26.13037223520951], [-87.32422226215994, 26.13037223520951], [-87.32422226215994, 26.08541629203382], [-87.77378169391687, 26.08541629203382], [-87.77378169391687, 26.13037223520951], [-87.90864952344396, 26.13037223520951], [-87.90864952344396, 26.175328178385197], [-88.08847329614673, 26.220284121560884], [-88.13342923932242, 26.31019600791226], [-88.3132530120252, 26.355151951087947], [-88.3582089552009, 26.445063837439324], [-88.44812084155228, 26.445063837439324], [-88.49307678472798, 26.5349757237907], [-88.58298867107936, 26.5349757237907], [-88.62794461425506, 26.624887610142075], [-88.71785650060644, 26.624887610142075], [-88.76281244378214, 26.714799496493452], [-88.85272433013353, 26.714799496493452], [-88.89768027330922, 26.804711382844825], [-88.98759215966061, 26.804711382844825], [-89.0325481028363, 26.894623269196202], [-89.12245998918769, 26.894623269196202], [-89.16741593236338, 26.98453515554758], [-89.25732781871477, 26.98453515554758], [-89.30228376189046, 27.074447041898953], [-89.39219564824185, 27.074447041898953], [-89.43715159141755, 27.16435892825033], [-89.52706347776893, 27.16435892825033], [-89.61697536412032, 27.299226757777394], [-89.70688725047171, 27.299226757777394], [-89.70688725047171, 27.34418270095308], [-89.7518431936474, 27.34418270095308], [-89.84175507999879, 27.479050530480144], [-89.93166696635018, 27.479050530480144], [-89.93166696635018, 27.52400647365583], [-89.97662290952587, 27.52400647365583], [-90.06653479587726, 27.658874303182895], [-90.15644668222865, 27.658874303182895], [-90.15644668222865, 27.703830246358585], [-90.20140262540434, 27.703830246358585], [-90.20140262540434, 27.748786189534272], [-90.24635856858004, 27.748786189534272], [-90.24635856858004, 27.79374213270996], [-90.29131451175573, 27.79374213270996], [-90.29131451175573, 27.83869807588565], [-90.33627045493142, 27.83869807588565], [-90.33627045493142, 27.883654019061336], [-90.38122639810712, 27.883654019061336], [-90.38122639810712, 27.928609962237022], [-90.42618234128281, 27.928609962237022], [-90.42618234128281, 27.973565905412713], [-90.4711382844585, 27.973565905412713], [-90.4711382844585, 28.0185218485884], [-90.5160942276342, 28.0185218485884], [-90.5160942276342, 28.063477791764086], [-90.56105017080989, 28.063477791764086], [-90.56105017080989, 28.108433734939773], [-90.60600611398559, 28.108433734939773], [-90.60600611398559, 28.153389678115463], [-90.65096205716128, 28.153389678115463], [-90.65096205716128, 28.19834562129115], [-90.69591800033697, 28.19834562129115], [-90.69591800033697, 28.243301564466837], [-90.74087394351267, 28.243301564466837], [-90.74087394351267, 28.288257507642527], [-90.87574177303975, 28.3781693939939], [-90.87574177303975, 28.468081280345277], [-90.92069771621544, 28.468081280345277], [-90.92069771621544, 28.513037223520964], [-91.05556554574252, 28.60294910987234], [-91.05556554574252, 28.692860996223715], [-91.1904333752696, 28.78277288257509], [-91.1904333752696, 28.87268476892647], [-91.2353893184453, 28.87268476892647], [-91.2353893184453, 28.917640712102155], [-91.280345261621, 28.917640712102155], [-91.280345261621, 29.007552598453533], [-91.37025714797238, 29.05250854162922], [-91.41521309114808, 29.23233231433197], [-91.50512497749946, 29.27728825750766], [-91.50512497749946, 29.367200143859034], [-91.55008092067516, 29.367200143859034], [-91.55008092067516, 29.502067973386097], [-91.59503686385085, 29.502067973386097], [-91.59503686385085, 29.591979859737474], [-91.63999280702654, 29.591979859737474], [-91.68494875020224, 29.951627405142975], [-91.72990469337793, 29.951627405142975]], [[-91.55008092067516, 29.996583348318666], [-91.50512497749946, 29.996583348318666], [-91.50512497749946, 29.771803632440225], [-91.46016903432377, 29.771803632440225], [-91.41521309114808, 29.502067973386097], [-91.37025714797238, 29.502067973386097], [-91.37025714797238, 29.412156087034724], [-91.32530120479669, 29.412156087034724], [-91.32530120479669, 29.322244200683347], [-91.280345261621, 29.322244200683347], [-91.280345261621, 29.23233231433197], [-91.1904333752696, 29.187376371156283], [-91.14547743209391, 29.007552598453533], [-91.05556554574252, 28.962596655277842], [-91.05556554574252, 28.87268476892647], [-91.01060960256683, 28.87268476892647], [-91.01060960256683, 28.82772882575078], [-90.92069771621544, 28.78277288257509], [-90.92069771621544, 28.692860996223715], [-90.87574177303975, 28.692860996223715], [-90.87574177303975, 28.647905053048028], [-90.74087394351267, 28.557993166696654], [-90.74087394351267, 28.468081280345277], [-90.69591800033697, 28.468081280345277], [-90.69591800033697, 28.42312533716959], [-90.65096205716128, 28.42312533716959], [-90.65096205716128, 28.3781693939939], [-90.60600611398559, 28.3781693939939], [-90.60600611398559, 28.333213450818214], [-90.56105017080989, 28.333213450818214], [-90.56105017080989, 28.288257507642527], [-90.5160942276342, 28.288257507642527], [-90.5160942276342, 28.243301564466837], [-90.4711382844585, 28.243301564466837], [-90.4711382844585, 28.19834562129115], [-90.42618234128281, 28.19834562129115], [-90.42618234128281, 28.153389678115463], [-90.38122639810712, 28.153389678115463], [-90.38122639810712, 28.108433734939773], [-90.33627045493142, 28.108433734939773], [-90.33627045493142, 28.063477791764086], [-90.29131451175573, 28.063477791764086], [-90.29131451175573, 28.0185218485884], [-90.24635856858004, 28.0185218485884], [-90.24635856858004, 27.973565905412713], [-90.20140262540434, 27.973565905412713], [-90.20140262540434, 27.928609962237022], [-90.15644668222865, 27.928609962237022], [-90.15644668222865, 27.883654019061336], [-90.11149073905295, 27.883654019061336], [-90.11149073905295, 27.83869807588565], [-90.06653479587726, 27.83869807588565], [-89.97662290952587, 27.703830246358585], [-89.88671102317448, 27.703830246358585], [-89.88671102317448, 27.658874303182895], [-89.84175507999879, 27.658874303182895], [-89.84175507999879, 27.613918360007208], [-89.7967991368231, 27.613918360007208], [-89.70688725047171, 27.479050530480144], [-89.61697536412032, 27.479050530480144], [-89.61697536412032, 27.434094587304457], [-89.57201942094463, 27.434094587304457], [-89.52706347776893, 27.34418270095308], [-89.43715159141755, 27.34418270095308], [-89.34723970506616, 27.209314871426017], [-89.25732781871477, 27.209314871426017], [-89.21237187553908, 27.119402985074643], [-89.12245998918769, 27.119402985074643], [-89.077504046012, 27.029491098723266], [-88.98759215966061, 27.029491098723266], [-88.94263621648491, 26.93957921237189], [-88.85272433013353, 26.93957921237189], [-88.85272433013353, 26.894623269196202], [-88.80776838695783, 26.894623269196202], [-88.80776838695783, 26.849667326020516], [-88.71785650060644, 26.849667326020516], [-88.67290055743075, 26.75975543966914], [-88.58298867107936, 26.75975543966914], [-88.53803272790367, 26.66984355331776], [-88.44812084155228, 26.66984355331776], [-88.3582089552009, 26.5349757237907], [-88.2682970688495, 26.5349757237907], [-88.2682970688495, 26.49001978061501], [-88.22334112567381, 26.49001978061501], [-88.22334112567381, 26.445063837439324], [-88.13342923932242, 26.445063837439324], [-88.08847329614673, 26.355151951087947], [-87.90864952344396, 26.31019600791226], [-87.86369358026826, 26.220284121560884], [-87.72882575074118, 26.220284121560884], [-87.72882575074118, 26.175328178385197], [-87.45909009168702, 26.13037223520951], [-87.45909009168702, 26.175328178385197], [-87.32422226215994, 26.175328178385197], [-87.27926631898424, 26.265240064736574], [-87.18935443263285, 26.265240064736574], [-87.18935443263285, 26.31019600791226], [-87.14439848945716, 26.31019600791226], [-87.14439848945716, 26.400107894263638], [-87.09944254628147, 26.400107894263638], [-87.09944254628147, 26.445063837439324], [-87.05448660310577, 26.445063837439324], [-87.05448660310577, 26.5349757237907], [-87.00953065993008, 26.5349757237907], [-86.96457471675438, 26.98453515554758], [-87.00953065993008, 26.98453515554758], [-87.00953065993008, 27.209314871426017], [-87.05448660310577, 27.209314871426017], [-87.05448660310577, 27.299226757777394], [-87.09944254628147, 27.299226757777394], [-87.09944254628147, 27.389138644128767], [-87.14439848945716, 27.389138644128767], [-87.14439848945716, 27.479050530480144], [-87.18935443263285, 27.479050530480144], [-87.18935443263285, 27.56896241683152], [-87.23431037580855, 27.56896241683152], [-87.23431037580855, 27.613918360007208], [-87.27926631898424, 27.613918360007208], [-87.27926631898424, 27.703830246358585], [-87.41413414851132, 27.79374213270996], [-87.41413414851132, 27.883654019061336], [-87.5490019780384, 27.973565905412713], [-87.5490019780384, 28.063477791764086], [-87.5939579212141, 28.063477791764086], [-87.5939579212141, 28.108433734939773], [-87.63891386438979, 28.108433734939773], [-87.63891386438979, 28.153389678115463], [-87.68386980756549, 28.153389678115463], [-87.68386980756549, 28.19834562129115], [-87.72882575074118, 28.19834562129115], [-87.72882575074118, 28.243301564466837], [-87.86369358026826, 28.333213450818214], [-87.86369358026826, 28.42312533716959], [-87.90864952344396, 28.42312533716959], [-87.90864952344396, 28.468081280345277], [-87.95360546661965, 28.468081280345277], [-87.95360546661965, 28.513037223520964], [-87.99856140979534, 28.513037223520964], [-87.99856140979534, 28.557993166696654], [-88.04351735297104, 28.557993166696654], [-88.04351735297104, 28.60294910987234], [-88.08847329614673, 28.60294910987234], [-88.08847329614673, 28.647905053048028], [-88.13342923932242, 28.647905053048028], [-88.13342923932242, 28.692860996223715], [-88.2682970688495, 28.78277288257509], [-88.2682970688495, 28.87268476892647], [-88.3132530120252, 28.87268476892647], [-88.3132530120252, 28.917640712102155], [-88.3582089552009, 28.917640712102155], [-88.3582089552009, 28.962596655277842], [-88.40316489837659, 28.962596655277842], [-88.40316489837659, 29.007552598453533], [-88.44812084155228, 29.007552598453533], [-88.44812084155228, 29.05250854162922], [-88.49307678472798, 29.05250854162922], [-88.49307678472798, 29.097464484804906], [-88.53803272790367, 29.097464484804906], [-88.53803272790367, 29.142420427980596], [-88.67290055743075, 29.23233231433197], [-88.67290055743075, 29.322244200683347], [-88.71785650060644, 29.322244200683347], [-88.71785650060644, 29.367200143859034], [-88.76281244378214, 29.367200143859034], [-88.76281244378214, 29.412156087034724], [-88.80776838695783, 29.412156087034724], [-88.80776838695783, 29.45711203021041], [-88.85272433013353, 29.45711203021041], [-88.85272433013353, 29.502067973386097], [-88.89768027330922, 29.502067973386097], [-88.89768027330922, 29.547023916561784], [-88.94263621648491, 29.547023916561784], [-88.94263621648491, 29.591979859737474], [-88.98759215966061, 29.591979859737474], [-88.98759215966061, 29.63693580291316], [-89.0325481028363, 29.63693580291316], [-89.0325481028363, 29.681891746088848], [-89.077504046012, 29.681891746088848], [-89.077504046012, 29.726847689264538], [-89.12245998918769, 29.726847689264538], [-89.12245998918769, 29.771803632440225], [-89.16741593236338, 29.771803632440225], [-89.16741593236338, 29.81675957561591], [-89.21237187553908, 29.81675957561591], [-89.21237187553908, 29.861715518791602], [-89.25732781871477, 29.861715518791602], [-89.25732781871477, 29.90667146196729], [-89.30228376189046, 29.90667146196729], [-89.30228376189046, 29.951627405142975], [-89.34723970506616, 29.951627405142975], [-89.34723970506616, 29.996583348318666], [-89.39219564824185, 29.996583348318666], [-89.39219564824185, 30.041539291494352], [-89.43715159141755, 30.041539291494352], [-89.43715159141755, 30.08649523467004], [-89.48210753459324, 30.08649523467004], [-89.48210753459324, 30.131451177845726], [-89.52706347776893, 30.131451177845726], [-89.52706347776893, 30.176407121021416], [-89.57201942094463, 30.176407121021416], [-89.57201942094463, 30.221363064197103], [-89.61697536412032, 30.221363064197103], [-89.61697536412032, 30.26631900737279], [-89.66193130729602, 30.26631900737279], [-89.66193130729602, 30.31127495054848], [-89.70688725047171, 30.31127495054848], [-89.70688725047171, 30.356230893724167], [-89.7518431936474, 30.356230893724167], [-89.7518431936474, 30.401186836899853], [-89.7967991368231, 30.401186836899853], [-89.7967991368231, 30.446142780075544], [-89.93166696635018, 30.536054666426917], [-89.93166696635018, 30.581010609602608], [-90.02157885270157, 30.581010609602608], [-90.11149073905295, 30.71587843912967], [-90.20140262540434, 30.71587843912967], [-90.24635856858004, 30.805790325481045], [-90.33627045493142, 30.805790325481045], [-90.33627045493142, 30.850746268656735], [-90.38122639810712, 30.850746268656735], [-90.38122639810712, 30.895702211832422], [-90.4711382844585, 30.895702211832422], [-90.4711382844585, 30.94065815500811], [-90.60600611398559, 30.94065815500811], [-90.60600611398559, 30.985614098183795], [-90.74087394351267, 30.985614098183795], [-90.74087394351267, 31.030570041359486], [-90.96565365939114, 31.030570041359486], [-90.96565365939114, 31.075525984535172], [-91.01060960256683, 31.075525984535172], [-91.01060960256683, 31.030570041359486], [-91.10052148891822, 31.030570041359486], [-91.1904333752696, 30.895702211832422], [-91.280345261621, 30.895702211832422], [-91.280345261621, 30.850746268656735], [-91.32530120479669, 30.850746268656735], [-91.32530120479669, 30.760834382305358], [-91.41521309114808, 30.71587843912967], [-91.41521309114808, 30.625966552778294], [-91.46016903432377, 30.625966552778294], [-91.46016903432377, 30.536054666426917], [-91.50512497749946, 30.536054666426917], [-91.55008092067516, 29.996583348318666]]]]}}, {"type": "Feature", "properties": {"shapefile": "2021082900_wsp64knt120hr_5km", "PERCENTAGE": "30-40%"}, "geometry": {"type": "MultiPolygon", "coordinates": [[[[-91.55008092067516, 29.996583348318666], [-91.50512497749946, 30.536054666426917], [-91.46016903432377, 30.536054666426917], [-91.41521309114808, 30.71587843912967], [-91.32530120479669, 30.760834382305358], [-91.32530120479669, 30.850746268656735], [-91.280345261621, 30.850746268656735], [-91.280345261621, 30.895702211832422], [-91.1904333752696, 30.895702211832422], [-91.1904333752696, 30.94065815500811], [-91.14547743209391, 30.94065815500811], [-91.10052148891822, 31.030570041359486], [-91.01060960256683, 31.030570041359486], [-91.01060960256683, 31.075525984535172], [-90.96565365939114, 31.075525984535172], [-90.96565365939114, 31.030570041359486], [-90.74087394351267, 31.030570041359486], [-90.74087394351267, 30.985614098183795], [-90.60600611398559, 30.985614098183795], [-90.60600611398559, 30.94065815500811], [-90.4711382844585, 30.94065815500811], [-90.4711382844585, 30.895702211832422], [-90.38122639810712, 30.895702211832422], [-90.33627045493142, 30.805790325481045], [-90.24635856858004, 30.805790325481045], [-90.20140262540434, 30.71587843912967], [-90.11149073905295, 30.71587843912967], [-90.02157885270157, 30.581010609602608], [-89.93166696635018, 30.581010609602608], [-89.93166696635018, 30.536054666426917], [-89.88671102317448, 30.536054666426917], [-89.88671102317448, 30.49109872325123], [-89.84175507999879, 30.49109872325123], [-89.84175507999879, 30.446142780075544], [-89.7967991368231, 30.446142780075544], [-89.7967991368231, 30.401186836899853], [-89.7518431936474, 30.401186836899853], [-89.7518431936474, 30.356230893724167], [-89.70688725047171, 30.356230893724167], [-89.70688725047171, 30.31127495054848], [-89.66193130729602, 30.31127495054848], [-89.66193130729602, 30.26631900737279], [-89.61697536412032, 30.26631900737279], [-89.61697536412032, 30.221363064197103], [-89.57201942094463, 30.221363064197103], [-89.57201942094463, 30.176407121021416], [-89.52706347776893, 30.176407121021416], [-89.52706347776893, 30.131451177845726], [-89.48210753459324, 30.131451177845726], [-89.48210753459324, 30.08649523467004], [-89.43715159141755, 30.08649523467004], [-89.43715159141755, 30.041539291494352], [-89.39219564824185, 30.041539291494352], [-89.39219564824185, 29.996583348318666], [-89.34723970506616, 29.996583348318666], [-89.34723970506616, 29.951627405142975], [-89.30228376189046, 29.951627405142975], [-89.30228376189046, 29.90667146196729], [-89.25732781871477, 29.90667146196729], [-89.25732781871477, 29.861715518791602], [-89.21237187553908, 29.861715518791602], [-89.21237187553908, 29.81675957561591], [-89.16741593236338, 29.81675957561591], [-89.16741593236338, 29.771803632440225], [-89.12245998918769, 29.771803632440225], [-89.12245998918769, 29.726847689264538], [-89.077504046012, 29.726847689264538], [-89.077504046012, 29.681891746088848], [-89.0325481028363, 29.681891746088848], [-89.0325481028363, 29.63693580291316], [-88.98759215966061, 29.63693580291316], [-88.98759215966061, 29.591979859737474], [-88.94263621648491, 29.591979859737474], [-88.94263621648491, 29.547023916561784], [-88.89768027330922, 29.547023916561784], [-88.89768027330922, 29.502067973386097], [-88.85272433013353, 29.502067973386097], [-88.85272433013353, 29.45711203021041], [-88.80776838695783, 29.45711203021041], [-88.80776838695783, 29.412156087034724], [-88.67290055743075, 29.322244200683347], [-88.67290055743075, 29.23233231433197], [-88.62794461425506, 29.23233231433197], [-88.62794461425506, 29.187376371156283], [-88.58298867107936, 29.187376371156283], [-88.58298867107936, 29.142420427980596], [-88.53803272790367, 29.142420427980596], [-88.53803272790367, 29.097464484804906], [-88.49307678472798, 29.097464484804906], [-88.49307678472798, 29.05250854162922], [-88.44812084155228, 29.05250854162922], [-88.44812084155228, 29.007552598453533], [-88.40316489837659, 29.007552598453533], [-88.40316489837659, 28.962596655277842], [-88.2682970688495, 28.87268476892647], [-88.2682970688495, 28.78277288257509], [-88.22334112567381, 28.78277288257509], [-88.22334112567381, 28.737816939399405], [-88.17838518249812, 28.737816939399405], [-88.17838518249812, 28.692860996223715], [-88.13342923932242, 28.692860996223715], [-88.13342923932242, 28.647905053048028], [-88.08847329614673, 28.647905053048028], [-88.08847329614673, 28.60294910987234], [-88.04351735297104, 28.60294910987234], [-88.04351735297104, 28.557993166696654], [-87.99856140979534, 28.557993166696654], [-87.99856140979534, 28.513037223520964], [-87.86369358026826, 28.42312533716959], [-87.86369358026826, 28.333213450818214], [-87.81873763709257, 28.333213450818214], [-87.81873763709257, 28.288257507642527], [-87.77378169391687, 28.288257507642527], [-87.77378169391687, 28.243301564466837], [-87.72882575074118, 28.243301564466837], [-87.72882575074118, 28.19834562129115], [-87.68386980756549, 28.19834562129115], [-87.68386980756549, 28.153389678115463], [-87.5490019780384, 28.063477791764086], [-87.5490019780384, 27.973565905412713], [-87.41413414851132, 27.883654019061336], [-87.41413414851132, 27.79374213270996], [-87.36917820533563, 27.79374213270996], [-87.36917820533563, 27.748786189534272], [-87.27926631898424, 27.703830246358585], [-87.27926631898424, 27.613918360007208], [-87.18935443263285, 27.56896241683152], [-87.18935443263285, 27.479050530480144], [-87.14439848945716, 27.479050530480144], [-87.14439848945716, 27.389138644128767], [-87.09944254628147, 27.389138644128767], [-87.09944254628147, 27.299226757777394], [-87.05448660310577, 27.299226757777394], [-87.05448660310577, 27.209314871426017], [-87.00953065993008, 27.209314871426017], [-87.00953065993008, 26.98453515554758], [-86.96457471675438, 26.98453515554758], [-87.00953065993008, 26.5349757237907], [-87.05448660310577, 26.5349757237907], [-87.05448660310577, 26.445063837439324], [-87.14439848945716, 26.400107894263638], [-87.14439848945716, 26.31019600791226], [-87.18935443263285, 26.31019600791226], [-87.18935443263285, 26.265240064736574], [-87.27926631898424, 26.265240064736574], [-87.32422226215994, 26.175328178385197], [-87.45909009168702, 26.175328178385197], [-87.45909009168702, 26.13037223520951], [-87.5939579212141, 26.13037223520951], [-87.5939579212141, 26.175328178385197], [-87.86369358026826, 26.220284121560884], [-87.90864952344396, 26.31019600791226], [-88.08847329614673, 26.355151951087947], [-88.13342923932242, 26.445063837439324], [-88.22334112567381, 26.445063837439324], [-88.2682970688495, 26.5349757237907], [-88.3582089552009, 26.5349757237907], [-88.44812084155228, 26.66984355331776], [-88.53803272790367, 26.66984355331776], [-88.58298867107936, 26.75975543966914], [-88.67290055743075, 26.75975543966914], [-88.71785650060644, 26.849667326020516], [-88.80776838695783, 26.849667326020516], [-88.80776838695783, 26.894623269196202], [-88.85272433013353, 26.894623269196202], [-88.85272433013353, 26.93957921237189], [-88.94263621648491, 26.93957921237189], [-88.98759215966061, 27.029491098723266], [-89.077504046012, 27.029491098723266], [-89.12245998918769, 27.119402985074643], [-89.21237187553908, 27.119402985074643], [-89.25732781871477, 27.209314871426017], [-89.34723970506616, 27.209314871426017], [-89.43715159141755, 27.34418270095308], [-89.52706347776893, 27.34418270095308], [-89.61697536412032, 27.479050530480144], [-89.70688725047171, 27.479050530480144], [-89.70688725047171, 27.52400647365583], [-89.7518431936474, 27.52400647365583], [-89.7518431936474, 27.56896241683152], [-89.7967991368231, 27.56896241683152], [-89.88671102317448, 27.703830246358585], [-89.97662290952587, 27.703830246358585], [-89.97662290952587, 27.748786189534272], [-90.02157885270157, 27.748786189534272], [-90.02157885270157, 27.79374213270996], [-90.06653479587726, 27.79374213270996], [-90.06653479587726, 27.83869807588565], [-90.11149073905295, 27.83869807588565], [-90.11149073905295, 27.883654019061336], [-90.15644668222865, 27.883654019061336], [-90.15644668222865, 27.928609962237022], [-90.20140262540434, 27.928609962237022], [-90.20140262540434, 27.973565905412713], [-90.24635856858004, 27.973565905412713], [-90.24635856858004, 28.0185218485884], [-90.29131451175573, 28.0185218485884], [-90.29131451175573, 28.063477791764086], [-90.33627045493142, 28.063477791764086], [-90.33627045493142, 28.108433734939773], [-90.38122639810712, 28.108433734939773], [-90.38122639810712, 28.153389678115463], [-90.42618234128281, 28.153389678115463], [-90.42618234128281, 28.19834562129115], [-90.4711382844585, 28.19834562129115], [-90.4711382844585, 28.243301564466837], [-90.5160942276342, 28.243301564466837], [-90.5160942276342, 28.288257507642527], [-90.56105017080989, 28.288257507642527], [-90.56105017080989, 28.333213450818214], [-90.60600611398559, 28.333213450818214], [-90.60600611398559, 28.3781693939939], [-90.74087394351267, 28.468081280345277], [-90.74087394351267, 28.557993166696654], [-90.78582988668836, 28.557993166696654], [-90.78582988668836, 28.60294910987234], [-90.92069771621544, 28.692860996223715], [-90.92069771621544, 28.78277288257509], [-91.05556554574252, 28.87268476892647], [-91.05556554574252, 28.962596655277842], [-91.14547743209391, 29.007552598453533], [-91.1904333752696, 29.187376371156283], [-91.280345261621, 29.23233231433197], [-91.280345261621, 29.322244200683347], [-91.32530120479669, 29.322244200683347], [-91.32530120479669, 29.412156087034724], [-91.37025714797238, 29.412156087034724], [-91.37025714797238, 29.502067973386097], [-91.41521309114808, 29.502067973386097], [-91.41521309114808, 29.63693580291316], [-91.46016903432377, 29.63693580291316], [-91.46016903432377, 29.771803632440225], [-91.50512497749946, 29.771803632440225], [-91.50512497749946, 29.996583348318666], [-91.55008092067516, 29.996583348318666]], [[-91.37025714797238, 29.861715518791602], [-91.32530120479669, 29.861715518791602], [-91.280345261621, 29.591979859737474], [-91.2353893184453, 29.591979859737474], [-91.2353893184453, 29.502067973386097], [-91.1904333752696, 29.502067973386097], [-91.1904333752696, 29.412156087034724], [-91.14547743209391, 29.412156087034724], [-91.14547743209391, 29.322244200683347], [-91.10052148891822, 29.322244200683347], [-91.10052148891822, 29.23233231433197], [-91.01060960256683, 29.187376371156283], [-90.96565365939114, 29.007552598453533], [-90.92069771621544, 29.007552598453533], [-90.92069771621544, 28.962596655277842], [-90.87574177303975, 28.962596655277842], [-90.87574177303975, 28.87268476892647], [-90.74087394351267, 28.78277288257509], [-90.74087394351267, 28.692860996223715], [-90.69591800033697, 28.692860996223715], [-90.69591800033697, 28.647905053048028], [-90.65096205716128, 28.647905053048028], [-90.65096205716128, 28.60294910987234], [-90.5160942276342, 28.513037223520964], [-90.5160942276342, 28.42312533716959], [-90.4711382844585, 28.42312533716959], [-90.4711382844585, 28.3781693939939], [-90.42618234128281, 28.3781693939939], [-90.42618234128281, 28.333213450818214], [-90.38122639810712, 28.333213450818214], [-90.38122639810712, 28.288257507642527], [-90.33627045493142, 28.288257507642527], [-90.33627045493142, 28.243301564466837], [-90.29131451175573, 28.243301564466837], [-90.29131451175573, 28.19834562129115], [-90.24635856858004, 28.19834562129115], [-90.24635856858004, 28.153389678115463], [-90.20140262540434, 28.153389678115463], [-90.20140262540434, 28.108433734939773], [-90.15644668222865, 28.108433734939773], [-90.15644668222865, 28.063477791764086], [-90.11149073905295, 28.063477791764086], [-90.11149073905295, 28.0185218485884], [-90.06653479587726, 28.0185218485884], [-90.06653479587726, 27.973565905412713], [-90.02157885270157, 27.973565905412713], [-89.93166696635018, 27.83869807588565], [-89.84175507999879, 27.83869807588565], [-89.84175507999879, 27.79374213270996], [-89.7967991368231, 27.79374213270996], [-89.7967991368231, 27.748786189534272], [-89.7518431936474, 27.748786189534272], [-89.66193130729602, 27.613918360007208], [-89.57201942094463, 27.613918360007208], [-89.57201942094463, 27.56896241683152], [-89.52706347776893, 27.56896241683152], [-89.43715159141755, 27.434094587304457], [-89.34723970506616, 27.434094587304457], [-89.25732781871477, 27.299226757777394], [-89.16741593236338, 27.299226757777394], [-89.12245998918769, 27.209314871426017], [-89.0325481028363, 27.209314871426017], [-88.98759215966061, 27.119402985074643], [-88.89768027330922, 27.119402985074643], [-88.85272433013353, 27.029491098723266], [-88.76281244378214, 27.029491098723266], [-88.71785650060644, 26.93957921237189], [-88.62794461425506, 26.93957921237189], [-88.58298867107936, 26.849667326020516], [-88.49307678472798, 26.849667326020516], [-88.40316489837659, 26.714799496493452], [-88.3132530120252, 26.714799496493452], [-88.22334112567381, 26.579931666966388], [-88.13342923932242, 26.579931666966388], [-88.08847329614673, 26.49001978061501], [-87.99856140979534, 26.49001978061501], [-87.95360546661965, 26.400107894263638], [-87.86369358026826, 26.400107894263638], [-87.81873763709257, 26.31019600791226], [-87.63891386438979, 26.265240064736574], [-87.63891386438979, 26.220284121560884], [-87.41413414851132, 26.220284121560884], [-87.41413414851132, 26.265240064736574], [-87.32422226215994, 26.265240064736574], [-87.32422226215994, 26.31019600791226], [-87.27926631898424, 26.31019600791226], [-87.27926631898424, 26.355151951087947], [-87.14439848945716, 26.445063837439324], [-87.14439848945716, 26.5349757237907], [-87.09944254628147, 26.5349757237907], [-87.09944254628147, 26.75975543966914], [-87.05448660310577, 26.75975543966914], [-87.05448660310577, 26.93957921237189], [-87.09944254628147, 26.93957921237189], [-87.09944254628147, 27.16435892825033], [-87.14439848945716, 27.16435892825033], [-87.14439848945716, 27.254270814601703], [-87.18935443263285, 27.254270814601703], [-87.18935443263285, 27.34418270095308], [-87.23431037580855, 27.34418270095308], [-87.23431037580855, 27.434094587304457], [-87.32422226215994, 27.479050530480144], [-87.32422226215994, 27.56896241683152], [-87.36917820533563, 27.56896241683152], [-87.36917820533563, 27.613918360007208], [-87.45909009168702, 27.658874303182895], [-87.45909009168702, 27.748786189534272], [-87.50404603486271, 27.748786189534272], [-87.50404603486271, 27.79374213270996], [-87.63891386438979, 27.883654019061336], [-87.63891386438979, 27.973565905412713], [-87.68386980756549, 27.973565905412713], [-87.68386980756549, 28.0185218485884], [-87.72882575074118, 28.0185218485884], [-87.72882575074118, 28.063477791764086], [-87.77378169391687, 28.063477791764086], [-87.77378169391687, 28.108433734939773], [-87.81873763709257, 28.108433734939773], [-87.81873763709257, 28.153389678115463], [-87.95360546661965, 28.243301564466837], [-87.95360546661965, 28.333213450818214], [-87.99856140979534, 28.333213450818214], [-87.99856140979534, 28.3781693939939], [-88.04351735297104, 28.3781693939939], [-88.04351735297104, 28.42312533716959], [-88.08847329614673, 28.42312533716959], [-88.08847329614673, 28.468081280345277], [-88.13342923932242, 28.468081280345277], [-88.13342923932242, 28.513037223520964], [-88.17838518249812, 28.513037223520964], [-88.17838518249812, 28.557993166696654], [-88.22334112567381, 28.557993166696654], [-88.22334112567381, 28.60294910987234], [-88.2682970688495, 28.60294910987234], [-88.2682970688495, 28.647905053048028], [-88.3132530120252, 28.647905053048028], [-88.3132530120252, 28.692860996223715], [-88.3582089552009, 28.692860996223715], [-88.3582089552009, 28.737816939399405], [-88.49307678472798, 28.82772882575078], [-88.49307678472798, 28.917640712102155], [-88.53803272790367, 28.917640712102155], [-88.53803272790367, 28.962596655277842], [-88.58298867107936, 28.962596655277842], [-88.58298867107936, 29.007552598453533], [-88.62794461425506, 29.007552598453533], [-88.62794461425506, 29.05250854162922], [-88.67290055743075, 29.05250854162922], [-88.67290055743075, 29.097464484804906], [-88.71785650060644, 29.097464484804906], [-88.71785650060644, 29.142420427980596], [-88.76281244378214, 29.142420427980596], [-88.76281244378214, 29.187376371156283], [-88.80776838695783, 29.187376371156283], [-88.80776838695783, 29.23233231433197], [-88.85272433013353, 29.23233231433197], [-88.85272433013353, 29.27728825750766], [-88.98759215966061, 29.367200143859034], [-88.98759215966061, 29.45711203021041], [-89.0325481028363, 29.45711203021041], [-89.0325481028363, 29.502067973386097], [-89.077504046012, 29.502067973386097], [-89.077504046012, 29.547023916561784], [-89.12245998918769, 29.547023916561784], [-89.12245998918769, 29.591979859737474], [-89.16741593236338, 29.591979859737474], [-89.16741593236338, 29.63693580291316], [-89.21237187553908, 29.63693580291316], [-89.21237187553908, 29.681891746088848], [-89.25732781871477, 29.681891746088848], [-89.25732781871477, 29.726847689264538], [-89.30228376189046, 29.726847689264538], [-89.30228376189046, 29.771803632440225], [-89.34723970506616, 29.771803632440225], [-89.34723970506616, 29.81675957561591], [-89.39219564824185, 29.81675957561591], [-89.48210753459324, 29.951627405142975], [-89.57201942094463, 29.951627405142975], [-89.57201942094463, 29.996583348318666], [-89.61697536412032, 29.996583348318666], [-89.61697536412032, 30.041539291494352], [-89.66193130729602, 30.041539291494352], [-89.66193130729602, 30.08649523467004], [-89.70688725047171, 30.08649523467004], [-89.70688725047171, 30.131451177845726], [-89.7518431936474, 30.131451177845726], [-89.7518431936474, 30.176407121021416], [-89.7967991368231, 30.176407121021416], [-89.7967991368231, 30.221363064197103], [-89.84175507999879, 30.221363064197103], [-89.84175507999879, 30.26631900737279], [-89.88671102317448, 30.26631900737279], [-89.97662290952587, 30.401186836899853], [-90.06653479587726, 30.401186836899853], [-90.06653479587726, 30.446142780075544], [-90.11149073905295, 30.446142780075544], [-90.20140262540434, 30.581010609602608], [-90.29131451175573, 30.581010609602608], [-90.33627045493142, 30.67092249595398], [-90.42618234128281, 30.67092249595398], [-90.42618234128281, 30.71587843912967], [-90.5160942276342, 30.71587843912967], [-90.5160942276342, 30.760834382305358], [-90.69591800033697, 30.760834382305358], [-90.69591800033697, 30.805790325481045], [-90.87574177303975, 30.805790325481045], [-90.87574177303975, 30.850746268656735], [-91.01060960256683, 30.850746268656735], [-91.01060960256683, 30.805790325481045], [-91.05556554574252, 30.805790325481045], [-91.05556554574252, 30.760834382305358], [-91.10052148891822, 30.760834382305358], [-91.10052148891822, 30.71587843912967], [-91.14547743209391, 30.71587843912967], [-91.14547743209391, 30.67092249595398], [-91.280345261621, 30.581010609602608], [-91.280345261621, 30.49109872325123], [-91.32530120479669, 30.49109872325123], [-91.32530120479669, 30.31127495054848], [-91.37025714797238, 30.31127495054848], [-91.37025714797238, 29.861715518791602]]]]}}, {"type": "Feature", "properties": {"shapefile": "2021082900_wsp64knt120hr_5km", "PERCENTAGE": "40-50%"}, "geometry": {"type": "MultiPolygon", "coordinates": [[[[-91.37025714797238, 29.861715518791602], [-91.37025714797238, 30.31127495054848], [-91.32530120479669, 30.31127495054848], [-91.32530120479669, 30.49109872325123], [-91.280345261621, 30.49109872325123], [-91.280345261621, 30.581010609602608], [-91.2353893184453, 30.581010609602608], [-91.2353893184453, 30.625966552778294], [-91.1904333752696, 30.625966552778294], [-91.1904333752696, 30.67092249595398], [-91.14547743209391, 30.67092249595398], [-91.14547743209391, 30.71587843912967], [-91.10052148891822, 30.71587843912967], [-91.01060960256683, 30.850746268656735], [-90.87574177303975, 30.850746268656735], [-90.87574177303975, 30.805790325481045], [-90.69591800033697, 30.805790325481045], [-90.69591800033697, 30.760834382305358], [-90.5160942276342, 30.760834382305358], [-90.5160942276342, 30.71587843912967], [-90.33627045493142, 30.67092249595398], [-90.29131451175573, 30.581010609602608], [-90.20140262540434, 30.581010609602608], [-90.20140262540434, 30.536054666426917], [-90.15644668222865, 30.536054666426917], [-90.06653479587726, 30.401186836899853], [-89.97662290952587, 30.401186836899853], [-89.97662290952587, 30.356230893724167], [-89.93166696635018, 30.356230893724167], [-89.93166696635018, 30.31127495054848], [-89.88671102317448, 30.31127495054848], [-89.88671102317448, 30.26631900737279], [-89.84175507999879, 30.26631900737279], [-89.84175507999879, 30.221363064197103], [-89.7967991368231, 30.221363064197103], [-89.7967991368231, 30.176407121021416], [-89.7518431936474, 30.176407121021416], [-89.7518431936474, 30.131451177845726], [-89.70688725047171, 30.131451177845726], [-89.70688725047171, 30.08649523467004], [-89.57201942094463, 29.996583348318666], [-89.57201942094463, 29.951627405142975], [-89.48210753459324, 29.951627405142975], [-89.48210753459324, 29.90667146196729], [-89.43715159141755, 29.90667146196729], [-89.43715159141755, 29.861715518791602], [-89.39219564824185, 29.861715518791602], [-89.39219564824185, 29.81675957561591], [-89.34723970506616, 29.81675957561591], [-89.34723970506616, 29.771803632440225], [-89.30228376189046, 29.771803632440225], [-89.30228376189046, 29.726847689264538], [-89.25732781871477, 29.726847689264538], [-89.25732781871477, 29.681891746088848], [-89.21237187553908, 29.681891746088848], [-89.21237187553908, 29.63693580291316], [-89.16741593236338, 29.63693580291316], [-89.16741593236338, 29.591979859737474], [-89.12245998918769, 29.591979859737474], [-89.12245998918769, 29.547023916561784], [-88.98759215966061, 29.45711203021041], [-88.98759215966061, 29.367200143859034], [-88.94263621648491, 29.367200143859034], [-88.94263621648491, 29.322244200683347], [-88.89768027330922, 29.322244200683347], [-88.89768027330922, 29.27728825750766], [-88.85272433013353, 29.27728825750766], [-88.85272433013353, 29.23233231433197], [-88.80776838695783, 29.23233231433197], [-88.80776838695783, 29.187376371156283], [-88.76281244378214, 29.187376371156283], [-88.76281244378214, 29.142420427980596], [-88.71785650060644, 29.142420427980596], [-88.71785650060644, 29.097464484804906], [-88.67290055743075, 29.097464484804906], [-88.67290055743075, 29.05250854162922], [-88.62794461425506, 29.05250854162922], [-88.62794461425506, 29.007552598453533], [-88.49307678472798, 28.917640712102155], [-88.49307678472798, 28.82772882575078], [-88.44812084155228, 28.82772882575078], [-88.44812084155228, 28.78277288257509], [-88.40316489837659, 28.78277288257509], [-88.40316489837659, 28.737816939399405], [-88.3582089552009, 28.737816939399405], [-88.3582089552009, 28.692860996223715], [-88.3132530120252, 28.692860996223715], [-88.3132530120252, 28.647905053048028], [-88.2682970688495, 28.647905053048028], [-88.2682970688495, 28.60294910987234], [-88.22334112567381, 28.60294910987234], [-88.22334112567381, 28.557993166696654], [-88.17838518249812, 28.557993166696654], [-88.17838518249812, 28.513037223520964], [-88.13342923932242, 28.513037223520964], [-88.13342923932242, 28.468081280345277], [-88.08847329614673, 28.468081280345277], [-88.08847329614673, 28.42312533716959], [-87.95360546661965, 28.333213450818214], [-87.95360546661965, 28.243301564466837], [-87.90864952344396, 28.243301564466837], [-87.90864952344396, 28.19834562129115], [-87.86369358026826, 28.19834562129115], [-87.86369358026826, 28.153389678115463], [-87.81873763709257, 28.153389678115463], [-87.81873763709257, 28.108433734939773], [-87.77378169391687, 28.108433734939773], [-87.77378169391687, 28.063477791764086], [-87.63891386438979, 27.973565905412713], [-87.63891386438979, 27.883654019061336], [-87.5939579212141, 27.883654019061336], [-87.5939579212141, 27.83869807588565], [-87.45909009168702, 27.748786189534272], [-87.45909009168702, 27.658874303182895], [-87.32422226215994, 27.56896241683152], [-87.32422226215994, 27.479050530480144], [-87.23431037580855, 27.434094587304457], [-87.23431037580855, 27.34418270095308], [-87.18935443263285, 27.34418270095308], [-87.18935443263285, 27.254270814601703], [-87.14439848945716, 27.254270814601703], [-87.14439848945716, 27.16435892825033], [-87.09944254628147, 27.16435892825033], [-87.09944254628147, 26.93957921237189], [-87.05448660310577, 26.93957921237189], [-87.05448660310577, 26.75975543966914], [-87.09944254628147, 26.75975543966914], [-87.09944254628147, 26.5349757237907], [-87.14439848945716, 26.5349757237907], [-87.14439848945716, 26.445063837439324], [-87.18935443263285, 26.445063837439324], [-87.18935443263285, 26.400107894263638], [-87.23431037580855, 26.400107894263638], [-87.32422226215994, 26.265240064736574], [-87.41413414851132, 26.265240064736574], [-87.41413414851132, 26.220284121560884], [-87.63891386438979, 26.220284121560884], [-87.63891386438979, 26.265240064736574], [-87.81873763709257, 26.31019600791226], [-87.86369358026826, 26.400107894263638], [-87.95360546661965, 26.400107894263638], [-87.99856140979534, 26.49001978061501], [-88.08847329614673, 26.49001978061501], [-88.13342923932242, 26.579931666966388], [-88.22334112567381, 26.579931666966388], [-88.22334112567381, 26.624887610142075], [-88.2682970688495, 26.624887610142075], [-88.3132530120252, 26.714799496493452], [-88.40316489837659, 26.714799496493452], [-88.49307678472798, 26.849667326020516], [-88.58298867107936, 26.849667326020516], [-88.58298867107936, 26.894623269196202], [-88.62794461425506, 26.894623269196202], [-88.62794461425506, 26.93957921237189], [-88.71785650060644, 26.93957921237189], [-88.76281244378214, 27.029491098723266], [-88.85272433013353, 27.029491098723266], [-88.89768027330922, 27.119402985074643], [-88.98759215966061, 27.119402985074643], [-88.98759215966061, 27.16435892825033], [-89.0325481028363, 27.16435892825033], [-89.0325481028363, 27.209314871426017], [-89.12245998918769, 27.209314871426017], [-89.16741593236338, 27.299226757777394], [-89.25732781871477, 27.299226757777394], [-89.25732781871477, 27.34418270095308], [-89.30228376189046, 27.34418270095308], [-89.34723970506616, 27.434094587304457], [-89.43715159141755, 27.434094587304457], [-89.43715159141755, 27.479050530480144], [-89.48210753459324, 27.479050530480144], [-89.57201942094463, 27.613918360007208], [-89.66193130729602, 27.613918360007208], [-89.66193130729602, 27.658874303182895], [-89.70688725047171, 27.658874303182895], [-89.70688725047171, 27.703830246358585], [-89.7518431936474, 27.703830246358585], [-89.84175507999879, 27.83869807588565], [-89.93166696635018, 27.83869807588565], [-89.93166696635018, 27.883654019061336], [-89.97662290952587, 27.883654019061336], [-89.97662290952587, 27.928609962237022], [-90.02157885270157, 27.928609962237022], [-90.02157885270157, 27.973565905412713], [-90.06653479587726, 27.973565905412713], [-90.06653479587726, 28.0185218485884], [-90.11149073905295, 28.0185218485884], [-90.11149073905295, 28.063477791764086], [-90.15644668222865, 28.063477791764086], [-90.15644668222865, 28.108433734939773], [-90.20140262540434, 28.108433734939773], [-90.20140262540434, 28.153389678115463], [-90.24635856858004, 28.153389678115463], [-90.24635856858004, 28.19834562129115], [-90.29131451175573, 28.19834562129115], [-90.29131451175573, 28.243301564466837], [-90.33627045493142, 28.243301564466837], [-90.33627045493142, 28.288257507642527], [-90.38122639810712, 28.288257507642527], [-90.38122639810712, 28.333213450818214], [-90.5160942276342, 28.42312533716959], [-90.5160942276342, 28.513037223520964], [-90.56105017080989, 28.513037223520964], [-90.56105017080989, 28.557993166696654], [-90.60600611398559, 28.557993166696654], [-90.60600611398559, 28.60294910987234], [-90.74087394351267, 28.692860996223715], [-90.74087394351267, 28.78277288257509], [-90.87574177303975, 28.87268476892647], [-90.87574177303975, 28.962596655277842], [-90.96565365939114, 29.007552598453533], [-91.01060960256683, 29.187376371156283], [-91.10052148891822, 29.23233231433197], [-91.10052148891822, 29.322244200683347], [-91.14547743209391, 29.322244200683347], [-91.14547743209391, 29.412156087034724], [-91.1904333752696, 29.412156087034724], [-91.1904333752696, 29.502067973386097], [-91.2353893184453, 29.502067973386097], [-91.2353893184453, 29.591979859737474], [-91.280345261621, 29.591979859737474], [-91.32530120479669, 29.861715518791602], [-91.37025714797238, 29.861715518791602]], [[-91.2353893184453, 29.90667146196729], [-91.1904333752696, 29.90667146196729], [-91.14547743209391, 29.63693580291316], [-91.10052148891822, 29.63693580291316], [-91.10052148891822, 29.547023916561784], [-91.05556554574252, 29.547023916561784], [-91.05556554574252, 29.45711203021041], [-91.01060960256683, 29.45711203021041], [-90.96565365939114, 29.27728825750766], [-90.87574177303975, 29.23233231433197], [-90.83078582986406, 29.05250854162922], [-90.74087394351267, 29.007552598453533], [-90.74087394351267, 28.917640712102155], [-90.69591800033697, 28.917640712102155], [-90.69591800033697, 28.87268476892647], [-90.60600611398559, 28.82772882575078], [-90.60600611398559, 28.737816939399405], [-90.56105017080989, 28.737816939399405], [-90.56105017080989, 28.692860996223715], [-90.42618234128281, 28.60294910987234], [-90.42618234128281, 28.513037223520964], [-90.38122639810712, 28.513037223520964], [-90.38122639810712, 28.468081280345277], [-90.33627045493142, 28.468081280345277], [-90.33627045493142, 28.42312533716959], [-90.29131451175573, 28.42312533716959], [-90.29131451175573, 28.3781693939939], [-90.24635856858004, 28.3781693939939], [-90.24635856858004, 28.333213450818214], [-90.20140262540434, 28.333213450818214], [-90.20140262540434, 28.288257507642527], [-90.15644668222865, 28.288257507642527], [-90.15644668222865, 28.243301564466837], [-90.11149073905295, 28.243301564466837], [-90.11149073905295, 28.19834562129115], [-90.06653479587726, 28.19834562129115], [-90.06653479587726, 28.153389678115463], [-90.02157885270157, 28.153389678115463], [-90.02157885270157, 28.108433734939773], [-89.97662290952587, 28.108433734939773], [-89.97662290952587, 28.063477791764086], [-89.93166696635018, 28.063477791764086], [-89.93166696635018, 28.0185218485884], [-89.88671102317448, 28.0185218485884], [-89.88671102317448, 27.973565905412713], [-89.84175507999879, 27.973565905412713], [-89.7518431936474, 27.83869807588565], [-89.66193130729602, 27.83869807588565], [-89.66193130729602, 27.79374213270996], [-89.61697536412032, 27.79374213270996], [-89.52706347776893, 27.658874303182895], [-89.43715159141755, 27.658874303182895], [-89.43715159141755, 27.613918360007208], [-89.39219564824185, 27.613918360007208], [-89.30228376189046, 27.479050530480144], [-89.21237187553908, 27.479050530480144], [-89.21237187553908, 27.434094587304457], [-89.16741593236338, 27.434094587304457], [-89.077504046012, 27.299226757777394], [-88.98759215966061, 27.299226757777394], [-88.94263621648491, 27.209314871426017], [-88.85272433013353, 27.209314871426017], [-88.85272433013353, 27.16435892825033], [-88.76281244378214, 27.16435892825033], [-88.71785650060644, 27.074447041898953], [-88.62794461425506, 27.074447041898953], [-88.58298867107936, 26.98453515554758], [-88.49307678472798, 26.98453515554758], [-88.40316489837659, 26.849667326020516], [-88.3132530120252, 26.849667326020516], [-88.22334112567381, 26.714799496493452], [-88.13342923932242, 26.714799496493452], [-88.04351735297104, 26.579931666966388], [-87.95360546661965, 26.579931666966388], [-87.95360546661965, 26.5349757237907], [-87.90864952344396, 26.5349757237907], [-87.86369358026826, 26.445063837439324], [-87.77378169391687, 26.445063837439324], [-87.72882575074118, 26.355151951087947], [-87.63891386438979, 26.355151951087947], [-87.63891386438979, 26.31019600791226], [-87.45909009168702, 26.265240064736574], [-87.45909009168702, 26.31019600791226], [-87.36917820533563, 26.31019600791226], [-87.36917820533563, 26.355151951087947], [-87.23431037580855, 26.445063837439324], [-87.23431037580855, 26.5349757237907], [-87.18935443263285, 26.5349757237907], [-87.18935443263285, 26.66984355331776], [-87.14439848945716, 26.66984355331776], [-87.14439848945716, 26.98453515554758], [-87.18935443263285, 26.98453515554758], [-87.18935443263285, 27.16435892825033], [-87.23431037580855, 27.16435892825033], [-87.23431037580855, 27.254270814601703], [-87.32422226215994, 27.299226757777394], [-87.32422226215994, 27.389138644128767], [-87.45909009168702, 27.479050530480144], [-87.45909009168702, 27.56896241683152], [-87.5939579212141, 27.658874303182895], [-87.5939579212141, 27.748786189534272], [-87.63891386438979, 27.748786189534272], [-87.63891386438979, 27.79374213270996], [-87.68386980756549, 27.79374213270996], [-87.68386980756549, 27.83869807588565], [-87.72882575074118, 27.83869807588565], [-87.72882575074118, 27.883654019061336], [-87.77378169391687, 27.883654019061336], [-87.77378169391687, 27.928609962237022], [-87.81873763709257, 27.928609962237022], [-87.81873763709257, 27.973565905412713], [-87.95360546661965, 28.063477791764086], [-87.95360546661965, 28.153389678115463], [-87.99856140979534, 28.153389678115463], [-87.99856140979534, 28.19834562129115], [-88.04351735297104, 28.19834562129115], [-88.04351735297104, 28.243301564466837], [-88.08847329614673, 28.243301564466837], [-88.08847329614673, 28.288257507642527], [-88.13342923932242, 28.288257507642527], [-88.13342923932242, 28.333213450818214], [-88.17838518249812, 28.333213450818214], [-88.17838518249812, 28.3781693939939], [-88.22334112567381, 28.3781693939939], [-88.22334112567381, 28.42312533716959], [-88.2682970688495, 28.42312533716959], [-88.2682970688495, 28.468081280345277], [-88.3132530120252, 28.468081280345277], [-88.3132530120252, 28.513037223520964], [-88.3582089552009, 28.513037223520964], [-88.3582089552009, 28.557993166696654], [-88.40316489837659, 28.557993166696654], [-88.40316489837659, 28.60294910987234], [-88.44812084155228, 28.60294910987234], [-88.44812084155228, 28.647905053048028], [-88.58298867107936, 28.737816939399405], [-88.58298867107936, 28.82772882575078], [-88.62794461425506, 28.82772882575078], [-88.62794461425506, 28.87268476892647], [-88.67290055743075, 28.87268476892647], [-88.67290055743075, 28.917640712102155], [-88.71785650060644, 28.917640712102155], [-88.71785650060644, 28.962596655277842], [-88.76281244378214, 28.962596655277842], [-88.76281244378214, 29.007552598453533], [-88.80776838695783, 29.007552598453533], [-88.80776838695783, 29.05250854162922], [-88.85272433013353, 29.05250854162922], [-88.85272433013353, 29.097464484804906], [-88.89768027330922, 29.097464484804906], [-88.89768027330922, 29.142420427980596], [-88.94263621648491, 29.142420427980596], [-88.94263621648491, 29.187376371156283], [-88.98759215966061, 29.187376371156283], [-88.98759215966061, 29.23233231433197], [-89.0325481028363, 29.23233231433197], [-89.0325481028363, 29.27728825750766], [-89.077504046012, 29.27728825750766], [-89.077504046012, 29.322244200683347], [-89.12245998918769, 29.322244200683347], [-89.12245998918769, 29.367200143859034], [-89.16741593236338, 29.367200143859034], [-89.16741593236338, 29.412156087034724], [-89.21237187553908, 29.412156087034724], [-89.21237187553908, 29.45711203021041], [-89.25732781871477, 29.45711203021041], [-89.25732781871477, 29.502067973386097], [-89.30228376189046, 29.502067973386097], [-89.30228376189046, 29.547023916561784], [-89.34723970506616, 29.547023916561784], [-89.34723970506616, 29.591979859737474], [-89.39219564824185, 29.591979859737474], [-89.39219564824185, 29.63693580291316], [-89.43715159141755, 29.63693580291316], [-89.43715159141755, 29.681891746088848], [-89.48210753459324, 29.681891746088848], [-89.48210753459324, 29.726847689264538], [-89.52706347776893, 29.726847689264538], [-89.52706347776893, 29.771803632440225], [-89.57201942094463, 29.771803632440225], [-89.57201942094463, 29.81675957561591], [-89.61697536412032, 29.81675957561591], [-89.61697536412032, 29.861715518791602], [-89.66193130729602, 29.861715518791602], [-89.66193130729602, 29.90667146196729], [-89.70688725047171, 29.90667146196729], [-89.70688725047171, 29.951627405142975], [-89.7518431936474, 29.951627405142975], [-89.84175507999879, 30.08649523467004], [-89.93166696635018, 30.08649523467004], [-89.93166696635018, 30.131451177845726], [-89.97662290952587, 30.131451177845726], [-89.97662290952587, 30.176407121021416], [-90.02157885270157, 30.176407121021416], [-90.11149073905295, 30.31127495054848], [-90.20140262540434, 30.31127495054848], [-90.20140262540434, 30.356230893724167], [-90.24635856858004, 30.356230893724167], [-90.29131451175573, 30.446142780075544], [-90.38122639810712, 30.446142780075544], [-90.42618234128281, 30.536054666426917], [-90.56105017080989, 30.536054666426917], [-90.56105017080989, 30.581010609602608], [-90.78582988668836, 30.581010609602608], [-90.78582988668836, 30.625966552778294], [-91.01060960256683, 30.625966552778294], [-91.01060960256683, 30.581010609602608], [-91.10052148891822, 30.536054666426917], [-91.14547743209391, 30.356230893724167], [-91.1904333752696, 30.356230893724167], [-91.1904333752696, 30.176407121021416], [-91.2353893184453, 30.176407121021416], [-91.2353893184453, 29.90667146196729]]]]}}, {"type": "Feature", "properties": {"shapefile": "2021082900_wsp64knt120hr_5km", "PERCENTAGE": "50-60%"}, "geometry": {"type": "MultiPolygon", "coordinates": [[[[-87.45909009168702, 26.31019600791226], [-87.41413414851132, 26.400107894263638], [-87.32422226215994, 26.400107894263638], [-87.36917820533563, 26.31019600791226], [-87.45909009168702, 26.31019600791226]]], [[[-91.2353893184453, 29.90667146196729], [-91.2353893184453, 30.176407121021416], [-91.1904333752696, 30.176407121021416], [-91.1904333752696, 30.356230893724167], [-91.14547743209391, 30.356230893724167], [-91.14547743209391, 30.446142780075544], [-91.10052148891822, 30.446142780075544], [-91.10052148891822, 30.536054666426917], [-91.05556554574252, 30.536054666426917], [-91.01060960256683, 30.625966552778294], [-90.78582988668836, 30.625966552778294], [-90.78582988668836, 30.581010609602608], [-90.56105017080989, 30.581010609602608], [-90.56105017080989, 30.536054666426917], [-90.42618234128281, 30.536054666426917], [-90.42618234128281, 30.49109872325123], [-90.38122639810712, 30.49109872325123], [-90.38122639810712, 30.446142780075544], [-90.29131451175573, 30.446142780075544], [-90.20140262540434, 30.31127495054848], [-90.11149073905295, 30.31127495054848], [-90.11149073905295, 30.26631900737279], [-90.06653479587726, 30.26631900737279], [-90.06653479587726, 30.221363064197103], [-90.02157885270157, 30.221363064197103], [-89.93166696635018, 30.08649523467004], [-89.84175507999879, 30.08649523467004], [-89.84175507999879, 30.041539291494352], [-89.7967991368231, 30.041539291494352], [-89.7967991368231, 29.996583348318666], [-89.7518431936474, 29.996583348318666], [-89.7518431936474, 29.951627405142975], [-89.70688725047171, 29.951627405142975], [-89.70688725047171, 29.90667146196729], [-89.66193130729602, 29.90667146196729], [-89.66193130729602, 29.861715518791602], [-89.61697536412032, 29.861715518791602], [-89.61697536412032, 29.81675957561591], [-89.57201942094463, 29.81675957561591], [-89.57201942094463, 29.771803632440225], [-89.52706347776893, 29.771803632440225], [-89.52706347776893, 29.726847689264538], [-89.48210753459324, 29.726847689264538], [-89.48210753459324, 29.681891746088848], [-89.43715159141755, 29.681891746088848], [-89.43715159141755, 29.63693580291316], [-89.39219564824185, 29.63693580291316], [-89.39219564824185, 29.591979859737474], [-89.34723970506616, 29.591979859737474], [-89.34723970506616, 29.547023916561784], [-89.30228376189046, 29.547023916561784], [-89.30228376189046, 29.502067973386097], [-89.25732781871477, 29.502067973386097], [-89.25732781871477, 29.45711203021041], [-89.21237187553908, 29.45711203021041], [-89.21237187553908, 29.412156087034724], [-89.16741593236338, 29.412156087034724], [-89.16741593236338, 29.367200143859034], [-89.12245998918769, 29.367200143859034], [-89.12245998918769, 29.322244200683347], [-89.077504046012, 29.322244200683347], [-89.077504046012, 29.27728825750766], [-89.0325481028363, 29.27728825750766], [-89.0325481028363, 29.23233231433197], [-88.98759215966061, 29.23233231433197], [-88.98759215966061, 29.187376371156283], [-88.94263621648491, 29.187376371156283], [-88.94263621648491, 29.142420427980596], [-88.89768027330922, 29.142420427980596], [-88.89768027330922, 29.097464484804906], [-88.85272433013353, 29.097464484804906], [-88.85272433013353, 29.05250854162922], [-88.80776838695783, 29.05250854162922], [-88.80776838695783, 29.007552598453533], [-88.76281244378214, 29.007552598453533], [-88.76281244378214, 28.962596655277842], [-88.71785650060644, 28.962596655277842], [-88.71785650060644, 28.917640712102155], [-88.58298867107936, 28.82772882575078], [-88.58298867107936, 28.737816939399405], [-88.53803272790367, 28.737816939399405], [-88.53803272790367, 28.692860996223715], [-88.49307678472798, 28.692860996223715], [-88.49307678472798, 28.647905053048028], [-88.44812084155228, 28.647905053048028], [-88.44812084155228, 28.60294910987234], [-88.40316489837659, 28.60294910987234], [-88.40316489837659, 28.557993166696654], [-88.3582089552009, 28.557993166696654], [-88.3582089552009, 28.513037223520964], [-88.3132530120252, 28.513037223520964], [-88.3132530120252, 28.468081280345277], [-88.2682970688495, 28.468081280345277], [-88.2682970688495, 28.42312533716959], [-88.22334112567381, 28.42312533716959], [-88.22334112567381, 28.3781693939939], [-88.17838518249812, 28.3781693939939], [-88.17838518249812, 28.333213450818214], [-88.13342923932242, 28.333213450818214], [-88.13342923932242, 28.288257507642527], [-88.08847329614673, 28.288257507642527], [-88.08847329614673, 28.243301564466837], [-87.95360546661965, 28.153389678115463], [-87.95360546661965, 28.063477791764086], [-87.90864952344396, 28.063477791764086], [-87.90864952344396, 28.0185218485884], [-87.86369358026826, 28.0185218485884], [-87.86369358026826, 27.973565905412713], [-87.81873763709257, 27.973565905412713], [-87.81873763709257, 27.928609962237022], [-87.77378169391687, 27.928609962237022], [-87.77378169391687, 27.883654019061336], [-87.72882575074118, 27.883654019061336], [-87.72882575074118, 27.83869807588565], [-87.5939579212141, 27.748786189534272], [-87.5939579212141, 27.658874303182895], [-87.5490019780384, 27.658874303182895], [-87.5490019780384, 27.613918360007208], [-87.45909009168702, 27.56896241683152], [-87.45909009168702, 27.479050530480144], [-87.32422226215994, 27.389138644128767], [-87.32422226215994, 27.299226757777394], [-87.27926631898424, 27.299226757777394], [-87.27926631898424, 27.254270814601703], [-87.23431037580855, 27.254270814601703], [-87.23431037580855, 27.16435892825033], [-87.18935443263285, 27.16435892825033], [-87.18935443263285, 26.98453515554758], [-87.14439848945716, 26.98453515554758], [-87.14439848945716, 26.66984355331776], [-87.18935443263285, 26.66984355331776], [-87.18935443263285, 26.5349757237907], [-87.23431037580855, 26.5349757237907], [-87.23431037580855, 26.445063837439324], [-87.32422226215994, 26.400107894263638], [-87.32422226215994, 26.49001978061501], [-87.27926631898424, 26.49001978061501], [-87.27926631898424, 26.579931666966388], [-87.23431037580855, 26.579931666966388], [-87.23431037580855, 27.029491098723266], [-87.27926631898424, 27.029491098723266], [-87.27926631898424, 27.16435892825033], [-87.32422226215994, 27.16435892825033], [-87.32422226215994, 27.254270814601703], [-87.36917820533563, 27.254270814601703], [-87.36917820533563, 27.299226757777394], [-87.41413414851132, 27.299226757777394], [-87.41413414851132, 27.34418270095308], [-87.5490019780384, 27.434094587304457], [-87.5490019780384, 27.52400647365583], [-87.68386980756549, 27.613918360007208], [-87.68386980756549, 27.703830246358585], [-87.72882575074118, 27.703830246358585], [-87.72882575074118, 27.748786189534272], [-87.77378169391687, 27.748786189534272], [-87.77378169391687, 27.79374213270996], [-87.81873763709257, 27.79374213270996], [-87.81873763709257, 27.83869807588565], [-87.86369358026826, 27.83869807588565], [-87.86369358026826, 27.883654019061336], [-87.90864952344396, 27.883654019061336], [-87.90864952344396, 27.928609962237022], [-87.95360546661965, 27.928609962237022], [-87.95360546661965, 27.973565905412713], [-87.99856140979534, 27.973565905412713], [-87.99856140979534, 28.0185218485884], [-88.04351735297104, 28.0185218485884], [-88.04351735297104, 28.063477791764086], [-88.08847329614673, 28.063477791764086], [-88.08847329614673, 28.108433734939773], [-88.22334112567381, 28.19834562129115], [-88.22334112567381, 28.288257507642527], [-88.2682970688495, 28.288257507642527], [-88.3582089552009, 28.42312533716959], [-88.44812084155228, 28.42312533716959], [-88.44812084155228, 28.468081280345277], [-88.53803272790367, 28.513037223520964], [-88.53803272790367, 28.60294910987234], [-88.58298867107936, 28.60294910987234], [-88.58298867107936, 28.647905053048028], [-88.62794461425506, 28.647905053048028], [-88.62794461425506, 28.692860996223715], [-88.67290055743075, 28.692860996223715], [-88.67290055743075, 28.737816939399405], [-88.71785650060644, 28.737816939399405], [-88.71785650060644, 28.78277288257509], [-88.76281244378214, 28.78277288257509], [-88.76281244378214, 28.82772882575078], [-88.80776838695783, 28.82772882575078], [-88.80776838695783, 28.87268476892647], [-88.85272433013353, 28.87268476892647], [-88.85272433013353, 28.917640712102155], [-88.89768027330922, 28.917640712102155], [-88.89768027330922, 28.962596655277842], [-88.94263621648491, 28.962596655277842], [-88.94263621648491, 29.007552598453533], [-88.98759215966061, 29.007552598453533], [-88.98759215966061, 29.05250854162922], [-89.0325481028363, 29.05250854162922], [-89.0325481028363, 29.097464484804906], [-89.077504046012, 29.097464484804906], [-89.077504046012, 29.142420427980596], [-89.21237187553908, 29.23233231433197], [-89.21237187553908, 29.322244200683347], [-89.25732781871477, 29.322244200683347], [-89.30228376189046, 29.412156087034724], [-89.39219564824185, 29.412156087034724], [-89.39219564824185, 29.45711203021041], [-89.43715159141755, 29.45711203021041], [-89.43715159141755, 29.502067973386097], [-89.48210753459324, 29.502067973386097], [-89.48210753459324, 29.547023916561784], [-89.52706347776893, 29.547023916561784], [-89.52706347776893, 29.591979859737474], [-89.66193130729602, 29.681891746088848], [-89.66193130729602, 29.726847689264538], [-89.7518431936474, 29.726847689264538], [-89.7518431936474, 29.771803632440225], [-89.7967991368231, 29.771803632440225], [-89.7967991368231, 29.81675957561591], [-89.84175507999879, 29.81675957561591], [-89.84175507999879, 29.861715518791602], [-89.88671102317448, 29.861715518791602], [-89.88671102317448, 29.90667146196729], [-89.93166696635018, 29.90667146196729], [-89.93166696635018, 29.951627405142975], [-89.97662290952587, 29.951627405142975], [-89.97662290952587, 29.996583348318666], [-90.02157885270157, 29.996583348318666], [-90.11149073905295, 30.131451177845726], [-90.20140262540434, 30.131451177845726], [-90.20140262540434, 30.176407121021416], [-90.24635856858004, 30.176407121021416], [-90.29131451175573, 30.26631900737279], [-90.38122639810712, 30.26631900737279], [-90.42618234128281, 30.356230893724167], [-90.78582988668836, 30.356230893724167], [-90.78582988668836, 30.401186836899853], [-90.96565365939114, 30.401186836899853], [-90.96565365939114, 30.356230893724167], [-91.01060960256683, 30.356230893724167], [-91.01060960256683, 30.26631900737279], [-91.05556554574252, 30.26631900737279], [-91.05556554574252, 30.131451177845726], [-91.10052148891822, 30.131451177845726], [-91.10052148891822, 29.90667146196729], [-91.05556554574252, 29.90667146196729], [-91.05556554574252, 29.81675957561591], [-91.01060960256683, 29.81675957561591], [-91.01060960256683, 29.681891746088848], [-90.96565365939114, 29.681891746088848], [-90.96565365939114, 29.591979859737474], [-90.92069771621544, 29.591979859737474], [-90.92069771621544, 29.502067973386097], [-90.87574177303975, 29.502067973386097], [-90.87574177303975, 29.412156087034724], [-90.83078582986406, 29.412156087034724], [-90.83078582986406, 29.322244200683347], [-90.78582988668836, 29.322244200683347], [-90.78582988668836, 29.23233231433197], [-90.69591800033697, 29.187376371156283], [-90.65096205716128, 29.007552598453533], [-90.56105017080989, 28.962596655277842], [-90.56105017080989, 28.87268476892647], [-90.5160942276342, 28.87268476892647], [-90.5160942276342, 28.82772882575078], [-90.4711382844585, 28.82772882575078], [-90.4711382844585, 28.78277288257509], [-90.33627045493142, 28.692860996223715], [-90.33627045493142, 28.60294910987234], [-90.20140262540434, 28.513037223520964], [-90.20140262540434, 28.42312533716959], [-90.15644668222865, 28.42312533716959], [-90.15644668222865, 28.3781693939939], [-90.11149073905295, 28.3781693939939], [-90.02157885270157, 28.243301564466837], [-89.93166696635018, 28.243301564466837], [-89.93166696635018, 28.19834562129115], [-89.88671102317448, 28.19834562129115], [-89.88671102317448, 28.153389678115463], [-89.84175507999879, 28.153389678115463], [-89.84175507999879, 28.108433734939773], [-89.7967991368231, 28.108433734939773], [-89.7967991368231, 28.063477791764086], [-89.7518431936474, 28.063477791764086], [-89.7518431936474, 28.0185218485884], [-89.70688725047171, 28.0185218485884], [-89.70688725047171, 27.973565905412713], [-89.66193130729602, 27.973565905412713], [-89.66193130729602, 27.928609962237022], [-89.52706347776893, 27.83869807588565], [-89.52706347776893, 27.79374213270996], [-89.43715159141755, 27.79374213270996], [-89.34723970506616, 27.658874303182895], [-89.25732781871477, 27.658874303182895], [-89.25732781871477, 27.613918360007208], [-89.21237187553908, 27.613918360007208], [-89.21237187553908, 27.56896241683152], [-89.16741593236338, 27.56896241683152], [-89.077504046012, 27.434094587304457], [-88.98759215966061, 27.434094587304457], [-88.98759215966061, 27.389138644128767], [-88.94263621648491, 27.389138644128767], [-88.94263621648491, 27.34418270095308], [-88.85272433013353, 27.34418270095308], [-88.80776838695783, 27.254270814601703], [-88.71785650060644, 27.254270814601703], [-88.71785650060644, 27.209314871426017], [-88.62794461425506, 27.209314871426017], [-88.58298867107936, 27.119402985074643], [-88.49307678472798, 27.119402985074643], [-88.49307678472798, 27.074447041898953], [-88.44812084155228, 27.074447041898953], [-88.40316489837659, 26.98453515554758], [-88.3132530120252, 26.98453515554758], [-88.3132530120252, 26.93957921237189], [-88.2682970688495, 26.93957921237189], [-88.2682970688495, 26.894623269196202], [-88.22334112567381, 26.894623269196202], [-88.13342923932242, 26.75975543966914], [-88.04351735297104, 26.75975543966914], [-87.95360546661965, 26.624887610142075], [-87.86369358026826, 26.624887610142075], [-87.86369358026826, 26.579931666966388], [-87.81873763709257, 26.579931666966388], [-87.81873763709257, 26.5349757237907], [-87.77378169391687, 26.5349757237907], [-87.68386980756549, 26.400107894263638], [-87.50404603486271, 26.355151951087947], [-87.45909009168702, 26.265240064736574], [-87.5490019780384, 26.265240064736574], [-87.5490019780384, 26.31019600791226], [-87.72882575074118, 26.355151951087947], [-87.77378169391687, 26.445063837439324], [-87.86369358026826, 26.445063837439324], [-87.95360546661965, 26.579931666966388], [-88.04351735297104, 26.579931666966388], [-88.13342923932242, 26.714799496493452], [-88.22334112567381, 26.714799496493452], [-88.3132530120252, 26.849667326020516], [-88.40316489837659, 26.849667326020516], [-88.49307678472798, 26.98453515554758], [-88.58298867107936, 26.98453515554758], [-88.58298867107936, 27.029491098723266], [-88.62794461425506, 27.029491098723266], [-88.62794461425506, 27.074447041898953], [-88.71785650060644, 27.074447041898953], [-88.76281244378214, 27.16435892825033], [-88.85272433013353, 27.16435892825033], [-88.85272433013353, 27.209314871426017], [-88.94263621648491, 27.209314871426017], [-88.98759215966061, 27.299226757777394], [-89.077504046012, 27.299226757777394], [-89.077504046012, 27.34418270095308], [-89.12245998918769, 27.34418270095308], [-89.21237187553908, 27.479050530480144], [-89.30228376189046, 27.479050530480144], [-89.30228376189046, 27.52400647365583], [-89.34723970506616, 27.52400647365583], [-89.43715159141755, 27.658874303182895], [-89.52706347776893, 27.658874303182895], [-89.52706347776893, 27.703830246358585], [-89.57201942094463, 27.703830246358585], [-89.66193130729602, 27.83869807588565], [-89.7518431936474, 27.83869807588565], [-89.7518431936474, 27.883654019061336], [-89.7967991368231, 27.883654019061336], [-89.7967991368231, 27.928609962237022], [-89.84175507999879, 27.928609962237022], [-89.84175507999879, 27.973565905412713], [-89.88671102317448, 27.973565905412713], [-89.88671102317448, 28.0185218485884], [-89.93166696635018, 28.0185218485884], [-89.93166696635018, 28.063477791764086], [-89.97662290952587, 28.063477791764086], [-89.97662290952587, 28.108433734939773], [-90.02157885270157, 28.108433734939773], [-90.02157885270157, 28.153389678115463], [-90.06653479587726, 28.153389678115463], [-90.06653479587726, 28.19834562129115], [-90.11149073905295, 28.19834562129115], [-90.11149073905295, 28.243301564466837], [-90.15644668222865, 28.243301564466837], [-90.15644668222865, 28.288257507642527], [-90.20140262540434, 28.288257507642527], [-90.20140262540434, 28.333213450818214], [-90.24635856858004, 28.333213450818214], [-90.24635856858004, 28.3781693939939], [-90.29131451175573, 28.3781693939939], [-90.29131451175573, 28.42312533716959], [-90.42618234128281, 28.513037223520964], [-90.42618234128281, 28.60294910987234], [-90.4711382844585, 28.60294910987234], [-90.4711382844585, 28.647905053048028], [-90.60600611398559, 28.737816939399405], [-90.60600611398559, 28.82772882575078], [-90.74087394351267, 28.917640712102155], [-90.74087394351267, 29.007552598453533], [-90.83078582986406, 29.05250854162922], [-90.87574177303975, 29.23233231433197], [-90.96565365939114, 29.27728825750766], [-90.96565365939114, 29.367200143859034], [-91.01060960256683, 29.367200143859034], [-91.01060960256683, 29.45711203021041], [-91.05556554574252, 29.45711203021041], [-91.05556554574252, 29.547023916561784], [-91.10052148891822, 29.547023916561784], [-91.10052148891822, 29.63693580291316], [-91.14547743209391, 29.63693580291316], [-91.1904333752696, 29.90667146196729], [-91.2353893184453, 29.90667146196729]]]]}}, {"type": "Feature", "properties": {"shapefile": "2021082900_wsp64knt120hr_5km", "PERCENTAGE": "60-70%"}, "geometry": {"type": "MultiPolygon", "coordinates": [[[[-87.50404603486271, 26.31019600791226], [-87.50404603486271, 26.355151951087947], [-87.45909009168702, 26.355151951087947], [-87.45909009168702, 26.31019600791226], [-87.50404603486271, 26.31019600791226]]], [[[-87.45909009168702, 26.355151951087947], [-87.45909009168702, 26.400107894263638], [-87.41413414851132, 26.400107894263638], [-87.41413414851132, 26.355151951087947], [-87.45909009168702, 26.355151951087947]]], [[[-87.41413414851132, 26.400107894263638], [-87.41413414851132, 26.445063837439324], [-87.32422226215994, 26.49001978061501], [-87.32422226215994, 26.400107894263638], [-87.41413414851132, 26.400107894263638]]], [[[-91.10052148891822, 29.90667146196729], [-91.10052148891822, 30.131451177845726], [-91.05556554574252, 30.131451177845726], [-91.05556554574252, 30.26631900737279], [-91.01060960256683, 30.26631900737279], [-91.01060960256683, 30.356230893724167], [-90.96565365939114, 30.356230893724167], [-90.96565365939114, 30.401186836899853], [-90.78582988668836, 30.401186836899853], [-90.78582988668836, 30.356230893724167], [-90.42618234128281, 30.356230893724167], [-90.42618234128281, 30.31127495054848], [-90.38122639810712, 30.31127495054848], [-90.38122639810712, 30.26631900737279], [-90.29131451175573, 30.26631900737279], [-90.20140262540434, 30.131451177845726], [-90.11149073905295, 30.131451177845726], [-90.11149073905295, 30.08649523467004], [-90.06653479587726, 30.08649523467004], [-90.06653479587726, 30.041539291494352], [-90.02157885270157, 30.041539291494352], [-90.02157885270157, 29.996583348318666], [-89.97662290952587, 29.996583348318666], [-89.97662290952587, 29.951627405142975], [-89.93166696635018, 29.951627405142975], [-89.93166696635018, 29.90667146196729], [-89.88671102317448, 29.90667146196729], [-89.88671102317448, 29.861715518791602], [-89.84175507999879, 29.861715518791602], [-89.7518431936474, 29.726847689264538], [-89.66193130729602, 29.726847689264538], [-89.66193130729602, 29.681891746088848], [-89.61697536412032, 29.681891746088848], [-89.61697536412032, 29.63693580291316], [-89.57201942094463, 29.63693580291316], [-89.57201942094463, 29.591979859737474], [-89.52706347776893, 29.591979859737474], [-89.52706347776893, 29.547023916561784], [-89.48210753459324, 29.547023916561784], [-89.39219564824185, 29.412156087034724], [-89.30228376189046, 29.412156087034724], [-89.30228376189046, 29.367200143859034], [-89.21237187553908, 29.322244200683347], [-89.21237187553908, 29.23233231433197], [-89.16741593236338, 29.23233231433197], [-89.16741593236338, 29.187376371156283], [-89.12245998918769, 29.187376371156283], [-89.12245998918769, 29.142420427980596], [-89.077504046012, 29.142420427980596], [-89.077504046012, 29.097464484804906], [-89.0325481028363, 29.097464484804906], [-89.0325481028363, 29.05250854162922], [-88.98759215966061, 29.05250854162922], [-88.98759215966061, 29.007552598453533], [-88.94263621648491, 29.007552598453533], [-88.94263621648491, 28.962596655277842], [-88.89768027330922, 28.962596655277842], [-88.89768027330922, 28.917640712102155], [-88.85272433013353, 28.917640712102155], [-88.85272433013353, 28.87268476892647], [-88.80776838695783, 28.87268476892647], [-88.80776838695783, 28.82772882575078], [-88.76281244378214, 28.82772882575078], [-88.76281244378214, 28.78277288257509], [-88.71785650060644, 28.78277288257509], [-88.71785650060644, 28.737816939399405], [-88.67290055743075, 28.737816939399405], [-88.67290055743075, 28.692860996223715], [-88.53803272790367, 28.60294910987234], [-88.53803272790367, 28.513037223520964], [-88.49307678472798, 28.513037223520964], [-88.44812084155228, 28.42312533716959], [-88.3582089552009, 28.42312533716959], [-88.3582089552009, 28.3781693939939], [-88.22334112567381, 28.288257507642527], [-88.22334112567381, 28.19834562129115], [-88.17838518249812, 28.19834562129115], [-88.17838518249812, 28.153389678115463], [-88.13342923932242, 28.153389678115463], [-88.13342923932242, 28.108433734939773], [-88.08847329614673, 28.108433734939773], [-88.08847329614673, 28.063477791764086], [-88.04351735297104, 28.063477791764086], [-88.04351735297104, 28.0185218485884], [-87.99856140979534, 28.0185218485884], [-87.99856140979534, 27.973565905412713], [-87.95360546661965, 27.973565905412713], [-87.95360546661965, 27.928609962237022], [-87.90864952344396, 27.928609962237022], [-87.90864952344396, 27.883654019061336], [-87.86369358026826, 27.883654019061336], [-87.86369358026826, 27.83869807588565], [-87.81873763709257, 27.83869807588565], [-87.81873763709257, 27.79374213270996], [-87.68386980756549, 27.703830246358585], [-87.68386980756549, 27.613918360007208], [-87.5490019780384, 27.52400647365583], [-87.5490019780384, 27.434094587304457], [-87.50404603486271, 27.434094587304457], [-87.50404603486271, 27.389138644128767], [-87.45909009168702, 27.389138644128767], [-87.45909009168702, 27.34418270095308], [-87.32422226215994, 27.254270814601703], [-87.32422226215994, 27.16435892825033], [-87.27926631898424, 27.16435892825033], [-87.27926631898424, 27.029491098723266], [-87.23431037580855, 27.029491098723266], [-87.23431037580855, 26.579931666966388], [-87.27926631898424, 26.579931666966388], [-87.27926631898424, 26.49001978061501], [-87.32422226215994, 26.49001978061501], [-87.27926631898424, 26.894623269196202], [-87.32422226215994, 26.894623269196202], [-87.32422226215994, 27.074447041898953], [-87.36917820533563, 27.074447041898953], [-87.36917820533563, 27.16435892825033], [-87.41413414851132, 27.16435892825033], [-87.41413414851132, 27.209314871426017], [-87.45909009168702, 27.209314871426017], [-87.45909009168702, 27.254270814601703], [-87.50404603486271, 27.254270814601703], [-87.50404603486271, 27.299226757777394], [-87.63891386438979, 27.389138644128767], [-87.63891386438979, 27.479050530480144], [-87.77378169391687, 27.56896241683152], [-87.77378169391687, 27.658874303182895], [-87.81873763709257, 27.658874303182895], [-87.81873763709257, 27.703830246358585], [-87.86369358026826, 27.703830246358585], [-87.86369358026826, 27.748786189534272], [-87.90864952344396, 27.748786189534272], [-87.90864952344396, 27.79374213270996], [-87.95360546661965, 27.79374213270996], [-87.95360546661965, 27.83869807588565], [-87.99856140979534, 27.83869807588565], [-87.99856140979534, 27.883654019061336], [-88.04351735297104, 27.883654019061336], [-88.04351735297104, 27.928609962237022], [-88.08847329614673, 27.928609962237022], [-88.08847329614673, 27.973565905412713], [-88.13342923932242, 27.973565905412713], [-88.13342923932242, 28.0185218485884], [-88.17838518249812, 28.0185218485884], [-88.17838518249812, 28.063477791764086], [-88.22334112567381, 28.063477791764086], [-88.22334112567381, 28.108433734939773], [-88.2682970688495, 28.108433734939773], [-88.2682970688495, 28.153389678115463], [-88.3132530120252, 28.153389678115463], [-88.3132530120252, 28.19834562129115], [-88.3582089552009, 28.19834562129115], [-88.3582089552009, 28.243301564466837], [-88.40316489837659, 28.243301564466837], [-88.40316489837659, 28.288257507642527], [-88.44812084155228, 28.288257507642527], [-88.44812084155228, 28.333213450818214], [-88.49307678472798, 28.333213450818214], [-88.49307678472798, 28.3781693939939], [-88.53803272790367, 28.3781693939939], [-88.53803272790367, 28.42312533716959], [-88.58298867107936, 28.42312533716959], [-88.58298867107936, 28.468081280345277], [-88.62794461425506, 28.468081280345277], [-88.62794461425506, 28.513037223520964], [-88.67290055743075, 28.513037223520964], [-88.67290055743075, 28.557993166696654], [-88.71785650060644, 28.557993166696654], [-88.71785650060644, 28.60294910987234], [-88.76281244378214, 28.60294910987234], [-88.76281244378214, 28.647905053048028], [-88.80776838695783, 28.647905053048028], [-88.80776838695783, 28.692860996223715], [-88.85272433013353, 28.692860996223715], [-88.85272433013353, 28.737816939399405], [-88.89768027330922, 28.737816939399405], [-88.89768027330922, 28.78277288257509], [-88.94263621648491, 28.78277288257509], [-88.94263621648491, 28.82772882575078], [-88.98759215966061, 28.82772882575078], [-88.98759215966061, 28.87268476892647], [-89.0325481028363, 28.87268476892647], [-89.0325481028363, 28.917640712102155], [-89.077504046012, 28.917640712102155], [-89.16741593236338, 29.05250854162922], [-89.21237187553908, 29.05250854162922], [-89.21237187553908, 29.142420427980596], [-89.25732781871477, 29.142420427980596], [-89.25732781871477, 29.187376371156283], [-89.30228376189046, 29.187376371156283], [-89.30228376189046, 29.23233231433197], [-89.34723970506616, 29.23233231433197], [-89.34723970506616, 29.27728825750766], [-89.39219564824185, 29.27728825750766], [-89.48210753459324, 29.412156087034724], [-89.57201942094463, 29.412156087034724], [-89.61697536412032, 29.502067973386097], [-89.70688725047171, 29.502067973386097], [-89.70688725047171, 29.547023916561784], [-89.7518431936474, 29.547023916561784], [-89.7518431936474, 29.591979859737474], [-89.7967991368231, 29.591979859737474], [-89.7967991368231, 29.63693580291316], [-89.84175507999879, 29.63693580291316], [-89.84175507999879, 29.681891746088848], [-89.88671102317448, 29.681891746088848], [-89.97662290952587, 29.81675957561591], [-90.06653479587726, 29.81675957561591], [-90.06653479587726, 29.861715518791602], [-90.11149073905295, 29.861715518791602], [-90.11149073905295, 29.90667146196729], [-90.15644668222865, 29.90667146196729], [-90.15644668222865, 29.951627405142975], [-90.20140262540434, 29.951627405142975], [-90.20140262540434, 29.996583348318666], [-90.24635856858004, 29.996583348318666], [-90.33627045493142, 30.131451177845726], [-90.42618234128281, 30.131451177845726], [-90.4711382844585, 30.221363064197103], [-90.5160942276342, 30.221363064197103], [-90.5160942276342, 30.176407121021416], [-90.69591800033697, 30.176407121021416], [-90.69591800033697, 30.131451177845726], [-90.83078582986406, 30.131451177845726], [-90.83078582986406, 30.08649523467004], [-90.92069771621544, 30.08649523467004], [-90.92069771621544, 30.041539291494352], [-90.96565365939114, 30.041539291494352], [-90.96565365939114, 29.996583348318666], [-90.87574177303975, 29.951627405142975], [-90.87574177303975, 29.861715518791602], [-90.83078582986406, 29.861715518791602], [-90.83078582986406, 29.726847689264538], [-90.78582988668836, 29.726847689264538], [-90.78582988668836, 29.502067973386097], [-90.69591800033697, 29.45711203021041], [-90.69591800033697, 29.367200143859034], [-90.65096205716128, 29.367200143859034], [-90.65096205716128, 29.27728825750766], [-90.60600611398559, 29.27728825750766], [-90.60600611398559, 29.187376371156283], [-90.56105017080989, 29.187376371156283], [-90.56105017080989, 29.05250854162922], [-90.5160942276342, 29.05250854162922], [-90.5160942276342, 29.007552598453533], [-90.4711382844585, 29.007552598453533], [-90.4711382844585, 28.962596655277842], [-90.42618234128281, 28.962596655277842], [-90.42618234128281, 28.917640712102155], [-90.29131451175573, 28.82772882575078], [-90.29131451175573, 28.737816939399405], [-90.20140262540434, 28.692860996223715], [-90.20140262540434, 28.60294910987234], [-90.11149073905295, 28.557993166696654], [-90.11149073905295, 28.468081280345277], [-90.06653479587726, 28.468081280345277], [-90.02157885270157, 28.3781693939939], [-89.93166696635018, 28.3781693939939], [-89.93166696635018, 28.333213450818214], [-89.88671102317448, 28.333213450818214], [-89.88671102317448, 28.288257507642527], [-89.84175507999879, 28.288257507642527], [-89.84175507999879, 28.243301564466837], [-89.7967991368231, 28.243301564466837], [-89.7967991368231, 28.19834562129115], [-89.7518431936474, 28.19834562129115], [-89.7518431936474, 28.153389678115463], [-89.70688725047171, 28.153389678115463], [-89.70688725047171, 28.108433734939773], [-89.66193130729602, 28.108433734939773], [-89.66193130729602, 28.063477791764086], [-89.61697536412032, 28.063477791764086], [-89.61697536412032, 28.0185218485884], [-89.57201942094463, 28.0185218485884], [-89.48210753459324, 27.883654019061336], [-89.39219564824185, 27.883654019061336], [-89.34723970506616, 27.79374213270996], [-89.25732781871477, 27.79374213270996], [-89.25732781871477, 27.748786189534272], [-89.21237187553908, 27.748786189534272], [-89.21237187553908, 27.703830246358585], [-89.16741593236338, 27.703830246358585], [-89.16741593236338, 27.658874303182895], [-89.12245998918769, 27.658874303182895], [-89.12245998918769, 27.613918360007208], [-89.077504046012, 27.613918360007208], [-88.98759215966061, 27.479050530480144], [-88.89768027330922, 27.479050530480144], [-88.85272433013353, 27.389138644128767], [-88.76281244378214, 27.389138644128767], [-88.76281244378214, 27.34418270095308], [-88.58298867107936, 27.299226757777394], [-88.53803272790367, 27.209314871426017], [-88.44812084155228, 27.209314871426017], [-88.40316489837659, 27.119402985074643], [-88.3132530120252, 27.119402985074643], [-88.3132530120252, 27.074447041898953], [-88.2682970688495, 27.074447041898953], [-88.2682970688495, 27.029491098723266], [-88.22334112567381, 27.029491098723266], [-88.22334112567381, 26.98453515554758], [-88.17838518249812, 26.98453515554758], [-88.17838518249812, 26.93957921237189], [-88.13342923932242, 26.93957921237189], [-88.04351735297104, 26.804711382844825], [-87.95360546661965, 26.804711382844825], [-87.90864952344396, 26.714799496493452], [-87.81873763709257, 26.714799496493452], [-87.81873763709257, 26.66984355331776], [-87.77378169391687, 26.66984355331776], [-87.77378169391687, 26.624887610142075], [-87.72882575074118, 26.624887610142075], [-87.72882575074118, 26.579931666966388], [-87.68386980756549, 26.579931666966388], [-87.68386980756549, 26.5349757237907], [-87.63891386438979, 26.5349757237907], [-87.63891386438979, 26.49001978061501], [-87.50404603486271, 26.400107894263638], [-87.50404603486271, 26.355151951087947], [-87.68386980756549, 26.400107894263638], [-87.68386980756549, 26.445063837439324], [-87.72882575074118, 26.445063837439324], [-87.72882575074118, 26.49001978061501], [-87.77378169391687, 26.49001978061501], [-87.86369358026826, 26.624887610142075], [-87.95360546661965, 26.624887610142075], [-88.04351735297104, 26.75975543966914], [-88.13342923932242, 26.75975543966914], [-88.13342923932242, 26.804711382844825], [-88.17838518249812, 26.804711382844825], [-88.17838518249812, 26.849667326020516], [-88.22334112567381, 26.849667326020516], [-88.3132530120252, 26.98453515554758], [-88.40316489837659, 26.98453515554758], [-88.49307678472798, 27.119402985074643], [-88.58298867107936, 27.119402985074643], [-88.62794461425506, 27.209314871426017], [-88.80776838695783, 27.254270814601703], [-88.85272433013353, 27.34418270095308], [-88.94263621648491, 27.34418270095308], [-88.98759215966061, 27.434094587304457], [-89.077504046012, 27.434094587304457], [-89.077504046012, 27.479050530480144], [-89.12245998918769, 27.479050530480144], [-89.12245998918769, 27.52400647365583], [-89.16741593236338, 27.52400647365583], [-89.25732781871477, 27.658874303182895], [-89.34723970506616, 27.658874303182895], [-89.43715159141755, 27.79374213270996], [-89.52706347776893, 27.79374213270996], [-89.52706347776893, 27.83869807588565], [-89.57201942094463, 27.83869807588565], [-89.57201942094463, 27.883654019061336], [-89.61697536412032, 27.883654019061336], [-89.61697536412032, 27.928609962237022], [-89.66193130729602, 27.928609962237022], [-89.66193130729602, 27.973565905412713], [-89.70688725047171, 27.973565905412713], [-89.70688725047171, 28.0185218485884], [-89.7518431936474, 28.0185218485884], [-89.7518431936474, 28.063477791764086], [-89.7967991368231, 28.063477791764086], [-89.7967991368231, 28.108433734939773], [-89.84175507999879, 28.108433734939773], [-89.93166696635018, 28.243301564466837], [-90.02157885270157, 28.243301564466837], [-90.02157885270157, 28.288257507642527], [-90.06653479587726, 28.288257507642527], [-90.06653479587726, 28.333213450818214], [-90.20140262540434, 28.42312533716959], [-90.20140262540434, 28.513037223520964], [-90.33627045493142, 28.60294910987234], [-90.33627045493142, 28.692860996223715], [-90.38122639810712, 28.692860996223715], [-90.38122639810712, 28.737816939399405], [-90.42618234128281, 28.737816939399405], [-90.42618234128281, 28.78277288257509], [-90.56105017080989, 28.87268476892647], [-90.56105017080989, 28.962596655277842], [-90.65096205716128, 29.007552598453533], [-90.65096205716128, 29.097464484804906], [-90.69591800033697, 29.097464484804906], [-90.69591800033697, 29.187376371156283], [-90.78582988668836, 29.23233231433197], [-90.78582988668836, 29.322244200683347], [-90.83078582986406, 29.322244200683347], [-90.83078582986406, 29.412156087034724], [-90.87574177303975, 29.412156087034724], [-90.87574177303975, 29.502067973386097], [-90.92069771621544, 29.502067973386097], [-90.92069771621544, 29.591979859737474], [-90.96565365939114, 29.591979859737474], [-90.96565365939114, 29.681891746088848], [-91.01060960256683, 29.681891746088848], [-91.01060960256683, 29.81675957561591], [-91.05556554574252, 29.81675957561591], [-91.05556554574252, 29.90667146196729], [-91.10052148891822, 29.90667146196729]]]]}}, {"type": "Feature", "properties": {"shapefile": "2021082900_wsp64knt120hr_5km", "PERCENTAGE": "70-80%"}, "geometry": {"type": "MultiPolygon", "coordinates": [[[[-87.5490019780384, 26.400107894263638], [-87.5490019780384, 26.445063837439324], [-87.41413414851132, 26.445063837439324], [-87.45909009168702, 26.355151951087947], [-87.5490019780384, 26.400107894263638]]], [[[-87.5939579212141, 26.445063837439324], [-87.5939579212141, 26.49001978061501], [-87.5490019780384, 26.49001978061501], [-87.5490019780384, 26.445063837439324], [-87.5939579212141, 26.445063837439324]]], [[[-87.41413414851132, 26.445063837439324], [-87.41413414851132, 26.49001978061501], [-87.36917820533563, 26.49001978061501], [-87.36917820533563, 26.445063837439324], [-87.41413414851132, 26.445063837439324]]], [[[-90.96565365939114, 29.996583348318666], [-90.96565365939114, 30.041539291494352], [-90.92069771621544, 30.041539291494352], [-90.92069771621544, 30.08649523467004], [-90.83078582986406, 30.08649523467004], [-90.83078582986406, 30.131451177845726], [-90.69591800033697, 30.131451177845726], [-90.69591800033697, 30.176407121021416], [-90.5160942276342, 30.176407121021416], [-90.5160942276342, 30.221363064197103], [-90.4711382844585, 30.221363064197103], [-90.4711382844585, 30.176407121021416], [-90.42618234128281, 30.176407121021416], [-90.42618234128281, 30.131451177845726], [-90.33627045493142, 30.131451177845726], [-90.33627045493142, 30.08649523467004], [-90.29131451175573, 30.08649523467004], [-90.29131451175573, 30.041539291494352], [-90.24635856858004, 30.041539291494352], [-90.24635856858004, 29.996583348318666], [-90.20140262540434, 29.996583348318666], [-90.20140262540434, 29.951627405142975], [-90.06653479587726, 29.861715518791602], [-90.06653479587726, 29.81675957561591], [-89.97662290952587, 29.81675957561591], [-89.97662290952587, 29.771803632440225], [-89.93166696635018, 29.771803632440225], [-89.93166696635018, 29.726847689264538], [-89.88671102317448, 29.726847689264538], [-89.88671102317448, 29.681891746088848], [-89.84175507999879, 29.681891746088848], [-89.84175507999879, 29.63693580291316], [-89.7967991368231, 29.63693580291316], [-89.70688725047171, 29.502067973386097], [-89.61697536412032, 29.502067973386097], [-89.57201942094463, 29.412156087034724], [-89.48210753459324, 29.412156087034724], [-89.48210753459324, 29.367200143859034], [-89.43715159141755, 29.367200143859034], [-89.43715159141755, 29.322244200683347], [-89.39219564824185, 29.322244200683347], [-89.39219564824185, 29.27728825750766], [-89.34723970506616, 29.27728825750766], [-89.34723970506616, 29.23233231433197], [-89.21237187553908, 29.142420427980596], [-89.21237187553908, 29.05250854162922], [-89.16741593236338, 29.05250854162922], [-89.16741593236338, 29.007552598453533], [-89.12245998918769, 29.007552598453533], [-89.12245998918769, 28.962596655277842], [-89.077504046012, 28.962596655277842], [-89.077504046012, 28.917640712102155], [-89.0325481028363, 28.917640712102155], [-89.0325481028363, 28.87268476892647], [-88.98759215966061, 28.87268476892647], [-88.98759215966061, 28.82772882575078], [-88.94263621648491, 28.82772882575078], [-88.94263621648491, 28.78277288257509], [-88.89768027330922, 28.78277288257509], [-88.89768027330922, 28.737816939399405], [-88.85272433013353, 28.737816939399405], [-88.85272433013353, 28.692860996223715], [-88.80776838695783, 28.692860996223715], [-88.80776838695783, 28.647905053048028], [-88.76281244378214, 28.647905053048028], [-88.76281244378214, 28.60294910987234], [-88.71785650060644, 28.60294910987234], [-88.71785650060644, 28.557993166696654], [-88.67290055743075, 28.557993166696654], [-88.67290055743075, 28.513037223520964], [-88.62794461425506, 28.513037223520964], [-88.62794461425506, 28.468081280345277], [-88.58298867107936, 28.468081280345277], [-88.58298867107936, 28.42312533716959], [-88.53803272790367, 28.42312533716959], [-88.53803272790367, 28.3781693939939], [-88.49307678472798, 28.3781693939939], [-88.49307678472798, 28.333213450818214], [-88.44812084155228, 28.333213450818214], [-88.44812084155228, 28.288257507642527], [-88.40316489837659, 28.288257507642527], [-88.40316489837659, 28.243301564466837], [-88.3582089552009, 28.243301564466837], [-88.3582089552009, 28.19834562129115], [-88.3132530120252, 28.19834562129115], [-88.3132530120252, 28.153389678115463], [-88.2682970688495, 28.153389678115463], [-88.2682970688495, 28.108433734939773], [-88.22334112567381, 28.108433734939773], [-88.22334112567381, 28.063477791764086], [-88.17838518249812, 28.063477791764086], [-88.17838518249812, 28.0185218485884], [-88.13342923932242, 28.0185218485884], [-88.13342923932242, 27.973565905412713], [-88.08847329614673, 27.973565905412713], [-88.08847329614673, 27.928609962237022], [-88.04351735297104, 27.928609962237022], [-88.04351735297104, 27.883654019061336], [-87.99856140979534, 27.883654019061336], [-87.99856140979534, 27.83869807588565], [-87.95360546661965, 27.83869807588565], [-87.95360546661965, 27.79374213270996], [-87.81873763709257, 27.703830246358585], [-87.81873763709257, 27.658874303182895], [-87.77378169391687, 27.658874303182895], [-87.77378169391687, 27.56896241683152], [-87.63891386438979, 27.479050530480144], [-87.63891386438979, 27.389138644128767], [-87.5939579212141, 27.389138644128767], [-87.5939579212141, 27.34418270095308], [-87.5490019780384, 27.34418270095308], [-87.5490019780384, 27.299226757777394], [-87.50404603486271, 27.299226757777394], [-87.50404603486271, 27.254270814601703], [-87.36917820533563, 27.16435892825033], [-87.36917820533563, 27.074447041898953], [-87.32422226215994, 27.074447041898953], [-87.32422226215994, 26.894623269196202], [-87.27926631898424, 26.894623269196202], [-87.32422226215994, 26.49001978061501], [-87.36917820533563, 26.49001978061501], [-87.36917820533563, 27.029491098723266], [-87.41413414851132, 27.029491098723266], [-87.41413414851132, 27.119402985074643], [-87.45909009168702, 27.119402985074643], [-87.50404603486271, 27.209314871426017], [-87.5939579212141, 27.209314871426017], [-87.5939579212141, 27.254270814601703], [-87.63891386438979, 27.254270814601703], [-87.63891386438979, 27.299226757777394], [-87.77378169391687, 27.389138644128767], [-87.81873763709257, 27.56896241683152], [-87.86369358026826, 27.56896241683152], [-87.86369358026826, 27.613918360007208], [-87.90864952344396, 27.613918360007208], [-87.99856140979534, 27.748786189534272], [-88.08847329614673, 27.748786189534272], [-88.08847329614673, 27.79374213270996], [-88.13342923932242, 27.79374213270996], [-88.13342923932242, 27.83869807588565], [-88.2682970688495, 27.928609962237022], [-88.2682970688495, 28.0185218485884], [-88.3132530120252, 28.0185218485884], [-88.3132530120252, 28.063477791764086], [-88.3582089552009, 28.063477791764086], [-88.3582089552009, 28.108433734939773], [-88.40316489837659, 28.108433734939773], [-88.49307678472798, 28.243301564466837], [-88.58298867107936, 28.243301564466837], [-88.58298867107936, 28.288257507642527], [-88.62794461425506, 28.288257507642527], [-88.62794461425506, 28.333213450818214], [-88.67290055743075, 28.333213450818214], [-88.67290055743075, 28.3781693939939], [-88.80776838695783, 28.468081280345277], [-88.80776838695783, 28.557993166696654], [-88.85272433013353, 28.557993166696654], [-88.85272433013353, 28.60294910987234], [-88.98759215966061, 28.692860996223715], [-88.98759215966061, 28.737816939399405], [-89.077504046012, 28.737816939399405], [-89.077504046012, 28.78277288257509], [-89.12245998918769, 28.78277288257509], [-89.12245998918769, 28.82772882575078], [-89.25732781871477, 28.917640712102155], [-89.25732781871477, 29.007552598453533], [-89.39219564824185, 29.097464484804906], [-89.39219564824185, 29.187376371156283], [-89.43715159141755, 29.187376371156283], [-89.43715159141755, 29.23233231433197], [-89.52706347776893, 29.23233231433197], [-89.52706347776893, 29.27728825750766], [-89.66193130729602, 29.27728825750766], [-89.70688725047171, 29.367200143859034], [-89.7967991368231, 29.367200143859034], [-89.7967991368231, 29.412156087034724], [-89.84175507999879, 29.412156087034724], [-89.84175507999879, 29.502067973386097], [-89.88671102317448, 29.502067973386097], [-89.93166696635018, 29.591979859737474], [-90.24635856858004, 29.681891746088848], [-90.24635856858004, 29.726847689264538], [-90.38122639810712, 29.81675957561591], [-90.42618234128281, 29.996583348318666], [-90.5160942276342, 30.041539291494352], [-90.5160942276342, 29.996583348318666], [-90.56105017080989, 29.996583348318666], [-90.56105017080989, 29.771803632440225], [-90.60600611398559, 29.771803632440225], [-90.60600611398559, 29.502067973386097], [-90.56105017080989, 29.502067973386097], [-90.56105017080989, 29.367200143859034], [-90.5160942276342, 29.367200143859034], [-90.4711382844585, 29.187376371156283], [-90.38122639810712, 29.142420427980596], [-90.38122639810712, 29.05250854162922], [-90.33627045493142, 29.05250854162922], [-90.33627045493142, 29.007552598453533], [-90.29131451175573, 29.007552598453533], [-90.29131451175573, 28.962596655277842], [-90.15644668222865, 28.87268476892647], [-90.15644668222865, 28.78277288257509], [-90.11149073905295, 28.78277288257509], [-90.11149073905295, 28.692860996223715], [-90.06653479587726, 28.692860996223715], [-90.02157885270157, 28.513037223520964], [-89.97662290952587, 28.513037223520964], [-89.97662290952587, 28.468081280345277], [-89.88671102317448, 28.468081280345277], [-89.88671102317448, 28.42312533716959], [-89.7967991368231, 28.42312533716959], [-89.7967991368231, 28.3781693939939], [-89.7518431936474, 28.3781693939939], [-89.7518431936474, 28.333213450818214], [-89.70688725047171, 28.333213450818214], [-89.70688725047171, 28.288257507642527], [-89.57201942094463, 28.19834562129115], [-89.57201942094463, 28.108433734939773], [-89.52706347776893, 28.108433734939773], [-89.52706347776893, 28.0185218485884], [-89.48210753459324, 28.0185218485884], [-89.48210753459324, 27.973565905412713], [-89.34723970506616, 27.973565905412713], [-89.34723970506616, 27.928609962237022], [-89.25732781871477, 27.928609962237022], [-89.21237187553908, 27.83869807588565], [-89.12245998918769, 27.83869807588565], [-89.12245998918769, 27.79374213270996], [-88.98759215966061, 27.703830246358585], [-88.98759215966061, 27.613918360007208], [-88.89768027330922, 27.613918360007208], [-88.89768027330922, 27.52400647365583], [-88.80776838695783, 27.52400647365583], [-88.80776838695783, 27.479050530480144], [-88.62794461425506, 27.434094587304457], [-88.62794461425506, 27.389138644128767], [-88.44812084155228, 27.34418270095308], [-88.40316489837659, 27.254270814601703], [-88.3132530120252, 27.254270814601703], [-88.3132530120252, 27.209314871426017], [-88.2682970688495, 27.209314871426017], [-88.2682970688495, 27.16435892825033], [-88.13342923932242, 27.074447041898953], [-88.13342923932242, 26.98453515554758], [-88.08847329614673, 26.98453515554758], [-88.04351735297104, 26.894623269196202], [-87.86369358026826, 26.849667326020516], [-87.86369358026826, 26.804711382844825], [-87.77378169391687, 26.804711382844825], [-87.77378169391687, 26.75975543966914], [-87.68386980756549, 26.714799496493452], [-87.68386980756549, 26.624887610142075], [-87.5939579212141, 26.579931666966388], [-87.5939579212141, 26.49001978061501], [-87.63891386438979, 26.49001978061501], [-87.63891386438979, 26.5349757237907], [-87.68386980756549, 26.5349757237907], [-87.68386980756549, 26.579931666966388], [-87.81873763709257, 26.66984355331776], [-87.81873763709257, 26.714799496493452], [-87.90864952344396, 26.714799496493452], [-87.95360546661965, 26.804711382844825], [-88.04351735297104, 26.804711382844825], [-88.04351735297104, 26.849667326020516], [-88.08847329614673, 26.849667326020516], [-88.08847329614673, 26.894623269196202], [-88.13342923932242, 26.894623269196202], [-88.13342923932242, 26.93957921237189], [-88.17838518249812, 26.93957921237189], [-88.17838518249812, 26.98453515554758], [-88.22334112567381, 26.98453515554758], [-88.3132530120252, 27.119402985074643], [-88.40316489837659, 27.119402985074643], [-88.40316489837659, 27.16435892825033], [-88.44812084155228, 27.16435892825033], [-88.44812084155228, 27.209314871426017], [-88.53803272790367, 27.209314871426017], [-88.58298867107936, 27.299226757777394], [-88.67290055743075, 27.299226757777394], [-88.67290055743075, 27.34418270095308], [-88.85272433013353, 27.389138644128767], [-88.89768027330922, 27.479050530480144], [-88.98759215966061, 27.479050530480144], [-88.98759215966061, 27.52400647365583], [-89.0325481028363, 27.52400647365583], [-89.0325481028363, 27.56896241683152], [-89.077504046012, 27.56896241683152], [-89.077504046012, 27.613918360007208], [-89.12245998918769, 27.613918360007208], [-89.12245998918769, 27.658874303182895], [-89.16741593236338, 27.658874303182895], [-89.25732781871477, 27.79374213270996], [-89.34723970506616, 27.79374213270996], [-89.39219564824185, 27.883654019061336], [-89.48210753459324, 27.883654019061336], [-89.48210753459324, 27.928609962237022], [-89.52706347776893, 27.928609962237022], [-89.52706347776893, 27.973565905412713], [-89.57201942094463, 27.973565905412713], [-89.57201942094463, 28.0185218485884], [-89.61697536412032, 28.0185218485884], [-89.61697536412032, 28.063477791764086], [-89.66193130729602, 28.063477791764086], [-89.66193130729602, 28.108433734939773], [-89.70688725047171, 28.108433734939773], [-89.70688725047171, 28.153389678115463], [-89.7518431936474, 28.153389678115463], [-89.7518431936474, 28.19834562129115], [-89.7967991368231, 28.19834562129115], [-89.7967991368231, 28.243301564466837], [-89.84175507999879, 28.243301564466837], [-89.93166696635018, 28.3781693939939], [-90.02157885270157, 28.3781693939939], [-90.02157885270157, 28.42312533716959], [-90.11149073905295, 28.468081280345277], [-90.11149073905295, 28.557993166696654], [-90.20140262540434, 28.60294910987234], [-90.20140262540434, 28.692860996223715], [-90.29131451175573, 28.737816939399405], [-90.29131451175573, 28.82772882575078], [-90.33627045493142, 28.82772882575078], [-90.33627045493142, 28.87268476892647], [-90.38122639810712, 28.87268476892647], [-90.38122639810712, 28.917640712102155], [-90.42618234128281, 28.917640712102155], [-90.42618234128281, 28.962596655277842], [-90.56105017080989, 29.05250854162922], [-90.56105017080989, 29.187376371156283], [-90.60600611398559, 29.187376371156283], [-90.60600611398559, 29.27728825750766], [-90.65096205716128, 29.27728825750766], [-90.69591800033697, 29.45711203021041], [-90.78582988668836, 29.502067973386097], [-90.78582988668836, 29.726847689264538], [-90.83078582986406, 29.726847689264538], [-90.83078582986406, 29.861715518791602], [-90.87574177303975, 29.861715518791602], [-90.87574177303975, 29.951627405142975], [-90.96565365939114, 29.996583348318666]]]]}}, {"type": "Feature", "properties": {"shapefile": "2021082900_wsp64knt120hr_5km", "PERCENTAGE": "80-90%"}, "geometry": {"type": "MultiPolygon", "coordinates": [[[[-87.45909009168702, 27.029491098723266], [-87.45909009168702, 27.119402985074643], [-87.41413414851132, 27.119402985074643], [-87.41413414851132, 27.029491098723266], [-87.45909009168702, 27.029491098723266]]], [[[-90.60600611398559, 29.502067973386097], [-90.56105017080989, 29.996583348318666], [-90.4711382844585, 30.041539291494352], [-90.4711382844585, 29.996583348318666], [-90.42618234128281, 29.996583348318666], [-90.42618234128281, 29.90667146196729], [-90.38122639810712, 29.90667146196729], [-90.38122639810712, 29.81675957561591], [-90.33627045493142, 29.81675957561591], [-90.24635856858004, 29.681891746088848], [-89.93166696635018, 29.591979859737474], [-89.93166696635018, 29.547023916561784], [-89.84175507999879, 29.502067973386097], [-89.84175507999879, 29.412156087034724], [-89.7967991368231, 29.412156087034724], [-89.7967991368231, 29.367200143859034], [-89.70688725047171, 29.367200143859034], [-89.66193130729602, 29.27728825750766], [-89.52706347776893, 29.27728825750766], [-89.52706347776893, 29.23233231433197], [-89.43715159141755, 29.23233231433197], [-89.43715159141755, 29.187376371156283], [-89.39219564824185, 29.187376371156283], [-89.39219564824185, 29.097464484804906], [-89.25732781871477, 29.007552598453533], [-89.25732781871477, 28.917640712102155], [-89.21237187553908, 28.917640712102155], [-89.21237187553908, 28.87268476892647], [-89.16741593236338, 28.87268476892647], [-89.077504046012, 28.737816939399405], [-88.98759215966061, 28.737816939399405], [-88.98759215966061, 28.692860996223715], [-88.94263621648491, 28.692860996223715], [-88.94263621648491, 28.647905053048028], [-88.80776838695783, 28.557993166696654], [-88.80776838695783, 28.468081280345277], [-88.76281244378214, 28.468081280345277], [-88.76281244378214, 28.42312533716959], [-88.71785650060644, 28.42312533716959], [-88.71785650060644, 28.3781693939939], [-88.67290055743075, 28.3781693939939], [-88.58298867107936, 28.243301564466837], [-88.49307678472798, 28.243301564466837], [-88.49307678472798, 28.19834562129115], [-88.44812084155228, 28.19834562129115], [-88.44812084155228, 28.153389678115463], [-88.40316489837659, 28.153389678115463], [-88.40316489837659, 28.108433734939773], [-88.2682970688495, 28.0185218485884], [-88.2682970688495, 27.928609962237022], [-88.22334112567381, 27.928609962237022], [-88.22334112567381, 27.883654019061336], [-88.17838518249812, 27.883654019061336], [-88.08847329614673, 27.748786189534272], [-87.99856140979534, 27.748786189534272], [-87.99856140979534, 27.703830246358585], [-87.95360546661965, 27.703830246358585], [-87.95360546661965, 27.658874303182895], [-87.81873763709257, 27.56896241683152], [-87.77378169391687, 27.389138644128767], [-87.72882575074118, 27.389138644128767], [-87.72882575074118, 27.34418270095308], [-87.68386980756549, 27.34418270095308], [-87.5939579212141, 27.209314871426017], [-87.50404603486271, 27.209314871426017], [-87.45909009168702, 27.119402985074643], [-87.63891386438979, 27.119402985074643], [-87.63891386438979, 27.16435892825033], [-87.72882575074118, 27.16435892825033], [-87.72882575074118, 27.209314871426017], [-87.81873763709257, 27.254270814601703], [-87.86369358026826, 27.434094587304457], [-87.90864952344396, 27.434094587304457], [-87.90864952344396, 27.56896241683152], [-87.95360546661965, 27.56896241683152], [-87.95360546661965, 27.613918360007208], [-88.04351735297104, 27.613918360007208], [-88.04351735297104, 27.658874303182895], [-88.17838518249812, 27.658874303182895], [-88.17838518249812, 27.703830246358585], [-88.22334112567381, 27.703830246358585], [-88.22334112567381, 27.748786189534272], [-88.3582089552009, 27.83869807588565], [-88.3582089552009, 27.973565905412713], [-88.40316489837659, 27.973565905412713], [-88.40316489837659, 28.063477791764086], [-88.44812084155228, 28.063477791764086], [-88.44812084155228, 28.108433734939773], [-88.58298867107936, 28.108433734939773], [-88.58298867107936, 28.153389678115463], [-88.76281244378214, 28.19834562129115], [-88.76281244378214, 28.243301564466837], [-88.85272433013353, 28.288257507642527], [-88.85272433013353, 28.3781693939939], [-88.89768027330922, 28.3781693939939], [-88.89768027330922, 28.513037223520964], [-88.94263621648491, 28.513037223520964], [-88.98759215966061, 28.60294910987234], [-89.12245998918769, 28.60294910987234], [-89.12245998918769, 28.647905053048028], [-89.21237187553908, 28.647905053048028], [-89.21237187553908, 28.692860996223715], [-89.34723970506616, 28.78277288257509], [-89.34723970506616, 28.87268476892647], [-89.39219564824185, 28.87268476892647], [-89.39219564824185, 29.007552598453533], [-89.43715159141755, 29.007552598453533], [-89.48210753459324, 29.097464484804906], [-89.66193130729602, 29.097464484804906], [-89.66193130729602, 29.142420427980596], [-89.7967991368231, 29.142420427980596], [-89.7967991368231, 29.187376371156283], [-89.88671102317448, 29.187376371156283], [-89.93166696635018, 29.27728825750766], [-90.02157885270157, 29.27728825750766], [-90.02157885270157, 29.23233231433197], [-90.06653479587726, 29.23233231433197], [-90.06653479587726, 29.142420427980596], [-90.11149073905295, 29.142420427980596], [-90.11149073905295, 28.962596655277842], [-90.02157885270157, 28.917640712102155], [-89.97662290952587, 28.737816939399405], [-89.93166696635018, 28.737816939399405], [-89.93166696635018, 28.692860996223715], [-89.7967991368231, 28.60294910987234], [-89.7967991368231, 28.513037223520964], [-89.61697536412032, 28.468081280345277], [-89.61697536412032, 28.42312533716959], [-89.52706347776893, 28.3781693939939], [-89.52706347776893, 28.288257507642527], [-89.48210753459324, 28.288257507642527], [-89.43715159141755, 28.19834562129115], [-89.34723970506616, 28.19834562129115], [-89.34723970506616, 28.108433734939773], [-89.30228376189046, 28.108433734939773], [-89.21237187553908, 27.973565905412713], [-89.12245998918769, 27.973565905412713], [-89.12245998918769, 27.928609962237022], [-89.0325481028363, 27.928609962237022], [-88.98759215966061, 27.83869807588565], [-88.89768027330922, 27.83869807588565], [-88.85272433013353, 27.748786189534272], [-88.76281244378214, 27.748786189534272], [-88.76281244378214, 27.658874303182895], [-88.67290055743075, 27.613918360007208], [-88.67290055743075, 27.52400647365583], [-88.62794461425506, 27.52400647365583], [-88.62794461425506, 27.479050530480144], [-88.53803272790367, 27.479050530480144], [-88.53803272790367, 27.434094587304457], [-88.40316489837659, 27.434094587304457], [-88.40316489837659, 27.389138644128767], [-88.2682970688495, 27.389138644128767], [-88.2682970688495, 27.34418270095308], [-88.22334112567381, 27.34418270095308], [-88.22334112567381, 27.299226757777394], [-88.08847329614673, 27.209314871426017], [-88.08847329614673, 27.074447041898953], [-88.04351735297104, 27.074447041898953], [-88.04351735297104, 26.98453515554758], [-87.95360546661965, 26.98453515554758], [-87.95360546661965, 26.93957921237189], [-87.81873763709257, 26.93957921237189], [-87.81873763709257, 26.894623269196202], [-87.63891386438979, 26.849667326020516], [-87.63891386438979, 26.75975543966914], [-87.5939579212141, 26.75975543966914], [-87.5939579212141, 26.66984355331776], [-87.5490019780384, 26.66984355331776], [-87.5490019780384, 26.5349757237907], [-87.50404603486271, 26.5349757237907], [-87.50404603486271, 26.49001978061501], [-87.41413414851132, 26.5349757237907], [-87.41413414851132, 27.029491098723266], [-87.36917820533563, 27.029491098723266], [-87.36917820533563, 26.49001978061501], [-87.41413414851132, 26.49001978061501], [-87.41413414851132, 26.445063837439324], [-87.5490019780384, 26.445063837439324], [-87.5490019780384, 26.49001978061501], [-87.5939579212141, 26.49001978061501], [-87.5939579212141, 26.579931666966388], [-87.68386980756549, 26.624887610142075], [-87.68386980756549, 26.714799496493452], [-87.72882575074118, 26.714799496493452], [-87.77378169391687, 26.804711382844825], [-87.86369358026826, 26.804711382844825], [-87.86369358026826, 26.849667326020516], [-88.04351735297104, 26.894623269196202], [-88.04351735297104, 26.93957921237189], [-88.13342923932242, 26.98453515554758], [-88.13342923932242, 27.074447041898953], [-88.17838518249812, 27.074447041898953], [-88.17838518249812, 27.119402985074643], [-88.22334112567381, 27.119402985074643], [-88.3132530120252, 27.254270814601703], [-88.40316489837659, 27.254270814601703], [-88.44812084155228, 27.34418270095308], [-88.53803272790367, 27.34418270095308], [-88.53803272790367, 27.389138644128767], [-88.62794461425506, 27.389138644128767], [-88.62794461425506, 27.434094587304457], [-88.71785650060644, 27.434094587304457], [-88.71785650060644, 27.479050530480144], [-88.89768027330922, 27.52400647365583], [-88.89768027330922, 27.613918360007208], [-88.98759215966061, 27.613918360007208], [-88.98759215966061, 27.703830246358585], [-89.0325481028363, 27.703830246358585], [-89.12245998918769, 27.83869807588565], [-89.21237187553908, 27.83869807588565], [-89.25732781871477, 27.928609962237022], [-89.34723970506616, 27.928609962237022], [-89.34723970506616, 27.973565905412713], [-89.48210753459324, 27.973565905412713], [-89.48210753459324, 28.0185218485884], [-89.52706347776893, 28.0185218485884], [-89.52706347776893, 28.108433734939773], [-89.57201942094463, 28.108433734939773], [-89.57201942094463, 28.19834562129115], [-89.61697536412032, 28.19834562129115], [-89.61697536412032, 28.243301564466837], [-89.66193130729602, 28.243301564466837], [-89.66193130729602, 28.288257507642527], [-89.70688725047171, 28.288257507642527], [-89.7967991368231, 28.42312533716959], [-89.88671102317448, 28.42312533716959], [-89.88671102317448, 28.468081280345277], [-89.97662290952587, 28.468081280345277], [-89.97662290952587, 28.513037223520964], [-90.02157885270157, 28.513037223520964], [-90.02157885270157, 28.60294910987234], [-90.06653479587726, 28.60294910987234], [-90.06653479587726, 28.692860996223715], [-90.11149073905295, 28.692860996223715], [-90.11149073905295, 28.78277288257509], [-90.15644668222865, 28.78277288257509], [-90.15644668222865, 28.87268476892647], [-90.20140262540434, 28.87268476892647], [-90.20140262540434, 28.917640712102155], [-90.24635856858004, 28.917640712102155], [-90.24635856858004, 28.962596655277842], [-90.38122639810712, 29.05250854162922], [-90.38122639810712, 29.142420427980596], [-90.4711382844585, 29.187376371156283], [-90.4711382844585, 29.27728825750766], [-90.5160942276342, 29.27728825750766], [-90.5160942276342, 29.367200143859034], [-90.56105017080989, 29.367200143859034], [-90.56105017080989, 29.502067973386097], [-90.60600611398559, 29.502067973386097]]]]}}, {"type": "Feature", "properties": {"shapefile": "2021082900_wsp64knt120hr_5km", "PERCENTAGE": ">90%"}, "geometry": {"type": "MultiPolygon", "coordinates": [[[[-90.11149073905295, 28.962596655277842], [-90.11149073905295, 29.142420427980596], [-90.06653479587726, 29.142420427980596], [-90.06653479587726, 29.23233231433197], [-90.02157885270157, 29.23233231433197], [-90.02157885270157, 29.27728825750766], [-89.93166696635018, 29.27728825750766], [-89.93166696635018, 29.23233231433197], [-89.88671102317448, 29.23233231433197], [-89.88671102317448, 29.187376371156283], [-89.7967991368231, 29.187376371156283], [-89.7967991368231, 29.142420427980596], [-89.66193130729602, 29.142420427980596], [-89.66193130729602, 29.097464484804906], [-89.48210753459324, 29.097464484804906], [-89.48210753459324, 29.05250854162922], [-89.39219564824185, 29.007552598453533], [-89.39219564824185, 28.87268476892647], [-89.34723970506616, 28.87268476892647], [-89.34723970506616, 28.78277288257509], [-89.30228376189046, 28.78277288257509], [-89.21237187553908, 28.647905053048028], [-89.12245998918769, 28.647905053048028], [-89.12245998918769, 28.60294910987234], [-88.98759215966061, 28.60294910987234], [-88.98759215966061, 28.557993166696654], [-88.89768027330922, 28.513037223520964], [-88.89768027330922, 28.3781693939939], [-88.85272433013353, 28.3781693939939], [-88.85272433013353, 28.288257507642527], [-88.80776838695783, 28.288257507642527], [-88.76281244378214, 28.19834562129115], [-88.58298867107936, 28.153389678115463], [-88.58298867107936, 28.108433734939773], [-88.44812084155228, 28.108433734939773], [-88.44812084155228, 28.063477791764086], [-88.40316489837659, 28.063477791764086], [-88.40316489837659, 27.973565905412713], [-88.3582089552009, 27.973565905412713], [-88.3582089552009, 27.83869807588565], [-88.3132530120252, 27.83869807588565], [-88.3132530120252, 27.79374213270996], [-88.2682970688495, 27.79374213270996], [-88.17838518249812, 27.658874303182895], [-88.04351735297104, 27.658874303182895], [-88.04351735297104, 27.613918360007208], [-87.95360546661965, 27.613918360007208], [-87.95360546661965, 27.56896241683152], [-87.90864952344396, 27.56896241683152], [-87.90864952344396, 27.434094587304457], [-87.86369358026826, 27.434094587304457], [-87.86369358026826, 27.34418270095308], [-87.81873763709257, 27.34418270095308], [-87.81873763709257, 27.254270814601703], [-87.77378169391687, 27.254270814601703], [-87.72882575074118, 27.16435892825033], [-87.63891386438979, 27.16435892825033], [-87.63891386438979, 27.119402985074643], [-87.45909009168702, 27.119402985074643], [-87.45909009168702, 27.029491098723266], [-87.41413414851132, 27.029491098723266], [-87.41413414851132, 26.5349757237907], [-87.45909009168702, 26.5349757237907], [-87.45909009168702, 26.49001978061501], [-87.5490019780384, 26.5349757237907], [-87.5490019780384, 26.66984355331776], [-87.5939579212141, 26.66984355331776], [-87.63891386438979, 26.849667326020516], [-87.72882575074118, 26.849667326020516], [-87.72882575074118, 26.894623269196202], [-87.81873763709257, 26.894623269196202], [-87.81873763709257, 26.93957921237189], [-87.95360546661965, 26.93957921237189], [-87.95360546661965, 26.98453515554758], [-88.04351735297104, 26.98453515554758], [-88.04351735297104, 27.074447041898953], [-88.08847329614673, 27.074447041898953], [-88.08847329614673, 27.209314871426017], [-88.13342923932242, 27.209314871426017], [-88.13342923932242, 27.254270814601703], [-88.17838518249812, 27.254270814601703], [-88.2682970688495, 27.389138644128767], [-88.40316489837659, 27.389138644128767], [-88.40316489837659, 27.434094587304457], [-88.53803272790367, 27.434094587304457], [-88.53803272790367, 27.479050530480144], [-88.62794461425506, 27.479050530480144], [-88.62794461425506, 27.52400647365583], [-88.67290055743075, 27.52400647365583], [-88.67290055743075, 27.613918360007208], [-88.76281244378214, 27.658874303182895], [-88.76281244378214, 27.748786189534272], [-88.85272433013353, 27.748786189534272], [-88.85272433013353, 27.79374213270996], [-88.89768027330922, 27.79374213270996], [-88.89768027330922, 27.83869807588565], [-88.98759215966061, 27.83869807588565], [-89.0325481028363, 27.928609962237022], [-89.21237187553908, 27.973565905412713], [-89.21237187553908, 28.0185218485884], [-89.34723970506616, 28.108433734939773], [-89.34723970506616, 28.19834562129115], [-89.43715159141755, 28.19834562129115], [-89.43715159141755, 28.243301564466837], [-89.52706347776893, 28.288257507642527], [-89.52706347776893, 28.3781693939939], [-89.57201942094463, 28.3781693939939], [-89.61697536412032, 28.468081280345277], [-89.7967991368231, 28.513037223520964], [-89.7967991368231, 28.60294910987234], [-89.84175507999879, 28.60294910987234], [-89.84175507999879, 28.647905053048028], [-89.97662290952587, 28.737816939399405], [-90.02157885270157, 28.917640712102155], [-90.11149073905295, 28.962596655277842]]]]}}]}