{"type": "FeatureCollection", "features": [{"type": "Feature", "properties": {"shapefile": "2021082900_wsp50knt120hr_5km", "PERCENTAGE": "<5%"}, "geometry": {"type": "MultiPolygon", "coordinates": [[[[-94.29239345439248, 29.996583348318666], [-94.29239345439248, 30.71587843912967], [-94.24743751121679, 30.71587843912967], [-94.24743751121679, 31.030570041359486], [-94.2024815680411, 31.030570041359486], [-94.2024815680411, 31.255349757237923], [-94.1575256248654, 31.255349757237923], [-94.1575256248654, 31.390217586764987], [-94.1125696816897, 31.390217586764987], [-94.1125696816897, 31.52508541629205], [-94.06761373851401, 31.52508541629205], [-94.02265779533832, 31.794821075346178], [-93.97770185216262, 31.794821075346178], [-93.97770185216262, 31.884732961697555], [-93.93274590898693, 31.884732961697555], [-93.93274590898693, 32.01960079122462], [-93.88778996581124, 32.01960079122462], [-93.88778996581124, 32.10951267757599], [-93.84283402263554, 32.10951267757599], [-93.84283402263554, 32.199424563927366], [-93.79787807945985, 32.199424563927366], [-93.79787807945985, 32.289336450278746], [-93.70796619310846, 32.33429239345443], [-93.70796619310846, 32.42420427980581], [-93.66301024993277, 32.42420427980581], [-93.66301024993277, 32.4691602229815], [-93.61805430675707, 32.4691602229815], [-93.61805430675707, 32.559072109332874], [-93.52814242040569, 32.60402805250856], [-93.52814242040569, 32.693939938859934], [-93.48318647722999, 32.693939938859934], [-93.48318647722999, 32.73889588203562], [-93.4382305340543, 32.73889588203562], [-93.4382305340543, 32.783851825211315], [-93.34831864770291, 32.828807768386994], [-93.34831864770291, 32.87376371156269], [-93.30336270452722, 32.87376371156269], [-93.30336270452722, 32.918719654738375], [-93.25840676135152, 32.918719654738375], [-93.25840676135152, 32.96367559791406], [-93.21345081817583, 32.96367559791406], [-93.21345081817583, 33.00863154108975], [-93.16849487500014, 33.00863154108975], [-93.16849487500014, 33.053587484265435], [-93.12353893182444, 33.053587484265435], [-93.03362704547305, 33.1884553137925], [-92.94371515912167, 33.1884553137925], [-92.85380327277028, 33.32332314331956], [-92.6739795000675, 33.36827908649525], [-92.62902355689181, 33.45819097284663], [-92.44919978418903, 33.50314691602232], [-92.40424384101334, 33.59305880237369], [-92.31433195466195, 33.59305880237369], [-92.31433195466195, 33.63801474554938], [-92.22442006831056, 33.63801474554938], [-92.22442006831056, 33.68297068872507], [-92.13450818195918, 33.68297068872507], [-92.13450818195918, 33.72792663190076], [-92.04459629560779, 33.72792663190076], [-92.04459629560779, 33.772882575076444], [-91.9546844092564, 33.772882575076444], [-91.9546844092564, 33.81783851825213], [-91.77486063655363, 33.86279446142782], [-91.77486063655363, 33.907750404603505], [-91.68494875020224, 33.907750404603505], [-91.68494875020224, 33.9527063477792], [-91.55008092067516, 33.9527063477792], [-91.55008092067516, 33.997662290954885], [-91.46016903432377, 33.997662290954885], [-91.46016903432377, 34.04261823413057], [-91.32530120479669, 34.04261823413057], [-91.32530120479669, 34.08757417730626], [-91.1904333752696, 34.08757417730626], [-91.1904333752696, 34.132530120481945], [-91.05556554574252, 34.132530120481945], [-91.05556554574252, 34.17748606365763], [-90.92069771621544, 34.17748606365763], [-90.92069771621544, 34.22244200683332], [-90.74087394351267, 34.22244200683332], [-90.74087394351267, 34.26739795000901], [-89.97662290952587, 34.26739795000901], [-89.97662290952587, 34.22244200683332], [-89.7967991368231, 34.22244200683332], [-89.7967991368231, 34.17748606365763], [-89.52706347776893, 34.132530120481945], [-89.52706347776893, 34.08757417730626], [-89.43715159141755, 34.08757417730626], [-89.43715159141755, 34.04261823413057], [-89.25732781871477, 33.997662290954885], [-89.21237187553908, 33.907750404603505], [-89.12245998918769, 33.907750404603505], [-89.077504046012, 33.81783851825213], [-88.98759215966061, 33.81783851825213], [-88.98759215966061, 33.772882575076444], [-88.94263621648491, 33.772882575076444], [-88.94263621648491, 33.72792663190076], [-88.89768027330922, 33.72792663190076], [-88.80776838695783, 33.59305880237369], [-88.71785650060644, 33.59305880237369], [-88.62794461425506, 33.45819097284663], [-88.53803272790367, 33.45819097284663], [-88.49307678472798, 33.36827908649525], [-88.40316489837659, 33.36827908649525], [-88.40316489837659, 33.32332314331956], [-88.3582089552009, 33.32332314331956], [-88.3582089552009, 33.278367200143876], [-88.3132530120252, 33.278367200143876], [-88.3132530120252, 33.23341125696819], [-88.2682970688495, 33.23341125696819], [-88.2682970688495, 33.1884553137925], [-88.22334112567381, 33.1884553137925], [-88.22334112567381, 33.143499370616816], [-88.17838518249812, 33.143499370616816], [-88.17838518249812, 33.09854342744113], [-88.13342923932242, 33.09854342744113], [-88.13342923932242, 33.053587484265435], [-87.99856140979534, 32.96367559791406], [-87.99856140979534, 32.87376371156269], [-87.95360546661965, 32.87376371156269], [-87.95360546661965, 32.828807768386994], [-87.86369358026826, 32.783851825211315], [-87.86369358026826, 32.693939938859934], [-87.77378169391687, 32.64898399568425], [-87.77378169391687, 32.559072109332874], [-87.72882575074118, 32.559072109332874], [-87.72882575074118, 32.4691602229815], [-87.68386980756549, 32.4691602229815], [-87.68386980756549, 32.37924833663012], [-87.5939579212141, 32.33429239345443], [-87.5939579212141, 32.24438050710306], [-87.5490019780384, 32.24438050710306], [-87.5490019780384, 32.10951267757599], [-87.50404603486271, 32.10951267757599], [-87.50404603486271, 32.01960079122462], [-87.45909009168702, 32.01960079122462], [-87.45909009168702, 31.92968890487324], [-87.41413414851132, 31.92968890487324], [-87.41413414851132, 31.839777018521865], [-87.36917820533563, 31.839777018521865], [-87.36917820533563, 31.7049091889948], [-87.32422226215994, 31.7049091889948], [-87.32422226215994, 31.614997302643427], [-87.27926631898424, 31.614997302643427], [-87.27926631898424, 31.52508541629205], [-87.23431037580855, 31.52508541629205], [-87.23431037580855, 31.435173529940677], [-87.18935443263285, 31.435173529940677], [-87.18935443263285, 31.3452616435893], [-87.14439848945716, 31.3452616435893], [-87.09944254628147, 31.16543787088655], [-87.00953065993008, 31.12048192771086], [-87.00953065993008, 31.030570041359486], [-86.96457471675438, 31.030570041359486], [-86.91961877357869, 30.850746268656735], [-86.8297068872273, 30.805790325481045], [-86.8297068872273, 30.71587843912967], [-86.73979500087592, 30.67092249595398], [-86.73979500087592, 30.581010609602608], [-86.64988311452453, 30.536054666426917], [-86.64988311452453, 30.446142780075544], [-86.55997122817314, 30.401186836899853], [-86.55997122817314, 30.31127495054848], [-86.47005934182175, 30.26631900737279], [-86.47005934182175, 30.176407121021416], [-86.38014745547036, 30.131451177845726], [-86.38014745547036, 30.041539291494352], [-86.29023556911898, 29.996583348318666], [-86.24527962594328, 29.81675957561591], [-86.1553677395919, 29.771803632440225], [-86.1553677395919, 29.681891746088848], [-86.1104117964162, 29.681891746088848], [-86.1104117964162, 29.591979859737474], [-86.06545585324051, 29.591979859737474], [-86.06545585324051, 29.45711203021041], [-86.02049991006481, 29.45711203021041], [-86.02049991006481, 29.322244200683347], [-85.97554396688912, 29.322244200683347], [-85.97554396688912, 29.187376371156283], [-85.93058802371343, 29.187376371156283], [-85.93058802371343, 29.05250854162922], [-85.88563208053773, 29.05250854162922], [-85.88563208053773, 28.917640712102155], [-85.84067613736204, 28.917640712102155], [-85.84067613736204, 28.78277288257509], [-85.79572019418634, 28.78277288257509], [-85.79572019418634, 28.60294910987234], [-85.75076425101065, 28.60294910987234], [-85.75076425101065, 28.42312533716959], [-85.70580830783496, 28.42312533716959], [-85.70580830783496, 28.243301564466837], [-85.66085236465926, 28.243301564466837], [-85.61589642148357, 27.883654019061336], [-85.57094047830788, 27.883654019061336], [-85.57094047830788, 27.748786189534272], [-85.52598453513218, 27.748786189534272], [-85.52598453513218, 27.613918360007208], [-85.48102859195649, 27.613918360007208], [-85.48102859195649, 27.434094587304457], [-85.4360726487808, 27.434094587304457], [-85.4360726487808, 27.16435892825033], [-85.3911167056051, 27.16435892825033], [-85.3911167056051, 26.98453515554758], [-85.4360726487808, 26.98453515554758], [-85.4360726487808, 26.714799496493452], [-85.48102859195649, 26.714799496493452], [-85.48102859195649, 26.5349757237907], [-85.52598453513218, 26.5349757237907], [-85.52598453513218, 26.445063837439324], [-85.57094047830788, 26.445063837439324], [-85.57094047830788, 26.355151951087947], [-85.61589642148357, 26.355151951087947], [-85.61589642148357, 26.265240064736574], [-85.66085236465926, 26.265240064736574], [-85.66085236465926, 26.175328178385197], [-85.70580830783496, 26.175328178385197], [-85.70580830783496, 26.08541629203382], [-85.75076425101065, 26.08541629203382], [-85.75076425101065, 26.040460348858133], [-85.79572019418634, 26.040460348858133], [-85.79572019418634, 25.950548462506756], [-85.88563208053773, 25.90559251933107], [-85.88563208053773, 25.815680632979692], [-85.93058802371343, 25.815680632979692], [-85.93058802371343, 25.770724689804005], [-85.97554396688912, 25.770724689804005], [-85.97554396688912, 25.72576874662832], [-86.02049991006481, 25.72576874662832], [-86.02049991006481, 25.680812803452632], [-86.06545585324051, 25.680812803452632], [-86.06545585324051, 25.63585686027694], [-86.1104117964162, 25.63585686027694], [-86.1104117964162, 25.590900917101255], [-86.1553677395919, 25.590900917101255], [-86.24527962594328, 25.45603308757419], [-86.33519151229467, 25.45603308757419], [-86.33519151229467, 25.411077144398504], [-86.38014745547036, 25.411077144398504], [-86.38014745547036, 25.366121201222814], [-86.47005934182175, 25.366121201222814], [-86.51501528499745, 25.27620931487144], [-86.69483905770022, 25.23125337169575], [-86.73979500087592, 25.141341485344377], [-86.874662830403, 25.141341485344377], [-86.874662830403, 25.09638554216869], [-86.96457471675438, 25.09638554216869], [-86.96457471675438, 25.051429598993], [-87.09944254628147, 25.051429598993], [-87.09944254628147, 25.006473655817313], [-87.23431037580855, 25.006473655817313], [-87.23431037580855, 24.961517712641626], [-87.81873763709257, 24.961517712641626], [-87.81873763709257, 25.006473655817313], [-87.99856140979534, 25.006473655817313], [-87.99856140979534, 25.051429598993], [-88.13342923932242, 25.051429598993], [-88.13342923932242, 25.09638554216869], [-88.2682970688495, 25.09638554216869], [-88.2682970688495, 25.141341485344377], [-88.40316489837659, 25.141341485344377], [-88.40316489837659, 25.186297428520064], [-88.58298867107936, 25.186297428520064], [-88.58298867107936, 25.23125337169575], [-89.48210753459324, 25.23125337169575], [-89.48210753459324, 25.27620931487144], [-89.7967991368231, 25.27620931487144], [-89.7967991368231, 25.321165258047127], [-90.02157885270157, 25.321165258047127], [-90.02157885270157, 25.366121201222814], [-90.20140262540434, 25.366121201222814], [-90.20140262540434, 25.411077144398504], [-90.38122639810712, 25.411077144398504], [-90.38122639810712, 25.45603308757419], [-90.56105017080989, 25.45603308757419], [-90.56105017080989, 25.500989030749878], [-90.69591800033697, 25.500989030749878], [-90.69591800033697, 25.545944973925568], [-90.83078582986406, 25.545944973925568], [-90.83078582986406, 25.590900917101255], [-91.01060960256683, 25.63585686027694], [-91.01060960256683, 25.680812803452632], [-91.10052148891822, 25.680812803452632], [-91.10052148891822, 25.72576874662832], [-91.280345261621, 25.770724689804005], [-91.32530120479669, 25.860636576155382], [-91.41521309114808, 25.860636576155382], [-91.41521309114808, 25.90559251933107], [-91.46016903432377, 25.90559251933107], [-91.50512497749946, 25.995504405682446], [-91.59503686385085, 25.995504405682446], [-91.68494875020224, 26.13037223520951], [-91.77486063655363, 26.13037223520951], [-91.77486063655363, 26.175328178385197], [-91.81981657972932, 26.175328178385197], [-91.81981657972932, 26.220284121560884], [-91.86477252290501, 26.220284121560884], [-91.86477252290501, 26.265240064736574], [-91.90972846608071, 26.265240064736574], [-91.90972846608071, 26.31019600791226], [-91.9546844092564, 26.31019600791226], [-92.04459629560779, 26.445063837439324], [-92.13450818195918, 26.445063837439324], [-92.13450818195918, 26.49001978061501], [-92.17946412513487, 26.49001978061501], [-92.17946412513487, 26.5349757237907], [-92.22442006831056, 26.5349757237907], [-92.22442006831056, 26.579931666966388], [-92.26937601148626, 26.579931666966388], [-92.26937601148626, 26.624887610142075], [-92.31433195466195, 26.624887610142075], [-92.31433195466195, 26.66984355331776], [-92.35928789783765, 26.66984355331776], [-92.35928789783765, 26.714799496493452], [-92.40424384101334, 26.714799496493452], [-92.40424384101334, 26.75975543966914], [-92.44919978418903, 26.75975543966914], [-92.44919978418903, 26.804711382844825], [-92.49415572736473, 26.804711382844825], [-92.49415572736473, 26.849667326020516], [-92.53911167054042, 26.849667326020516], [-92.53911167054042, 26.894623269196202], [-92.58406761371612, 26.894623269196202], [-92.58406761371612, 26.93957921237189], [-92.62902355689181, 26.93957921237189], [-92.62902355689181, 26.98453515554758], [-92.6739795000675, 26.98453515554758], [-92.6739795000675, 27.029491098723266], [-92.7189354432432, 27.029491098723266], [-92.7189354432432, 27.074447041898953], [-92.76389138641889, 27.074447041898953], [-92.76389138641889, 27.119402985074643], [-92.80884732959458, 27.119402985074643], [-92.80884732959458, 27.16435892825033], [-92.94371515912167, 27.254270814601703], [-92.94371515912167, 27.34418270095308], [-92.98867110229736, 27.34418270095308], [-92.98867110229736, 27.389138644128767], [-93.12353893182444, 27.479050530480144], [-93.12353893182444, 27.56896241683152], [-93.25840676135152, 27.658874303182895], [-93.25840676135152, 27.748786189534272], [-93.30336270452722, 27.748786189534272], [-93.30336270452722, 27.79374213270996], [-93.3932745908786, 27.83869807588565], [-93.3932745908786, 27.928609962237022], [-93.52814242040569, 28.0185218485884], [-93.52814242040569, 28.108433734939773], [-93.61805430675707, 28.153389678115463], [-93.61805430675707, 28.243301564466837], [-93.70796619310846, 28.288257507642527], [-93.70796619310846, 28.3781693939939], [-93.75292213628416, 28.3781693939939], [-93.75292213628416, 28.468081280345277], [-93.79787807945985, 28.468081280345277], [-93.79787807945985, 28.557993166696654], [-93.84283402263554, 28.557993166696654], [-93.84283402263554, 28.692860996223715], [-93.88778996581124, 28.692860996223715], [-93.88778996581124, 28.78277288257509], [-93.93274590898693, 28.78277288257509], [-93.93274590898693, 28.917640712102155], [-93.97770185216262, 28.917640712102155], [-93.97770185216262, 29.007552598453533], [-94.02265779533832, 29.007552598453533], [-94.02265779533832, 29.142420427980596], [-94.06761373851401, 29.142420427980596], [-94.06761373851401, 29.27728825750766], [-94.1125696816897, 29.27728825750766], [-94.1125696816897, 29.412156087034724], [-94.1575256248654, 29.412156087034724], [-94.1575256248654, 29.547023916561784], [-94.2024815680411, 29.547023916561784], [-94.2024815680411, 29.726847689264538], [-94.24743751121679, 29.726847689264538], [-94.24743751121679, 29.996583348318666], [-94.29239345439248, 29.996583348318666]], [[-93.12353893182444, 29.81675957561591], [-93.07858298864875, 29.81675957561591], [-93.07858298864875, 29.502067973386097], [-93.03362704547305, 29.502067973386097], [-93.03362704547305, 29.322244200683347], [-92.98867110229736, 29.322244200683347], [-92.98867110229736, 29.187376371156283], [-92.94371515912167, 29.187376371156283], [-92.94371515912167, 29.05250854162922], [-92.89875921594597, 29.05250854162922], [-92.89875921594597, 28.962596655277842], [-92.85380327277028, 28.962596655277842], [-92.80884732959458, 28.78277288257509], [-92.7189354432432, 28.737816939399405], [-92.7189354432432, 28.647905053048028], [-92.62902355689181, 28.60294910987234], [-92.62902355689181, 28.513037223520964], [-92.49415572736473, 28.42312533716959], [-92.49415572736473, 28.333213450818214], [-92.44919978418903, 28.333213450818214], [-92.44919978418903, 28.288257507642527], [-92.40424384101334, 28.288257507642527], [-92.40424384101334, 28.243301564466837], [-92.35928789783765, 28.243301564466837], [-92.35928789783765, 28.19834562129115], [-92.22442006831056, 28.108433734939773], [-92.22442006831056, 28.0185218485884], [-92.17946412513487, 28.0185218485884], [-92.08955223878348, 27.883654019061336], [-91.9996403524321, 27.883654019061336], [-91.9996403524321, 27.83869807588565], [-91.9546844092564, 27.83869807588565], [-91.9546844092564, 27.79374213270996], [-91.90972846608071, 27.79374213270996], [-91.81981657972932, 27.658874303182895], [-91.72990469337793, 27.658874303182895], [-91.63999280702654, 27.52400647365583], [-91.55008092067516, 27.52400647365583], [-91.55008092067516, 27.479050530480144], [-91.50512497749946, 27.479050530480144], [-91.50512497749946, 27.434094587304457], [-91.41521309114808, 27.434094587304457], [-91.37025714797238, 27.34418270095308], [-91.1904333752696, 27.299226757777394], [-91.14547743209391, 27.209314871426017], [-91.05556554574252, 27.209314871426017], [-91.05556554574252, 27.16435892825033], [-91.01060960256683, 27.16435892825033], [-91.01060960256683, 27.119402985074643], [-90.92069771621544, 27.119402985074643], [-90.87574177303975, 27.029491098723266], [-90.69591800033697, 26.98453515554758], [-90.65096205716128, 26.894623269196202], [-90.4711382844585, 26.849667326020516], [-90.4711382844585, 26.804711382844825], [-90.42618234128281, 26.804711382844825], [-90.42618234128281, 26.75975543966914], [-90.33627045493142, 26.75975543966914], [-90.29131451175573, 26.66984355331776], [-90.20140262540434, 26.66984355331776], [-90.20140262540434, 26.624887610142075], [-90.11149073905295, 26.624887610142075], [-90.06653479587726, 26.5349757237907], [-89.97662290952587, 26.5349757237907], [-89.97662290952587, 26.49001978061501], [-89.7967991368231, 26.445063837439324], [-89.7518431936474, 26.355151951087947], [-89.57201942094463, 26.31019600791226], [-89.52706347776893, 26.220284121560884], [-89.34723970506616, 26.175328178385197], [-89.30228376189046, 26.08541629203382], [-89.12245998918769, 26.040460348858133], [-89.077504046012, 25.950548462506756], [-88.89768027330922, 25.90559251933107], [-88.89768027330922, 25.860636576155382], [-88.85272433013353, 25.860636576155382], [-88.85272433013353, 25.815680632979692], [-88.76281244378214, 25.815680632979692], [-88.71785650060644, 25.72576874662832], [-88.53803272790367, 25.680812803452632], [-88.49307678472798, 25.590900917101255], [-88.3132530120252, 25.545944973925568], [-88.3132530120252, 25.500989030749878], [-88.13342923932242, 25.45603308757419], [-88.13342923932242, 25.411077144398504], [-88.04351735297104, 25.411077144398504], [-88.04351735297104, 25.366121201222814], [-87.90864952344396, 25.366121201222814], [-87.90864952344396, 25.321165258047127], [-87.77378169391687, 25.321165258047127], [-87.77378169391687, 25.27620931487144], [-87.23431037580855, 25.27620931487144], [-87.23431037580855, 25.321165258047127], [-87.09944254628147, 25.321165258047127], [-87.09944254628147, 25.366121201222814], [-87.00953065993008, 25.366121201222814], [-87.00953065993008, 25.411077144398504], [-86.91961877357869, 25.411077144398504], [-86.91961877357869, 25.45603308757419], [-86.73979500087592, 25.500989030749878], [-86.69483905770022, 25.590900917101255], [-86.60492717134883, 25.590900917101255], [-86.55997122817314, 25.680812803452632], [-86.47005934182175, 25.680812803452632], [-86.47005934182175, 25.72576874662832], [-86.42510339864606, 25.72576874662832], [-86.42510339864606, 25.770724689804005], [-86.38014745547036, 25.770724689804005], [-86.38014745547036, 25.815680632979692], [-86.33519151229467, 25.815680632979692], [-86.33519151229467, 25.860636576155382], [-86.29023556911898, 25.860636576155382], [-86.29023556911898, 25.90559251933107], [-86.24527962594328, 25.90559251933107], [-86.24527962594328, 25.950548462506756], [-86.1104117964162, 26.040460348858133], [-86.1104117964162, 26.13037223520951], [-86.02049991006481, 26.175328178385197], [-86.02049991006481, 26.265240064736574], [-85.93058802371343, 26.31019600791226], [-85.93058802371343, 26.400107894263638], [-85.88563208053773, 26.400107894263638], [-85.88563208053773, 26.49001978061501], [-85.84067613736204, 26.49001978061501], [-85.84067613736204, 26.579931666966388], [-85.79572019418634, 26.579931666966388], [-85.79572019418634, 26.714799496493452], [-85.75076425101065, 26.714799496493452], [-85.75076425101065, 26.894623269196202], [-85.70580830783496, 26.894623269196202], [-85.70580830783496, 27.16435892825033], [-85.75076425101065, 27.16435892825033], [-85.75076425101065, 27.389138644128767], [-85.79572019418634, 27.389138644128767], [-85.79572019418634, 27.479050530480144], [-85.84067613736204, 27.479050530480144], [-85.84067613736204, 27.613918360007208], [-85.88563208053773, 27.613918360007208], [-85.88563208053773, 27.703830246358585], [-85.93058802371343, 27.703830246358585], [-85.97554396688912, 27.883654019061336], [-86.06545585324051, 27.928609962237022], [-86.1104117964162, 28.108433734939773], [-86.24527962594328, 28.19834562129115], [-86.24527962594328, 28.288257507642527], [-86.38014745547036, 28.3781693939939], [-86.38014745547036, 28.468081280345277], [-86.42510339864606, 28.468081280345277], [-86.42510339864606, 28.513037223520964], [-86.47005934182175, 28.513037223520964], [-86.47005934182175, 28.557993166696654], [-86.60492717134883, 28.647905053048028], [-86.60492717134883, 28.737816939399405], [-86.64988311452453, 28.737816939399405], [-86.64988311452453, 28.78277288257509], [-86.73979500087592, 28.82772882575078], [-86.73979500087592, 28.917640712102155], [-86.874662830403, 29.007552598453533], [-86.874662830403, 29.097464484804906], [-86.91961877357869, 29.097464484804906], [-86.91961877357869, 29.187376371156283], [-87.00953065993008, 29.23233231433197], [-87.00953065993008, 29.322244200683347], [-87.05448660310577, 29.322244200683347], [-87.05448660310577, 29.412156087034724], [-87.09944254628147, 29.412156087034724], [-87.09944254628147, 29.502067973386097], [-87.14439848945716, 29.502067973386097], [-87.14439848945716, 29.591979859737474], [-87.18935443263285, 29.591979859737474], [-87.18935443263285, 29.681891746088848], [-87.23431037580855, 29.681891746088848], [-87.23431037580855, 29.771803632440225], [-87.27926631898424, 29.771803632440225], [-87.32422226215994, 29.951627405142975], [-87.36917820533563, 29.951627405142975], [-87.36917820533563, 29.996583348318666], [-87.41413414851132, 29.996583348318666], [-87.41413414851132, 30.08649523467004], [-87.50404603486271, 30.131451177845726], [-87.5490019780384, 30.31127495054848], [-87.63891386438979, 30.356230893724167], [-87.63891386438979, 30.446142780075544], [-87.68386980756549, 30.446142780075544], [-87.72882575074118, 30.625966552778294], [-87.81873763709257, 30.67092249595398], [-87.81873763709257, 30.760834382305358], [-87.90864952344396, 30.805790325481045], [-87.90864952344396, 30.895702211832422], [-88.04351735297104, 30.985614098183795], [-88.04351735297104, 31.075525984535172], [-88.08847329614673, 31.075525984535172], [-88.08847329614673, 31.12048192771086], [-88.13342923932242, 31.12048192771086], [-88.13342923932242, 31.16543787088655], [-88.2682970688495, 31.255349757237923], [-88.2682970688495, 31.3452616435893], [-88.3132530120252, 31.3452616435893], [-88.3132530120252, 31.390217586764987], [-88.44812084155228, 31.480129473116364], [-88.44812084155228, 31.570041359467737], [-88.49307678472798, 31.570041359467737], [-88.49307678472798, 31.614997302643427], [-88.62794461425506, 31.7049091889948], [-88.62794461425506, 31.794821075346178], [-88.67290055743075, 31.794821075346178], [-88.67290055743075, 31.839777018521865], [-88.71785650060644, 31.839777018521865], [-88.71785650060644, 31.884732961697555], [-88.76281244378214, 31.884732961697555], [-88.76281244378214, 31.92968890487324], [-88.80776838695783, 31.92968890487324], [-88.89768027330922, 32.064556734400306], [-88.98759215966061, 32.064556734400306], [-88.98759215966061, 32.10951267757599], [-89.0325481028363, 32.10951267757599], [-89.0325481028363, 32.154468620751686], [-89.077504046012, 32.154468620751686], [-89.077504046012, 32.199424563927366], [-89.12245998918769, 32.199424563927366], [-89.21237187553908, 32.33429239345443], [-89.30228376189046, 32.33429239345443], [-89.39219564824185, 32.4691602229815], [-89.48210753459324, 32.4691602229815], [-89.52706347776893, 32.559072109332874], [-89.61697536412032, 32.559072109332874], [-89.61697536412032, 32.60402805250856], [-89.70688725047171, 32.60402805250856], [-89.7518431936474, 32.693939938859934], [-89.84175507999879, 32.693939938859934], [-89.84175507999879, 32.73889588203562], [-89.88671102317448, 32.73889588203562], [-89.93166696635018, 32.828807768386994], [-90.02157885270157, 32.828807768386994], [-90.02157885270157, 32.87376371156269], [-90.06653479587726, 32.87376371156269], [-90.15644668222865, 33.00863154108975], [-90.24635856858004, 33.00863154108975], [-90.29131451175573, 33.09854342744113], [-90.38122639810712, 33.09854342744113], [-90.38122639810712, 33.143499370616816], [-90.4711382844585, 33.143499370616816], [-90.4711382844585, 33.1884553137925], [-90.60600611398559, 33.1884553137925], [-90.60600611398559, 33.23341125696819], [-91.14547743209391, 33.23341125696819], [-91.14547743209391, 33.1884553137925], [-91.41521309114808, 33.143499370616816], [-91.41521309114808, 33.09854342744113], [-91.50512497749946, 33.09854342744113], [-91.50512497749946, 33.053587484265435], [-91.59503686385085, 33.053587484265435], [-91.59503686385085, 33.00863154108975], [-91.77486063655363, 32.96367559791406], [-91.81981657972932, 32.87376371156269], [-91.90972846608071, 32.87376371156269], [-91.9996403524321, 32.73889588203562], [-92.08955223878348, 32.73889588203562], [-92.08955223878348, 32.693939938859934], [-92.13450818195918, 32.693939938859934], [-92.13450818195918, 32.64898399568425], [-92.17946412513487, 32.64898399568425], [-92.17946412513487, 32.60402805250856], [-92.22442006831056, 32.60402805250856], [-92.22442006831056, 32.559072109332874], [-92.26937601148626, 32.559072109332874], [-92.26937601148626, 32.51411616615718], [-92.31433195466195, 32.51411616615718], [-92.31433195466195, 32.4691602229815], [-92.35928789783765, 32.4691602229815], [-92.35928789783765, 32.42420427980581], [-92.49415572736473, 32.33429239345443], [-92.49415572736473, 32.24438050710306], [-92.53911167054042, 32.24438050710306], [-92.53911167054042, 32.199424563927366], [-92.58406761371612, 32.199424563927366], [-92.58406761371612, 32.10951267757599], [-92.6739795000675, 32.064556734400306], [-92.6739795000675, 31.97464484804893], [-92.76389138641889, 31.92968890487324], [-92.76389138641889, 31.839777018521865], [-92.80884732959458, 31.839777018521865], [-92.80884732959458, 31.74986513217049], [-92.85380327277028, 31.74986513217049], [-92.85380327277028, 31.659953245819114], [-92.89875921594597, 31.659953245819114], [-92.89875921594597, 31.52508541629205], [-92.94371515912167, 31.52508541629205], [-92.94371515912167, 31.435173529940677], [-92.98867110229736, 31.435173529940677], [-92.98867110229736, 31.300305700413613], [-93.03362704547305, 31.300305700413613], [-93.07858298864875, 30.895702211832422], [-93.12353893182444, 30.895702211832422], [-93.12353893182444, 29.81675957561591]]]]}}, {"type": "Feature", "properties": {"shapefile": "2021082900_wsp50knt120hr_5km", "PERCENTAGE": "5-10%"}, "geometry": {"type": "MultiPolygon", "coordinates": [[[[-93.12353893182444, 29.81675957561591], [-93.12353893182444, 30.895702211832422], [-93.07858298864875, 30.895702211832422], [-93.07858298864875, 31.12048192771086], [-93.03362704547305, 31.12048192771086], [-93.03362704547305, 31.300305700413613], [-92.98867110229736, 31.300305700413613], [-92.98867110229736, 31.435173529940677], [-92.94371515912167, 31.435173529940677], [-92.94371515912167, 31.52508541629205], [-92.89875921594597, 31.52508541629205], [-92.89875921594597, 31.659953245819114], [-92.85380327277028, 31.659953245819114], [-92.85380327277028, 31.74986513217049], [-92.80884732959458, 31.74986513217049], [-92.76389138641889, 31.92968890487324], [-92.6739795000675, 31.97464484804893], [-92.6739795000675, 32.064556734400306], [-92.58406761371612, 32.10951267757599], [-92.58406761371612, 32.199424563927366], [-92.49415572736473, 32.24438050710306], [-92.49415572736473, 32.33429239345443], [-92.44919978418903, 32.33429239345443], [-92.44919978418903, 32.37924833663012], [-92.40424384101334, 32.37924833663012], [-92.40424384101334, 32.42420427980581], [-92.35928789783765, 32.42420427980581], [-92.35928789783765, 32.4691602229815], [-92.31433195466195, 32.4691602229815], [-92.31433195466195, 32.51411616615718], [-92.26937601148626, 32.51411616615718], [-92.26937601148626, 32.559072109332874], [-92.22442006831056, 32.559072109332874], [-92.22442006831056, 32.60402805250856], [-92.17946412513487, 32.60402805250856], [-92.08955223878348, 32.73889588203562], [-91.9996403524321, 32.73889588203562], [-91.90972846608071, 32.87376371156269], [-91.81981657972932, 32.87376371156269], [-91.77486063655363, 32.96367559791406], [-91.68494875020224, 32.96367559791406], [-91.68494875020224, 33.00863154108975], [-91.50512497749946, 33.053587484265435], [-91.50512497749946, 33.09854342744113], [-91.41521309114808, 33.09854342744113], [-91.41521309114808, 33.143499370616816], [-91.280345261621, 33.143499370616816], [-91.280345261621, 33.1884553137925], [-91.14547743209391, 33.1884553137925], [-91.14547743209391, 33.23341125696819], [-90.60600611398559, 33.23341125696819], [-90.60600611398559, 33.1884553137925], [-90.4711382844585, 33.1884553137925], [-90.4711382844585, 33.143499370616816], [-90.29131451175573, 33.09854342744113], [-90.24635856858004, 33.00863154108975], [-90.15644668222865, 33.00863154108975], [-90.15644668222865, 32.96367559791406], [-90.11149073905295, 32.96367559791406], [-90.02157885270157, 32.828807768386994], [-89.93166696635018, 32.828807768386994], [-89.84175507999879, 32.693939938859934], [-89.7518431936474, 32.693939938859934], [-89.70688725047171, 32.60402805250856], [-89.52706347776893, 32.559072109332874], [-89.52706347776893, 32.51411616615718], [-89.48210753459324, 32.51411616615718], [-89.48210753459324, 32.4691602229815], [-89.39219564824185, 32.4691602229815], [-89.30228376189046, 32.33429239345443], [-89.21237187553908, 32.33429239345443], [-89.21237187553908, 32.289336450278746], [-89.16741593236338, 32.289336450278746], [-89.16741593236338, 32.24438050710306], [-89.12245998918769, 32.24438050710306], [-89.12245998918769, 32.199424563927366], [-89.077504046012, 32.199424563927366], [-88.98759215966061, 32.064556734400306], [-88.89768027330922, 32.064556734400306], [-88.89768027330922, 32.01960079122462], [-88.85272433013353, 32.01960079122462], [-88.85272433013353, 31.97464484804893], [-88.80776838695783, 31.97464484804893], [-88.80776838695783, 31.92968890487324], [-88.76281244378214, 31.92968890487324], [-88.76281244378214, 31.884732961697555], [-88.62794461425506, 31.794821075346178], [-88.62794461425506, 31.7049091889948], [-88.58298867107936, 31.7049091889948], [-88.58298867107936, 31.659953245819114], [-88.44812084155228, 31.570041359467737], [-88.44812084155228, 31.480129473116364], [-88.40316489837659, 31.480129473116364], [-88.40316489837659, 31.435173529940677], [-88.2682970688495, 31.3452616435893], [-88.2682970688495, 31.255349757237923], [-88.22334112567381, 31.255349757237923], [-88.22334112567381, 31.210393814062236], [-88.17838518249812, 31.210393814062236], [-88.17838518249812, 31.16543787088655], [-88.04351735297104, 31.075525984535172], [-88.04351735297104, 30.985614098183795], [-87.90864952344396, 30.895702211832422], [-87.90864952344396, 30.805790325481045], [-87.86369358026826, 30.805790325481045], [-87.86369358026826, 30.760834382305358], [-87.81873763709257, 30.760834382305358], [-87.81873763709257, 30.67092249595398], [-87.72882575074118, 30.625966552778294], [-87.72882575074118, 30.536054666426917], [-87.68386980756549, 30.536054666426917], [-87.63891386438979, 30.356230893724167], [-87.5490019780384, 30.31127495054848], [-87.50404603486271, 30.131451177845726], [-87.45909009168702, 30.131451177845726], [-87.45909009168702, 30.08649523467004], [-87.41413414851132, 30.08649523467004], [-87.41413414851132, 29.996583348318666], [-87.32422226215994, 29.951627405142975], [-87.32422226215994, 29.861715518791602], [-87.27926631898424, 29.861715518791602], [-87.27926631898424, 29.771803632440225], [-87.23431037580855, 29.771803632440225], [-87.23431037580855, 29.681891746088848], [-87.18935443263285, 29.681891746088848], [-87.18935443263285, 29.591979859737474], [-87.14439848945716, 29.591979859737474], [-87.14439848945716, 29.502067973386097], [-87.09944254628147, 29.502067973386097], [-87.09944254628147, 29.412156087034724], [-87.05448660310577, 29.412156087034724], [-87.05448660310577, 29.322244200683347], [-87.00953065993008, 29.322244200683347], [-87.00953065993008, 29.23233231433197], [-86.91961877357869, 29.187376371156283], [-86.874662830403, 29.007552598453533], [-86.73979500087592, 28.917640712102155], [-86.73979500087592, 28.82772882575078], [-86.60492717134883, 28.737816939399405], [-86.60492717134883, 28.647905053048028], [-86.55997122817314, 28.647905053048028], [-86.55997122817314, 28.60294910987234], [-86.51501528499745, 28.60294910987234], [-86.51501528499745, 28.557993166696654], [-86.38014745547036, 28.468081280345277], [-86.38014745547036, 28.3781693939939], [-86.33519151229467, 28.3781693939939], [-86.33519151229467, 28.333213450818214], [-86.24527962594328, 28.288257507642527], [-86.24527962594328, 28.19834562129115], [-86.1104117964162, 28.108433734939773], [-86.06545585324051, 27.928609962237022], [-85.97554396688912, 27.883654019061336], [-85.97554396688912, 27.79374213270996], [-85.93058802371343, 27.79374213270996], [-85.93058802371343, 27.703830246358585], [-85.88563208053773, 27.703830246358585], [-85.88563208053773, 27.613918360007208], [-85.84067613736204, 27.613918360007208], [-85.84067613736204, 27.479050530480144], [-85.79572019418634, 27.479050530480144], [-85.79572019418634, 27.389138644128767], [-85.75076425101065, 27.389138644128767], [-85.75076425101065, 27.16435892825033], [-85.70580830783496, 27.16435892825033], [-85.70580830783496, 26.894623269196202], [-85.75076425101065, 26.894623269196202], [-85.75076425101065, 26.714799496493452], [-85.79572019418634, 26.714799496493452], [-85.79572019418634, 26.579931666966388], [-85.84067613736204, 26.579931666966388], [-85.84067613736204, 26.49001978061501], [-85.88563208053773, 26.49001978061501], [-85.93058802371343, 26.31019600791226], [-86.02049991006481, 26.265240064736574], [-86.02049991006481, 26.175328178385197], [-86.1104117964162, 26.13037223520951], [-86.1104117964162, 26.040460348858133], [-86.1553677395919, 26.040460348858133], [-86.1553677395919, 25.995504405682446], [-86.20032368276759, 25.995504405682446], [-86.20032368276759, 25.950548462506756], [-86.24527962594328, 25.950548462506756], [-86.24527962594328, 25.90559251933107], [-86.29023556911898, 25.90559251933107], [-86.29023556911898, 25.860636576155382], [-86.33519151229467, 25.860636576155382], [-86.33519151229467, 25.815680632979692], [-86.38014745547036, 25.815680632979692], [-86.47005934182175, 25.680812803452632], [-86.55997122817314, 25.680812803452632], [-86.60492717134883, 25.590900917101255], [-86.69483905770022, 25.590900917101255], [-86.73979500087592, 25.500989030749878], [-86.91961877357869, 25.45603308757419], [-86.91961877357869, 25.411077144398504], [-87.00953065993008, 25.411077144398504], [-87.00953065993008, 25.366121201222814], [-87.09944254628147, 25.366121201222814], [-87.09944254628147, 25.321165258047127], [-87.23431037580855, 25.321165258047127], [-87.23431037580855, 25.27620931487144], [-87.77378169391687, 25.27620931487144], [-87.77378169391687, 25.321165258047127], [-88.04351735297104, 25.366121201222814], [-88.04351735297104, 25.411077144398504], [-88.13342923932242, 25.411077144398504], [-88.13342923932242, 25.45603308757419], [-88.3132530120252, 25.500989030749878], [-88.3132530120252, 25.545944973925568], [-88.49307678472798, 25.590900917101255], [-88.53803272790367, 25.680812803452632], [-88.71785650060644, 25.72576874662832], [-88.71785650060644, 25.770724689804005], [-88.76281244378214, 25.770724689804005], [-88.76281244378214, 25.815680632979692], [-88.85272433013353, 25.815680632979692], [-88.89768027330922, 25.90559251933107], [-89.077504046012, 25.950548462506756], [-89.12245998918769, 26.040460348858133], [-89.30228376189046, 26.08541629203382], [-89.34723970506616, 26.175328178385197], [-89.52706347776893, 26.220284121560884], [-89.57201942094463, 26.31019600791226], [-89.7518431936474, 26.355151951087947], [-89.7967991368231, 26.445063837439324], [-89.88671102317448, 26.445063837439324], [-89.88671102317448, 26.49001978061501], [-90.06653479587726, 26.5349757237907], [-90.11149073905295, 26.624887610142075], [-90.29131451175573, 26.66984355331776], [-90.33627045493142, 26.75975543966914], [-90.42618234128281, 26.75975543966914], [-90.4711382844585, 26.849667326020516], [-90.65096205716128, 26.894623269196202], [-90.69591800033697, 26.98453515554758], [-90.87574177303975, 27.029491098723266], [-90.92069771621544, 27.119402985074643], [-91.01060960256683, 27.119402985074643], [-91.01060960256683, 27.16435892825033], [-91.05556554574252, 27.16435892825033], [-91.05556554574252, 27.209314871426017], [-91.14547743209391, 27.209314871426017], [-91.1904333752696, 27.299226757777394], [-91.37025714797238, 27.34418270095308], [-91.41521309114808, 27.434094587304457], [-91.50512497749946, 27.434094587304457], [-91.55008092067516, 27.52400647365583], [-91.63999280702654, 27.52400647365583], [-91.72990469337793, 27.658874303182895], [-91.81981657972932, 27.658874303182895], [-91.81981657972932, 27.703830246358585], [-91.86477252290501, 27.703830246358585], [-91.86477252290501, 27.748786189534272], [-91.90972846608071, 27.748786189534272], [-91.9996403524321, 27.883654019061336], [-92.08955223878348, 27.883654019061336], [-92.08955223878348, 27.928609962237022], [-92.22442006831056, 28.0185218485884], [-92.22442006831056, 28.108433734939773], [-92.26937601148626, 28.108433734939773], [-92.26937601148626, 28.153389678115463], [-92.31433195466195, 28.153389678115463], [-92.31433195466195, 28.19834562129115], [-92.35928789783765, 28.19834562129115], [-92.35928789783765, 28.243301564466837], [-92.49415572736473, 28.333213450818214], [-92.49415572736473, 28.42312533716959], [-92.62902355689181, 28.513037223520964], [-92.62902355689181, 28.60294910987234], [-92.7189354432432, 28.647905053048028], [-92.7189354432432, 28.737816939399405], [-92.80884732959458, 28.78277288257509], [-92.80884732959458, 28.87268476892647], [-92.85380327277028, 28.87268476892647], [-92.85380327277028, 28.962596655277842], [-92.89875921594597, 28.962596655277842], [-92.89875921594597, 29.05250854162922], [-92.94371515912167, 29.05250854162922], [-92.98867110229736, 29.322244200683347], [-93.03362704547305, 29.322244200683347], [-93.03362704547305, 29.502067973386097], [-93.07858298864875, 29.502067973386097], [-93.07858298864875, 29.81675957561591], [-93.12353893182444, 29.81675957561591]], [[-92.62902355689181, 30.356230893724167], [-92.58406761371612, 30.356230893724167], [-92.58406761371612, 30.041539291494352], [-92.53911167054042, 30.041539291494352], [-92.53911167054042, 29.90667146196729], [-92.49415572736473, 29.90667146196729], [-92.49415572736473, 29.726847689264538], [-92.44919978418903, 29.726847689264538], [-92.44919978418903, 29.502067973386097], [-92.40424384101334, 29.502067973386097], [-92.40424384101334, 29.367200143859034], [-92.35928789783765, 29.367200143859034], [-92.31433195466195, 29.187376371156283], [-92.26937601148626, 29.187376371156283], [-92.26937601148626, 29.142420427980596], [-92.22442006831056, 29.142420427980596], [-92.22442006831056, 29.097464484804906], [-92.17946412513487, 29.097464484804906], [-92.17946412513487, 29.05250854162922], [-92.13450818195918, 29.05250854162922], [-92.13450818195918, 29.007552598453533], [-91.9996403524321, 28.917640712102155], [-91.9996403524321, 28.82772882575078], [-91.90972846608071, 28.78277288257509], [-91.86477252290501, 28.60294910987234], [-91.81981657972932, 28.60294910987234], [-91.81981657972932, 28.557993166696654], [-91.72990469337793, 28.513037223520964], [-91.72990469337793, 28.42312533716959], [-91.68494875020224, 28.42312533716959], [-91.68494875020224, 28.3781693939939], [-91.63999280702654, 28.3781693939939], [-91.63999280702654, 28.333213450818214], [-91.59503686385085, 28.333213450818214], [-91.59503686385085, 28.288257507642527], [-91.55008092067516, 28.288257507642527], [-91.55008092067516, 28.243301564466837], [-91.41521309114808, 28.153389678115463], [-91.41521309114808, 28.063477791764086], [-91.280345261621, 27.973565905412713], [-91.280345261621, 27.883654019061336], [-91.2353893184453, 27.883654019061336], [-91.2353893184453, 27.83869807588565], [-91.1904333752696, 27.83869807588565], [-91.1904333752696, 27.79374213270996], [-91.14547743209391, 27.79374213270996], [-91.14547743209391, 27.748786189534272], [-91.10052148891822, 27.748786189534272], [-91.10052148891822, 27.703830246358585], [-91.05556554574252, 27.703830246358585], [-91.05556554574252, 27.658874303182895], [-91.01060960256683, 27.658874303182895], [-91.01060960256683, 27.613918360007208], [-90.96565365939114, 27.613918360007208], [-90.96565365939114, 27.56896241683152], [-90.92069771621544, 27.56896241683152], [-90.83078582986406, 27.434094587304457], [-90.74087394351267, 27.434094587304457], [-90.74087394351267, 27.389138644128767], [-90.69591800033697, 27.389138644128767], [-90.60600611398559, 27.254270814601703], [-90.5160942276342, 27.254270814601703], [-90.4711382844585, 27.16435892825033], [-90.38122639810712, 27.16435892825033], [-90.38122639810712, 27.119402985074643], [-90.33627045493142, 27.119402985074643], [-90.24635856858004, 26.98453515554758], [-90.15644668222865, 26.98453515554758], [-90.15644668222865, 26.93957921237189], [-90.11149073905295, 26.93957921237189], [-90.06653479587726, 26.849667326020516], [-89.97662290952587, 26.849667326020516], [-89.93166696635018, 26.75975543966914], [-89.7518431936474, 26.714799496493452], [-89.7518431936474, 26.66984355331776], [-89.70688725047171, 26.66984355331776], [-89.70688725047171, 26.624887610142075], [-89.61697536412032, 26.624887610142075], [-89.57201942094463, 26.5349757237907], [-89.39219564824185, 26.49001978061501], [-89.30228376189046, 26.355151951087947], [-89.21237187553908, 26.355151951087947], [-89.21237187553908, 26.31019600791226], [-89.12245998918769, 26.31019600791226], [-89.077504046012, 26.220284121560884], [-88.98759215966061, 26.220284121560884], [-88.94263621648491, 26.13037223520951], [-88.85272433013353, 26.13037223520951], [-88.85272433013353, 26.08541629203382], [-88.80776838695783, 26.08541629203382], [-88.76281244378214, 25.995504405682446], [-88.67290055743075, 25.995504405682446], [-88.58298867107936, 25.860636576155382], [-88.40316489837659, 25.815680632979692], [-88.3582089552009, 25.72576874662832], [-88.2682970688495, 25.72576874662832], [-88.2682970688495, 25.680812803452632], [-88.08847329614673, 25.63585686027694], [-88.08847329614673, 25.590900917101255], [-88.04351735297104, 25.590900917101255], [-88.04351735297104, 25.545944973925568], [-87.95360546661965, 25.545944973925568], [-87.95360546661965, 25.500989030749878], [-87.81873763709257, 25.500989030749878], [-87.81873763709257, 25.45603308757419], [-87.68386980756549, 25.45603308757419], [-87.68386980756549, 25.411077144398504], [-87.32422226215994, 25.411077144398504], [-87.32422226215994, 25.45603308757419], [-87.18935443263285, 25.45603308757419], [-87.18935443263285, 25.500989030749878], [-87.05448660310577, 25.500989030749878], [-87.05448660310577, 25.545944973925568], [-86.96457471675438, 25.545944973925568], [-86.91961877357869, 25.63585686027694], [-86.8297068872273, 25.63585686027694], [-86.78475094405161, 25.72576874662832], [-86.69483905770022, 25.72576874662832], [-86.64988311452453, 25.815680632979692], [-86.55997122817314, 25.815680632979692], [-86.55997122817314, 25.860636576155382], [-86.51501528499745, 25.860636576155382], [-86.51501528499745, 25.90559251933107], [-86.47005934182175, 25.90559251933107], [-86.47005934182175, 25.950548462506756], [-86.42510339864606, 25.950548462506756], [-86.42510339864606, 25.995504405682446], [-86.38014745547036, 25.995504405682446], [-86.38014745547036, 26.040460348858133], [-86.24527962594328, 26.13037223520951], [-86.24527962594328, 26.220284121560884], [-86.1553677395919, 26.265240064736574], [-86.1553677395919, 26.355151951087947], [-86.06545585324051, 26.400107894263638], [-86.06545585324051, 26.49001978061501], [-86.02049991006481, 26.49001978061501], [-86.02049991006481, 26.579931666966388], [-85.97554396688912, 26.579931666966388], [-85.97554396688912, 26.66984355331776], [-85.93058802371343, 26.66984355331776], [-85.93058802371343, 26.804711382844825], [-85.88563208053773, 26.804711382844825], [-85.88563208053773, 27.299226757777394], [-85.93058802371343, 27.299226757777394], [-85.93058802371343, 27.389138644128767], [-85.97554396688912, 27.389138644128767], [-85.97554396688912, 27.52400647365583], [-86.06545585324051, 27.56896241683152], [-86.06545585324051, 27.658874303182895], [-86.1104117964162, 27.658874303182895], [-86.1104117964162, 27.748786189534272], [-86.1553677395919, 27.748786189534272], [-86.1553677395919, 27.83869807588565], [-86.24527962594328, 27.883654019061336], [-86.24527962594328, 27.973565905412713], [-86.29023556911898, 27.973565905412713], [-86.29023556911898, 28.0185218485884], [-86.42510339864606, 28.108433734939773], [-86.42510339864606, 28.19834562129115], [-86.47005934182175, 28.19834562129115], [-86.47005934182175, 28.243301564466837], [-86.51501528499745, 28.243301564466837], [-86.51501528499745, 28.288257507642527], [-86.55997122817314, 28.288257507642527], [-86.55997122817314, 28.333213450818214], [-86.60492717134883, 28.333213450818214], [-86.60492717134883, 28.3781693939939], [-86.64988311452453, 28.3781693939939], [-86.64988311452453, 28.42312533716959], [-86.69483905770022, 28.42312533716959], [-86.69483905770022, 28.468081280345277], [-86.73979500087592, 28.468081280345277], [-86.73979500087592, 28.513037223520964], [-86.78475094405161, 28.513037223520964], [-86.78475094405161, 28.557993166696654], [-86.8297068872273, 28.557993166696654], [-86.8297068872273, 28.60294910987234], [-86.96457471675438, 28.692860996223715], [-86.96457471675438, 28.78277288257509], [-87.00953065993008, 28.78277288257509], [-87.00953065993008, 28.82772882575078], [-87.05448660310577, 28.82772882575078], [-87.05448660310577, 28.87268476892647], [-87.09944254628147, 28.87268476892647], [-87.09944254628147, 28.917640712102155], [-87.23431037580855, 29.007552598453533], [-87.23431037580855, 29.097464484804906], [-87.27926631898424, 29.097464484804906], [-87.27926631898424, 29.142420427980596], [-87.36917820533563, 29.187376371156283], [-87.36917820533563, 29.27728825750766], [-87.41413414851132, 29.27728825750766], [-87.41413414851132, 29.322244200683347], [-87.45909009168702, 29.322244200683347], [-87.45909009168702, 29.367200143859034], [-87.50404603486271, 29.367200143859034], [-87.50404603486271, 29.412156087034724], [-87.63891386438979, 29.502067973386097], [-87.63891386438979, 29.591979859737474], [-87.72882575074118, 29.63693580291316], [-87.72882575074118, 29.726847689264538], [-87.77378169391687, 29.726847689264538], [-87.77378169391687, 29.771803632440225], [-87.81873763709257, 29.771803632440225], [-87.81873763709257, 29.81675957561591], [-87.86369358026826, 29.81675957561591], [-87.86369358026826, 29.861715518791602], [-87.90864952344396, 29.861715518791602], [-87.90864952344396, 29.90667146196729], [-88.04351735297104, 29.996583348318666], [-88.04351735297104, 30.08649523467004], [-88.17838518249812, 30.176407121021416], [-88.17838518249812, 30.26631900737279], [-88.22334112567381, 30.26631900737279], [-88.3132530120252, 30.401186836899853], [-88.40316489837659, 30.401186836899853], [-88.40316489837659, 30.446142780075544], [-88.44812084155228, 30.446142780075544], [-88.44812084155228, 30.49109872325123], [-88.58298867107936, 30.581010609602608], [-88.62794461425506, 30.760834382305358], [-88.67290055743075, 30.760834382305358], [-88.67290055743075, 30.805790325481045], [-88.71785650060644, 30.805790325481045], [-88.71785650060644, 30.850746268656735], [-88.76281244378214, 30.850746268656735], [-88.85272433013353, 30.985614098183795], [-88.94263621648491, 30.985614098183795], [-88.94263621648491, 31.030570041359486], [-88.98759215966061, 31.030570041359486], [-88.98759215966061, 31.16543787088655], [-89.0325481028363, 31.16543787088655], [-89.077504046012, 31.3452616435893], [-89.12245998918769, 31.3452616435893], [-89.21237187553908, 31.480129473116364], [-89.34723970506616, 31.480129473116364], [-89.34723970506616, 31.52508541629205], [-89.43715159141755, 31.52508541629205], [-89.43715159141755, 31.570041359467737], [-89.48210753459324, 31.570041359467737], [-89.48210753459324, 31.7049091889948], [-89.52706347776893, 31.7049091889948], [-89.52706347776893, 31.794821075346178], [-89.57201942094463, 31.794821075346178], [-89.66193130729602, 31.92968890487324], [-89.84175507999879, 31.97464484804893], [-89.84175507999879, 32.01960079122462], [-89.97662290952587, 32.01960079122462], [-89.97662290952587, 32.10951267757599], [-90.06653479587726, 32.154468620751686], [-90.06653479587726, 32.24438050710306], [-90.11149073905295, 32.24438050710306], [-90.11149073905295, 32.289336450278746], [-90.15644668222865, 32.289336450278746], [-90.24635856858004, 32.42420427980581], [-90.33627045493142, 32.42420427980581], [-90.33627045493142, 32.4691602229815], [-90.5160942276342, 32.51411616615718], [-90.5160942276342, 32.559072109332874], [-90.65096205716128, 32.559072109332874], [-90.65096205716128, 32.60402805250856], [-90.74087394351267, 32.60402805250856], [-90.74087394351267, 32.64898399568425], [-90.87574177303975, 32.64898399568425], [-90.87574177303975, 32.693939938859934], [-91.05556554574252, 32.693939938859934], [-91.05556554574252, 32.64898399568425], [-91.1904333752696, 32.64898399568425], [-91.1904333752696, 32.60402805250856], [-91.32530120479669, 32.60402805250856], [-91.32530120479669, 32.559072109332874], [-91.59503686385085, 32.51411616615718], [-91.59503686385085, 32.4691602229815], [-91.68494875020224, 32.4691602229815], [-91.68494875020224, 32.42420427980581], [-91.77486063655363, 32.42420427980581], [-91.81981657972932, 32.33429239345443], [-91.90972846608071, 32.33429239345443], [-91.90972846608071, 32.289336450278746], [-92.04459629560779, 32.199424563927366], [-92.04459629560779, 32.10951267757599], [-92.08955223878348, 32.10951267757599], [-92.08955223878348, 32.064556734400306], [-92.13450818195918, 32.064556734400306], [-92.13450818195918, 32.01960079122462], [-92.26937601148626, 31.92968890487324], [-92.26937601148626, 31.839777018521865], [-92.31433195466195, 31.839777018521865], [-92.31433195466195, 31.74986513217049], [-92.35928789783765, 31.74986513217049], [-92.35928789783765, 31.659953245819114], [-92.40424384101334, 31.659953245819114], [-92.40424384101334, 31.52508541629205], [-92.44919978418903, 31.52508541629205], [-92.44919978418903, 31.3452616435893], [-92.49415572736473, 31.3452616435893], [-92.49415572736473, 31.210393814062236], [-92.53911167054042, 31.210393814062236], [-92.53911167054042, 31.075525984535172], [-92.58406761371612, 31.075525984535172], [-92.58406761371612, 30.805790325481045], [-92.62902355689181, 30.805790325481045], [-92.62902355689181, 30.356230893724167]]]]}}, {"type": "Feature", "properties": {"shapefile": "2021082900_wsp50knt120hr_5km", "PERCENTAGE": "10-20%"}, "geometry": {"type": "MultiPolygon", "coordinates": [[[[-92.62902355689181, 30.356230893724167], [-92.62902355689181, 30.805790325481045], [-92.58406761371612, 30.805790325481045], [-92.58406761371612, 31.075525984535172], [-92.53911167054042, 31.075525984535172], [-92.53911167054042, 31.210393814062236], [-92.49415572736473, 31.210393814062236], [-92.49415572736473, 31.3452616435893], [-92.44919978418903, 31.3452616435893], [-92.44919978418903, 31.52508541629205], [-92.40424384101334, 31.52508541629205], [-92.40424384101334, 31.659953245819114], [-92.35928789783765, 31.659953245819114], [-92.35928789783765, 31.74986513217049], [-92.31433195466195, 31.74986513217049], [-92.26937601148626, 31.92968890487324], [-92.22442006831056, 31.92968890487324], [-92.22442006831056, 31.97464484804893], [-92.17946412513487, 31.97464484804893], [-92.08955223878348, 32.10951267757599], [-92.04459629560779, 32.10951267757599], [-92.04459629560779, 32.199424563927366], [-91.9996403524321, 32.199424563927366], [-91.90972846608071, 32.33429239345443], [-91.81981657972932, 32.33429239345443], [-91.77486063655363, 32.42420427980581], [-91.68494875020224, 32.42420427980581], [-91.68494875020224, 32.4691602229815], [-91.59503686385085, 32.4691602229815], [-91.59503686385085, 32.51411616615718], [-91.46016903432377, 32.51411616615718], [-91.46016903432377, 32.559072109332874], [-91.32530120479669, 32.559072109332874], [-91.32530120479669, 32.60402805250856], [-91.1904333752696, 32.60402805250856], [-91.1904333752696, 32.64898399568425], [-91.05556554574252, 32.64898399568425], [-91.05556554574252, 32.693939938859934], [-90.87574177303975, 32.693939938859934], [-90.87574177303975, 32.64898399568425], [-90.74087394351267, 32.64898399568425], [-90.74087394351267, 32.60402805250856], [-90.65096205716128, 32.60402805250856], [-90.65096205716128, 32.559072109332874], [-90.5160942276342, 32.559072109332874], [-90.5160942276342, 32.51411616615718], [-90.42618234128281, 32.51411616615718], [-90.42618234128281, 32.4691602229815], [-90.33627045493142, 32.4691602229815], [-90.33627045493142, 32.42420427980581], [-90.24635856858004, 32.42420427980581], [-90.24635856858004, 32.37924833663012], [-90.20140262540434, 32.37924833663012], [-90.20140262540434, 32.33429239345443], [-90.06653479587726, 32.24438050710306], [-90.06653479587726, 32.154468620751686], [-89.97662290952587, 32.10951267757599], [-89.97662290952587, 32.01960079122462], [-89.84175507999879, 32.01960079122462], [-89.84175507999879, 31.97464484804893], [-89.66193130729602, 31.92968890487324], [-89.66193130729602, 31.884732961697555], [-89.52706347776893, 31.794821075346178], [-89.52706347776893, 31.7049091889948], [-89.48210753459324, 31.7049091889948], [-89.48210753459324, 31.570041359467737], [-89.43715159141755, 31.570041359467737], [-89.43715159141755, 31.52508541629205], [-89.34723970506616, 31.52508541629205], [-89.34723970506616, 31.480129473116364], [-89.21237187553908, 31.480129473116364], [-89.21237187553908, 31.435173529940677], [-89.077504046012, 31.3452616435893], [-89.077504046012, 31.255349757237923], [-89.0325481028363, 31.255349757237923], [-89.0325481028363, 31.16543787088655], [-88.98759215966061, 31.16543787088655], [-88.98759215966061, 31.030570041359486], [-88.94263621648491, 31.030570041359486], [-88.94263621648491, 30.985614098183795], [-88.85272433013353, 30.985614098183795], [-88.85272433013353, 30.94065815500811], [-88.80776838695783, 30.94065815500811], [-88.80776838695783, 30.895702211832422], [-88.76281244378214, 30.895702211832422], [-88.76281244378214, 30.850746268656735], [-88.62794461425506, 30.760834382305358], [-88.58298867107936, 30.581010609602608], [-88.53803272790367, 30.581010609602608], [-88.53803272790367, 30.536054666426917], [-88.49307678472798, 30.536054666426917], [-88.40316489837659, 30.401186836899853], [-88.3132530120252, 30.401186836899853], [-88.3132530120252, 30.356230893724167], [-88.17838518249812, 30.26631900737279], [-88.17838518249812, 30.176407121021416], [-88.13342923932242, 30.176407121021416], [-88.13342923932242, 30.131451177845726], [-88.04351735297104, 30.08649523467004], [-88.04351735297104, 29.996583348318666], [-87.99856140979534, 29.996583348318666], [-87.99856140979534, 29.951627405142975], [-87.95360546661965, 29.951627405142975], [-87.95360546661965, 29.90667146196729], [-87.90864952344396, 29.90667146196729], [-87.90864952344396, 29.861715518791602], [-87.86369358026826, 29.861715518791602], [-87.86369358026826, 29.81675957561591], [-87.72882575074118, 29.726847689264538], [-87.72882575074118, 29.63693580291316], [-87.63891386438979, 29.591979859737474], [-87.63891386438979, 29.502067973386097], [-87.5939579212141, 29.502067973386097], [-87.5939579212141, 29.45711203021041], [-87.5490019780384, 29.45711203021041], [-87.5490019780384, 29.412156087034724], [-87.50404603486271, 29.412156087034724], [-87.50404603486271, 29.367200143859034], [-87.36917820533563, 29.27728825750766], [-87.36917820533563, 29.187376371156283], [-87.23431037580855, 29.097464484804906], [-87.23431037580855, 29.007552598453533], [-87.18935443263285, 29.007552598453533], [-87.18935443263285, 28.962596655277842], [-87.14439848945716, 28.962596655277842], [-87.14439848945716, 28.917640712102155], [-87.09944254628147, 28.917640712102155], [-87.09944254628147, 28.87268476892647], [-86.96457471675438, 28.78277288257509], [-86.96457471675438, 28.692860996223715], [-86.91961877357869, 28.692860996223715], [-86.91961877357869, 28.647905053048028], [-86.874662830403, 28.647905053048028], [-86.874662830403, 28.60294910987234], [-86.8297068872273, 28.60294910987234], [-86.8297068872273, 28.557993166696654], [-86.78475094405161, 28.557993166696654], [-86.78475094405161, 28.513037223520964], [-86.73979500087592, 28.513037223520964], [-86.73979500087592, 28.468081280345277], [-86.69483905770022, 28.468081280345277], [-86.69483905770022, 28.42312533716959], [-86.64988311452453, 28.42312533716959], [-86.64988311452453, 28.3781693939939], [-86.60492717134883, 28.3781693939939], [-86.60492717134883, 28.333213450818214], [-86.55997122817314, 28.333213450818214], [-86.55997122817314, 28.288257507642527], [-86.42510339864606, 28.19834562129115], [-86.42510339864606, 28.108433734939773], [-86.38014745547036, 28.108433734939773], [-86.38014745547036, 28.063477791764086], [-86.24527962594328, 27.973565905412713], [-86.24527962594328, 27.883654019061336], [-86.1553677395919, 27.83869807588565], [-86.1553677395919, 27.748786189534272], [-86.1104117964162, 27.748786189534272], [-86.1104117964162, 27.658874303182895], [-86.06545585324051, 27.658874303182895], [-86.06545585324051, 27.56896241683152], [-85.97554396688912, 27.52400647365583], [-85.97554396688912, 27.389138644128767], [-85.93058802371343, 27.389138644128767], [-85.93058802371343, 27.299226757777394], [-85.88563208053773, 27.299226757777394], [-85.88563208053773, 26.804711382844825], [-85.93058802371343, 26.804711382844825], [-85.93058802371343, 26.66984355331776], [-85.97554396688912, 26.66984355331776], [-85.97554396688912, 26.579931666966388], [-86.02049991006481, 26.579931666966388], [-86.06545585324051, 26.400107894263638], [-86.1553677395919, 26.355151951087947], [-86.1553677395919, 26.265240064736574], [-86.24527962594328, 26.220284121560884], [-86.24527962594328, 26.13037223520951], [-86.29023556911898, 26.13037223520951], [-86.29023556911898, 26.08541629203382], [-86.33519151229467, 26.08541629203382], [-86.33519151229467, 26.040460348858133], [-86.38014745547036, 26.040460348858133], [-86.38014745547036, 25.995504405682446], [-86.42510339864606, 25.995504405682446], [-86.42510339864606, 25.950548462506756], [-86.47005934182175, 25.950548462506756], [-86.55997122817314, 25.815680632979692], [-86.64988311452453, 25.815680632979692], [-86.69483905770022, 25.72576874662832], [-86.78475094405161, 25.72576874662832], [-86.78475094405161, 25.680812803452632], [-86.8297068872273, 25.680812803452632], [-86.8297068872273, 25.63585686027694], [-86.91961877357869, 25.63585686027694], [-86.96457471675438, 25.545944973925568], [-87.05448660310577, 25.545944973925568], [-87.05448660310577, 25.500989030749878], [-87.18935443263285, 25.500989030749878], [-87.18935443263285, 25.45603308757419], [-87.32422226215994, 25.45603308757419], [-87.32422226215994, 25.411077144398504], [-87.68386980756549, 25.411077144398504], [-87.68386980756549, 25.45603308757419], [-87.95360546661965, 25.500989030749878], [-87.95360546661965, 25.545944973925568], [-88.04351735297104, 25.545944973925568], [-88.08847329614673, 25.63585686027694], [-88.17838518249812, 25.63585686027694], [-88.17838518249812, 25.680812803452632], [-88.3582089552009, 25.72576874662832], [-88.40316489837659, 25.815680632979692], [-88.58298867107936, 25.860636576155382], [-88.58298867107936, 25.90559251933107], [-88.62794461425506, 25.90559251933107], [-88.67290055743075, 25.995504405682446], [-88.76281244378214, 25.995504405682446], [-88.85272433013353, 26.13037223520951], [-88.94263621648491, 26.13037223520951], [-88.94263621648491, 26.175328178385197], [-88.98759215966061, 26.175328178385197], [-88.98759215966061, 26.220284121560884], [-89.077504046012, 26.220284121560884], [-89.12245998918769, 26.31019600791226], [-89.30228376189046, 26.355151951087947], [-89.39219564824185, 26.49001978061501], [-89.57201942094463, 26.5349757237907], [-89.57201942094463, 26.579931666966388], [-89.61697536412032, 26.579931666966388], [-89.61697536412032, 26.624887610142075], [-89.70688725047171, 26.624887610142075], [-89.7518431936474, 26.714799496493452], [-89.84175507999879, 26.714799496493452], [-89.84175507999879, 26.75975543966914], [-89.93166696635018, 26.75975543966914], [-89.97662290952587, 26.849667326020516], [-90.06653479587726, 26.849667326020516], [-90.06653479587726, 26.894623269196202], [-90.11149073905295, 26.894623269196202], [-90.15644668222865, 26.98453515554758], [-90.24635856858004, 26.98453515554758], [-90.24635856858004, 27.029491098723266], [-90.29131451175573, 27.029491098723266], [-90.38122639810712, 27.16435892825033], [-90.4711382844585, 27.16435892825033], [-90.4711382844585, 27.209314871426017], [-90.5160942276342, 27.209314871426017], [-90.5160942276342, 27.254270814601703], [-90.60600611398559, 27.254270814601703], [-90.60600611398559, 27.299226757777394], [-90.65096205716128, 27.299226757777394], [-90.74087394351267, 27.434094587304457], [-90.83078582986406, 27.434094587304457], [-90.83078582986406, 27.479050530480144], [-90.87574177303975, 27.479050530480144], [-90.87574177303975, 27.52400647365583], [-90.92069771621544, 27.52400647365583], [-90.92069771621544, 27.56896241683152], [-90.96565365939114, 27.56896241683152], [-90.96565365939114, 27.613918360007208], [-91.01060960256683, 27.613918360007208], [-91.01060960256683, 27.658874303182895], [-91.05556554574252, 27.658874303182895], [-91.05556554574252, 27.703830246358585], [-91.10052148891822, 27.703830246358585], [-91.10052148891822, 27.748786189534272], [-91.14547743209391, 27.748786189534272], [-91.14547743209391, 27.79374213270996], [-91.280345261621, 27.883654019061336], [-91.280345261621, 27.973565905412713], [-91.41521309114808, 28.063477791764086], [-91.41521309114808, 28.153389678115463], [-91.46016903432377, 28.153389678115463], [-91.46016903432377, 28.19834562129115], [-91.50512497749946, 28.19834562129115], [-91.50512497749946, 28.243301564466837], [-91.55008092067516, 28.243301564466837], [-91.55008092067516, 28.288257507642527], [-91.59503686385085, 28.288257507642527], [-91.59503686385085, 28.333213450818214], [-91.72990469337793, 28.42312533716959], [-91.72990469337793, 28.513037223520964], [-91.86477252290501, 28.60294910987234], [-91.86477252290501, 28.692860996223715], [-91.90972846608071, 28.692860996223715], [-91.90972846608071, 28.78277288257509], [-91.9996403524321, 28.82772882575078], [-91.9996403524321, 28.917640712102155], [-92.04459629560779, 28.917640712102155], [-92.04459629560779, 28.962596655277842], [-92.08955223878348, 28.962596655277842], [-92.08955223878348, 29.007552598453533], [-92.13450818195918, 29.007552598453533], [-92.13450818195918, 29.05250854162922], [-92.17946412513487, 29.05250854162922], [-92.17946412513487, 29.097464484804906], [-92.31433195466195, 29.187376371156283], [-92.31433195466195, 29.27728825750766], [-92.35928789783765, 29.27728825750766], [-92.35928789783765, 29.367200143859034], [-92.40424384101334, 29.367200143859034], [-92.40424384101334, 29.502067973386097], [-92.44919978418903, 29.502067973386097], [-92.44919978418903, 29.726847689264538], [-92.49415572736473, 29.726847689264538], [-92.49415572736473, 29.90667146196729], [-92.53911167054042, 29.90667146196729], [-92.53911167054042, 30.041539291494352], [-92.58406761371612, 30.041539291494352], [-92.58406761371612, 30.356230893724167], [-92.62902355689181, 30.356230893724167]], [[-92.31433195466195, 30.131451177845726], [-92.26937601148626, 30.131451177845726], [-92.26937601148626, 29.81675957561591], [-92.22442006831056, 29.81675957561591], [-92.22442006831056, 29.681891746088848], [-92.17946412513487, 29.681891746088848], [-92.17946412513487, 29.547023916561784], [-92.13450818195918, 29.547023916561784], [-92.13450818195918, 29.412156087034724], [-92.08955223878348, 29.412156087034724], [-92.04459629560779, 29.23233231433197], [-91.9546844092564, 29.187376371156283], [-91.9546844092564, 29.097464484804906], [-91.86477252290501, 29.05250854162922], [-91.86477252290501, 28.962596655277842], [-91.77486063655363, 28.917640712102155], [-91.77486063655363, 28.82772882575078], [-91.68494875020224, 28.78277288257509], [-91.68494875020224, 28.692860996223715], [-91.59503686385085, 28.647905053048028], [-91.59503686385085, 28.557993166696654], [-91.55008092067516, 28.557993166696654], [-91.55008092067516, 28.513037223520964], [-91.41521309114808, 28.42312533716959], [-91.41521309114808, 28.333213450818214], [-91.37025714797238, 28.333213450818214], [-91.37025714797238, 28.288257507642527], [-91.32530120479669, 28.288257507642527], [-91.32530120479669, 28.243301564466837], [-91.1904333752696, 28.153389678115463], [-91.1904333752696, 28.063477791764086], [-91.14547743209391, 28.063477791764086], [-91.14547743209391, 28.0185218485884], [-91.10052148891822, 28.0185218485884], [-91.10052148891822, 27.973565905412713], [-91.05556554574252, 27.973565905412713], [-91.05556554574252, 27.928609962237022], [-91.01060960256683, 27.928609962237022], [-91.01060960256683, 27.883654019061336], [-90.96565365939114, 27.883654019061336], [-90.96565365939114, 27.83869807588565], [-90.92069771621544, 27.83869807588565], [-90.92069771621544, 27.79374213270996], [-90.87574177303975, 27.79374213270996], [-90.87574177303975, 27.748786189534272], [-90.83078582986406, 27.748786189534272], [-90.83078582986406, 27.703830246358585], [-90.78582988668836, 27.703830246358585], [-90.78582988668836, 27.658874303182895], [-90.74087394351267, 27.658874303182895], [-90.74087394351267, 27.613918360007208], [-90.69591800033697, 27.613918360007208], [-90.69591800033697, 27.56896241683152], [-90.65096205716128, 27.56896241683152], [-90.56105017080989, 27.434094587304457], [-90.4711382844585, 27.434094587304457], [-90.38122639810712, 27.299226757777394], [-90.29131451175573, 27.299226757777394], [-90.20140262540434, 27.16435892825033], [-90.11149073905295, 27.16435892825033], [-90.02157885270157, 27.029491098723266], [-89.93166696635018, 27.029491098723266], [-89.88671102317448, 26.93957921237189], [-89.7967991368231, 26.93957921237189], [-89.7518431936474, 26.849667326020516], [-89.66193130729602, 26.849667326020516], [-89.61697536412032, 26.75975543966914], [-89.52706347776893, 26.75975543966914], [-89.48210753459324, 26.66984355331776], [-89.39219564824185, 26.66984355331776], [-89.39219564824185, 26.624887610142075], [-89.34723970506616, 26.624887610142075], [-89.34723970506616, 26.579931666966388], [-89.25732781871477, 26.579931666966388], [-89.21237187553908, 26.49001978061501], [-89.12245998918769, 26.49001978061501], [-89.12245998918769, 26.445063837439324], [-89.0325481028363, 26.445063837439324], [-88.98759215966061, 26.355151951087947], [-88.89768027330922, 26.355151951087947], [-88.85272433013353, 26.265240064736574], [-88.76281244378214, 26.265240064736574], [-88.67290055743075, 26.13037223520951], [-88.58298867107936, 26.13037223520951], [-88.49307678472798, 25.995504405682446], [-88.40316489837659, 25.995504405682446], [-88.3582089552009, 25.90559251933107], [-88.2682970688495, 25.90559251933107], [-88.22334112567381, 25.815680632979692], [-88.13342923932242, 25.815680632979692], [-88.13342923932242, 25.770724689804005], [-88.08847329614673, 25.770724689804005], [-88.08847329614673, 25.72576874662832], [-87.99856140979534, 25.72576874662832], [-87.95360546661965, 25.63585686027694], [-87.86369358026826, 25.63585686027694], [-87.86369358026826, 25.590900917101255], [-87.72882575074118, 25.590900917101255], [-87.72882575074118, 25.545944973925568], [-87.27926631898424, 25.545944973925568], [-87.27926631898424, 25.590900917101255], [-87.14439848945716, 25.590900917101255], [-87.14439848945716, 25.63585686027694], [-87.05448660310577, 25.63585686027694], [-87.00953065993008, 25.72576874662832], [-86.91961877357869, 25.72576874662832], [-86.874662830403, 25.815680632979692], [-86.78475094405161, 25.815680632979692], [-86.69483905770022, 25.950548462506756], [-86.60492717134883, 25.950548462506756], [-86.60492717134883, 25.995504405682446], [-86.55997122817314, 25.995504405682446], [-86.55997122817314, 26.040460348858133], [-86.51501528499745, 26.040460348858133], [-86.51501528499745, 26.08541629203382], [-86.38014745547036, 26.175328178385197], [-86.38014745547036, 26.265240064736574], [-86.24527962594328, 26.355151951087947], [-86.24527962594328, 26.445063837439324], [-86.1553677395919, 26.49001978061501], [-86.1553677395919, 26.579931666966388], [-86.1104117964162, 26.579931666966388], [-86.1104117964162, 26.66984355331776], [-86.06545585324051, 26.66984355331776], [-86.06545585324051, 26.75975543966914], [-86.02049991006481, 26.75975543966914], [-86.02049991006481, 26.894623269196202], [-85.97554396688912, 26.894623269196202], [-85.97554396688912, 27.16435892825033], [-86.02049991006481, 27.16435892825033], [-86.06545585324051, 27.434094587304457], [-86.1553677395919, 27.479050530480144], [-86.1553677395919, 27.56896241683152], [-86.20032368276759, 27.56896241683152], [-86.20032368276759, 27.658874303182895], [-86.33519151229467, 27.748786189534272], [-86.33519151229467, 27.83869807588565], [-86.38014745547036, 27.83869807588565], [-86.38014745547036, 27.883654019061336], [-86.51501528499745, 27.973565905412713], [-86.51501528499745, 28.063477791764086], [-86.55997122817314, 28.063477791764086], [-86.55997122817314, 28.108433734939773], [-86.60492717134883, 28.108433734939773], [-86.60492717134883, 28.153389678115463], [-86.64988311452453, 28.153389678115463], [-86.64988311452453, 28.19834562129115], [-86.69483905770022, 28.19834562129115], [-86.69483905770022, 28.243301564466837], [-86.73979500087592, 28.243301564466837], [-86.73979500087592, 28.288257507642527], [-86.78475094405161, 28.288257507642527], [-86.78475094405161, 28.333213450818214], [-86.8297068872273, 28.333213450818214], [-86.8297068872273, 28.3781693939939], [-86.874662830403, 28.3781693939939], [-86.874662830403, 28.42312533716959], [-86.91961877357869, 28.42312533716959], [-86.91961877357869, 28.468081280345277], [-86.96457471675438, 28.468081280345277], [-86.96457471675438, 28.513037223520964], [-87.09944254628147, 28.60294910987234], [-87.09944254628147, 28.692860996223715], [-87.14439848945716, 28.692860996223715], [-87.14439848945716, 28.737816939399405], [-87.18935443263285, 28.737816939399405], [-87.18935443263285, 28.78277288257509], [-87.23431037580855, 28.78277288257509], [-87.23431037580855, 28.82772882575078], [-87.36917820533563, 28.917640712102155], [-87.36917820533563, 29.007552598453533], [-87.41413414851132, 29.007552598453533], [-87.41413414851132, 29.05250854162922], [-87.45909009168702, 29.05250854162922], [-87.45909009168702, 29.097464484804906], [-87.50404603486271, 29.097464484804906], [-87.50404603486271, 29.142420427980596], [-87.63891386438979, 29.23233231433197], [-87.63891386438979, 29.322244200683347], [-87.68386980756549, 29.322244200683347], [-87.68386980756549, 29.367200143859034], [-87.81873763709257, 29.45711203021041], [-87.81873763709257, 29.547023916561784], [-87.86369358026826, 29.547023916561784], [-87.86369358026826, 29.591979859737474], [-87.90864952344396, 29.591979859737474], [-87.90864952344396, 29.63693580291316], [-87.95360546661965, 29.63693580291316], [-87.95360546661965, 29.681891746088848], [-87.99856140979534, 29.681891746088848], [-87.99856140979534, 29.726847689264538], [-88.13342923932242, 29.81675957561591], [-88.13342923932242, 29.90667146196729], [-88.17838518249812, 29.90667146196729], [-88.17838518249812, 29.951627405142975], [-88.22334112567381, 29.951627405142975], [-88.22334112567381, 29.996583348318666], [-88.2682970688495, 29.996583348318666], [-88.2682970688495, 30.041539291494352], [-88.3132530120252, 30.041539291494352], [-88.3132530120252, 30.08649523467004], [-88.3582089552009, 30.08649523467004], [-88.3582089552009, 30.131451177845726], [-88.40316489837659, 30.131451177845726], [-88.40316489837659, 30.176407121021416], [-88.44812084155228, 30.176407121021416], [-88.44812084155228, 30.221363064197103], [-88.49307678472798, 30.221363064197103], [-88.49307678472798, 30.26631900737279], [-88.53803272790367, 30.26631900737279], [-88.53803272790367, 30.31127495054848], [-88.67290055743075, 30.401186836899853], [-88.67290055743075, 30.49109872325123], [-88.71785650060644, 30.49109872325123], [-88.71785650060644, 30.536054666426917], [-88.76281244378214, 30.536054666426917], [-88.76281244378214, 30.581010609602608], [-88.80776838695783, 30.581010609602608], [-88.80776838695783, 30.625966552778294], [-88.85272433013353, 30.625966552778294], [-88.85272433013353, 30.67092249595398], [-88.89768027330922, 30.67092249595398], [-88.89768027330922, 30.71587843912967], [-88.94263621648491, 30.71587843912967], [-88.94263621648491, 30.760834382305358], [-88.98759215966061, 30.760834382305358], [-88.98759215966061, 30.805790325481045], [-89.0325481028363, 30.805790325481045], [-89.0325481028363, 30.850746268656735], [-89.077504046012, 30.850746268656735], [-89.077504046012, 30.895702211832422], [-89.12245998918769, 30.895702211832422], [-89.12245998918769, 30.94065815500811], [-89.16741593236338, 30.94065815500811], [-89.16741593236338, 30.985614098183795], [-89.21237187553908, 30.985614098183795], [-89.21237187553908, 31.030570041359486], [-89.25732781871477, 31.030570041359486], [-89.25732781871477, 31.075525984535172], [-89.30228376189046, 31.075525984535172], [-89.30228376189046, 31.12048192771086], [-89.34723970506616, 31.12048192771086], [-89.34723970506616, 31.16543787088655], [-89.39219564824185, 31.16543787088655], [-89.39219564824185, 31.210393814062236], [-89.43715159141755, 31.210393814062236], [-89.43715159141755, 31.255349757237923], [-89.48210753459324, 31.255349757237923], [-89.48210753459324, 31.300305700413613], [-89.52706347776893, 31.300305700413613], [-89.52706347776893, 31.3452616435893], [-89.57201942094463, 31.3452616435893], [-89.57201942094463, 31.390217586764987], [-89.61697536412032, 31.390217586764987], [-89.61697536412032, 31.435173529940677], [-89.66193130729602, 31.435173529940677], [-89.7518431936474, 31.570041359467737], [-89.84175507999879, 31.570041359467737], [-89.93166696635018, 31.7049091889948], [-90.02157885270157, 31.7049091889948], [-90.06653479587726, 31.794821075346178], [-90.15644668222865, 31.794821075346178], [-90.15644668222865, 31.839777018521865], [-90.20140262540434, 31.839777018521865], [-90.20140262540434, 31.884732961697555], [-90.29131451175573, 31.884732961697555], [-90.33627045493142, 31.97464484804893], [-90.42618234128281, 31.97464484804893], [-90.42618234128281, 32.01960079122462], [-90.5160942276342, 32.01960079122462], [-90.5160942276342, 32.064556734400306], [-90.65096205716128, 32.064556734400306], [-90.65096205716128, 32.10951267757599], [-90.78582988668836, 32.10951267757599], [-90.78582988668836, 32.154468620751686], [-90.92069771621544, 32.154468620751686], [-90.92069771621544, 32.199424563927366], [-91.01060960256683, 32.199424563927366], [-91.01060960256683, 32.154468620751686], [-91.1904333752696, 32.154468620751686], [-91.1904333752696, 32.10951267757599], [-91.32530120479669, 32.10951267757599], [-91.32530120479669, 32.064556734400306], [-91.46016903432377, 32.064556734400306], [-91.46016903432377, 32.01960079122462], [-91.55008092067516, 32.01960079122462], [-91.55008092067516, 31.97464484804893], [-91.63999280702654, 31.97464484804893], [-91.63999280702654, 31.92968890487324], [-91.68494875020224, 31.92968890487324], [-91.68494875020224, 31.884732961697555], [-91.72990469337793, 31.884732961697555], [-91.72990469337793, 31.839777018521865], [-91.77486063655363, 31.839777018521865], [-91.77486063655363, 31.794821075346178], [-91.81981657972932, 31.794821075346178], [-91.81981657972932, 31.74986513217049], [-91.86477252290501, 31.74986513217049], [-91.86477252290501, 31.7049091889948], [-91.9996403524321, 31.614997302643427], [-91.9996403524321, 31.52508541629205], [-92.08955223878348, 31.480129473116364], [-92.08955223878348, 31.390217586764987], [-92.13450818195918, 31.390217586764987], [-92.13450818195918, 31.300305700413613], [-92.17946412513487, 31.300305700413613], [-92.17946412513487, 31.210393814062236], [-92.22442006831056, 31.210393814062236], [-92.22442006831056, 31.075525984535172], [-92.26937601148626, 31.075525984535172], [-92.26937601148626, 30.805790325481045], [-92.31433195466195, 30.805790325481045], [-92.31433195466195, 30.131451177845726]]]]}}, {"type": "Feature", "properties": {"shapefile": "2021082900_wsp50knt120hr_5km", "PERCENTAGE": "20-30%"}, "geometry": {"type": "MultiPolygon", "coordinates": [[[[-92.31433195466195, 30.131451177845726], [-92.31433195466195, 30.805790325481045], [-92.26937601148626, 30.805790325481045], [-92.26937601148626, 31.075525984535172], [-92.22442006831056, 31.075525984535172], [-92.22442006831056, 31.210393814062236], [-92.17946412513487, 31.210393814062236], [-92.17946412513487, 31.300305700413613], [-92.13450818195918, 31.300305700413613], [-92.08955223878348, 31.480129473116364], [-91.9996403524321, 31.52508541629205], [-91.9996403524321, 31.614997302643427], [-91.9546844092564, 31.614997302643427], [-91.9546844092564, 31.659953245819114], [-91.90972846608071, 31.659953245819114], [-91.90972846608071, 31.7049091889948], [-91.86477252290501, 31.7049091889948], [-91.86477252290501, 31.74986513217049], [-91.81981657972932, 31.74986513217049], [-91.81981657972932, 31.794821075346178], [-91.77486063655363, 31.794821075346178], [-91.77486063655363, 31.839777018521865], [-91.72990469337793, 31.839777018521865], [-91.63999280702654, 31.97464484804893], [-91.55008092067516, 31.97464484804893], [-91.55008092067516, 32.01960079122462], [-91.46016903432377, 32.01960079122462], [-91.46016903432377, 32.064556734400306], [-91.32530120479669, 32.064556734400306], [-91.32530120479669, 32.10951267757599], [-91.1904333752696, 32.10951267757599], [-91.1904333752696, 32.154468620751686], [-91.01060960256683, 32.154468620751686], [-91.01060960256683, 32.199424563927366], [-90.92069771621544, 32.199424563927366], [-90.92069771621544, 32.154468620751686], [-90.78582988668836, 32.154468620751686], [-90.78582988668836, 32.10951267757599], [-90.65096205716128, 32.10951267757599], [-90.65096205716128, 32.064556734400306], [-90.5160942276342, 32.064556734400306], [-90.5160942276342, 32.01960079122462], [-90.42618234128281, 32.01960079122462], [-90.42618234128281, 31.97464484804893], [-90.33627045493142, 31.97464484804893], [-90.33627045493142, 31.92968890487324], [-90.29131451175573, 31.92968890487324], [-90.29131451175573, 31.884732961697555], [-90.20140262540434, 31.884732961697555], [-90.15644668222865, 31.794821075346178], [-90.06653479587726, 31.794821075346178], [-90.02157885270157, 31.7049091889948], [-89.93166696635018, 31.7049091889948], [-89.84175507999879, 31.570041359467737], [-89.7518431936474, 31.570041359467737], [-89.7518431936474, 31.52508541629205], [-89.70688725047171, 31.52508541629205], [-89.70688725047171, 31.480129473116364], [-89.66193130729602, 31.480129473116364], [-89.66193130729602, 31.435173529940677], [-89.61697536412032, 31.435173529940677], [-89.61697536412032, 31.390217586764987], [-89.57201942094463, 31.390217586764987], [-89.57201942094463, 31.3452616435893], [-89.52706347776893, 31.3452616435893], [-89.52706347776893, 31.300305700413613], [-89.48210753459324, 31.300305700413613], [-89.48210753459324, 31.255349757237923], [-89.43715159141755, 31.255349757237923], [-89.43715159141755, 31.210393814062236], [-89.39219564824185, 31.210393814062236], [-89.39219564824185, 31.16543787088655], [-89.34723970506616, 31.16543787088655], [-89.34723970506616, 31.12048192771086], [-89.30228376189046, 31.12048192771086], [-89.30228376189046, 31.075525984535172], [-89.25732781871477, 31.075525984535172], [-89.25732781871477, 31.030570041359486], [-89.21237187553908, 31.030570041359486], [-89.21237187553908, 30.985614098183795], [-89.16741593236338, 30.985614098183795], [-89.16741593236338, 30.94065815500811], [-89.12245998918769, 30.94065815500811], [-89.12245998918769, 30.895702211832422], [-89.077504046012, 30.895702211832422], [-89.077504046012, 30.850746268656735], [-89.0325481028363, 30.850746268656735], [-89.0325481028363, 30.805790325481045], [-88.98759215966061, 30.805790325481045], [-88.98759215966061, 30.760834382305358], [-88.94263621648491, 30.760834382305358], [-88.94263621648491, 30.71587843912967], [-88.89768027330922, 30.71587843912967], [-88.89768027330922, 30.67092249595398], [-88.85272433013353, 30.67092249595398], [-88.85272433013353, 30.625966552778294], [-88.80776838695783, 30.625966552778294], [-88.80776838695783, 30.581010609602608], [-88.67290055743075, 30.49109872325123], [-88.67290055743075, 30.401186836899853], [-88.62794461425506, 30.401186836899853], [-88.62794461425506, 30.356230893724167], [-88.58298867107936, 30.356230893724167], [-88.58298867107936, 30.31127495054848], [-88.53803272790367, 30.31127495054848], [-88.53803272790367, 30.26631900737279], [-88.49307678472798, 30.26631900737279], [-88.49307678472798, 30.221363064197103], [-88.44812084155228, 30.221363064197103], [-88.44812084155228, 30.176407121021416], [-88.40316489837659, 30.176407121021416], [-88.40316489837659, 30.131451177845726], [-88.3582089552009, 30.131451177845726], [-88.3582089552009, 30.08649523467004], [-88.3132530120252, 30.08649523467004], [-88.3132530120252, 30.041539291494352], [-88.2682970688495, 30.041539291494352], [-88.2682970688495, 29.996583348318666], [-88.13342923932242, 29.90667146196729], [-88.13342923932242, 29.81675957561591], [-88.08847329614673, 29.81675957561591], [-88.08847329614673, 29.771803632440225], [-88.04351735297104, 29.771803632440225], [-88.04351735297104, 29.726847689264538], [-87.99856140979534, 29.726847689264538], [-87.99856140979534, 29.681891746088848], [-87.95360546661965, 29.681891746088848], [-87.95360546661965, 29.63693580291316], [-87.81873763709257, 29.547023916561784], [-87.81873763709257, 29.45711203021041], [-87.77378169391687, 29.45711203021041], [-87.77378169391687, 29.412156087034724], [-87.63891386438979, 29.322244200683347], [-87.63891386438979, 29.23233231433197], [-87.5939579212141, 29.23233231433197], [-87.5939579212141, 29.187376371156283], [-87.5490019780384, 29.187376371156283], [-87.5490019780384, 29.142420427980596], [-87.50404603486271, 29.142420427980596], [-87.50404603486271, 29.097464484804906], [-87.36917820533563, 29.007552598453533], [-87.36917820533563, 28.917640712102155], [-87.32422226215994, 28.917640712102155], [-87.32422226215994, 28.87268476892647], [-87.27926631898424, 28.87268476892647], [-87.27926631898424, 28.82772882575078], [-87.23431037580855, 28.82772882575078], [-87.23431037580855, 28.78277288257509], [-87.09944254628147, 28.692860996223715], [-87.09944254628147, 28.60294910987234], [-87.05448660310577, 28.60294910987234], [-87.05448660310577, 28.557993166696654], [-87.00953065993008, 28.557993166696654], [-87.00953065993008, 28.513037223520964], [-86.96457471675438, 28.513037223520964], [-86.96457471675438, 28.468081280345277], [-86.91961877357869, 28.468081280345277], [-86.91961877357869, 28.42312533716959], [-86.874662830403, 28.42312533716959], [-86.874662830403, 28.3781693939939], [-86.8297068872273, 28.3781693939939], [-86.8297068872273, 28.333213450818214], [-86.78475094405161, 28.333213450818214], [-86.78475094405161, 28.288257507642527], [-86.73979500087592, 28.288257507642527], [-86.73979500087592, 28.243301564466837], [-86.69483905770022, 28.243301564466837], [-86.69483905770022, 28.19834562129115], [-86.64988311452453, 28.19834562129115], [-86.64988311452453, 28.153389678115463], [-86.51501528499745, 28.063477791764086], [-86.51501528499745, 27.973565905412713], [-86.47005934182175, 27.973565905412713], [-86.47005934182175, 27.928609962237022], [-86.33519151229467, 27.83869807588565], [-86.33519151229467, 27.748786189534272], [-86.20032368276759, 27.658874303182895], [-86.1553677395919, 27.479050530480144], [-86.06545585324051, 27.434094587304457], [-86.06545585324051, 27.299226757777394], [-86.02049991006481, 27.299226757777394], [-86.02049991006481, 27.16435892825033], [-85.97554396688912, 27.16435892825033], [-85.97554396688912, 26.894623269196202], [-86.02049991006481, 26.894623269196202], [-86.02049991006481, 26.75975543966914], [-86.06545585324051, 26.75975543966914], [-86.06545585324051, 26.66984355331776], [-86.1104117964162, 26.66984355331776], [-86.1553677395919, 26.49001978061501], [-86.24527962594328, 26.445063837439324], [-86.24527962594328, 26.355151951087947], [-86.38014745547036, 26.265240064736574], [-86.38014745547036, 26.175328178385197], [-86.42510339864606, 26.175328178385197], [-86.42510339864606, 26.13037223520951], [-86.47005934182175, 26.13037223520951], [-86.47005934182175, 26.08541629203382], [-86.51501528499745, 26.08541629203382], [-86.60492717134883, 25.950548462506756], [-86.69483905770022, 25.950548462506756], [-86.78475094405161, 25.815680632979692], [-86.874662830403, 25.815680632979692], [-86.91961877357869, 25.72576874662832], [-87.00953065993008, 25.72576874662832], [-87.00953065993008, 25.680812803452632], [-87.05448660310577, 25.680812803452632], [-87.05448660310577, 25.63585686027694], [-87.14439848945716, 25.63585686027694], [-87.14439848945716, 25.590900917101255], [-87.27926631898424, 25.590900917101255], [-87.27926631898424, 25.545944973925568], [-87.72882575074118, 25.545944973925568], [-87.72882575074118, 25.590900917101255], [-87.86369358026826, 25.590900917101255], [-87.86369358026826, 25.63585686027694], [-87.95360546661965, 25.63585686027694], [-87.99856140979534, 25.72576874662832], [-88.08847329614673, 25.72576874662832], [-88.08847329614673, 25.770724689804005], [-88.13342923932242, 25.770724689804005], [-88.13342923932242, 25.815680632979692], [-88.22334112567381, 25.815680632979692], [-88.2682970688495, 25.90559251933107], [-88.3582089552009, 25.90559251933107], [-88.40316489837659, 25.995504405682446], [-88.49307678472798, 25.995504405682446], [-88.58298867107936, 26.13037223520951], [-88.67290055743075, 26.13037223520951], [-88.76281244378214, 26.265240064736574], [-88.85272433013353, 26.265240064736574], [-88.85272433013353, 26.31019600791226], [-88.89768027330922, 26.31019600791226], [-88.89768027330922, 26.355151951087947], [-88.98759215966061, 26.355151951087947], [-89.0325481028363, 26.445063837439324], [-89.21237187553908, 26.49001978061501], [-89.25732781871477, 26.579931666966388], [-89.34723970506616, 26.579931666966388], [-89.34723970506616, 26.624887610142075], [-89.39219564824185, 26.624887610142075], [-89.39219564824185, 26.66984355331776], [-89.48210753459324, 26.66984355331776], [-89.52706347776893, 26.75975543966914], [-89.61697536412032, 26.75975543966914], [-89.66193130729602, 26.849667326020516], [-89.7518431936474, 26.849667326020516], [-89.7518431936474, 26.894623269196202], [-89.7967991368231, 26.894623269196202], [-89.7967991368231, 26.93957921237189], [-89.88671102317448, 26.93957921237189], [-89.93166696635018, 27.029491098723266], [-90.02157885270157, 27.029491098723266], [-90.11149073905295, 27.16435892825033], [-90.20140262540434, 27.16435892825033], [-90.29131451175573, 27.299226757777394], [-90.38122639810712, 27.299226757777394], [-90.4711382844585, 27.434094587304457], [-90.56105017080989, 27.434094587304457], [-90.56105017080989, 27.479050530480144], [-90.60600611398559, 27.479050530480144], [-90.60600611398559, 27.52400647365583], [-90.65096205716128, 27.52400647365583], [-90.65096205716128, 27.56896241683152], [-90.69591800033697, 27.56896241683152], [-90.69591800033697, 27.613918360007208], [-90.74087394351267, 27.613918360007208], [-90.74087394351267, 27.658874303182895], [-90.78582988668836, 27.658874303182895], [-90.78582988668836, 27.703830246358585], [-90.83078582986406, 27.703830246358585], [-90.83078582986406, 27.748786189534272], [-90.87574177303975, 27.748786189534272], [-90.87574177303975, 27.79374213270996], [-90.92069771621544, 27.79374213270996], [-90.92069771621544, 27.83869807588565], [-90.96565365939114, 27.83869807588565], [-90.96565365939114, 27.883654019061336], [-91.01060960256683, 27.883654019061336], [-91.01060960256683, 27.928609962237022], [-91.05556554574252, 27.928609962237022], [-91.05556554574252, 27.973565905412713], [-91.1904333752696, 28.063477791764086], [-91.1904333752696, 28.153389678115463], [-91.2353893184453, 28.153389678115463], [-91.2353893184453, 28.19834562129115], [-91.280345261621, 28.19834562129115], [-91.280345261621, 28.243301564466837], [-91.41521309114808, 28.333213450818214], [-91.41521309114808, 28.42312533716959], [-91.46016903432377, 28.42312533716959], [-91.46016903432377, 28.468081280345277], [-91.59503686385085, 28.557993166696654], [-91.59503686385085, 28.647905053048028], [-91.68494875020224, 28.692860996223715], [-91.68494875020224, 28.78277288257509], [-91.77486063655363, 28.82772882575078], [-91.77486063655363, 28.917640712102155], [-91.86477252290501, 28.962596655277842], [-91.86477252290501, 29.05250854162922], [-91.90972846608071, 29.05250854162922], [-91.90972846608071, 29.097464484804906], [-91.9546844092564, 29.097464484804906], [-91.9546844092564, 29.187376371156283], [-92.04459629560779, 29.23233231433197], [-92.04459629560779, 29.322244200683347], [-92.08955223878348, 29.322244200683347], [-92.08955223878348, 29.412156087034724], [-92.13450818195918, 29.412156087034724], [-92.13450818195918, 29.547023916561784], [-92.17946412513487, 29.547023916561784], [-92.17946412513487, 29.681891746088848], [-92.22442006831056, 29.681891746088848], [-92.22442006831056, 29.81675957561591], [-92.26937601148626, 29.81675957561591], [-92.26937601148626, 30.131451177845726], [-92.31433195466195, 30.131451177845726]], [[-92.13450818195918, 30.176407121021416], [-92.08955223878348, 30.176407121021416], [-92.08955223878348, 29.90667146196729], [-92.04459629560779, 29.90667146196729], [-92.04459629560779, 29.726847689264538], [-91.9996403524321, 29.726847689264538], [-91.9996403524321, 29.591979859737474], [-91.9546844092564, 29.591979859737474], [-91.9546844092564, 29.502067973386097], [-91.90972846608071, 29.502067973386097], [-91.90972846608071, 29.412156087034724], [-91.86477252290501, 29.412156087034724], [-91.86477252290501, 29.322244200683347], [-91.81981657972932, 29.322244200683347], [-91.77486063655363, 29.142420427980596], [-91.68494875020224, 29.097464484804906], [-91.68494875020224, 29.007552598453533], [-91.59503686385085, 28.962596655277842], [-91.59503686385085, 28.87268476892647], [-91.50512497749946, 28.82772882575078], [-91.50512497749946, 28.737816939399405], [-91.37025714797238, 28.647905053048028], [-91.37025714797238, 28.557993166696654], [-91.32530120479669, 28.557993166696654], [-91.32530120479669, 28.513037223520964], [-91.1904333752696, 28.42312533716959], [-91.1904333752696, 28.333213450818214], [-91.14547743209391, 28.333213450818214], [-91.14547743209391, 28.288257507642527], [-91.01060960256683, 28.19834562129115], [-91.01060960256683, 28.108433734939773], [-90.96565365939114, 28.108433734939773], [-90.96565365939114, 28.063477791764086], [-90.92069771621544, 28.063477791764086], [-90.92069771621544, 28.0185218485884], [-90.87574177303975, 28.0185218485884], [-90.87574177303975, 27.973565905412713], [-90.83078582986406, 27.973565905412713], [-90.83078582986406, 27.928609962237022], [-90.78582988668836, 27.928609962237022], [-90.78582988668836, 27.883654019061336], [-90.74087394351267, 27.883654019061336], [-90.74087394351267, 27.83869807588565], [-90.69591800033697, 27.83869807588565], [-90.69591800033697, 27.79374213270996], [-90.65096205716128, 27.79374213270996], [-90.65096205716128, 27.748786189534272], [-90.60600611398559, 27.748786189534272], [-90.60600611398559, 27.703830246358585], [-90.56105017080989, 27.703830246358585], [-90.4711382844585, 27.56896241683152], [-90.38122639810712, 27.56896241683152], [-90.38122639810712, 27.52400647365583], [-90.33627045493142, 27.52400647365583], [-90.24635856858004, 27.389138644128767], [-90.15644668222865, 27.389138644128767], [-90.15644668222865, 27.34418270095308], [-90.11149073905295, 27.34418270095308], [-90.02157885270157, 27.209314871426017], [-89.93166696635018, 27.209314871426017], [-89.93166696635018, 27.16435892825033], [-89.88671102317448, 27.16435892825033], [-89.88671102317448, 27.119402985074643], [-89.7967991368231, 27.119402985074643], [-89.7518431936474, 27.029491098723266], [-89.66193130729602, 27.029491098723266], [-89.61697536412032, 26.93957921237189], [-89.52706347776893, 26.93957921237189], [-89.52706347776893, 26.894623269196202], [-89.48210753459324, 26.894623269196202], [-89.48210753459324, 26.849667326020516], [-89.39219564824185, 26.849667326020516], [-89.34723970506616, 26.75975543966914], [-89.25732781871477, 26.75975543966914], [-89.21237187553908, 26.66984355331776], [-89.12245998918769, 26.66984355331776], [-89.077504046012, 26.579931666966388], [-88.98759215966061, 26.579931666966388], [-88.94263621648491, 26.49001978061501], [-88.85272433013353, 26.49001978061501], [-88.80776838695783, 26.400107894263638], [-88.71785650060644, 26.400107894263638], [-88.62794461425506, 26.265240064736574], [-88.53803272790367, 26.265240064736574], [-88.44812084155228, 26.13037223520951], [-88.3582089552009, 26.13037223520951], [-88.2682970688495, 25.995504405682446], [-88.17838518249812, 25.995504405682446], [-88.17838518249812, 25.950548462506756], [-88.13342923932242, 25.950548462506756], [-88.08847329614673, 25.860636576155382], [-87.99856140979534, 25.860636576155382], [-87.95360546661965, 25.770724689804005], [-87.77378169391687, 25.72576874662832], [-87.77378169391687, 25.680812803452632], [-87.68386980756549, 25.680812803452632], [-87.68386980756549, 25.63585686027694], [-87.32422226215994, 25.63585686027694], [-87.32422226215994, 25.680812803452632], [-87.18935443263285, 25.680812803452632], [-87.18935443263285, 25.72576874662832], [-87.09944254628147, 25.72576874662832], [-87.05448660310577, 25.815680632979692], [-86.96457471675438, 25.815680632979692], [-86.96457471675438, 25.860636576155382], [-86.91961877357869, 25.860636576155382], [-86.8297068872273, 25.995504405682446], [-86.73979500087592, 25.995504405682446], [-86.73979500087592, 26.040460348858133], [-86.69483905770022, 26.040460348858133], [-86.69483905770022, 26.08541629203382], [-86.64988311452453, 26.08541629203382], [-86.64988311452453, 26.13037223520951], [-86.60492717134883, 26.13037223520951], [-86.60492717134883, 26.175328178385197], [-86.55997122817314, 26.175328178385197], [-86.55997122817314, 26.220284121560884], [-86.42510339864606, 26.31019600791226], [-86.42510339864606, 26.400107894263638], [-86.29023556911898, 26.49001978061501], [-86.29023556911898, 26.579931666966388], [-86.20032368276759, 26.624887610142075], [-86.20032368276759, 26.714799496493452], [-86.1553677395919, 26.714799496493452], [-86.1553677395919, 26.804711382844825], [-86.1104117964162, 26.804711382844825], [-86.1104117964162, 26.98453515554758], [-86.06545585324051, 26.98453515554758], [-86.06545585324051, 27.074447041898953], [-86.1104117964162, 27.074447041898953], [-86.1104117964162, 27.254270814601703], [-86.1553677395919, 27.254270814601703], [-86.1553677395919, 27.34418270095308], [-86.20032368276759, 27.34418270095308], [-86.24527962594328, 27.52400647365583], [-86.38014745547036, 27.613918360007208], [-86.38014745547036, 27.703830246358585], [-86.42510339864606, 27.703830246358585], [-86.42510339864606, 27.748786189534272], [-86.47005934182175, 27.748786189534272], [-86.47005934182175, 27.79374213270996], [-86.51501528499745, 27.79374213270996], [-86.51501528499745, 27.83869807588565], [-86.55997122817314, 27.83869807588565], [-86.55997122817314, 27.883654019061336], [-86.69483905770022, 27.973565905412713], [-86.69483905770022, 28.063477791764086], [-86.73979500087592, 28.063477791764086], [-86.73979500087592, 28.108433734939773], [-86.78475094405161, 28.108433734939773], [-86.78475094405161, 28.153389678115463], [-86.8297068872273, 28.153389678115463], [-86.8297068872273, 28.19834562129115], [-86.874662830403, 28.19834562129115], [-86.874662830403, 28.243301564466837], [-86.91961877357869, 28.243301564466837], [-86.91961877357869, 28.288257507642527], [-86.96457471675438, 28.288257507642527], [-86.96457471675438, 28.333213450818214], [-87.00953065993008, 28.333213450818214], [-87.00953065993008, 28.3781693939939], [-87.05448660310577, 28.3781693939939], [-87.05448660310577, 28.42312533716959], [-87.09944254628147, 28.42312533716959], [-87.09944254628147, 28.468081280345277], [-87.14439848945716, 28.468081280345277], [-87.14439848945716, 28.513037223520964], [-87.18935443263285, 28.513037223520964], [-87.18935443263285, 28.557993166696654], [-87.23431037580855, 28.557993166696654], [-87.23431037580855, 28.60294910987234], [-87.27926631898424, 28.60294910987234], [-87.27926631898424, 28.647905053048028], [-87.41413414851132, 28.737816939399405], [-87.41413414851132, 28.82772882575078], [-87.45909009168702, 28.82772882575078], [-87.45909009168702, 28.87268476892647], [-87.50404603486271, 28.87268476892647], [-87.50404603486271, 28.917640712102155], [-87.5490019780384, 28.917640712102155], [-87.5490019780384, 28.962596655277842], [-87.5939579212141, 28.962596655277842], [-87.5939579212141, 29.007552598453533], [-87.72882575074118, 29.097464484804906], [-87.72882575074118, 29.187376371156283], [-87.77378169391687, 29.187376371156283], [-87.77378169391687, 29.23233231433197], [-87.81873763709257, 29.23233231433197], [-87.81873763709257, 29.27728825750766], [-87.86369358026826, 29.27728825750766], [-87.86369358026826, 29.322244200683347], [-87.90864952344396, 29.322244200683347], [-87.90864952344396, 29.367200143859034], [-88.04351735297104, 29.45711203021041], [-88.04351735297104, 29.547023916561784], [-88.08847329614673, 29.547023916561784], [-88.08847329614673, 29.591979859737474], [-88.13342923932242, 29.591979859737474], [-88.13342923932242, 29.63693580291316], [-88.17838518249812, 29.63693580291316], [-88.17838518249812, 29.681891746088848], [-88.22334112567381, 29.681891746088848], [-88.22334112567381, 29.726847689264538], [-88.2682970688495, 29.726847689264538], [-88.2682970688495, 29.771803632440225], [-88.3132530120252, 29.771803632440225], [-88.3132530120252, 29.81675957561591], [-88.44812084155228, 29.90667146196729], [-88.44812084155228, 29.996583348318666], [-88.49307678472798, 29.996583348318666], [-88.49307678472798, 30.041539291494352], [-88.53803272790367, 30.041539291494352], [-88.53803272790367, 30.08649523467004], [-88.58298867107936, 30.08649523467004], [-88.58298867107936, 30.131451177845726], [-88.62794461425506, 30.131451177845726], [-88.62794461425506, 30.176407121021416], [-88.67290055743075, 30.176407121021416], [-88.67290055743075, 30.221363064197103], [-88.71785650060644, 30.221363064197103], [-88.71785650060644, 30.26631900737279], [-88.76281244378214, 30.26631900737279], [-88.76281244378214, 30.31127495054848], [-88.80776838695783, 30.31127495054848], [-88.80776838695783, 30.356230893724167], [-88.85272433013353, 30.356230893724167], [-88.85272433013353, 30.401186836899853], [-88.89768027330922, 30.401186836899853], [-88.89768027330922, 30.446142780075544], [-88.94263621648491, 30.446142780075544], [-88.94263621648491, 30.49109872325123], [-88.98759215966061, 30.49109872325123], [-88.98759215966061, 30.536054666426917], [-89.0325481028363, 30.536054666426917], [-89.0325481028363, 30.581010609602608], [-89.077504046012, 30.581010609602608], [-89.077504046012, 30.625966552778294], [-89.12245998918769, 30.625966552778294], [-89.12245998918769, 30.67092249595398], [-89.16741593236338, 30.67092249595398], [-89.16741593236338, 30.71587843912967], [-89.21237187553908, 30.71587843912967], [-89.21237187553908, 30.760834382305358], [-89.25732781871477, 30.760834382305358], [-89.25732781871477, 30.805790325481045], [-89.30228376189046, 30.805790325481045], [-89.30228376189046, 30.850746268656735], [-89.34723970506616, 30.850746268656735], [-89.34723970506616, 30.895702211832422], [-89.39219564824185, 30.895702211832422], [-89.39219564824185, 30.94065815500811], [-89.43715159141755, 30.94065815500811], [-89.43715159141755, 30.985614098183795], [-89.48210753459324, 30.985614098183795], [-89.48210753459324, 31.030570041359486], [-89.52706347776893, 31.030570041359486], [-89.52706347776893, 31.075525984535172], [-89.57201942094463, 31.075525984535172], [-89.66193130729602, 31.210393814062236], [-89.7518431936474, 31.210393814062236], [-89.7518431936474, 31.255349757237923], [-89.7967991368231, 31.255349757237923], [-89.7967991368231, 31.300305700413613], [-89.84175507999879, 31.300305700413613], [-89.93166696635018, 31.435173529940677], [-90.02157885270157, 31.435173529940677], [-90.11149073905295, 31.570041359467737], [-90.29131451175573, 31.614997302643427], [-90.33627045493142, 31.7049091889948], [-90.42618234128281, 31.7049091889948], [-90.42618234128281, 31.74986513217049], [-90.5160942276342, 31.74986513217049], [-90.5160942276342, 31.794821075346178], [-90.87574177303975, 31.839777018521865], [-90.87574177303975, 31.884732961697555], [-91.05556554574252, 31.884732961697555], [-91.05556554574252, 31.839777018521865], [-91.2353893184453, 31.839777018521865], [-91.2353893184453, 31.794821075346178], [-91.41521309114808, 31.794821075346178], [-91.41521309114808, 31.74986513217049], [-91.50512497749946, 31.74986513217049], [-91.50512497749946, 31.7049091889948], [-91.55008092067516, 31.7049091889948], [-91.55008092067516, 31.659953245819114], [-91.59503686385085, 31.659953245819114], [-91.59503686385085, 31.614997302643427], [-91.63999280702654, 31.614997302643427], [-91.63999280702654, 31.570041359467737], [-91.68494875020224, 31.570041359467737], [-91.68494875020224, 31.52508541629205], [-91.72990469337793, 31.52508541629205], [-91.72990469337793, 31.480129473116364], [-91.86477252290501, 31.390217586764987], [-91.86477252290501, 31.300305700413613], [-91.90972846608071, 31.300305700413613], [-91.90972846608071, 31.210393814062236], [-91.9546844092564, 31.210393814062236], [-91.9546844092564, 31.12048192771086], [-91.9996403524321, 31.12048192771086], [-91.9996403524321, 31.030570041359486], [-92.04459629560779, 31.030570041359486], [-92.04459629560779, 30.895702211832422], [-92.08955223878348, 30.895702211832422], [-92.08955223878348, 30.625966552778294], [-92.13450818195918, 30.625966552778294], [-92.13450818195918, 30.176407121021416]]]]}}, {"type": "Feature", "properties": {"shapefile": "2021082900_wsp50knt120hr_5km", "PERCENTAGE": "30-40%"}, "geometry": {"type": "MultiPolygon", "coordinates": [[[[-92.13450818195918, 30.176407121021416], [-92.13450818195918, 30.625966552778294], [-92.08955223878348, 30.625966552778294], [-92.08955223878348, 30.895702211832422], [-92.04459629560779, 30.895702211832422], [-92.04459629560779, 31.030570041359486], [-91.9996403524321, 31.030570041359486], [-91.9996403524321, 31.12048192771086], [-91.9546844092564, 31.12048192771086], [-91.9546844092564, 31.210393814062236], [-91.90972846608071, 31.210393814062236], [-91.86477252290501, 31.390217586764987], [-91.81981657972932, 31.390217586764987], [-91.81981657972932, 31.435173529940677], [-91.77486063655363, 31.435173529940677], [-91.77486063655363, 31.480129473116364], [-91.72990469337793, 31.480129473116364], [-91.72990469337793, 31.52508541629205], [-91.68494875020224, 31.52508541629205], [-91.68494875020224, 31.570041359467737], [-91.63999280702654, 31.570041359467737], [-91.63999280702654, 31.614997302643427], [-91.50512497749946, 31.7049091889948], [-91.50512497749946, 31.74986513217049], [-91.41521309114808, 31.74986513217049], [-91.41521309114808, 31.794821075346178], [-91.2353893184453, 31.794821075346178], [-91.2353893184453, 31.839777018521865], [-91.05556554574252, 31.839777018521865], [-91.05556554574252, 31.884732961697555], [-90.87574177303975, 31.884732961697555], [-90.87574177303975, 31.839777018521865], [-90.69591800033697, 31.839777018521865], [-90.69591800033697, 31.794821075346178], [-90.5160942276342, 31.794821075346178], [-90.5160942276342, 31.74986513217049], [-90.33627045493142, 31.7049091889948], [-90.29131451175573, 31.614997302643427], [-90.20140262540434, 31.614997302643427], [-90.20140262540434, 31.570041359467737], [-90.11149073905295, 31.570041359467737], [-90.02157885270157, 31.435173529940677], [-89.93166696635018, 31.435173529940677], [-89.93166696635018, 31.390217586764987], [-89.88671102317448, 31.390217586764987], [-89.88671102317448, 31.3452616435893], [-89.84175507999879, 31.3452616435893], [-89.7518431936474, 31.210393814062236], [-89.66193130729602, 31.210393814062236], [-89.66193130729602, 31.16543787088655], [-89.61697536412032, 31.16543787088655], [-89.61697536412032, 31.12048192771086], [-89.57201942094463, 31.12048192771086], [-89.57201942094463, 31.075525984535172], [-89.52706347776893, 31.075525984535172], [-89.52706347776893, 31.030570041359486], [-89.48210753459324, 31.030570041359486], [-89.48210753459324, 30.985614098183795], [-89.43715159141755, 30.985614098183795], [-89.43715159141755, 30.94065815500811], [-89.39219564824185, 30.94065815500811], [-89.39219564824185, 30.895702211832422], [-89.34723970506616, 30.895702211832422], [-89.34723970506616, 30.850746268656735], [-89.30228376189046, 30.850746268656735], [-89.30228376189046, 30.805790325481045], [-89.25732781871477, 30.805790325481045], [-89.25732781871477, 30.760834382305358], [-89.21237187553908, 30.760834382305358], [-89.21237187553908, 30.71587843912967], [-89.16741593236338, 30.71587843912967], [-89.16741593236338, 30.67092249595398], [-89.12245998918769, 30.67092249595398], [-89.12245998918769, 30.625966552778294], [-89.077504046012, 30.625966552778294], [-89.077504046012, 30.581010609602608], [-89.0325481028363, 30.581010609602608], [-89.0325481028363, 30.536054666426917], [-88.98759215966061, 30.536054666426917], [-88.98759215966061, 30.49109872325123], [-88.94263621648491, 30.49109872325123], [-88.94263621648491, 30.446142780075544], [-88.89768027330922, 30.446142780075544], [-88.89768027330922, 30.401186836899853], [-88.85272433013353, 30.401186836899853], [-88.85272433013353, 30.356230893724167], [-88.80776838695783, 30.356230893724167], [-88.80776838695783, 30.31127495054848], [-88.76281244378214, 30.31127495054848], [-88.76281244378214, 30.26631900737279], [-88.71785650060644, 30.26631900737279], [-88.71785650060644, 30.221363064197103], [-88.67290055743075, 30.221363064197103], [-88.67290055743075, 30.176407121021416], [-88.62794461425506, 30.176407121021416], [-88.62794461425506, 30.131451177845726], [-88.58298867107936, 30.131451177845726], [-88.58298867107936, 30.08649523467004], [-88.44812084155228, 29.996583348318666], [-88.44812084155228, 29.90667146196729], [-88.40316489837659, 29.90667146196729], [-88.40316489837659, 29.861715518791602], [-88.3582089552009, 29.861715518791602], [-88.3582089552009, 29.81675957561591], [-88.3132530120252, 29.81675957561591], [-88.3132530120252, 29.771803632440225], [-88.2682970688495, 29.771803632440225], [-88.2682970688495, 29.726847689264538], [-88.22334112567381, 29.726847689264538], [-88.22334112567381, 29.681891746088848], [-88.17838518249812, 29.681891746088848], [-88.17838518249812, 29.63693580291316], [-88.04351735297104, 29.547023916561784], [-88.04351735297104, 29.45711203021041], [-87.99856140979534, 29.45711203021041], [-87.99856140979534, 29.412156087034724], [-87.95360546661965, 29.412156087034724], [-87.95360546661965, 29.367200143859034], [-87.90864952344396, 29.367200143859034], [-87.90864952344396, 29.322244200683347], [-87.86369358026826, 29.322244200683347], [-87.86369358026826, 29.27728825750766], [-87.72882575074118, 29.187376371156283], [-87.72882575074118, 29.097464484804906], [-87.68386980756549, 29.097464484804906], [-87.68386980756549, 29.05250854162922], [-87.63891386438979, 29.05250854162922], [-87.63891386438979, 29.007552598453533], [-87.5939579212141, 29.007552598453533], [-87.5939579212141, 28.962596655277842], [-87.5490019780384, 28.962596655277842], [-87.5490019780384, 28.917640712102155], [-87.41413414851132, 28.82772882575078], [-87.41413414851132, 28.737816939399405], [-87.36917820533563, 28.737816939399405], [-87.36917820533563, 28.692860996223715], [-87.32422226215994, 28.692860996223715], [-87.32422226215994, 28.647905053048028], [-87.27926631898424, 28.647905053048028], [-87.27926631898424, 28.60294910987234], [-87.23431037580855, 28.60294910987234], [-87.23431037580855, 28.557993166696654], [-87.18935443263285, 28.557993166696654], [-87.18935443263285, 28.513037223520964], [-87.14439848945716, 28.513037223520964], [-87.14439848945716, 28.468081280345277], [-87.09944254628147, 28.468081280345277], [-87.09944254628147, 28.42312533716959], [-87.05448660310577, 28.42312533716959], [-87.05448660310577, 28.3781693939939], [-87.00953065993008, 28.3781693939939], [-87.00953065993008, 28.333213450818214], [-86.96457471675438, 28.333213450818214], [-86.96457471675438, 28.288257507642527], [-86.91961877357869, 28.288257507642527], [-86.91961877357869, 28.243301564466837], [-86.874662830403, 28.243301564466837], [-86.874662830403, 28.19834562129115], [-86.8297068872273, 28.19834562129115], [-86.8297068872273, 28.153389678115463], [-86.69483905770022, 28.063477791764086], [-86.69483905770022, 27.973565905412713], [-86.64988311452453, 27.973565905412713], [-86.64988311452453, 27.928609962237022], [-86.60492717134883, 27.928609962237022], [-86.60492717134883, 27.883654019061336], [-86.55997122817314, 27.883654019061336], [-86.55997122817314, 27.83869807588565], [-86.51501528499745, 27.83869807588565], [-86.51501528499745, 27.79374213270996], [-86.38014745547036, 27.703830246358585], [-86.38014745547036, 27.613918360007208], [-86.24527962594328, 27.52400647365583], [-86.24527962594328, 27.434094587304457], [-86.20032368276759, 27.434094587304457], [-86.20032368276759, 27.34418270095308], [-86.1553677395919, 27.34418270095308], [-86.1553677395919, 27.254270814601703], [-86.1104117964162, 27.254270814601703], [-86.1104117964162, 27.074447041898953], [-86.06545585324051, 27.074447041898953], [-86.06545585324051, 26.98453515554758], [-86.1104117964162, 26.98453515554758], [-86.1104117964162, 26.804711382844825], [-86.1553677395919, 26.804711382844825], [-86.20032368276759, 26.624887610142075], [-86.29023556911898, 26.579931666966388], [-86.29023556911898, 26.49001978061501], [-86.42510339864606, 26.400107894263638], [-86.42510339864606, 26.31019600791226], [-86.47005934182175, 26.31019600791226], [-86.47005934182175, 26.265240064736574], [-86.51501528499745, 26.265240064736574], [-86.51501528499745, 26.220284121560884], [-86.55997122817314, 26.220284121560884], [-86.55997122817314, 26.175328178385197], [-86.60492717134883, 26.175328178385197], [-86.60492717134883, 26.13037223520951], [-86.64988311452453, 26.13037223520951], [-86.73979500087592, 25.995504405682446], [-86.8297068872273, 25.995504405682446], [-86.8297068872273, 25.950548462506756], [-86.874662830403, 25.950548462506756], [-86.96457471675438, 25.815680632979692], [-87.05448660310577, 25.815680632979692], [-87.05448660310577, 25.770724689804005], [-87.09944254628147, 25.770724689804005], [-87.09944254628147, 25.72576874662832], [-87.18935443263285, 25.72576874662832], [-87.18935443263285, 25.680812803452632], [-87.32422226215994, 25.680812803452632], [-87.32422226215994, 25.63585686027694], [-87.68386980756549, 25.63585686027694], [-87.68386980756549, 25.680812803452632], [-87.77378169391687, 25.680812803452632], [-87.77378169391687, 25.72576874662832], [-87.95360546661965, 25.770724689804005], [-87.95360546661965, 25.815680632979692], [-87.99856140979534, 25.815680632979692], [-87.99856140979534, 25.860636576155382], [-88.08847329614673, 25.860636576155382], [-88.17838518249812, 25.995504405682446], [-88.2682970688495, 25.995504405682446], [-88.3582089552009, 26.13037223520951], [-88.44812084155228, 26.13037223520951], [-88.53803272790367, 26.265240064736574], [-88.62794461425506, 26.265240064736574], [-88.71785650060644, 26.400107894263638], [-88.80776838695783, 26.400107894263638], [-88.80776838695783, 26.445063837439324], [-88.85272433013353, 26.445063837439324], [-88.85272433013353, 26.49001978061501], [-88.94263621648491, 26.49001978061501], [-88.98759215966061, 26.579931666966388], [-89.077504046012, 26.579931666966388], [-89.077504046012, 26.624887610142075], [-89.12245998918769, 26.624887610142075], [-89.12245998918769, 26.66984355331776], [-89.21237187553908, 26.66984355331776], [-89.25732781871477, 26.75975543966914], [-89.34723970506616, 26.75975543966914], [-89.39219564824185, 26.849667326020516], [-89.48210753459324, 26.849667326020516], [-89.48210753459324, 26.894623269196202], [-89.52706347776893, 26.894623269196202], [-89.52706347776893, 26.93957921237189], [-89.61697536412032, 26.93957921237189], [-89.66193130729602, 27.029491098723266], [-89.7518431936474, 27.029491098723266], [-89.7967991368231, 27.119402985074643], [-89.88671102317448, 27.119402985074643], [-89.93166696635018, 27.209314871426017], [-90.02157885270157, 27.209314871426017], [-90.02157885270157, 27.254270814601703], [-90.06653479587726, 27.254270814601703], [-90.15644668222865, 27.389138644128767], [-90.24635856858004, 27.389138644128767], [-90.24635856858004, 27.434094587304457], [-90.29131451175573, 27.434094587304457], [-90.38122639810712, 27.56896241683152], [-90.4711382844585, 27.56896241683152], [-90.4711382844585, 27.613918360007208], [-90.5160942276342, 27.613918360007208], [-90.5160942276342, 27.658874303182895], [-90.56105017080989, 27.658874303182895], [-90.56105017080989, 27.703830246358585], [-90.60600611398559, 27.703830246358585], [-90.60600611398559, 27.748786189534272], [-90.65096205716128, 27.748786189534272], [-90.65096205716128, 27.79374213270996], [-90.69591800033697, 27.79374213270996], [-90.69591800033697, 27.83869807588565], [-90.74087394351267, 27.83869807588565], [-90.74087394351267, 27.883654019061336], [-90.78582988668836, 27.883654019061336], [-90.78582988668836, 27.928609962237022], [-90.83078582986406, 27.928609962237022], [-90.83078582986406, 27.973565905412713], [-90.87574177303975, 27.973565905412713], [-90.87574177303975, 28.0185218485884], [-91.01060960256683, 28.108433734939773], [-91.01060960256683, 28.19834562129115], [-91.05556554574252, 28.19834562129115], [-91.05556554574252, 28.243301564466837], [-91.1904333752696, 28.333213450818214], [-91.1904333752696, 28.42312533716959], [-91.2353893184453, 28.42312533716959], [-91.2353893184453, 28.468081280345277], [-91.37025714797238, 28.557993166696654], [-91.37025714797238, 28.647905053048028], [-91.50512497749946, 28.737816939399405], [-91.50512497749946, 28.82772882575078], [-91.59503686385085, 28.87268476892647], [-91.59503686385085, 28.962596655277842], [-91.63999280702654, 28.962596655277842], [-91.63999280702654, 29.007552598453533], [-91.68494875020224, 29.007552598453533], [-91.68494875020224, 29.097464484804906], [-91.77486063655363, 29.142420427980596], [-91.77486063655363, 29.23233231433197], [-91.81981657972932, 29.23233231433197], [-91.81981657972932, 29.322244200683347], [-91.86477252290501, 29.322244200683347], [-91.86477252290501, 29.412156087034724], [-91.90972846608071, 29.412156087034724], [-91.90972846608071, 29.502067973386097], [-91.9546844092564, 29.502067973386097], [-91.9546844092564, 29.591979859737474], [-91.9996403524321, 29.591979859737474], [-91.9996403524321, 29.726847689264538], [-92.04459629560779, 29.726847689264538], [-92.04459629560779, 29.90667146196729], [-92.08955223878348, 29.90667146196729], [-92.08955223878348, 30.176407121021416], [-92.13450818195918, 30.176407121021416]], [[-91.9546844092564, 30.08649523467004], [-91.90972846608071, 30.08649523467004], [-91.90972846608071, 29.861715518791602], [-91.86477252290501, 29.861715518791602], [-91.86477252290501, 29.726847689264538], [-91.81981657972932, 29.726847689264538], [-91.81981657972932, 29.63693580291316], [-91.77486063655363, 29.63693580291316], [-91.77486063655363, 29.502067973386097], [-91.72990469337793, 29.502067973386097], [-91.68494875020224, 29.322244200683347], [-91.59503686385085, 29.27728825750766], [-91.55008092067516, 29.097464484804906], [-91.46016903432377, 29.05250854162922], [-91.46016903432377, 28.962596655277842], [-91.37025714797238, 28.917640712102155], [-91.37025714797238, 28.82772882575078], [-91.280345261621, 28.78277288257509], [-91.280345261621, 28.692860996223715], [-91.2353893184453, 28.692860996223715], [-91.2353893184453, 28.647905053048028], [-91.10052148891822, 28.557993166696654], [-91.10052148891822, 28.468081280345277], [-90.96565365939114, 28.3781693939939], [-90.96565365939114, 28.288257507642527], [-90.92069771621544, 28.288257507642527], [-90.92069771621544, 28.243301564466837], [-90.87574177303975, 28.243301564466837], [-90.87574177303975, 28.19834562129115], [-90.83078582986406, 28.19834562129115], [-90.83078582986406, 28.153389678115463], [-90.78582988668836, 28.153389678115463], [-90.78582988668836, 28.108433734939773], [-90.74087394351267, 28.108433734939773], [-90.74087394351267, 28.063477791764086], [-90.69591800033697, 28.063477791764086], [-90.69591800033697, 28.0185218485884], [-90.65096205716128, 28.0185218485884], [-90.65096205716128, 27.973565905412713], [-90.60600611398559, 27.973565905412713], [-90.60600611398559, 27.928609962237022], [-90.56105017080989, 27.928609962237022], [-90.56105017080989, 27.883654019061336], [-90.5160942276342, 27.883654019061336], [-90.5160942276342, 27.83869807588565], [-90.4711382844585, 27.83869807588565], [-90.4711382844585, 27.79374213270996], [-90.42618234128281, 27.79374213270996], [-90.42618234128281, 27.748786189534272], [-90.38122639810712, 27.748786189534272], [-90.38122639810712, 27.703830246358585], [-90.33627045493142, 27.703830246358585], [-90.33627045493142, 27.658874303182895], [-90.20140262540434, 27.56896241683152], [-90.20140262540434, 27.52400647365583], [-90.11149073905295, 27.52400647365583], [-90.02157885270157, 27.389138644128767], [-89.93166696635018, 27.389138644128767], [-89.93166696635018, 27.34418270095308], [-89.88671102317448, 27.34418270095308], [-89.84175507999879, 27.254270814601703], [-89.7518431936474, 27.254270814601703], [-89.66193130729602, 27.119402985074643], [-89.57201942094463, 27.119402985074643], [-89.52706347776893, 27.029491098723266], [-89.43715159141755, 27.029491098723266], [-89.39219564824185, 26.93957921237189], [-89.30228376189046, 26.93957921237189], [-89.30228376189046, 26.894623269196202], [-89.25732781871477, 26.894623269196202], [-89.25732781871477, 26.849667326020516], [-89.16741593236338, 26.849667326020516], [-89.12245998918769, 26.75975543966914], [-89.0325481028363, 26.75975543966914], [-88.98759215966061, 26.66984355331776], [-88.89768027330922, 26.66984355331776], [-88.89768027330922, 26.624887610142075], [-88.85272433013353, 26.624887610142075], [-88.85272433013353, 26.579931666966388], [-88.76281244378214, 26.579931666966388], [-88.71785650060644, 26.49001978061501], [-88.62794461425506, 26.49001978061501], [-88.53803272790367, 26.355151951087947], [-88.44812084155228, 26.355151951087947], [-88.44812084155228, 26.31019600791226], [-88.40316489837659, 26.31019600791226], [-88.3132530120252, 26.175328178385197], [-88.22334112567381, 26.175328178385197], [-88.22334112567381, 26.13037223520951], [-88.17838518249812, 26.13037223520951], [-88.08847329614673, 25.995504405682446], [-87.99856140979534, 25.995504405682446], [-87.99856140979534, 25.950548462506756], [-87.95360546661965, 25.950548462506756], [-87.90864952344396, 25.860636576155382], [-87.81873763709257, 25.860636576155382], [-87.77378169391687, 25.770724689804005], [-87.68386980756549, 25.770724689804005], [-87.68386980756549, 25.72576874662832], [-87.32422226215994, 25.72576874662832], [-87.32422226215994, 25.770724689804005], [-87.14439848945716, 25.815680632979692], [-87.14439848945716, 25.860636576155382], [-87.09944254628147, 25.860636576155382], [-87.09944254628147, 25.90559251933107], [-87.00953065993008, 25.90559251933107], [-87.00953065993008, 25.950548462506756], [-86.96457471675438, 25.950548462506756], [-86.96457471675438, 25.995504405682446], [-86.91961877357869, 25.995504405682446], [-86.91961877357869, 26.040460348858133], [-86.874662830403, 26.040460348858133], [-86.78475094405161, 26.175328178385197], [-86.69483905770022, 26.175328178385197], [-86.69483905770022, 26.220284121560884], [-86.64988311452453, 26.220284121560884], [-86.64988311452453, 26.31019600791226], [-86.60492717134883, 26.31019600791226], [-86.60492717134883, 26.355151951087947], [-86.55997122817314, 26.355151951087947], [-86.55997122817314, 26.400107894263638], [-86.51501528499745, 26.400107894263638], [-86.51501528499745, 26.445063837439324], [-86.38014745547036, 26.5349757237907], [-86.38014745547036, 26.624887610142075], [-86.24527962594328, 26.714799496493452], [-86.24527962594328, 26.804711382844825], [-86.20032368276759, 26.804711382844825], [-86.20032368276759, 26.93957921237189], [-86.1553677395919, 26.93957921237189], [-86.1553677395919, 27.119402985074643], [-86.20032368276759, 27.119402985074643], [-86.20032368276759, 27.254270814601703], [-86.24527962594328, 27.254270814601703], [-86.24527962594328, 27.34418270095308], [-86.29023556911898, 27.34418270095308], [-86.29023556911898, 27.389138644128767], [-86.38014745547036, 27.434094587304457], [-86.38014745547036, 27.52400647365583], [-86.42510339864606, 27.52400647365583], [-86.42510339864606, 27.56896241683152], [-86.55997122817314, 27.658874303182895], [-86.55997122817314, 27.748786189534272], [-86.60492717134883, 27.748786189534272], [-86.60492717134883, 27.79374213270996], [-86.64988311452453, 27.79374213270996], [-86.64988311452453, 27.83869807588565], [-86.69483905770022, 27.83869807588565], [-86.69483905770022, 27.883654019061336], [-86.73979500087592, 27.883654019061336], [-86.73979500087592, 27.928609962237022], [-86.78475094405161, 27.928609962237022], [-86.78475094405161, 27.973565905412713], [-86.8297068872273, 27.973565905412713], [-86.8297068872273, 28.0185218485884], [-86.874662830403, 28.0185218485884], [-86.874662830403, 28.063477791764086], [-86.91961877357869, 28.063477791764086], [-86.91961877357869, 28.108433734939773], [-86.96457471675438, 28.108433734939773], [-86.96457471675438, 28.153389678115463], [-87.00953065993008, 28.153389678115463], [-87.00953065993008, 28.19834562129115], [-87.05448660310577, 28.19834562129115], [-87.05448660310577, 28.243301564466837], [-87.09944254628147, 28.243301564466837], [-87.09944254628147, 28.288257507642527], [-87.14439848945716, 28.288257507642527], [-87.14439848945716, 28.333213450818214], [-87.18935443263285, 28.333213450818214], [-87.18935443263285, 28.3781693939939], [-87.23431037580855, 28.3781693939939], [-87.23431037580855, 28.42312533716959], [-87.27926631898424, 28.42312533716959], [-87.27926631898424, 28.468081280345277], [-87.32422226215994, 28.468081280345277], [-87.32422226215994, 28.513037223520964], [-87.36917820533563, 28.513037223520964], [-87.36917820533563, 28.557993166696654], [-87.41413414851132, 28.557993166696654], [-87.41413414851132, 28.60294910987234], [-87.45909009168702, 28.60294910987234], [-87.45909009168702, 28.647905053048028], [-87.5939579212141, 28.737816939399405], [-87.5939579212141, 28.82772882575078], [-87.63891386438979, 28.82772882575078], [-87.63891386438979, 28.87268476892647], [-87.68386980756549, 28.87268476892647], [-87.68386980756549, 28.917640712102155], [-87.72882575074118, 28.917640712102155], [-87.72882575074118, 28.962596655277842], [-87.77378169391687, 28.962596655277842], [-87.77378169391687, 29.007552598453533], [-87.81873763709257, 29.007552598453533], [-87.81873763709257, 29.05250854162922], [-87.86369358026826, 29.05250854162922], [-87.86369358026826, 29.097464484804906], [-87.99856140979534, 29.187376371156283], [-87.99856140979534, 29.27728825750766], [-88.04351735297104, 29.27728825750766], [-88.04351735297104, 29.322244200683347], [-88.08847329614673, 29.322244200683347], [-88.08847329614673, 29.367200143859034], [-88.13342923932242, 29.367200143859034], [-88.13342923932242, 29.412156087034724], [-88.17838518249812, 29.412156087034724], [-88.17838518249812, 29.45711203021041], [-88.22334112567381, 29.45711203021041], [-88.22334112567381, 29.502067973386097], [-88.2682970688495, 29.502067973386097], [-88.2682970688495, 29.547023916561784], [-88.3132530120252, 29.547023916561784], [-88.3132530120252, 29.591979859737474], [-88.3582089552009, 29.591979859737474], [-88.3582089552009, 29.63693580291316], [-88.40316489837659, 29.63693580291316], [-88.40316489837659, 29.681891746088848], [-88.44812084155228, 29.681891746088848], [-88.44812084155228, 29.726847689264538], [-88.58298867107936, 29.81675957561591], [-88.58298867107936, 29.90667146196729], [-88.62794461425506, 29.90667146196729], [-88.62794461425506, 29.951627405142975], [-88.67290055743075, 29.951627405142975], [-88.67290055743075, 29.996583348318666], [-88.71785650060644, 29.996583348318666], [-88.80776838695783, 30.131451177845726], [-88.89768027330922, 30.131451177845726], [-88.89768027330922, 30.176407121021416], [-88.94263621648491, 30.176407121021416], [-88.94263621648491, 30.221363064197103], [-88.98759215966061, 30.221363064197103], [-88.98759215966061, 30.26631900737279], [-89.0325481028363, 30.26631900737279], [-89.0325481028363, 30.31127495054848], [-89.077504046012, 30.31127495054848], [-89.077504046012, 30.356230893724167], [-89.12245998918769, 30.356230893724167], [-89.12245998918769, 30.401186836899853], [-89.16741593236338, 30.401186836899853], [-89.16741593236338, 30.446142780075544], [-89.21237187553908, 30.446142780075544], [-89.21237187553908, 30.49109872325123], [-89.25732781871477, 30.49109872325123], [-89.25732781871477, 30.536054666426917], [-89.30228376189046, 30.536054666426917], [-89.30228376189046, 30.581010609602608], [-89.34723970506616, 30.581010609602608], [-89.34723970506616, 30.625966552778294], [-89.39219564824185, 30.625966552778294], [-89.39219564824185, 30.67092249595398], [-89.43715159141755, 30.67092249595398], [-89.43715159141755, 30.71587843912967], [-89.48210753459324, 30.71587843912967], [-89.48210753459324, 30.760834382305358], [-89.52706347776893, 30.760834382305358], [-89.52706347776893, 30.805790325481045], [-89.57201942094463, 30.805790325481045], [-89.57201942094463, 30.850746268656735], [-89.61697536412032, 30.850746268656735], [-89.61697536412032, 30.895702211832422], [-89.66193130729602, 30.895702211832422], [-89.66193130729602, 30.94065815500811], [-89.70688725047171, 30.94065815500811], [-89.7967991368231, 31.075525984535172], [-89.88671102317448, 31.075525984535172], [-89.88671102317448, 31.12048192771086], [-89.93166696635018, 31.12048192771086], [-90.02157885270157, 31.255349757237923], [-90.11149073905295, 31.255349757237923], [-90.11149073905295, 31.300305700413613], [-90.15644668222865, 31.300305700413613], [-90.15644668222865, 31.3452616435893], [-90.24635856858004, 31.3452616435893], [-90.29131451175573, 31.435173529940677], [-90.38122639810712, 31.435173529940677], [-90.38122639810712, 31.480129473116364], [-90.4711382844585, 31.480129473116364], [-90.4711382844585, 31.52508541629205], [-90.56105017080989, 31.52508541629205], [-90.56105017080989, 31.570041359467737], [-90.69591800033697, 31.570041359467737], [-90.69591800033697, 31.614997302643427], [-90.92069771621544, 31.614997302643427], [-90.92069771621544, 31.659953245819114], [-91.01060960256683, 31.659953245819114], [-91.01060960256683, 31.614997302643427], [-91.1904333752696, 31.614997302643427], [-91.1904333752696, 31.570041359467737], [-91.32530120479669, 31.570041359467737], [-91.32530120479669, 31.52508541629205], [-91.50512497749946, 31.480129473116364], [-91.50512497749946, 31.435173529940677], [-91.63999280702654, 31.3452616435893], [-91.63999280702654, 31.255349757237923], [-91.77486063655363, 31.16543787088655], [-91.77486063655363, 31.075525984535172], [-91.81981657972932, 31.075525984535172], [-91.81981657972932, 30.94065815500811], [-91.86477252290501, 30.94065815500811], [-91.86477252290501, 30.805790325481045], [-91.90972846608071, 30.805790325481045], [-91.90972846608071, 30.625966552778294], [-91.9546844092564, 30.625966552778294], [-91.9546844092564, 30.08649523467004]]]]}}, {"type": "Feature", "properties": {"shapefile": "2021082900_wsp50knt120hr_5km", "PERCENTAGE": "40-50%"}, "geometry": {"type": "MultiPolygon", "coordinates": [[[[-91.9546844092564, 30.08649523467004], [-91.9546844092564, 30.625966552778294], [-91.90972846608071, 30.625966552778294], [-91.90972846608071, 30.805790325481045], [-91.86477252290501, 30.805790325481045], [-91.86477252290501, 30.94065815500811], [-91.81981657972932, 30.94065815500811], [-91.81981657972932, 31.075525984535172], [-91.77486063655363, 31.075525984535172], [-91.77486063655363, 31.16543787088655], [-91.63999280702654, 31.255349757237923], [-91.63999280702654, 31.3452616435893], [-91.59503686385085, 31.3452616435893], [-91.50512497749946, 31.480129473116364], [-91.41521309114808, 31.480129473116364], [-91.41521309114808, 31.52508541629205], [-91.32530120479669, 31.52508541629205], [-91.32530120479669, 31.570041359467737], [-91.1904333752696, 31.570041359467737], [-91.1904333752696, 31.614997302643427], [-91.01060960256683, 31.614997302643427], [-91.01060960256683, 31.659953245819114], [-90.92069771621544, 31.659953245819114], [-90.92069771621544, 31.614997302643427], [-90.69591800033697, 31.614997302643427], [-90.69591800033697, 31.570041359467737], [-90.56105017080989, 31.570041359467737], [-90.56105017080989, 31.52508541629205], [-90.4711382844585, 31.52508541629205], [-90.4711382844585, 31.480129473116364], [-90.29131451175573, 31.435173529940677], [-90.24635856858004, 31.3452616435893], [-90.15644668222865, 31.3452616435893], [-90.11149073905295, 31.255349757237923], [-90.02157885270157, 31.255349757237923], [-90.02157885270157, 31.210393814062236], [-89.97662290952587, 31.210393814062236], [-89.88671102317448, 31.075525984535172], [-89.7967991368231, 31.075525984535172], [-89.7967991368231, 31.030570041359486], [-89.7518431936474, 31.030570041359486], [-89.7518431936474, 30.985614098183795], [-89.70688725047171, 30.985614098183795], [-89.70688725047171, 30.94065815500811], [-89.66193130729602, 30.94065815500811], [-89.66193130729602, 30.895702211832422], [-89.61697536412032, 30.895702211832422], [-89.61697536412032, 30.850746268656735], [-89.57201942094463, 30.850746268656735], [-89.57201942094463, 30.805790325481045], [-89.52706347776893, 30.805790325481045], [-89.52706347776893, 30.760834382305358], [-89.48210753459324, 30.760834382305358], [-89.48210753459324, 30.71587843912967], [-89.43715159141755, 30.71587843912967], [-89.43715159141755, 30.67092249595398], [-89.39219564824185, 30.67092249595398], [-89.39219564824185, 30.625966552778294], [-89.34723970506616, 30.625966552778294], [-89.34723970506616, 30.581010609602608], [-89.30228376189046, 30.581010609602608], [-89.30228376189046, 30.536054666426917], [-89.25732781871477, 30.536054666426917], [-89.25732781871477, 30.49109872325123], [-89.21237187553908, 30.49109872325123], [-89.21237187553908, 30.446142780075544], [-89.16741593236338, 30.446142780075544], [-89.16741593236338, 30.401186836899853], [-89.12245998918769, 30.401186836899853], [-89.12245998918769, 30.356230893724167], [-89.077504046012, 30.356230893724167], [-89.077504046012, 30.31127495054848], [-89.0325481028363, 30.31127495054848], [-89.0325481028363, 30.26631900737279], [-88.89768027330922, 30.176407121021416], [-88.89768027330922, 30.131451177845726], [-88.80776838695783, 30.131451177845726], [-88.80776838695783, 30.08649523467004], [-88.76281244378214, 30.08649523467004], [-88.76281244378214, 30.041539291494352], [-88.71785650060644, 30.041539291494352], [-88.71785650060644, 29.996583348318666], [-88.58298867107936, 29.90667146196729], [-88.58298867107936, 29.81675957561591], [-88.53803272790367, 29.81675957561591], [-88.53803272790367, 29.771803632440225], [-88.49307678472798, 29.771803632440225], [-88.49307678472798, 29.726847689264538], [-88.44812084155228, 29.726847689264538], [-88.44812084155228, 29.681891746088848], [-88.40316489837659, 29.681891746088848], [-88.40316489837659, 29.63693580291316], [-88.3582089552009, 29.63693580291316], [-88.3582089552009, 29.591979859737474], [-88.3132530120252, 29.591979859737474], [-88.3132530120252, 29.547023916561784], [-88.2682970688495, 29.547023916561784], [-88.2682970688495, 29.502067973386097], [-88.22334112567381, 29.502067973386097], [-88.22334112567381, 29.45711203021041], [-88.17838518249812, 29.45711203021041], [-88.17838518249812, 29.412156087034724], [-88.13342923932242, 29.412156087034724], [-88.13342923932242, 29.367200143859034], [-87.99856140979534, 29.27728825750766], [-87.99856140979534, 29.187376371156283], [-87.95360546661965, 29.187376371156283], [-87.95360546661965, 29.142420427980596], [-87.90864952344396, 29.142420427980596], [-87.90864952344396, 29.097464484804906], [-87.86369358026826, 29.097464484804906], [-87.86369358026826, 29.05250854162922], [-87.81873763709257, 29.05250854162922], [-87.81873763709257, 29.007552598453533], [-87.77378169391687, 29.007552598453533], [-87.77378169391687, 28.962596655277842], [-87.72882575074118, 28.962596655277842], [-87.72882575074118, 28.917640712102155], [-87.5939579212141, 28.82772882575078], [-87.5939579212141, 28.737816939399405], [-87.5490019780384, 28.737816939399405], [-87.5490019780384, 28.692860996223715], [-87.50404603486271, 28.692860996223715], [-87.50404603486271, 28.647905053048028], [-87.45909009168702, 28.647905053048028], [-87.45909009168702, 28.60294910987234], [-87.41413414851132, 28.60294910987234], [-87.41413414851132, 28.557993166696654], [-87.36917820533563, 28.557993166696654], [-87.36917820533563, 28.513037223520964], [-87.32422226215994, 28.513037223520964], [-87.32422226215994, 28.468081280345277], [-87.27926631898424, 28.468081280345277], [-87.27926631898424, 28.42312533716959], [-87.23431037580855, 28.42312533716959], [-87.23431037580855, 28.3781693939939], [-87.18935443263285, 28.3781693939939], [-87.18935443263285, 28.333213450818214], [-87.14439848945716, 28.333213450818214], [-87.14439848945716, 28.288257507642527], [-87.09944254628147, 28.288257507642527], [-87.09944254628147, 28.243301564466837], [-87.05448660310577, 28.243301564466837], [-87.05448660310577, 28.19834562129115], [-87.00953065993008, 28.19834562129115], [-87.00953065993008, 28.153389678115463], [-86.96457471675438, 28.153389678115463], [-86.96457471675438, 28.108433734939773], [-86.91961877357869, 28.108433734939773], [-86.91961877357869, 28.063477791764086], [-86.874662830403, 28.063477791764086], [-86.874662830403, 28.0185218485884], [-86.8297068872273, 28.0185218485884], [-86.8297068872273, 27.973565905412713], [-86.78475094405161, 27.973565905412713], [-86.78475094405161, 27.928609962237022], [-86.73979500087592, 27.928609962237022], [-86.73979500087592, 27.883654019061336], [-86.69483905770022, 27.883654019061336], [-86.69483905770022, 27.83869807588565], [-86.55997122817314, 27.748786189534272], [-86.55997122817314, 27.658874303182895], [-86.51501528499745, 27.658874303182895], [-86.51501528499745, 27.613918360007208], [-86.38014745547036, 27.52400647365583], [-86.38014745547036, 27.434094587304457], [-86.24527962594328, 27.34418270095308], [-86.24527962594328, 27.254270814601703], [-86.20032368276759, 27.254270814601703], [-86.20032368276759, 27.119402985074643], [-86.1553677395919, 27.119402985074643], [-86.1553677395919, 26.93957921237189], [-86.20032368276759, 26.93957921237189], [-86.20032368276759, 26.804711382844825], [-86.24527962594328, 26.804711382844825], [-86.24527962594328, 26.714799496493452], [-86.29023556911898, 26.714799496493452], [-86.29023556911898, 26.66984355331776], [-86.38014745547036, 26.624887610142075], [-86.38014745547036, 26.5349757237907], [-86.42510339864606, 26.5349757237907], [-86.42510339864606, 26.49001978061501], [-86.47005934182175, 26.49001978061501], [-86.47005934182175, 26.445063837439324], [-86.51501528499745, 26.445063837439324], [-86.51501528499745, 26.400107894263638], [-86.64988311452453, 26.31019600791226], [-86.64988311452453, 26.220284121560884], [-86.69483905770022, 26.220284121560884], [-86.69483905770022, 26.175328178385197], [-86.78475094405161, 26.175328178385197], [-86.78475094405161, 26.13037223520951], [-86.8297068872273, 26.13037223520951], [-86.8297068872273, 26.08541629203382], [-86.874662830403, 26.08541629203382], [-86.874662830403, 26.040460348858133], [-86.91961877357869, 26.040460348858133], [-87.00953065993008, 25.90559251933107], [-87.09944254628147, 25.90559251933107], [-87.14439848945716, 25.815680632979692], [-87.23431037580855, 25.815680632979692], [-87.23431037580855, 25.770724689804005], [-87.32422226215994, 25.770724689804005], [-87.32422226215994, 25.72576874662832], [-87.68386980756549, 25.72576874662832], [-87.68386980756549, 25.770724689804005], [-87.77378169391687, 25.770724689804005], [-87.77378169391687, 25.815680632979692], [-87.81873763709257, 25.815680632979692], [-87.81873763709257, 25.860636576155382], [-87.90864952344396, 25.860636576155382], [-87.99856140979534, 25.995504405682446], [-88.08847329614673, 25.995504405682446], [-88.08847329614673, 26.040460348858133], [-88.13342923932242, 26.040460348858133], [-88.22334112567381, 26.175328178385197], [-88.3132530120252, 26.175328178385197], [-88.3132530120252, 26.220284121560884], [-88.3582089552009, 26.220284121560884], [-88.44812084155228, 26.355151951087947], [-88.53803272790367, 26.355151951087947], [-88.62794461425506, 26.49001978061501], [-88.71785650060644, 26.49001978061501], [-88.76281244378214, 26.579931666966388], [-88.85272433013353, 26.579931666966388], [-88.85272433013353, 26.624887610142075], [-88.89768027330922, 26.624887610142075], [-88.89768027330922, 26.66984355331776], [-88.98759215966061, 26.66984355331776], [-89.0325481028363, 26.75975543966914], [-89.12245998918769, 26.75975543966914], [-89.16741593236338, 26.849667326020516], [-89.25732781871477, 26.849667326020516], [-89.25732781871477, 26.894623269196202], [-89.30228376189046, 26.894623269196202], [-89.30228376189046, 26.93957921237189], [-89.39219564824185, 26.93957921237189], [-89.43715159141755, 27.029491098723266], [-89.52706347776893, 27.029491098723266], [-89.57201942094463, 27.119402985074643], [-89.66193130729602, 27.119402985074643], [-89.7518431936474, 27.254270814601703], [-89.84175507999879, 27.254270814601703], [-89.93166696635018, 27.389138644128767], [-90.02157885270157, 27.389138644128767], [-90.11149073905295, 27.52400647365583], [-90.20140262540434, 27.52400647365583], [-90.20140262540434, 27.56896241683152], [-90.24635856858004, 27.56896241683152], [-90.24635856858004, 27.613918360007208], [-90.29131451175573, 27.613918360007208], [-90.29131451175573, 27.658874303182895], [-90.33627045493142, 27.658874303182895], [-90.33627045493142, 27.703830246358585], [-90.38122639810712, 27.703830246358585], [-90.38122639810712, 27.748786189534272], [-90.42618234128281, 27.748786189534272], [-90.42618234128281, 27.79374213270996], [-90.4711382844585, 27.79374213270996], [-90.4711382844585, 27.83869807588565], [-90.5160942276342, 27.83869807588565], [-90.5160942276342, 27.883654019061336], [-90.56105017080989, 27.883654019061336], [-90.56105017080989, 27.928609962237022], [-90.60600611398559, 27.928609962237022], [-90.60600611398559, 27.973565905412713], [-90.65096205716128, 27.973565905412713], [-90.65096205716128, 28.0185218485884], [-90.69591800033697, 28.0185218485884], [-90.69591800033697, 28.063477791764086], [-90.74087394351267, 28.063477791764086], [-90.74087394351267, 28.108433734939773], [-90.78582988668836, 28.108433734939773], [-90.78582988668836, 28.153389678115463], [-90.83078582986406, 28.153389678115463], [-90.83078582986406, 28.19834562129115], [-90.96565365939114, 28.288257507642527], [-90.96565365939114, 28.3781693939939], [-91.01060960256683, 28.3781693939939], [-91.01060960256683, 28.42312533716959], [-91.10052148891822, 28.468081280345277], [-91.10052148891822, 28.557993166696654], [-91.14547743209391, 28.557993166696654], [-91.14547743209391, 28.60294910987234], [-91.280345261621, 28.692860996223715], [-91.280345261621, 28.78277288257509], [-91.37025714797238, 28.82772882575078], [-91.37025714797238, 28.917640712102155], [-91.41521309114808, 28.917640712102155], [-91.41521309114808, 28.962596655277842], [-91.46016903432377, 28.962596655277842], [-91.46016903432377, 29.05250854162922], [-91.55008092067516, 29.097464484804906], [-91.59503686385085, 29.27728825750766], [-91.68494875020224, 29.322244200683347], [-91.68494875020224, 29.412156087034724], [-91.72990469337793, 29.412156087034724], [-91.72990469337793, 29.502067973386097], [-91.77486063655363, 29.502067973386097], [-91.77486063655363, 29.63693580291316], [-91.81981657972932, 29.63693580291316], [-91.81981657972932, 29.726847689264538], [-91.86477252290501, 29.726847689264538], [-91.86477252290501, 29.861715518791602], [-91.90972846608071, 29.861715518791602], [-91.90972846608071, 30.08649523467004], [-91.9546844092564, 30.08649523467004]], [[-91.77486063655363, 29.951627405142975], [-91.72990469337793, 29.951627405142975], [-91.68494875020224, 29.681891746088848], [-91.63999280702654, 29.681891746088848], [-91.63999280702654, 29.591979859737474], [-91.59503686385085, 29.591979859737474], [-91.59503686385085, 29.502067973386097], [-91.55008092067516, 29.502067973386097], [-91.55008092067516, 29.412156087034724], [-91.50512497749946, 29.412156087034724], [-91.50512497749946, 29.322244200683347], [-91.46016903432377, 29.322244200683347], [-91.46016903432377, 29.23233231433197], [-91.37025714797238, 29.187376371156283], [-91.32530120479669, 29.007552598453533], [-91.280345261621, 29.007552598453533], [-91.280345261621, 28.962596655277842], [-91.2353893184453, 28.962596655277842], [-91.2353893184453, 28.87268476892647], [-91.10052148891822, 28.78277288257509], [-91.10052148891822, 28.692860996223715], [-90.96565365939114, 28.60294910987234], [-90.96565365939114, 28.513037223520964], [-90.92069771621544, 28.513037223520964], [-90.92069771621544, 28.468081280345277], [-90.78582988668836, 28.3781693939939], [-90.78582988668836, 28.288257507642527], [-90.74087394351267, 28.288257507642527], [-90.74087394351267, 28.243301564466837], [-90.69591800033697, 28.243301564466837], [-90.69591800033697, 28.19834562129115], [-90.65096205716128, 28.19834562129115], [-90.65096205716128, 28.153389678115463], [-90.60600611398559, 28.153389678115463], [-90.60600611398559, 28.108433734939773], [-90.56105017080989, 28.108433734939773], [-90.56105017080989, 28.063477791764086], [-90.5160942276342, 28.063477791764086], [-90.5160942276342, 28.0185218485884], [-90.4711382844585, 28.0185218485884], [-90.4711382844585, 27.973565905412713], [-90.42618234128281, 27.973565905412713], [-90.42618234128281, 27.928609962237022], [-90.38122639810712, 27.928609962237022], [-90.38122639810712, 27.883654019061336], [-90.33627045493142, 27.883654019061336], [-90.33627045493142, 27.83869807588565], [-90.29131451175573, 27.83869807588565], [-90.29131451175573, 27.79374213270996], [-90.24635856858004, 27.79374213270996], [-90.24635856858004, 27.748786189534272], [-90.20140262540434, 27.748786189534272], [-90.11149073905295, 27.613918360007208], [-90.02157885270157, 27.613918360007208], [-90.02157885270157, 27.56896241683152], [-89.97662290952587, 27.56896241683152], [-89.93166696635018, 27.479050530480144], [-89.84175507999879, 27.479050530480144], [-89.84175507999879, 27.434094587304457], [-89.7967991368231, 27.434094587304457], [-89.70688725047171, 27.299226757777394], [-89.61697536412032, 27.299226757777394], [-89.57201942094463, 27.209314871426017], [-89.48210753459324, 27.209314871426017], [-89.48210753459324, 27.16435892825033], [-89.43715159141755, 27.16435892825033], [-89.43715159141755, 27.119402985074643], [-89.34723970506616, 27.119402985074643], [-89.30228376189046, 27.029491098723266], [-89.21237187553908, 27.029491098723266], [-89.16741593236338, 26.93957921237189], [-89.077504046012, 26.93957921237189], [-88.98759215966061, 26.804711382844825], [-88.89768027330922, 26.804711382844825], [-88.85272433013353, 26.714799496493452], [-88.76281244378214, 26.714799496493452], [-88.71785650060644, 26.624887610142075], [-88.62794461425506, 26.624887610142075], [-88.58298867107936, 26.5349757237907], [-88.49307678472798, 26.5349757237907], [-88.49307678472798, 26.49001978061501], [-88.44812084155228, 26.49001978061501], [-88.44812084155228, 26.445063837439324], [-88.40316489837659, 26.445063837439324], [-88.40316489837659, 26.400107894263638], [-88.3582089552009, 26.400107894263638], [-88.2682970688495, 26.265240064736574], [-88.17838518249812, 26.265240064736574], [-88.17838518249812, 26.220284121560884], [-88.13342923932242, 26.220284121560884], [-88.04351735297104, 26.08541629203382], [-87.95360546661965, 26.08541629203382], [-87.95360546661965, 26.040460348858133], [-87.90864952344396, 26.040460348858133], [-87.81873763709257, 25.90559251933107], [-87.72882575074118, 25.90559251933107], [-87.68386980756549, 25.815680632979692], [-87.5939579212141, 25.815680632979692], [-87.5939579212141, 25.770724689804005], [-87.36917820533563, 25.770724689804005], [-87.36917820533563, 25.815680632979692], [-87.27926631898424, 25.815680632979692], [-87.27926631898424, 25.860636576155382], [-87.23431037580855, 25.860636576155382], [-87.18935443263285, 25.950548462506756], [-87.09944254628147, 25.950548462506756], [-87.09944254628147, 25.995504405682446], [-87.05448660310577, 25.995504405682446], [-87.05448660310577, 26.040460348858133], [-87.00953065993008, 26.040460348858133], [-87.00953065993008, 26.08541629203382], [-86.96457471675438, 26.08541629203382], [-86.874662830403, 26.220284121560884], [-86.78475094405161, 26.220284121560884], [-86.78475094405161, 26.265240064736574], [-86.69483905770022, 26.31019600791226], [-86.69483905770022, 26.400107894263638], [-86.64988311452453, 26.400107894263638], [-86.64988311452453, 26.445063837439324], [-86.60492717134883, 26.445063837439324], [-86.60492717134883, 26.49001978061501], [-86.55997122817314, 26.49001978061501], [-86.55997122817314, 26.5349757237907], [-86.51501528499745, 26.5349757237907], [-86.51501528499745, 26.579931666966388], [-86.38014745547036, 26.66984355331776], [-86.38014745547036, 26.75975543966914], [-86.29023556911898, 26.804711382844825], [-86.29023556911898, 26.894623269196202], [-86.24527962594328, 26.894623269196202], [-86.24527962594328, 27.16435892825033], [-86.29023556911898, 27.16435892825033], [-86.29023556911898, 27.254270814601703], [-86.42510339864606, 27.34418270095308], [-86.42510339864606, 27.434094587304457], [-86.47005934182175, 27.434094587304457], [-86.47005934182175, 27.479050530480144], [-86.51501528499745, 27.479050530480144], [-86.51501528499745, 27.52400647365583], [-86.55997122817314, 27.52400647365583], [-86.55997122817314, 27.56896241683152], [-86.69483905770022, 27.658874303182895], [-86.69483905770022, 27.748786189534272], [-86.73979500087592, 27.748786189534272], [-86.73979500087592, 27.79374213270996], [-86.78475094405161, 27.79374213270996], [-86.874662830403, 27.928609962237022], [-86.96457471675438, 27.928609962237022], [-86.96457471675438, 27.973565905412713], [-87.00953065993008, 27.973565905412713], [-87.00953065993008, 28.0185218485884], [-87.05448660310577, 28.0185218485884], [-87.05448660310577, 28.063477791764086], [-87.09944254628147, 28.063477791764086], [-87.09944254628147, 28.108433734939773], [-87.23431037580855, 28.19834562129115], [-87.23431037580855, 28.288257507642527], [-87.27926631898424, 28.288257507642527], [-87.27926631898424, 28.333213450818214], [-87.36917820533563, 28.333213450818214], [-87.36917820533563, 28.3781693939939], [-87.41413414851132, 28.3781693939939], [-87.41413414851132, 28.42312533716959], [-87.45909009168702, 28.42312533716959], [-87.45909009168702, 28.468081280345277], [-87.5939579212141, 28.557993166696654], [-87.5939579212141, 28.647905053048028], [-87.63891386438979, 28.647905053048028], [-87.63891386438979, 28.692860996223715], [-87.68386980756549, 28.692860996223715], [-87.68386980756549, 28.737816939399405], [-87.72882575074118, 28.737816939399405], [-87.72882575074118, 28.78277288257509], [-87.77378169391687, 28.78277288257509], [-87.77378169391687, 28.82772882575078], [-87.81873763709257, 28.82772882575078], [-87.81873763709257, 28.87268476892647], [-87.86369358026826, 28.87268476892647], [-87.86369358026826, 28.917640712102155], [-87.90864952344396, 28.917640712102155], [-87.90864952344396, 28.962596655277842], [-87.95360546661965, 28.962596655277842], [-87.95360546661965, 29.007552598453533], [-87.99856140979534, 29.007552598453533], [-87.99856140979534, 29.05250854162922], [-88.04351735297104, 29.05250854162922], [-88.04351735297104, 29.097464484804906], [-88.17838518249812, 29.187376371156283], [-88.17838518249812, 29.27728825750766], [-88.22334112567381, 29.27728825750766], [-88.22334112567381, 29.322244200683347], [-88.2682970688495, 29.322244200683347], [-88.2682970688495, 29.367200143859034], [-88.3132530120252, 29.367200143859034], [-88.3132530120252, 29.412156087034724], [-88.3582089552009, 29.412156087034724], [-88.3582089552009, 29.45711203021041], [-88.40316489837659, 29.45711203021041], [-88.40316489837659, 29.502067973386097], [-88.44812084155228, 29.502067973386097], [-88.44812084155228, 29.547023916561784], [-88.49307678472798, 29.547023916561784], [-88.49307678472798, 29.591979859737474], [-88.53803272790367, 29.591979859737474], [-88.53803272790367, 29.63693580291316], [-88.58298867107936, 29.63693580291316], [-88.58298867107936, 29.681891746088848], [-88.62794461425506, 29.681891746088848], [-88.62794461425506, 29.726847689264538], [-88.67290055743075, 29.726847689264538], [-88.67290055743075, 29.771803632440225], [-88.71785650060644, 29.771803632440225], [-88.71785650060644, 29.81675957561591], [-88.76281244378214, 29.81675957561591], [-88.76281244378214, 29.861715518791602], [-88.80776838695783, 29.861715518791602], [-88.80776838695783, 29.90667146196729], [-88.85272433013353, 29.90667146196729], [-88.85272433013353, 29.951627405142975], [-88.89768027330922, 29.951627405142975], [-88.89768027330922, 29.996583348318666], [-88.94263621648491, 29.996583348318666], [-89.0325481028363, 30.131451177845726], [-89.12245998918769, 30.131451177845726], [-89.12245998918769, 30.176407121021416], [-89.16741593236338, 30.176407121021416], [-89.16741593236338, 30.221363064197103], [-89.21237187553908, 30.221363064197103], [-89.21237187553908, 30.26631900737279], [-89.25732781871477, 30.26631900737279], [-89.25732781871477, 30.31127495054848], [-89.30228376189046, 30.31127495054848], [-89.30228376189046, 30.356230893724167], [-89.34723970506616, 30.356230893724167], [-89.34723970506616, 30.401186836899853], [-89.39219564824185, 30.401186836899853], [-89.39219564824185, 30.446142780075544], [-89.43715159141755, 30.446142780075544], [-89.43715159141755, 30.49109872325123], [-89.48210753459324, 30.49109872325123], [-89.48210753459324, 30.536054666426917], [-89.52706347776893, 30.536054666426917], [-89.52706347776893, 30.581010609602608], [-89.57201942094463, 30.581010609602608], [-89.57201942094463, 30.625966552778294], [-89.61697536412032, 30.625966552778294], [-89.61697536412032, 30.67092249595398], [-89.66193130729602, 30.67092249595398], [-89.7518431936474, 30.805790325481045], [-89.84175507999879, 30.805790325481045], [-89.84175507999879, 30.850746268656735], [-89.88671102317448, 30.850746268656735], [-89.88671102317448, 30.895702211832422], [-90.02157885270157, 30.985614098183795], [-90.02157885270157, 31.030570041359486], [-90.11149073905295, 31.030570041359486], [-90.11149073905295, 31.075525984535172], [-90.15644668222865, 31.075525984535172], [-90.15644668222865, 31.12048192771086], [-90.24635856858004, 31.12048192771086], [-90.29131451175573, 31.210393814062236], [-90.38122639810712, 31.210393814062236], [-90.42618234128281, 31.300305700413613], [-90.5160942276342, 31.300305700413613], [-90.5160942276342, 31.3452616435893], [-90.65096205716128, 31.3452616435893], [-90.65096205716128, 31.390217586764987], [-90.83078582986406, 31.390217586764987], [-90.83078582986406, 31.435173529940677], [-91.05556554574252, 31.435173529940677], [-91.05556554574252, 31.390217586764987], [-91.1904333752696, 31.390217586764987], [-91.1904333752696, 31.3452616435893], [-91.280345261621, 31.3452616435893], [-91.280345261621, 31.300305700413613], [-91.46016903432377, 31.255349757237923], [-91.46016903432377, 31.210393814062236], [-91.59503686385085, 31.12048192771086], [-91.59503686385085, 31.030570041359486], [-91.63999280702654, 31.030570041359486], [-91.63999280702654, 30.94065815500811], [-91.68494875020224, 30.94065815500811], [-91.68494875020224, 30.805790325481045], [-91.72990469337793, 30.805790325481045], [-91.72990469337793, 30.67092249595398], [-91.77486063655363, 30.67092249595398], [-91.77486063655363, 29.951627405142975]]]]}}, {"type": "Feature", "properties": {"shapefile": "2021082900_wsp50knt120hr_5km", "PERCENTAGE": "50-60%"}, "geometry": {"type": "MultiPolygon", "coordinates": [[[[-91.77486063655363, 29.951627405142975], [-91.77486063655363, 30.67092249595398], [-91.72990469337793, 30.67092249595398], [-91.72990469337793, 30.805790325481045], [-91.68494875020224, 30.805790325481045], [-91.68494875020224, 30.94065815500811], [-91.63999280702654, 30.94065815500811], [-91.59503686385085, 31.12048192771086], [-91.55008092067516, 31.12048192771086], [-91.46016903432377, 31.255349757237923], [-91.37025714797238, 31.255349757237923], [-91.37025714797238, 31.300305700413613], [-91.280345261621, 31.300305700413613], [-91.280345261621, 31.3452616435893], [-91.1904333752696, 31.3452616435893], [-91.1904333752696, 31.390217586764987], [-91.05556554574252, 31.390217586764987], [-91.05556554574252, 31.435173529940677], [-90.83078582986406, 31.435173529940677], [-90.83078582986406, 31.390217586764987], [-90.65096205716128, 31.390217586764987], [-90.65096205716128, 31.3452616435893], [-90.5160942276342, 31.3452616435893], [-90.5160942276342, 31.300305700413613], [-90.42618234128281, 31.300305700413613], [-90.38122639810712, 31.210393814062236], [-90.29131451175573, 31.210393814062236], [-90.24635856858004, 31.12048192771086], [-90.15644668222865, 31.12048192771086], [-90.11149073905295, 31.030570041359486], [-90.02157885270157, 31.030570041359486], [-90.02157885270157, 30.985614098183795], [-89.97662290952587, 30.985614098183795], [-89.97662290952587, 30.94065815500811], [-89.84175507999879, 30.850746268656735], [-89.84175507999879, 30.805790325481045], [-89.7518431936474, 30.805790325481045], [-89.7518431936474, 30.760834382305358], [-89.70688725047171, 30.760834382305358], [-89.70688725047171, 30.71587843912967], [-89.66193130729602, 30.71587843912967], [-89.66193130729602, 30.67092249595398], [-89.61697536412032, 30.67092249595398], [-89.61697536412032, 30.625966552778294], [-89.57201942094463, 30.625966552778294], [-89.57201942094463, 30.581010609602608], [-89.52706347776893, 30.581010609602608], [-89.52706347776893, 30.536054666426917], [-89.48210753459324, 30.536054666426917], [-89.48210753459324, 30.49109872325123], [-89.43715159141755, 30.49109872325123], [-89.43715159141755, 30.446142780075544], [-89.39219564824185, 30.446142780075544], [-89.39219564824185, 30.401186836899853], [-89.34723970506616, 30.401186836899853], [-89.34723970506616, 30.356230893724167], [-89.30228376189046, 30.356230893724167], [-89.30228376189046, 30.31127495054848], [-89.25732781871477, 30.31127495054848], [-89.25732781871477, 30.26631900737279], [-89.12245998918769, 30.176407121021416], [-89.12245998918769, 30.131451177845726], [-89.0325481028363, 30.131451177845726], [-89.0325481028363, 30.08649523467004], [-88.98759215966061, 30.08649523467004], [-88.98759215966061, 30.041539291494352], [-88.94263621648491, 30.041539291494352], [-88.94263621648491, 29.996583348318666], [-88.89768027330922, 29.996583348318666], [-88.89768027330922, 29.951627405142975], [-88.85272433013353, 29.951627405142975], [-88.85272433013353, 29.90667146196729], [-88.80776838695783, 29.90667146196729], [-88.80776838695783, 29.861715518791602], [-88.76281244378214, 29.861715518791602], [-88.76281244378214, 29.81675957561591], [-88.71785650060644, 29.81675957561591], [-88.71785650060644, 29.771803632440225], [-88.67290055743075, 29.771803632440225], [-88.67290055743075, 29.726847689264538], [-88.62794461425506, 29.726847689264538], [-88.62794461425506, 29.681891746088848], [-88.58298867107936, 29.681891746088848], [-88.58298867107936, 29.63693580291316], [-88.53803272790367, 29.63693580291316], [-88.53803272790367, 29.591979859737474], [-88.49307678472798, 29.591979859737474], [-88.49307678472798, 29.547023916561784], [-88.44812084155228, 29.547023916561784], [-88.44812084155228, 29.502067973386097], [-88.40316489837659, 29.502067973386097], [-88.40316489837659, 29.45711203021041], [-88.3582089552009, 29.45711203021041], [-88.3582089552009, 29.412156087034724], [-88.3132530120252, 29.412156087034724], [-88.3132530120252, 29.367200143859034], [-88.17838518249812, 29.27728825750766], [-88.17838518249812, 29.187376371156283], [-88.13342923932242, 29.187376371156283], [-88.13342923932242, 29.142420427980596], [-88.08847329614673, 29.142420427980596], [-88.08847329614673, 29.097464484804906], [-88.04351735297104, 29.097464484804906], [-88.04351735297104, 29.05250854162922], [-87.99856140979534, 29.05250854162922], [-87.99856140979534, 29.007552598453533], [-87.95360546661965, 29.007552598453533], [-87.95360546661965, 28.962596655277842], [-87.90864952344396, 28.962596655277842], [-87.90864952344396, 28.917640712102155], [-87.86369358026826, 28.917640712102155], [-87.86369358026826, 28.87268476892647], [-87.81873763709257, 28.87268476892647], [-87.81873763709257, 28.82772882575078], [-87.77378169391687, 28.82772882575078], [-87.77378169391687, 28.78277288257509], [-87.72882575074118, 28.78277288257509], [-87.72882575074118, 28.737816939399405], [-87.5939579212141, 28.647905053048028], [-87.5939579212141, 28.557993166696654], [-87.5490019780384, 28.557993166696654], [-87.5490019780384, 28.513037223520964], [-87.50404603486271, 28.513037223520964], [-87.50404603486271, 28.468081280345277], [-87.45909009168702, 28.468081280345277], [-87.36917820533563, 28.333213450818214], [-87.27926631898424, 28.333213450818214], [-87.27926631898424, 28.288257507642527], [-87.23431037580855, 28.288257507642527], [-87.23431037580855, 28.19834562129115], [-87.18935443263285, 28.19834562129115], [-87.18935443263285, 28.153389678115463], [-87.14439848945716, 28.153389678115463], [-87.14439848945716, 28.108433734939773], [-87.09944254628147, 28.108433734939773], [-87.09944254628147, 28.063477791764086], [-86.96457471675438, 27.973565905412713], [-86.96457471675438, 27.928609962237022], [-86.874662830403, 27.928609962237022], [-86.874662830403, 27.883654019061336], [-86.8297068872273, 27.883654019061336], [-86.8297068872273, 27.83869807588565], [-86.69483905770022, 27.748786189534272], [-86.69483905770022, 27.658874303182895], [-86.64988311452453, 27.658874303182895], [-86.64988311452453, 27.613918360007208], [-86.60492717134883, 27.613918360007208], [-86.60492717134883, 27.56896241683152], [-86.55997122817314, 27.56896241683152], [-86.55997122817314, 27.52400647365583], [-86.42510339864606, 27.434094587304457], [-86.42510339864606, 27.34418270095308], [-86.38014745547036, 27.34418270095308], [-86.38014745547036, 27.299226757777394], [-86.29023556911898, 27.254270814601703], [-86.29023556911898, 27.16435892825033], [-86.24527962594328, 27.16435892825033], [-86.24527962594328, 26.894623269196202], [-86.29023556911898, 26.894623269196202], [-86.29023556911898, 26.804711382844825], [-86.33519151229467, 26.804711382844825], [-86.33519151229467, 26.75975543966914], [-86.38014745547036, 26.75975543966914], [-86.38014745547036, 26.66984355331776], [-86.42510339864606, 26.66984355331776], [-86.42510339864606, 26.624887610142075], [-86.47005934182175, 26.624887610142075], [-86.47005934182175, 26.579931666966388], [-86.51501528499745, 26.579931666966388], [-86.51501528499745, 26.5349757237907], [-86.55997122817314, 26.5349757237907], [-86.55997122817314, 26.49001978061501], [-86.69483905770022, 26.400107894263638], [-86.69483905770022, 26.31019600791226], [-86.73979500087592, 26.31019600791226], [-86.78475094405161, 26.220284121560884], [-86.874662830403, 26.220284121560884], [-86.874662830403, 26.175328178385197], [-86.91961877357869, 26.175328178385197], [-86.91961877357869, 26.13037223520951], [-86.96457471675438, 26.13037223520951], [-86.96457471675438, 26.08541629203382], [-87.00953065993008, 26.08541629203382], [-87.09944254628147, 25.950548462506756], [-87.18935443263285, 25.950548462506756], [-87.27926631898424, 25.815680632979692], [-87.36917820533563, 25.815680632979692], [-87.36917820533563, 25.770724689804005], [-87.5939579212141, 25.770724689804005], [-87.5939579212141, 25.815680632979692], [-87.68386980756549, 25.815680632979692], [-87.68386980756549, 25.860636576155382], [-87.72882575074118, 25.860636576155382], [-87.72882575074118, 25.90559251933107], [-87.81873763709257, 25.90559251933107], [-87.81873763709257, 25.950548462506756], [-87.86369358026826, 25.950548462506756], [-87.95360546661965, 26.08541629203382], [-88.04351735297104, 26.08541629203382], [-88.04351735297104, 26.13037223520951], [-88.08847329614673, 26.13037223520951], [-88.17838518249812, 26.265240064736574], [-88.2682970688495, 26.265240064736574], [-88.2682970688495, 26.31019600791226], [-88.3132530120252, 26.31019600791226], [-88.3132530120252, 26.355151951087947], [-88.3582089552009, 26.355151951087947], [-88.3582089552009, 26.400107894263638], [-88.40316489837659, 26.400107894263638], [-88.49307678472798, 26.5349757237907], [-88.58298867107936, 26.5349757237907], [-88.62794461425506, 26.624887610142075], [-88.71785650060644, 26.624887610142075], [-88.76281244378214, 26.714799496493452], [-88.85272433013353, 26.714799496493452], [-88.89768027330922, 26.804711382844825], [-88.98759215966061, 26.804711382844825], [-89.077504046012, 26.93957921237189], [-89.16741593236338, 26.93957921237189], [-89.21237187553908, 27.029491098723266], [-89.30228376189046, 27.029491098723266], [-89.34723970506616, 27.119402985074643], [-89.43715159141755, 27.119402985074643], [-89.43715159141755, 27.16435892825033], [-89.48210753459324, 27.16435892825033], [-89.48210753459324, 27.209314871426017], [-89.57201942094463, 27.209314871426017], [-89.61697536412032, 27.299226757777394], [-89.70688725047171, 27.299226757777394], [-89.70688725047171, 27.34418270095308], [-89.7518431936474, 27.34418270095308], [-89.84175507999879, 27.479050530480144], [-89.93166696635018, 27.479050530480144], [-90.02157885270157, 27.613918360007208], [-90.11149073905295, 27.613918360007208], [-90.11149073905295, 27.658874303182895], [-90.15644668222865, 27.658874303182895], [-90.15644668222865, 27.703830246358585], [-90.20140262540434, 27.703830246358585], [-90.20140262540434, 27.748786189534272], [-90.24635856858004, 27.748786189534272], [-90.24635856858004, 27.79374213270996], [-90.29131451175573, 27.79374213270996], [-90.29131451175573, 27.83869807588565], [-90.33627045493142, 27.83869807588565], [-90.33627045493142, 27.883654019061336], [-90.38122639810712, 27.883654019061336], [-90.38122639810712, 27.928609962237022], [-90.42618234128281, 27.928609962237022], [-90.42618234128281, 27.973565905412713], [-90.4711382844585, 27.973565905412713], [-90.4711382844585, 28.0185218485884], [-90.5160942276342, 28.0185218485884], [-90.5160942276342, 28.063477791764086], [-90.56105017080989, 28.063477791764086], [-90.56105017080989, 28.108433734939773], [-90.60600611398559, 28.108433734939773], [-90.60600611398559, 28.153389678115463], [-90.65096205716128, 28.153389678115463], [-90.65096205716128, 28.19834562129115], [-90.78582988668836, 28.288257507642527], [-90.78582988668836, 28.3781693939939], [-90.83078582986406, 28.3781693939939], [-90.83078582986406, 28.42312533716959], [-90.96565365939114, 28.513037223520964], [-90.96565365939114, 28.60294910987234], [-91.10052148891822, 28.692860996223715], [-91.10052148891822, 28.78277288257509], [-91.2353893184453, 28.87268476892647], [-91.2353893184453, 28.962596655277842], [-91.32530120479669, 29.007552598453533], [-91.37025714797238, 29.187376371156283], [-91.46016903432377, 29.23233231433197], [-91.46016903432377, 29.322244200683347], [-91.50512497749946, 29.322244200683347], [-91.50512497749946, 29.412156087034724], [-91.55008092067516, 29.412156087034724], [-91.55008092067516, 29.502067973386097], [-91.59503686385085, 29.502067973386097], [-91.59503686385085, 29.591979859737474], [-91.63999280702654, 29.591979859737474], [-91.63999280702654, 29.681891746088848], [-91.68494875020224, 29.681891746088848], [-91.72990469337793, 29.951627405142975], [-91.77486063655363, 29.951627405142975]], [[-91.63999280702654, 29.951627405142975], [-91.59503686385085, 29.951627405142975], [-91.59503686385085, 29.861715518791602], [-91.55008092067516, 29.861715518791602], [-91.55008092067516, 29.726847689264538], [-91.50512497749946, 29.726847689264538], [-91.50512497749946, 29.63693580291316], [-91.46016903432377, 29.63693580291316], [-91.46016903432377, 29.547023916561784], [-91.41521309114808, 29.547023916561784], [-91.37025714797238, 29.367200143859034], [-91.280345261621, 29.322244200683347], [-91.280345261621, 29.23233231433197], [-91.2353893184453, 29.23233231433197], [-91.1904333752696, 29.05250854162922], [-91.14547743209391, 29.05250854162922], [-91.14547743209391, 29.007552598453533], [-91.10052148891822, 29.007552598453533], [-91.10052148891822, 28.917640712102155], [-90.96565365939114, 28.82772882575078], [-90.96565365939114, 28.737816939399405], [-90.83078582986406, 28.647905053048028], [-90.83078582986406, 28.557993166696654], [-90.69591800033697, 28.468081280345277], [-90.69591800033697, 28.3781693939939], [-90.65096205716128, 28.3781693939939], [-90.65096205716128, 28.333213450818214], [-90.60600611398559, 28.333213450818214], [-90.60600611398559, 28.288257507642527], [-90.56105017080989, 28.288257507642527], [-90.56105017080989, 28.243301564466837], [-90.5160942276342, 28.243301564466837], [-90.5160942276342, 28.19834562129115], [-90.4711382844585, 28.19834562129115], [-90.4711382844585, 28.153389678115463], [-90.42618234128281, 28.153389678115463], [-90.42618234128281, 28.108433734939773], [-90.38122639810712, 28.108433734939773], [-90.38122639810712, 28.063477791764086], [-90.33627045493142, 28.063477791764086], [-90.33627045493142, 28.0185218485884], [-90.29131451175573, 28.0185218485884], [-90.29131451175573, 27.973565905412713], [-90.24635856858004, 27.973565905412713], [-90.24635856858004, 27.928609962237022], [-90.20140262540434, 27.928609962237022], [-90.20140262540434, 27.883654019061336], [-90.15644668222865, 27.883654019061336], [-90.15644668222865, 27.83869807588565], [-90.11149073905295, 27.83869807588565], [-90.11149073905295, 27.79374213270996], [-89.97662290952587, 27.703830246358585], [-89.97662290952587, 27.658874303182895], [-89.88671102317448, 27.658874303182895], [-89.88671102317448, 27.613918360007208], [-89.84175507999879, 27.613918360007208], [-89.7518431936474, 27.479050530480144], [-89.66193130729602, 27.479050530480144], [-89.66193130729602, 27.434094587304457], [-89.61697536412032, 27.434094587304457], [-89.52706347776893, 27.299226757777394], [-89.34723970506616, 27.254270814601703], [-89.30228376189046, 27.16435892825033], [-89.21237187553908, 27.16435892825033], [-89.16741593236338, 27.074447041898953], [-89.077504046012, 27.074447041898953], [-89.0325481028363, 26.98453515554758], [-88.94263621648491, 26.98453515554758], [-88.94263621648491, 26.93957921237189], [-88.89768027330922, 26.93957921237189], [-88.85272433013353, 26.849667326020516], [-88.76281244378214, 26.849667326020516], [-88.67290055743075, 26.714799496493452], [-88.58298867107936, 26.714799496493452], [-88.53803272790367, 26.624887610142075], [-88.44812084155228, 26.624887610142075], [-88.44812084155228, 26.579931666966388], [-88.40316489837659, 26.579931666966388], [-88.40316489837659, 26.5349757237907], [-88.3582089552009, 26.5349757237907], [-88.3582089552009, 26.49001978061501], [-88.3132530120252, 26.49001978061501], [-88.22334112567381, 26.355151951087947], [-88.13342923932242, 26.355151951087947], [-88.13342923932242, 26.31019600791226], [-88.08847329614673, 26.31019600791226], [-87.99856140979534, 26.175328178385197], [-87.90864952344396, 26.175328178385197], [-87.90864952344396, 26.13037223520951], [-87.86369358026826, 26.13037223520951], [-87.86369358026826, 26.08541629203382], [-87.81873763709257, 26.08541629203382], [-87.81873763709257, 26.040460348858133], [-87.77378169391687, 26.040460348858133], [-87.68386980756549, 25.90559251933107], [-87.50404603486271, 25.860636576155382], [-87.50404603486271, 25.815680632979692], [-87.45909009168702, 25.815680632979692], [-87.45909009168702, 25.860636576155382], [-87.36917820533563, 25.860636576155382], [-87.36917820533563, 25.90559251933107], [-87.27926631898424, 25.90559251933107], [-87.27926631898424, 25.950548462506756], [-87.23431037580855, 25.950548462506756], [-87.23431037580855, 25.995504405682446], [-87.18935443263285, 25.995504405682446], [-87.18935443263285, 26.040460348858133], [-87.14439848945716, 26.040460348858133], [-87.14439848945716, 26.08541629203382], [-87.09944254628147, 26.08541629203382], [-87.00953065993008, 26.220284121560884], [-86.91961877357869, 26.220284121560884], [-86.91961877357869, 26.265240064736574], [-86.874662830403, 26.265240064736574], [-86.874662830403, 26.31019600791226], [-86.8297068872273, 26.31019600791226], [-86.8297068872273, 26.355151951087947], [-86.69483905770022, 26.445063837439324], [-86.69483905770022, 26.5349757237907], [-86.64988311452453, 26.5349757237907], [-86.64988311452453, 26.579931666966388], [-86.60492717134883, 26.579931666966388], [-86.60492717134883, 26.624887610142075], [-86.55997122817314, 26.624887610142075], [-86.55997122817314, 26.66984355331776], [-86.51501528499745, 26.66984355331776], [-86.51501528499745, 26.714799496493452], [-86.47005934182175, 26.714799496493452], [-86.47005934182175, 26.75975543966914], [-86.33519151229467, 26.849667326020516], [-86.33519151229467, 26.93957921237189], [-86.29023556911898, 26.93957921237189], [-86.29023556911898, 27.119402985074643], [-86.33519151229467, 27.119402985074643], [-86.33519151229467, 27.16435892825033], [-86.38014745547036, 27.16435892825033], [-86.38014745547036, 27.254270814601703], [-86.42510339864606, 27.254270814601703], [-86.42510339864606, 27.299226757777394], [-86.47005934182175, 27.299226757777394], [-86.47005934182175, 27.34418270095308], [-86.51501528499745, 27.34418270095308], [-86.51501528499745, 27.389138644128767], [-86.55997122817314, 27.389138644128767], [-86.55997122817314, 27.434094587304457], [-86.69483905770022, 27.52400647365583], [-86.69483905770022, 27.613918360007208], [-86.73979500087592, 27.613918360007208], [-86.73979500087592, 27.658874303182895], [-86.78475094405161, 27.658874303182895], [-86.78475094405161, 27.703830246358585], [-86.8297068872273, 27.703830246358585], [-86.91961877357869, 27.83869807588565], [-87.00953065993008, 27.83869807588565], [-87.00953065993008, 27.883654019061336], [-87.05448660310577, 27.883654019061336], [-87.05448660310577, 27.928609962237022], [-87.09944254628147, 27.928609962237022], [-87.09944254628147, 27.973565905412713], [-87.14439848945716, 27.973565905412713], [-87.14439848945716, 28.0185218485884], [-87.18935443263285, 28.0185218485884], [-87.18935443263285, 28.063477791764086], [-87.23431037580855, 28.063477791764086], [-87.23431037580855, 28.108433734939773], [-87.27926631898424, 28.108433734939773], [-87.27926631898424, 28.153389678115463], [-87.32422226215994, 28.153389678115463], [-87.32422226215994, 28.19834562129115], [-87.36917820533563, 28.19834562129115], [-87.36917820533563, 28.243301564466837], [-87.41413414851132, 28.243301564466837], [-87.41413414851132, 28.288257507642527], [-87.45909009168702, 28.288257507642527], [-87.45909009168702, 28.333213450818214], [-87.50404603486271, 28.333213450818214], [-87.50404603486271, 28.3781693939939], [-87.5490019780384, 28.3781693939939], [-87.5490019780384, 28.42312533716959], [-87.5939579212141, 28.42312533716959], [-87.5939579212141, 28.468081280345277], [-87.63891386438979, 28.468081280345277], [-87.63891386438979, 28.513037223520964], [-87.68386980756549, 28.513037223520964], [-87.68386980756549, 28.557993166696654], [-87.72882575074118, 28.557993166696654], [-87.72882575074118, 28.60294910987234], [-87.77378169391687, 28.60294910987234], [-87.77378169391687, 28.647905053048028], [-87.81873763709257, 28.647905053048028], [-87.81873763709257, 28.692860996223715], [-87.86369358026826, 28.692860996223715], [-87.86369358026826, 28.737816939399405], [-87.90864952344396, 28.737816939399405], [-87.90864952344396, 28.78277288257509], [-87.95360546661965, 28.78277288257509], [-87.95360546661965, 28.82772882575078], [-87.99856140979534, 28.82772882575078], [-87.99856140979534, 28.87268476892647], [-88.04351735297104, 28.87268476892647], [-88.04351735297104, 28.917640712102155], [-88.08847329614673, 28.917640712102155], [-88.08847329614673, 28.962596655277842], [-88.22334112567381, 29.05250854162922], [-88.22334112567381, 29.142420427980596], [-88.2682970688495, 29.142420427980596], [-88.2682970688495, 29.187376371156283], [-88.3132530120252, 29.187376371156283], [-88.3132530120252, 29.23233231433197], [-88.3582089552009, 29.23233231433197], [-88.3582089552009, 29.27728825750766], [-88.40316489837659, 29.27728825750766], [-88.40316489837659, 29.322244200683347], [-88.44812084155228, 29.322244200683347], [-88.44812084155228, 29.367200143859034], [-88.49307678472798, 29.367200143859034], [-88.49307678472798, 29.412156087034724], [-88.53803272790367, 29.412156087034724], [-88.53803272790367, 29.45711203021041], [-88.58298867107936, 29.45711203021041], [-88.58298867107936, 29.502067973386097], [-88.62794461425506, 29.502067973386097], [-88.62794461425506, 29.547023916561784], [-88.67290055743075, 29.547023916561784], [-88.67290055743075, 29.591979859737474], [-88.71785650060644, 29.591979859737474], [-88.71785650060644, 29.63693580291316], [-88.76281244378214, 29.63693580291316], [-88.76281244378214, 29.681891746088848], [-88.80776838695783, 29.681891746088848], [-88.89768027330922, 29.81675957561591], [-88.98759215966061, 29.81675957561591], [-88.98759215966061, 29.861715518791602], [-89.0325481028363, 29.861715518791602], [-89.0325481028363, 29.90667146196729], [-89.077504046012, 29.90667146196729], [-89.077504046012, 29.951627405142975], [-89.12245998918769, 29.951627405142975], [-89.12245998918769, 29.996583348318666], [-89.16741593236338, 29.996583348318666], [-89.16741593236338, 30.041539291494352], [-89.21237187553908, 30.041539291494352], [-89.21237187553908, 30.08649523467004], [-89.25732781871477, 30.08649523467004], [-89.34723970506616, 30.221363064197103], [-89.43715159141755, 30.221363064197103], [-89.43715159141755, 30.26631900737279], [-89.48210753459324, 30.26631900737279], [-89.48210753459324, 30.31127495054848], [-89.52706347776893, 30.31127495054848], [-89.52706347776893, 30.356230893724167], [-89.57201942094463, 30.356230893724167], [-89.57201942094463, 30.401186836899853], [-89.61697536412032, 30.401186836899853], [-89.61697536412032, 30.446142780075544], [-89.66193130729602, 30.446142780075544], [-89.66193130729602, 30.49109872325123], [-89.70688725047171, 30.49109872325123], [-89.70688725047171, 30.536054666426917], [-89.7518431936474, 30.536054666426917], [-89.7518431936474, 30.581010609602608], [-89.88671102317448, 30.67092249595398], [-89.88671102317448, 30.71587843912967], [-89.97662290952587, 30.71587843912967], [-90.06653479587726, 30.850746268656735], [-90.15644668222865, 30.850746268656735], [-90.20140262540434, 30.94065815500811], [-90.29131451175573, 30.94065815500811], [-90.38122639810712, 31.075525984535172], [-90.56105017080989, 31.12048192771086], [-90.56105017080989, 31.16543787088655], [-90.74087394351267, 31.16543787088655], [-90.74087394351267, 31.210393814062236], [-90.87574177303975, 31.210393814062236], [-90.87574177303975, 31.255349757237923], [-91.05556554574252, 31.255349757237923], [-91.05556554574252, 31.210393814062236], [-91.2353893184453, 31.16543787088655], [-91.280345261621, 31.075525984535172], [-91.37025714797238, 31.075525984535172], [-91.37025714797238, 31.030570041359486], [-91.50512497749946, 30.94065815500811], [-91.50512497749946, 30.850746268656735], [-91.55008092067516, 30.850746268656735], [-91.55008092067516, 30.760834382305358], [-91.59503686385085, 30.760834382305358], [-91.59503686385085, 30.625966552778294], [-91.63999280702654, 30.625966552778294], [-91.63999280702654, 29.951627405142975]]]]}}, {"type": "Feature", "properties": {"shapefile": "2021082900_wsp50knt120hr_5km", "PERCENTAGE": "60-70%"}, "geometry": {"type": "MultiPolygon", "coordinates": [[[[-87.50404603486271, 25.815680632979692], [-87.50404603486271, 25.860636576155382], [-87.45909009168702, 25.860636576155382], [-87.45909009168702, 25.815680632979692], [-87.50404603486271, 25.815680632979692]]], [[[-87.5939579212141, 25.860636576155382], [-87.5939579212141, 25.90559251933107], [-87.50404603486271, 25.90559251933107], [-87.50404603486271, 25.860636576155382], [-87.5939579212141, 25.860636576155382]]], [[[-87.45909009168702, 25.860636576155382], [-87.45909009168702, 25.90559251933107], [-87.36917820533563, 25.90559251933107], [-87.36917820533563, 25.860636576155382], [-87.45909009168702, 25.860636576155382]]], [[[-91.63999280702654, 29.951627405142975], [-91.63999280702654, 30.625966552778294], [-91.59503686385085, 30.625966552778294], [-91.59503686385085, 30.760834382305358], [-91.55008092067516, 30.760834382305358], [-91.50512497749946, 30.94065815500811], [-91.46016903432377, 30.94065815500811], [-91.37025714797238, 31.075525984535172], [-91.280345261621, 31.075525984535172], [-91.2353893184453, 31.16543787088655], [-91.14547743209391, 31.16543787088655], [-91.14547743209391, 31.210393814062236], [-91.05556554574252, 31.210393814062236], [-91.05556554574252, 31.255349757237923], [-90.87574177303975, 31.255349757237923], [-90.87574177303975, 31.210393814062236], [-90.74087394351267, 31.210393814062236], [-90.74087394351267, 31.16543787088655], [-90.56105017080989, 31.16543787088655], [-90.56105017080989, 31.12048192771086], [-90.38122639810712, 31.075525984535172], [-90.29131451175573, 30.94065815500811], [-90.20140262540434, 30.94065815500811], [-90.20140262540434, 30.895702211832422], [-90.15644668222865, 30.895702211832422], [-90.15644668222865, 30.850746268656735], [-90.06653479587726, 30.850746268656735], [-89.97662290952587, 30.71587843912967], [-89.88671102317448, 30.71587843912967], [-89.88671102317448, 30.67092249595398], [-89.84175507999879, 30.67092249595398], [-89.84175507999879, 30.625966552778294], [-89.7967991368231, 30.625966552778294], [-89.7967991368231, 30.581010609602608], [-89.7518431936474, 30.581010609602608], [-89.7518431936474, 30.536054666426917], [-89.70688725047171, 30.536054666426917], [-89.70688725047171, 30.49109872325123], [-89.66193130729602, 30.49109872325123], [-89.66193130729602, 30.446142780075544], [-89.61697536412032, 30.446142780075544], [-89.61697536412032, 30.401186836899853], [-89.57201942094463, 30.401186836899853], [-89.57201942094463, 30.356230893724167], [-89.52706347776893, 30.356230893724167], [-89.43715159141755, 30.221363064197103], [-89.34723970506616, 30.221363064197103], [-89.34723970506616, 30.176407121021416], [-89.30228376189046, 30.176407121021416], [-89.30228376189046, 30.131451177845726], [-89.25732781871477, 30.131451177845726], [-89.25732781871477, 30.08649523467004], [-89.21237187553908, 30.08649523467004], [-89.21237187553908, 30.041539291494352], [-89.16741593236338, 30.041539291494352], [-89.16741593236338, 29.996583348318666], [-89.12245998918769, 29.996583348318666], [-89.12245998918769, 29.951627405142975], [-88.98759215966061, 29.861715518791602], [-88.98759215966061, 29.81675957561591], [-88.89768027330922, 29.81675957561591], [-88.89768027330922, 29.771803632440225], [-88.85272433013353, 29.771803632440225], [-88.85272433013353, 29.726847689264538], [-88.80776838695783, 29.726847689264538], [-88.80776838695783, 29.681891746088848], [-88.76281244378214, 29.681891746088848], [-88.76281244378214, 29.63693580291316], [-88.71785650060644, 29.63693580291316], [-88.71785650060644, 29.591979859737474], [-88.67290055743075, 29.591979859737474], [-88.67290055743075, 29.547023916561784], [-88.62794461425506, 29.547023916561784], [-88.62794461425506, 29.502067973386097], [-88.58298867107936, 29.502067973386097], [-88.58298867107936, 29.45711203021041], [-88.53803272790367, 29.45711203021041], [-88.53803272790367, 29.412156087034724], [-88.49307678472798, 29.412156087034724], [-88.49307678472798, 29.367200143859034], [-88.44812084155228, 29.367200143859034], [-88.44812084155228, 29.322244200683347], [-88.40316489837659, 29.322244200683347], [-88.40316489837659, 29.27728825750766], [-88.3582089552009, 29.27728825750766], [-88.3582089552009, 29.23233231433197], [-88.22334112567381, 29.142420427980596], [-88.22334112567381, 29.05250854162922], [-88.17838518249812, 29.05250854162922], [-88.17838518249812, 29.007552598453533], [-88.13342923932242, 29.007552598453533], [-88.13342923932242, 28.962596655277842], [-88.08847329614673, 28.962596655277842], [-88.08847329614673, 28.917640712102155], [-88.04351735297104, 28.917640712102155], [-88.04351735297104, 28.87268476892647], [-87.99856140979534, 28.87268476892647], [-87.99856140979534, 28.82772882575078], [-87.95360546661965, 28.82772882575078], [-87.95360546661965, 28.78277288257509], [-87.90864952344396, 28.78277288257509], [-87.90864952344396, 28.737816939399405], [-87.86369358026826, 28.737816939399405], [-87.86369358026826, 28.692860996223715], [-87.81873763709257, 28.692860996223715], [-87.81873763709257, 28.647905053048028], [-87.77378169391687, 28.647905053048028], [-87.77378169391687, 28.60294910987234], [-87.72882575074118, 28.60294910987234], [-87.72882575074118, 28.557993166696654], [-87.68386980756549, 28.557993166696654], [-87.68386980756549, 28.513037223520964], [-87.63891386438979, 28.513037223520964], [-87.63891386438979, 28.468081280345277], [-87.5939579212141, 28.468081280345277], [-87.5939579212141, 28.42312533716959], [-87.5490019780384, 28.42312533716959], [-87.5490019780384, 28.3781693939939], [-87.50404603486271, 28.3781693939939], [-87.50404603486271, 28.333213450818214], [-87.45909009168702, 28.333213450818214], [-87.45909009168702, 28.288257507642527], [-87.41413414851132, 28.288257507642527], [-87.41413414851132, 28.243301564466837], [-87.36917820533563, 28.243301564466837], [-87.36917820533563, 28.19834562129115], [-87.32422226215994, 28.19834562129115], [-87.32422226215994, 28.153389678115463], [-87.27926631898424, 28.153389678115463], [-87.27926631898424, 28.108433734939773], [-87.23431037580855, 28.108433734939773], [-87.23431037580855, 28.063477791764086], [-87.18935443263285, 28.063477791764086], [-87.18935443263285, 28.0185218485884], [-87.14439848945716, 28.0185218485884], [-87.14439848945716, 27.973565905412713], [-87.09944254628147, 27.973565905412713], [-87.00953065993008, 27.83869807588565], [-86.91961877357869, 27.83869807588565], [-86.91961877357869, 27.79374213270996], [-86.874662830403, 27.79374213270996], [-86.874662830403, 27.748786189534272], [-86.8297068872273, 27.748786189534272], [-86.8297068872273, 27.703830246358585], [-86.69483905770022, 27.613918360007208], [-86.69483905770022, 27.52400647365583], [-86.64988311452453, 27.52400647365583], [-86.64988311452453, 27.479050530480144], [-86.60492717134883, 27.479050530480144], [-86.60492717134883, 27.434094587304457], [-86.55997122817314, 27.434094587304457], [-86.55997122817314, 27.389138644128767], [-86.51501528499745, 27.389138644128767], [-86.51501528499745, 27.34418270095308], [-86.38014745547036, 27.254270814601703], [-86.38014745547036, 27.16435892825033], [-86.29023556911898, 27.119402985074643], [-86.29023556911898, 26.93957921237189], [-86.33519151229467, 26.93957921237189], [-86.33519151229467, 26.849667326020516], [-86.38014745547036, 26.849667326020516], [-86.38014745547036, 26.804711382844825], [-86.42510339864606, 26.804711382844825], [-86.42510339864606, 26.75975543966914], [-86.47005934182175, 26.75975543966914], [-86.47005934182175, 26.714799496493452], [-86.51501528499745, 26.714799496493452], [-86.51501528499745, 26.66984355331776], [-86.55997122817314, 26.66984355331776], [-86.55997122817314, 26.624887610142075], [-86.69483905770022, 26.5349757237907], [-86.69483905770022, 26.445063837439324], [-86.73979500087592, 26.445063837439324], [-86.73979500087592, 26.400107894263638], [-86.78475094405161, 26.400107894263638], [-86.78475094405161, 26.355151951087947], [-86.8297068872273, 26.355151951087947], [-86.91961877357869, 26.220284121560884], [-87.00953065993008, 26.220284121560884], [-87.00953065993008, 26.175328178385197], [-87.05448660310577, 26.175328178385197], [-87.05448660310577, 26.13037223520951], [-87.09944254628147, 26.13037223520951], [-87.09944254628147, 26.08541629203382], [-87.14439848945716, 26.08541629203382], [-87.14439848945716, 26.040460348858133], [-87.18935443263285, 26.040460348858133], [-87.27926631898424, 25.90559251933107], [-87.36917820533563, 25.90559251933107], [-87.36917820533563, 25.950548462506756], [-87.27926631898424, 25.995504405682446], [-87.27926631898424, 26.08541629203382], [-87.23431037580855, 26.08541629203382], [-87.23431037580855, 26.13037223520951], [-87.18935443263285, 26.13037223520951], [-87.09944254628147, 26.265240064736574], [-87.00953065993008, 26.265240064736574], [-87.00953065993008, 26.31019600791226], [-86.96457471675438, 26.31019600791226], [-86.96457471675438, 26.355151951087947], [-86.91961877357869, 26.355151951087947], [-86.91961877357869, 26.400107894263638], [-86.874662830403, 26.400107894263638], [-86.874662830403, 26.445063837439324], [-86.8297068872273, 26.445063837439324], [-86.8297068872273, 26.49001978061501], [-86.69483905770022, 26.579931666966388], [-86.69483905770022, 26.66984355331776], [-86.64988311452453, 26.66984355331776], [-86.55997122817314, 26.804711382844825], [-86.47005934182175, 26.804711382844825], [-86.47005934182175, 26.849667326020516], [-86.38014745547036, 26.894623269196202], [-86.33519151229467, 27.074447041898953], [-86.38014745547036, 27.074447041898953], [-86.38014745547036, 27.119402985074643], [-86.42510339864606, 27.119402985074643], [-86.42510339864606, 27.16435892825033], [-86.47005934182175, 27.16435892825033], [-86.47005934182175, 27.209314871426017], [-86.51501528499745, 27.209314871426017], [-86.51501528499745, 27.254270814601703], [-86.55997122817314, 27.254270814601703], [-86.55997122817314, 27.299226757777394], [-86.60492717134883, 27.299226757777394], [-86.60492717134883, 27.34418270095308], [-86.73979500087592, 27.434094587304457], [-86.73979500087592, 27.52400647365583], [-86.78475094405161, 27.52400647365583], [-86.78475094405161, 27.56896241683152], [-86.8297068872273, 27.56896241683152], [-86.8297068872273, 27.613918360007208], [-86.874662830403, 27.613918360007208], [-86.874662830403, 27.658874303182895], [-86.91961877357869, 27.658874303182895], [-87.00953065993008, 27.79374213270996], [-87.09944254628147, 27.79374213270996], [-87.09944254628147, 27.83869807588565], [-87.14439848945716, 27.83869807588565], [-87.14439848945716, 27.883654019061336], [-87.18935443263285, 27.883654019061336], [-87.18935443263285, 27.928609962237022], [-87.32422226215994, 28.0185218485884], [-87.32422226215994, 28.108433734939773], [-87.36917820533563, 28.108433734939773], [-87.36917820533563, 28.153389678115463], [-87.45909009168702, 28.153389678115463], [-87.45909009168702, 28.19834562129115], [-87.50404603486271, 28.19834562129115], [-87.5939579212141, 28.333213450818214], [-87.68386980756549, 28.333213450818214], [-87.68386980756549, 28.3781693939939], [-87.72882575074118, 28.3781693939939], [-87.72882575074118, 28.468081280345277], [-87.77378169391687, 28.468081280345277], [-87.77378169391687, 28.513037223520964], [-87.81873763709257, 28.513037223520964], [-87.81873763709257, 28.557993166696654], [-87.86369358026826, 28.557993166696654], [-87.86369358026826, 28.60294910987234], [-87.90864952344396, 28.60294910987234], [-87.90864952344396, 28.647905053048028], [-87.95360546661965, 28.647905053048028], [-88.04351735297104, 28.78277288257509], [-88.13342923932242, 28.78277288257509], [-88.13342923932242, 28.82772882575078], [-88.22334112567381, 28.87268476892647], [-88.22334112567381, 28.962596655277842], [-88.2682970688495, 28.962596655277842], [-88.2682970688495, 29.007552598453533], [-88.3132530120252, 29.007552598453533], [-88.3132530120252, 29.05250854162922], [-88.3582089552009, 29.05250854162922], [-88.3582089552009, 29.097464484804906], [-88.40316489837659, 29.097464484804906], [-88.40316489837659, 29.142420427980596], [-88.44812084155228, 29.142420427980596], [-88.53803272790367, 29.27728825750766], [-88.62794461425506, 29.27728825750766], [-88.62794461425506, 29.322244200683347], [-88.71785650060644, 29.367200143859034], [-88.71785650060644, 29.45711203021041], [-88.76281244378214, 29.45711203021041], [-88.76281244378214, 29.502067973386097], [-88.80776838695783, 29.502067973386097], [-88.80776838695783, 29.547023916561784], [-88.85272433013353, 29.547023916561784], [-88.85272433013353, 29.591979859737474], [-88.89768027330922, 29.591979859737474], [-88.98759215966061, 29.726847689264538], [-89.077504046012, 29.726847689264538], [-89.16741593236338, 29.861715518791602], [-89.25732781871477, 29.861715518791602], [-89.25732781871477, 29.90667146196729], [-89.30228376189046, 29.90667146196729], [-89.30228376189046, 29.951627405142975], [-89.34723970506616, 29.951627405142975], [-89.34723970506616, 29.996583348318666], [-89.39219564824185, 29.996583348318666], [-89.39219564824185, 30.041539291494352], [-89.52706347776893, 30.131451177845726], [-89.52706347776893, 30.176407121021416], [-89.61697536412032, 30.176407121021416], [-89.61697536412032, 30.221363064197103], [-89.66193130729602, 30.221363064197103], [-89.66193130729602, 30.26631900737279], [-89.70688725047171, 30.26631900737279], [-89.70688725047171, 30.31127495054848], [-89.7518431936474, 30.31127495054848], [-89.7518431936474, 30.356230893724167], [-89.7967991368231, 30.356230893724167], [-89.7967991368231, 30.401186836899853], [-89.84175507999879, 30.401186836899853], [-89.84175507999879, 30.446142780075544], [-89.88671102317448, 30.446142780075544], [-89.88671102317448, 30.49109872325123], [-90.02157885270157, 30.581010609602608], [-90.02157885270157, 30.625966552778294], [-90.20140262540434, 30.67092249595398], [-90.20140262540434, 30.71587843912967], [-90.24635856858004, 30.71587843912967], [-90.24635856858004, 30.760834382305358], [-90.33627045493142, 30.760834382305358], [-90.42618234128281, 30.895702211832422], [-90.5160942276342, 30.895702211832422], [-90.5160942276342, 30.94065815500811], [-90.65096205716128, 30.94065815500811], [-90.65096205716128, 30.985614098183795], [-90.74087394351267, 30.985614098183795], [-90.74087394351267, 31.030570041359486], [-90.87574177303975, 31.030570041359486], [-90.87574177303975, 31.075525984535172], [-91.01060960256683, 31.075525984535172], [-91.01060960256683, 31.030570041359486], [-91.10052148891822, 31.030570041359486], [-91.10052148891822, 30.985614098183795], [-91.14547743209391, 30.985614098183795], [-91.14547743209391, 30.94065815500811], [-91.1904333752696, 30.94065815500811], [-91.1904333752696, 30.895702211832422], [-91.2353893184453, 30.895702211832422], [-91.2353893184453, 30.850746268656735], [-91.280345261621, 30.850746268656735], [-91.280345261621, 30.805790325481045], [-91.32530120479669, 30.805790325481045], [-91.32530120479669, 30.760834382305358], [-91.46016903432377, 30.67092249595398], [-91.46016903432377, 30.581010609602608], [-91.50512497749946, 30.581010609602608], [-91.50512497749946, 29.951627405142975], [-91.41521309114808, 29.90667146196729], [-91.41521309114808, 29.81675957561591], [-91.37025714797238, 29.81675957561591], [-91.37025714797238, 29.726847689264538], [-91.32530120479669, 29.726847689264538], [-91.32530120479669, 29.63693580291316], [-91.280345261621, 29.63693580291316], [-91.280345261621, 29.502067973386097], [-91.2353893184453, 29.502067973386097], [-91.2353893184453, 29.412156087034724], [-91.1904333752696, 29.412156087034724], [-91.1904333752696, 29.322244200683347], [-91.14547743209391, 29.322244200683347], [-91.14547743209391, 29.23233231433197], [-91.05556554574252, 29.187376371156283], [-91.01060960256683, 29.007552598453533], [-90.96565365939114, 29.007552598453533], [-90.96565365939114, 28.962596655277842], [-90.83078582986406, 28.87268476892647], [-90.83078582986406, 28.78277288257509], [-90.74087394351267, 28.737816939399405], [-90.74087394351267, 28.647905053048028], [-90.65096205716128, 28.60294910987234], [-90.65096205716128, 28.513037223520964], [-90.60600611398559, 28.513037223520964], [-90.60600611398559, 28.468081280345277], [-90.56105017080989, 28.468081280345277], [-90.56105017080989, 28.42312533716959], [-90.5160942276342, 28.42312533716959], [-90.5160942276342, 28.3781693939939], [-90.4711382844585, 28.3781693939939], [-90.4711382844585, 28.333213450818214], [-90.42618234128281, 28.333213450818214], [-90.42618234128281, 28.288257507642527], [-90.38122639810712, 28.288257507642527], [-90.38122639810712, 28.243301564466837], [-90.24635856858004, 28.153389678115463], [-90.24635856858004, 28.063477791764086], [-90.20140262540434, 28.063477791764086], [-90.20140262540434, 28.0185218485884], [-90.15644668222865, 28.0185218485884], [-90.15644668222865, 27.973565905412713], [-90.11149073905295, 27.973565905412713], [-90.02157885270157, 27.83869807588565], [-89.93166696635018, 27.83869807588565], [-89.84175507999879, 27.703830246358585], [-89.7518431936474, 27.703830246358585], [-89.7518431936474, 27.658874303182895], [-89.70688725047171, 27.658874303182895], [-89.70688725047171, 27.613918360007208], [-89.66193130729602, 27.613918360007208], [-89.66193130729602, 27.56896241683152], [-89.61697536412032, 27.56896241683152], [-89.61697536412032, 27.52400647365583], [-89.57201942094463, 27.52400647365583], [-89.48210753459324, 27.389138644128767], [-89.39219564824185, 27.389138644128767], [-89.39219564824185, 27.34418270095308], [-89.21237187553908, 27.299226757777394], [-89.16741593236338, 27.209314871426017], [-89.077504046012, 27.209314871426017], [-89.0325481028363, 27.119402985074643], [-88.94263621648491, 27.119402985074643], [-88.94263621648491, 27.074447041898953], [-88.89768027330922, 27.074447041898953], [-88.89768027330922, 27.029491098723266], [-88.85272433013353, 27.029491098723266], [-88.76281244378214, 26.894623269196202], [-88.67290055743075, 26.894623269196202], [-88.62794461425506, 26.804711382844825], [-88.44812084155228, 26.75975543966914], [-88.44812084155228, 26.714799496493452], [-88.40316489837659, 26.714799496493452], [-88.40316489837659, 26.66984355331776], [-88.3582089552009, 26.66984355331776], [-88.3582089552009, 26.624887610142075], [-88.3132530120252, 26.624887610142075], [-88.3132530120252, 26.579931666966388], [-88.2682970688495, 26.579931666966388], [-88.2682970688495, 26.5349757237907], [-88.22334112567381, 26.5349757237907], [-88.22334112567381, 26.49001978061501], [-88.08847329614673, 26.400107894263638], [-88.08847329614673, 26.355151951087947], [-87.99856140979534, 26.355151951087947], [-87.90864952344396, 26.220284121560884], [-87.81873763709257, 26.220284121560884], [-87.81873763709257, 26.175328178385197], [-87.68386980756549, 26.08541629203382], [-87.68386980756549, 25.995504405682446], [-87.5939579212141, 25.950548462506756], [-87.5939579212141, 25.90559251933107], [-87.68386980756549, 25.90559251933107], [-87.68386980756549, 25.950548462506756], [-87.72882575074118, 25.950548462506756], [-87.72882575074118, 25.995504405682446], [-87.77378169391687, 25.995504405682446], [-87.77378169391687, 26.040460348858133], [-87.81873763709257, 26.040460348858133], [-87.90864952344396, 26.175328178385197], [-87.99856140979534, 26.175328178385197], [-87.99856140979534, 26.220284121560884], [-88.04351735297104, 26.220284121560884], [-88.13342923932242, 26.355151951087947], [-88.22334112567381, 26.355151951087947], [-88.22334112567381, 26.400107894263638], [-88.2682970688495, 26.400107894263638], [-88.2682970688495, 26.445063837439324], [-88.3132530120252, 26.445063837439324], [-88.3132530120252, 26.49001978061501], [-88.3582089552009, 26.49001978061501], [-88.44812084155228, 26.624887610142075], [-88.53803272790367, 26.624887610142075], [-88.58298867107936, 26.714799496493452], [-88.67290055743075, 26.714799496493452], [-88.67290055743075, 26.75975543966914], [-88.71785650060644, 26.75975543966914], [-88.76281244378214, 26.849667326020516], [-88.85272433013353, 26.849667326020516], [-88.94263621648491, 26.98453515554758], [-89.0325481028363, 26.98453515554758], [-89.077504046012, 27.074447041898953], [-89.16741593236338, 27.074447041898953], [-89.16741593236338, 27.119402985074643], [-89.21237187553908, 27.119402985074643], [-89.21237187553908, 27.16435892825033], [-89.30228376189046, 27.16435892825033], [-89.34723970506616, 27.254270814601703], [-89.52706347776893, 27.299226757777394], [-89.52706347776893, 27.34418270095308], [-89.57201942094463, 27.34418270095308], [-89.66193130729602, 27.479050530480144], [-89.7518431936474, 27.479050530480144], [-89.7518431936474, 27.52400647365583], [-89.7967991368231, 27.52400647365583], [-89.88671102317448, 27.658874303182895], [-89.97662290952587, 27.658874303182895], [-89.97662290952587, 27.703830246358585], [-90.02157885270157, 27.703830246358585], [-90.02157885270157, 27.748786189534272], [-90.06653479587726, 27.748786189534272], [-90.06653479587726, 27.79374213270996], [-90.11149073905295, 27.79374213270996], [-90.11149073905295, 27.83869807588565], [-90.15644668222865, 27.83869807588565], [-90.15644668222865, 27.883654019061336], [-90.20140262540434, 27.883654019061336], [-90.20140262540434, 27.928609962237022], [-90.24635856858004, 27.928609962237022], [-90.24635856858004, 27.973565905412713], [-90.29131451175573, 27.973565905412713], [-90.29131451175573, 28.0185218485884], [-90.33627045493142, 28.0185218485884], [-90.33627045493142, 28.063477791764086], [-90.38122639810712, 28.063477791764086], [-90.38122639810712, 28.108433734939773], [-90.42618234128281, 28.108433734939773], [-90.42618234128281, 28.153389678115463], [-90.4711382844585, 28.153389678115463], [-90.4711382844585, 28.19834562129115], [-90.5160942276342, 28.19834562129115], [-90.5160942276342, 28.243301564466837], [-90.56105017080989, 28.243301564466837], [-90.56105017080989, 28.288257507642527], [-90.69591800033697, 28.3781693939939], [-90.69591800033697, 28.468081280345277], [-90.83078582986406, 28.557993166696654], [-90.83078582986406, 28.647905053048028], [-90.96565365939114, 28.737816939399405], [-90.96565365939114, 28.82772882575078], [-91.01060960256683, 28.82772882575078], [-91.01060960256683, 28.87268476892647], [-91.10052148891822, 28.917640712102155], [-91.10052148891822, 29.007552598453533], [-91.1904333752696, 29.05250854162922], [-91.1904333752696, 29.142420427980596], [-91.2353893184453, 29.142420427980596], [-91.280345261621, 29.322244200683347], [-91.37025714797238, 29.367200143859034], [-91.37025714797238, 29.45711203021041], [-91.41521309114808, 29.45711203021041], [-91.41521309114808, 29.547023916561784], [-91.46016903432377, 29.547023916561784], [-91.46016903432377, 29.63693580291316], [-91.50512497749946, 29.63693580291316], [-91.50512497749946, 29.726847689264538], [-91.55008092067516, 29.726847689264538], [-91.55008092067516, 29.861715518791602], [-91.59503686385085, 29.861715518791602], [-91.59503686385085, 29.951627405142975], [-91.63999280702654, 29.951627405142975]]]]}}, {"type": "Feature", "properties": {"shapefile": "2021082900_wsp50knt120hr_5km", "PERCENTAGE": "70-80%"}, "geometry": {"type": "MultiPolygon", "coordinates": [[[[-87.50404603486271, 25.860636576155382], [-87.50404603486271, 25.90559251933107], [-87.45909009168702, 25.90559251933107], [-87.45909009168702, 25.860636576155382], [-87.50404603486271, 25.860636576155382]]], [[[-87.45909009168702, 25.90559251933107], [-87.45909009168702, 25.950548462506756], [-87.36917820533563, 25.995504405682446], [-87.36917820533563, 26.08541629203382], [-87.27926631898424, 26.13037223520951], [-87.27926631898424, 26.220284121560884], [-87.23431037580855, 26.220284121560884], [-87.18935443263285, 26.31019600791226], [-87.00953065993008, 26.355151951087947], [-87.00953065993008, 26.400107894263638], [-86.96457471675438, 26.400107894263638], [-86.96457471675438, 26.445063837439324], [-86.8297068872273, 26.5349757237907], [-86.78475094405161, 26.714799496493452], [-86.73979500087592, 26.714799496493452], [-86.64988311452453, 26.849667326020516], [-86.47005934182175, 26.894623269196202], [-86.47005934182175, 26.93957921237189], [-86.38014745547036, 26.98453515554758], [-86.38014745547036, 26.894623269196202], [-86.42510339864606, 26.894623269196202], [-86.47005934182175, 26.804711382844825], [-86.55997122817314, 26.804711382844825], [-86.55997122817314, 26.75975543966914], [-86.69483905770022, 26.66984355331776], [-86.69483905770022, 26.579931666966388], [-86.73979500087592, 26.579931666966388], [-86.73979500087592, 26.5349757237907], [-86.78475094405161, 26.5349757237907], [-86.78475094405161, 26.49001978061501], [-86.8297068872273, 26.49001978061501], [-86.8297068872273, 26.445063837439324], [-86.874662830403, 26.445063837439324], [-86.874662830403, 26.400107894263638], [-86.91961877357869, 26.400107894263638], [-87.00953065993008, 26.265240064736574], [-87.09944254628147, 26.265240064736574], [-87.09944254628147, 26.220284121560884], [-87.14439848945716, 26.220284121560884], [-87.14439848945716, 26.175328178385197], [-87.27926631898424, 26.08541629203382], [-87.27926631898424, 25.995504405682446], [-87.32422226215994, 25.995504405682446], [-87.36917820533563, 25.90559251933107], [-87.45909009168702, 25.90559251933107]]], [[[-86.38014745547036, 26.98453515554758], [-86.38014745547036, 27.074447041898953], [-86.33519151229467, 27.074447041898953], [-86.33519151229467, 26.98453515554758], [-86.38014745547036, 26.98453515554758]]], [[[-86.42510339864606, 27.074447041898953], [-86.42510339864606, 27.119402985074643], [-86.38014745547036, 27.119402985074643], [-86.38014745547036, 27.074447041898953], [-86.42510339864606, 27.074447041898953]]], [[[-91.50512497749946, 29.951627405142975], [-91.50512497749946, 30.581010609602608], [-91.46016903432377, 30.581010609602608], [-91.46016903432377, 30.67092249595398], [-91.41521309114808, 30.67092249595398], [-91.41521309114808, 30.71587843912967], [-91.37025714797238, 30.71587843912967], [-91.37025714797238, 30.760834382305358], [-91.32530120479669, 30.760834382305358], [-91.32530120479669, 30.805790325481045], [-91.280345261621, 30.805790325481045], [-91.280345261621, 30.850746268656735], [-91.2353893184453, 30.850746268656735], [-91.2353893184453, 30.895702211832422], [-91.10052148891822, 30.985614098183795], [-91.10052148891822, 31.030570041359486], [-91.01060960256683, 31.030570041359486], [-91.01060960256683, 31.075525984535172], [-90.87574177303975, 31.075525984535172], [-90.87574177303975, 31.030570041359486], [-90.74087394351267, 31.030570041359486], [-90.74087394351267, 30.985614098183795], [-90.65096205716128, 30.985614098183795], [-90.65096205716128, 30.94065815500811], [-90.5160942276342, 30.94065815500811], [-90.5160942276342, 30.895702211832422], [-90.42618234128281, 30.895702211832422], [-90.42618234128281, 30.850746268656735], [-90.38122639810712, 30.850746268656735], [-90.33627045493142, 30.760834382305358], [-90.24635856858004, 30.760834382305358], [-90.20140262540434, 30.67092249595398], [-90.02157885270157, 30.625966552778294], [-90.02157885270157, 30.581010609602608], [-89.97662290952587, 30.581010609602608], [-89.97662290952587, 30.536054666426917], [-89.93166696635018, 30.536054666426917], [-89.93166696635018, 30.49109872325123], [-89.88671102317448, 30.49109872325123], [-89.88671102317448, 30.446142780075544], [-89.84175507999879, 30.446142780075544], [-89.84175507999879, 30.401186836899853], [-89.7967991368231, 30.401186836899853], [-89.7967991368231, 30.356230893724167], [-89.7518431936474, 30.356230893724167], [-89.7518431936474, 30.31127495054848], [-89.70688725047171, 30.31127495054848], [-89.61697536412032, 30.176407121021416], [-89.52706347776893, 30.176407121021416], [-89.52706347776893, 30.131451177845726], [-89.48210753459324, 30.131451177845726], [-89.48210753459324, 30.08649523467004], [-89.43715159141755, 30.08649523467004], [-89.43715159141755, 30.041539291494352], [-89.39219564824185, 30.041539291494352], [-89.39219564824185, 29.996583348318666], [-89.34723970506616, 29.996583348318666], [-89.25732781871477, 29.861715518791602], [-89.16741593236338, 29.861715518791602], [-89.077504046012, 29.726847689264538], [-88.98759215966061, 29.726847689264538], [-88.98759215966061, 29.681891746088848], [-88.94263621648491, 29.681891746088848], [-88.94263621648491, 29.63693580291316], [-88.89768027330922, 29.63693580291316], [-88.89768027330922, 29.591979859737474], [-88.85272433013353, 29.591979859737474], [-88.85272433013353, 29.547023916561784], [-88.71785650060644, 29.45711203021041], [-88.71785650060644, 29.367200143859034], [-88.67290055743075, 29.367200143859034], [-88.62794461425506, 29.27728825750766], [-88.53803272790367, 29.27728825750766], [-88.53803272790367, 29.23233231433197], [-88.49307678472798, 29.23233231433197], [-88.49307678472798, 29.187376371156283], [-88.44812084155228, 29.187376371156283], [-88.44812084155228, 29.142420427980596], [-88.40316489837659, 29.142420427980596], [-88.40316489837659, 29.097464484804906], [-88.3582089552009, 29.097464484804906], [-88.3582089552009, 29.05250854162922], [-88.22334112567381, 28.962596655277842], [-88.22334112567381, 28.87268476892647], [-88.17838518249812, 28.87268476892647], [-88.13342923932242, 28.78277288257509], [-88.04351735297104, 28.78277288257509], [-88.04351735297104, 28.737816939399405], [-87.99856140979534, 28.737816939399405], [-87.99856140979534, 28.692860996223715], [-87.95360546661965, 28.692860996223715], [-87.95360546661965, 28.647905053048028], [-87.90864952344396, 28.647905053048028], [-87.90864952344396, 28.60294910987234], [-87.86369358026826, 28.60294910987234], [-87.86369358026826, 28.557993166696654], [-87.72882575074118, 28.468081280345277], [-87.72882575074118, 28.3781693939939], [-87.68386980756549, 28.3781693939939], [-87.68386980756549, 28.333213450818214], [-87.5939579212141, 28.333213450818214], [-87.5939579212141, 28.288257507642527], [-87.5490019780384, 28.288257507642527], [-87.45909009168702, 28.153389678115463], [-87.36917820533563, 28.153389678115463], [-87.36917820533563, 28.108433734939773], [-87.32422226215994, 28.108433734939773], [-87.32422226215994, 28.0185218485884], [-87.27926631898424, 28.0185218485884], [-87.27926631898424, 27.973565905412713], [-87.23431037580855, 27.973565905412713], [-87.23431037580855, 27.928609962237022], [-87.18935443263285, 27.928609962237022], [-87.09944254628147, 27.79374213270996], [-87.00953065993008, 27.79374213270996], [-87.00953065993008, 27.748786189534272], [-86.96457471675438, 27.748786189534272], [-86.96457471675438, 27.703830246358585], [-86.91961877357869, 27.703830246358585], [-86.91961877357869, 27.658874303182895], [-86.874662830403, 27.658874303182895], [-86.874662830403, 27.613918360007208], [-86.73979500087592, 27.52400647365583], [-86.73979500087592, 27.434094587304457], [-86.69483905770022, 27.434094587304457], [-86.69483905770022, 27.389138644128767], [-86.64988311452453, 27.389138644128767], [-86.64988311452453, 27.34418270095308], [-86.60492717134883, 27.34418270095308], [-86.60492717134883, 27.299226757777394], [-86.55997122817314, 27.299226757777394], [-86.55997122817314, 27.254270814601703], [-86.51501528499745, 27.254270814601703], [-86.42510339864606, 27.119402985074643], [-86.51501528499745, 27.119402985074643], [-86.55997122817314, 27.209314871426017], [-86.64988311452453, 27.209314871426017], [-86.64988311452453, 27.254270814601703], [-86.78475094405161, 27.34418270095308], [-86.8297068872273, 27.52400647365583], [-86.874662830403, 27.52400647365583], [-86.96457471675438, 27.658874303182895], [-87.14439848945716, 27.703830246358585], [-87.14439848945716, 27.748786189534272], [-87.18935443263285, 27.748786189534272], [-87.18935443263285, 27.79374213270996], [-87.23431037580855, 27.79374213270996], [-87.23431037580855, 27.83869807588565], [-87.36917820533563, 27.928609962237022], [-87.36917820533563, 28.0185218485884], [-87.41413414851132, 28.0185218485884], [-87.50404603486271, 28.153389678115463], [-87.68386980756549, 28.19834562129115], [-87.68386980756549, 28.243301564466837], [-87.72882575074118, 28.243301564466837], [-87.72882575074118, 28.288257507642527], [-87.86369358026826, 28.3781693939939], [-87.86369358026826, 28.468081280345277], [-87.90864952344396, 28.468081280345277], [-87.99856140979534, 28.60294910987234], [-88.08847329614673, 28.60294910987234], [-88.13342923932242, 28.692860996223715], [-88.22334112567381, 28.692860996223715], [-88.22334112567381, 28.737816939399405], [-88.3132530120252, 28.78277288257509], [-88.3132530120252, 28.87268476892647], [-88.40316489837659, 28.917640712102155], [-88.40316489837659, 29.007552598453533], [-88.44812084155228, 29.007552598453533], [-88.49307678472798, 29.097464484804906], [-88.67290055743075, 29.142420427980596], [-88.67290055743075, 29.187376371156283], [-88.71785650060644, 29.187376371156283], [-88.71785650060644, 29.23233231433197], [-88.85272433013353, 29.322244200683347], [-88.85272433013353, 29.412156087034724], [-88.94263621648491, 29.45711203021041], [-88.94263621648491, 29.547023916561784], [-89.0325481028363, 29.547023916561784], [-89.0325481028363, 29.591979859737474], [-89.12245998918769, 29.591979859737474], [-89.16741593236338, 29.681891746088848], [-89.25732781871477, 29.681891746088848], [-89.25732781871477, 29.726847689264538], [-89.30228376189046, 29.726847689264538], [-89.30228376189046, 29.771803632440225], [-89.34723970506616, 29.771803632440225], [-89.43715159141755, 29.90667146196729], [-89.52706347776893, 29.90667146196729], [-89.61697536412032, 30.041539291494352], [-89.70688725047171, 30.041539291494352], [-89.70688725047171, 30.08649523467004], [-89.7518431936474, 30.08649523467004], [-89.7518431936474, 30.131451177845726], [-89.7967991368231, 30.131451177845726], [-89.7967991368231, 30.176407121021416], [-89.84175507999879, 30.176407121021416], [-89.84175507999879, 30.221363064197103], [-89.88671102317448, 30.221363064197103], [-89.97662290952587, 30.356230893724167], [-90.06653479587726, 30.356230893724167], [-90.06653479587726, 30.401186836899853], [-90.11149073905295, 30.401186836899853], [-90.20140262540434, 30.536054666426917], [-90.29131451175573, 30.536054666426917], [-90.33627045493142, 30.625966552778294], [-90.5160942276342, 30.67092249595398], [-90.5160942276342, 30.71587843912967], [-90.74087394351267, 30.71587843912967], [-90.74087394351267, 30.760834382305358], [-90.87574177303975, 30.760834382305358], [-90.87574177303975, 30.805790325481045], [-91.01060960256683, 30.805790325481045], [-91.01060960256683, 30.760834382305358], [-91.05556554574252, 30.760834382305358], [-91.05556554574252, 30.71587843912967], [-91.10052148891822, 30.71587843912967], [-91.10052148891822, 30.67092249595398], [-91.2353893184453, 30.581010609602608], [-91.2353893184453, 30.49109872325123], [-91.280345261621, 30.49109872325123], [-91.280345261621, 29.951627405142975], [-91.2353893184453, 29.951627405142975], [-91.2353893184453, 29.81675957561591], [-91.1904333752696, 29.81675957561591], [-91.1904333752696, 29.726847689264538], [-91.14547743209391, 29.726847689264538], [-91.14547743209391, 29.547023916561784], [-91.10052148891822, 29.547023916561784], [-91.10052148891822, 29.45711203021041], [-91.05556554574252, 29.45711203021041], [-91.01060960256683, 29.27728825750766], [-90.92069771621544, 29.23233231433197], [-90.92069771621544, 29.142420427980596], [-90.83078582986406, 29.097464484804906], [-90.83078582986406, 29.007552598453533], [-90.78582988668836, 29.007552598453533], [-90.78582988668836, 28.962596655277842], [-90.69591800033697, 28.917640712102155], [-90.69591800033697, 28.82772882575078], [-90.60600611398559, 28.78277288257509], [-90.5160942276342, 28.468081280345277], [-90.33627045493142, 28.42312533716959], [-90.33627045493142, 28.3781693939939], [-90.29131451175573, 28.3781693939939], [-90.29131451175573, 28.333213450818214], [-90.15644668222865, 28.243301564466837], [-90.11149073905295, 28.063477791764086], [-90.06653479587726, 28.063477791764086], [-89.97662290952587, 27.928609962237022], [-89.88671102317448, 27.928609962237022], [-89.88671102317448, 27.883654019061336], [-89.7967991368231, 27.883654019061336], [-89.7518431936474, 27.79374213270996], [-89.66193130729602, 27.79374213270996], [-89.66193130729602, 27.748786189534272], [-89.57201942094463, 27.703830246358585], [-89.57201942094463, 27.613918360007208], [-89.52706347776893, 27.613918360007208], [-89.43715159141755, 27.479050530480144], [-89.34723970506616, 27.479050530480144], [-89.34723970506616, 27.434094587304457], [-89.25732781871477, 27.434094587304457], [-89.25732781871477, 27.389138644128767], [-89.16741593236338, 27.389138644128767], [-89.16741593236338, 27.34418270095308], [-88.98759215966061, 27.299226757777394], [-88.94263621648491, 27.209314871426017], [-88.85272433013353, 27.209314871426017], [-88.85272433013353, 27.16435892825033], [-88.80776838695783, 27.16435892825033], [-88.80776838695783, 27.074447041898953], [-88.76281244378214, 27.074447041898953], [-88.67290055743075, 26.93957921237189], [-88.58298867107936, 26.93957921237189], [-88.58298867107936, 26.894623269196202], [-88.40316489837659, 26.849667326020516], [-88.3582089552009, 26.75975543966914], [-88.2682970688495, 26.75975543966914], [-88.2682970688495, 26.714799496493452], [-88.17838518249812, 26.66984355331776], [-88.17838518249812, 26.579931666966388], [-88.08847329614673, 26.5349757237907], [-88.08847329614673, 26.445063837439324], [-87.99856140979534, 26.445063837439324], [-87.95360546661965, 26.355151951087947], [-87.77378169391687, 26.31019600791226], [-87.77378169391687, 26.265240064736574], [-87.68386980756549, 26.220284121560884], [-87.68386980756549, 26.13037223520951], [-87.63891386438979, 26.13037223520951], [-87.63891386438979, 26.08541629203382], [-87.5939579212141, 26.08541629203382], [-87.5939579212141, 25.995504405682446], [-87.50404603486271, 25.950548462506756], [-87.50404603486271, 25.90559251933107], [-87.5939579212141, 25.90559251933107], [-87.5939579212141, 25.950548462506756], [-87.68386980756549, 25.995504405682446], [-87.68386980756549, 26.08541629203382], [-87.72882575074118, 26.08541629203382], [-87.81873763709257, 26.220284121560884], [-87.90864952344396, 26.220284121560884], [-87.99856140979534, 26.355151951087947], [-88.08847329614673, 26.355151951087947], [-88.08847329614673, 26.400107894263638], [-88.13342923932242, 26.400107894263638], [-88.13342923932242, 26.445063837439324], [-88.17838518249812, 26.445063837439324], [-88.17838518249812, 26.49001978061501], [-88.22334112567381, 26.49001978061501], [-88.22334112567381, 26.5349757237907], [-88.2682970688495, 26.5349757237907], [-88.2682970688495, 26.579931666966388], [-88.3132530120252, 26.579931666966388], [-88.3132530120252, 26.624887610142075], [-88.3582089552009, 26.624887610142075], [-88.44812084155228, 26.75975543966914], [-88.53803272790367, 26.75975543966914], [-88.53803272790367, 26.804711382844825], [-88.62794461425506, 26.804711382844825], [-88.67290055743075, 26.894623269196202], [-88.76281244378214, 26.894623269196202], [-88.76281244378214, 26.93957921237189], [-88.80776838695783, 26.93957921237189], [-88.80776838695783, 26.98453515554758], [-88.85272433013353, 26.98453515554758], [-88.94263621648491, 27.119402985074643], [-89.0325481028363, 27.119402985074643], [-89.0325481028363, 27.16435892825033], [-89.077504046012, 27.16435892825033], [-89.077504046012, 27.209314871426017], [-89.16741593236338, 27.209314871426017], [-89.21237187553908, 27.299226757777394], [-89.30228376189046, 27.299226757777394], [-89.30228376189046, 27.34418270095308], [-89.48210753459324, 27.389138644128767], [-89.48210753459324, 27.434094587304457], [-89.52706347776893, 27.434094587304457], [-89.52706347776893, 27.479050530480144], [-89.57201942094463, 27.479050530480144], [-89.57201942094463, 27.52400647365583], [-89.61697536412032, 27.52400647365583], [-89.61697536412032, 27.56896241683152], [-89.66193130729602, 27.56896241683152], [-89.7518431936474, 27.703830246358585], [-89.84175507999879, 27.703830246358585], [-89.93166696635018, 27.83869807588565], [-90.02157885270157, 27.83869807588565], [-90.02157885270157, 27.883654019061336], [-90.06653479587726, 27.883654019061336], [-90.06653479587726, 27.928609962237022], [-90.11149073905295, 27.928609962237022], [-90.11149073905295, 27.973565905412713], [-90.24635856858004, 28.063477791764086], [-90.24635856858004, 28.153389678115463], [-90.29131451175573, 28.153389678115463], [-90.29131451175573, 28.19834562129115], [-90.33627045493142, 28.19834562129115], [-90.33627045493142, 28.243301564466837], [-90.38122639810712, 28.243301564466837], [-90.38122639810712, 28.288257507642527], [-90.42618234128281, 28.288257507642527], [-90.42618234128281, 28.333213450818214], [-90.4711382844585, 28.333213450818214], [-90.4711382844585, 28.3781693939939], [-90.5160942276342, 28.3781693939939], [-90.5160942276342, 28.42312533716959], [-90.65096205716128, 28.513037223520964], [-90.65096205716128, 28.60294910987234], [-90.74087394351267, 28.647905053048028], [-90.74087394351267, 28.737816939399405], [-90.83078582986406, 28.78277288257509], [-90.83078582986406, 28.87268476892647], [-90.87574177303975, 28.87268476892647], [-90.87574177303975, 28.917640712102155], [-91.01060960256683, 29.007552598453533], [-91.05556554574252, 29.187376371156283], [-91.14547743209391, 29.23233231433197], [-91.14547743209391, 29.322244200683347], [-91.1904333752696, 29.322244200683347], [-91.1904333752696, 29.412156087034724], [-91.2353893184453, 29.412156087034724], [-91.2353893184453, 29.502067973386097], [-91.280345261621, 29.502067973386097], [-91.280345261621, 29.63693580291316], [-91.32530120479669, 29.63693580291316], [-91.32530120479669, 29.726847689264538], [-91.37025714797238, 29.726847689264538], [-91.41521309114808, 29.90667146196729], [-91.50512497749946, 29.951627405142975]]]]}}, {"type": "Feature", "properties": {"shapefile": "2021082900_wsp50knt120hr_5km", "PERCENTAGE": "80-90%"}, "geometry": {"type": "MultiPolygon", "coordinates": [[[[-87.41413414851132, 25.995504405682446], [-87.41413414851132, 26.175328178385197], [-87.36917820533563, 26.175328178385197], [-87.36917820533563, 26.265240064736574], [-87.32422226215994, 26.265240064736574], [-87.23431037580855, 26.400107894263638], [-86.91961877357869, 26.49001978061501], [-87.00953065993008, 26.355151951087947], [-87.18935443263285, 26.31019600791226], [-87.18935443263285, 26.265240064736574], [-87.27926631898424, 26.220284121560884], [-87.27926631898424, 26.13037223520951], [-87.36917820533563, 26.08541629203382], [-87.36917820533563, 25.995504405682446], [-87.41413414851132, 25.995504405682446]]], [[[-86.91961877357869, 26.49001978061501], [-86.874662830403, 26.75975543966914], [-86.8297068872273, 26.75975543966914], [-86.73979500087592, 26.894623269196202], [-86.42510339864606, 26.98453515554758], [-86.47005934182175, 26.894623269196202], [-86.64988311452453, 26.849667326020516], [-86.64988311452453, 26.804711382844825], [-86.78475094405161, 26.714799496493452], [-86.8297068872273, 26.5349757237907], [-86.91961877357869, 26.49001978061501]]], [[[-91.280345261621, 29.951627405142975], [-91.280345261621, 30.49109872325123], [-91.2353893184453, 30.49109872325123], [-91.2353893184453, 30.581010609602608], [-91.1904333752696, 30.581010609602608], [-91.1904333752696, 30.625966552778294], [-91.14547743209391, 30.625966552778294], [-91.14547743209391, 30.67092249595398], [-91.10052148891822, 30.67092249595398], [-91.01060960256683, 30.805790325481045], [-90.87574177303975, 30.805790325481045], [-90.87574177303975, 30.760834382305358], [-90.74087394351267, 30.760834382305358], [-90.74087394351267, 30.71587843912967], [-90.5160942276342, 30.71587843912967], [-90.5160942276342, 30.67092249595398], [-90.33627045493142, 30.625966552778294], [-90.33627045493142, 30.581010609602608], [-90.29131451175573, 30.581010609602608], [-90.29131451175573, 30.536054666426917], [-90.20140262540434, 30.536054666426917], [-90.20140262540434, 30.49109872325123], [-90.15644668222865, 30.49109872325123], [-90.06653479587726, 30.356230893724167], [-89.97662290952587, 30.356230893724167], [-89.97662290952587, 30.31127495054848], [-89.93166696635018, 30.31127495054848], [-89.93166696635018, 30.26631900737279], [-89.88671102317448, 30.26631900737279], [-89.88671102317448, 30.221363064197103], [-89.84175507999879, 30.221363064197103], [-89.84175507999879, 30.176407121021416], [-89.7967991368231, 30.176407121021416], [-89.70688725047171, 30.041539291494352], [-89.61697536412032, 30.041539291494352], [-89.52706347776893, 29.90667146196729], [-89.43715159141755, 29.90667146196729], [-89.43715159141755, 29.861715518791602], [-89.39219564824185, 29.861715518791602], [-89.39219564824185, 29.81675957561591], [-89.34723970506616, 29.81675957561591], [-89.25732781871477, 29.681891746088848], [-89.16741593236338, 29.681891746088848], [-89.12245998918769, 29.591979859737474], [-88.94263621648491, 29.547023916561784], [-88.94263621648491, 29.45711203021041], [-88.85272433013353, 29.412156087034724], [-88.85272433013353, 29.322244200683347], [-88.80776838695783, 29.322244200683347], [-88.80776838695783, 29.27728825750766], [-88.76281244378214, 29.27728825750766], [-88.67290055743075, 29.142420427980596], [-88.49307678472798, 29.097464484804906], [-88.49307678472798, 29.05250854162922], [-88.40316489837659, 29.007552598453533], [-88.40316489837659, 28.917640712102155], [-88.3132530120252, 28.87268476892647], [-88.3132530120252, 28.78277288257509], [-88.2682970688495, 28.78277288257509], [-88.22334112567381, 28.692860996223715], [-88.13342923932242, 28.692860996223715], [-88.08847329614673, 28.60294910987234], [-87.99856140979534, 28.60294910987234], [-87.99856140979534, 28.557993166696654], [-87.86369358026826, 28.468081280345277], [-87.86369358026826, 28.3781693939939], [-87.81873763709257, 28.3781693939939], [-87.81873763709257, 28.333213450818214], [-87.77378169391687, 28.333213450818214], [-87.68386980756549, 28.19834562129115], [-87.50404603486271, 28.153389678115463], [-87.50404603486271, 28.108433734939773], [-87.36917820533563, 28.0185218485884], [-87.36917820533563, 27.928609962237022], [-87.32422226215994, 27.928609962237022], [-87.32422226215994, 27.883654019061336], [-87.27926631898424, 27.883654019061336], [-87.27926631898424, 27.83869807588565], [-87.23431037580855, 27.83869807588565], [-87.14439848945716, 27.703830246358585], [-86.96457471675438, 27.658874303182895], [-86.96457471675438, 27.613918360007208], [-86.8297068872273, 27.52400647365583], [-86.78475094405161, 27.34418270095308], [-86.73979500087592, 27.34418270095308], [-86.64988311452453, 27.209314871426017], [-86.55997122817314, 27.209314871426017], [-86.51501528499745, 27.119402985074643], [-86.42510339864606, 27.119402985074643], [-86.42510339864606, 27.074447041898953], [-86.38014745547036, 27.074447041898953], [-86.38014745547036, 26.98453515554758], [-86.42510339864606, 26.98453515554758], [-86.47005934182175, 27.074447041898953], [-86.55997122817314, 27.074447041898953], [-86.55997122817314, 27.119402985074643], [-86.69483905770022, 27.119402985074643], [-86.69483905770022, 27.16435892825033], [-86.78475094405161, 27.16435892825033], [-86.78475094405161, 27.209314871426017], [-86.8297068872273, 27.209314871426017], [-86.8297068872273, 27.299226757777394], [-86.874662830403, 27.299226757777394], [-86.874662830403, 27.389138644128767], [-86.91961877357869, 27.389138644128767], [-86.91961877357869, 27.52400647365583], [-86.96457471675438, 27.52400647365583], [-86.96457471675438, 27.56896241683152], [-87.27926631898424, 27.658874303182895], [-87.27926631898424, 27.703830246358585], [-87.41413414851132, 27.79374213270996], [-87.41413414851132, 27.883654019061336], [-87.45909009168702, 27.883654019061336], [-87.45909009168702, 28.0185218485884], [-87.50404603486271, 28.0185218485884], [-87.50404603486271, 28.063477791764086], [-87.68386980756549, 28.063477791764086], [-87.68386980756549, 28.108433734939773], [-87.77378169391687, 28.108433734939773], [-87.77378169391687, 28.153389678115463], [-87.81873763709257, 28.153389678115463], [-87.81873763709257, 28.19834562129115], [-87.95360546661965, 28.288257507642527], [-87.95360546661965, 28.3781693939939], [-87.99856140979534, 28.3781693939939], [-88.08847329614673, 28.513037223520964], [-88.2682970688495, 28.557993166696654], [-88.2682970688495, 28.60294910987234], [-88.3132530120252, 28.60294910987234], [-88.3132530120252, 28.647905053048028], [-88.3582089552009, 28.647905053048028], [-88.3582089552009, 28.692860996223715], [-88.40316489837659, 28.692860996223715], [-88.40316489837659, 28.737816939399405], [-88.44812084155228, 28.737816939399405], [-88.44812084155228, 28.78277288257509], [-88.49307678472798, 28.78277288257509], [-88.49307678472798, 28.82772882575078], [-88.53803272790367, 28.82772882575078], [-88.53803272790367, 28.87268476892647], [-88.58298867107936, 28.87268476892647], [-88.58298867107936, 28.917640712102155], [-88.62794461425506, 28.917640712102155], [-88.71785650060644, 29.05250854162922], [-88.80776838695783, 29.05250854162922], [-88.80776838695783, 29.097464484804906], [-88.85272433013353, 29.097464484804906], [-88.85272433013353, 29.142420427980596], [-88.89768027330922, 29.142420427980596], [-88.89768027330922, 29.187376371156283], [-88.94263621648491, 29.187376371156283], [-88.94263621648491, 29.23233231433197], [-88.98759215966061, 29.23233231433197], [-89.077504046012, 29.367200143859034], [-89.16741593236338, 29.367200143859034], [-89.16741593236338, 29.45711203021041], [-89.21237187553908, 29.45711203021041], [-89.25732781871477, 29.547023916561784], [-89.34723970506616, 29.547023916561784], [-89.39219564824185, 29.63693580291316], [-89.48210753459324, 29.63693580291316], [-89.48210753459324, 29.681891746088848], [-89.66193130729602, 29.726847689264538], [-89.70688725047171, 29.81675957561591], [-89.7967991368231, 29.81675957561591], [-89.7967991368231, 29.861715518791602], [-89.84175507999879, 29.861715518791602], [-89.84175507999879, 29.951627405142975], [-89.88671102317448, 29.951627405142975], [-89.97662290952587, 30.08649523467004], [-90.06653479587726, 30.08649523467004], [-90.06653479587726, 30.131451177845726], [-90.20140262540434, 30.131451177845726], [-90.20140262540434, 30.176407121021416], [-90.24635856858004, 30.176407121021416], [-90.24635856858004, 30.221363064197103], [-90.33627045493142, 30.221363064197103], [-90.33627045493142, 30.26631900737279], [-90.38122639810712, 30.26631900737279], [-90.4711382844585, 30.401186836899853], [-90.74087394351267, 30.401186836899853], [-90.74087394351267, 30.446142780075544], [-90.92069771621544, 30.446142780075544], [-90.92069771621544, 30.49109872325123], [-90.96565365939114, 30.49109872325123], [-90.96565365939114, 30.446142780075544], [-91.01060960256683, 30.446142780075544], [-91.01060960256683, 30.221363064197103], [-91.05556554574252, 30.221363064197103], [-91.05556554574252, 29.861715518791602], [-91.01060960256683, 29.861715518791602], [-91.01060960256683, 29.681891746088848], [-90.96565365939114, 29.681891746088848], [-90.96565365939114, 29.547023916561784], [-90.92069771621544, 29.547023916561784], [-90.87574177303975, 29.45711203021041], [-90.78582988668836, 29.45711203021041], [-90.78582988668836, 29.367200143859034], [-90.69591800033697, 29.322244200683347], [-90.69591800033697, 29.23233231433197], [-90.65096205716128, 29.23233231433197], [-90.65096205716128, 29.142420427980596], [-90.60600611398559, 29.142420427980596], [-90.60600611398559, 29.007552598453533], [-90.56105017080989, 29.007552598453533], [-90.56105017080989, 28.917640712102155], [-90.5160942276342, 28.917640712102155], [-90.4711382844585, 28.737816939399405], [-90.42618234128281, 28.737816939399405], [-90.42618234128281, 28.692860996223715], [-90.29131451175573, 28.60294910987234], [-90.29131451175573, 28.513037223520964], [-90.20140262540434, 28.513037223520964], [-90.20140262540434, 28.468081280345277], [-90.06653479587726, 28.3781693939939], [-90.06653479587726, 28.288257507642527], [-90.02157885270157, 28.288257507642527], [-90.02157885270157, 28.19834562129115], [-89.97662290952587, 28.19834562129115], [-89.93166696635018, 28.0185218485884], [-89.66193130729602, 27.973565905412713], [-89.66193130729602, 27.928609962237022], [-89.61697536412032, 27.928609962237022], [-89.61697536412032, 27.883654019061336], [-89.57201942094463, 27.883654019061336], [-89.48210753459324, 27.748786189534272], [-89.39219564824185, 27.748786189534272], [-89.39219564824185, 27.703830246358585], [-89.25732781871477, 27.613918360007208], [-89.25732781871477, 27.52400647365583], [-89.16741593236338, 27.52400647365583], [-89.16741593236338, 27.479050530480144], [-88.98759215966061, 27.434094587304457], [-88.98759215966061, 27.389138644128767], [-88.80776838695783, 27.34418270095308], [-88.80776838695783, 27.299226757777394], [-88.67290055743075, 27.209314871426017], [-88.67290055743075, 27.119402985074643], [-88.62794461425506, 27.119402985074643], [-88.62794461425506, 27.029491098723266], [-88.58298867107936, 27.029491098723266], [-88.58298867107936, 26.98453515554758], [-88.49307678472798, 26.98453515554758], [-88.49307678472798, 26.93957921237189], [-88.3582089552009, 26.93957921237189], [-88.3582089552009, 26.894623269196202], [-88.17838518249812, 26.849667326020516], [-88.17838518249812, 26.804711382844825], [-88.13342923932242, 26.804711382844825], [-88.13342923932242, 26.714799496493452], [-88.08847329614673, 26.714799496493452], [-88.08847329614673, 26.624887610142075], [-88.04351735297104, 26.624887610142075], [-88.04351735297104, 26.49001978061501], [-87.95360546661965, 26.49001978061501], [-87.95360546661965, 26.445063837439324], [-87.81873763709257, 26.445063837439324], [-87.81873763709257, 26.400107894263638], [-87.72882575074118, 26.400107894263638], [-87.72882575074118, 26.355151951087947], [-87.5939579212141, 26.265240064736574], [-87.5939579212141, 26.175328178385197], [-87.5490019780384, 26.175328178385197], [-87.5490019780384, 26.040460348858133], [-87.50404603486271, 26.040460348858133], [-87.50404603486271, 25.995504405682446], [-87.41413414851132, 25.995504405682446], [-87.41413414851132, 25.950548462506756], [-87.50404603486271, 25.90559251933107], [-87.50404603486271, 25.950548462506756], [-87.5939579212141, 25.995504405682446], [-87.5939579212141, 26.08541629203382], [-87.68386980756549, 26.13037223520951], [-87.68386980756549, 26.220284121560884], [-87.72882575074118, 26.220284121560884], [-87.77378169391687, 26.31019600791226], [-87.95360546661965, 26.355151951087947], [-87.99856140979534, 26.445063837439324], [-88.08847329614673, 26.445063837439324], [-88.08847329614673, 26.5349757237907], [-88.17838518249812, 26.579931666966388], [-88.17838518249812, 26.66984355331776], [-88.22334112567381, 26.66984355331776], [-88.2682970688495, 26.75975543966914], [-88.3582089552009, 26.75975543966914], [-88.40316489837659, 26.849667326020516], [-88.49307678472798, 26.849667326020516], [-88.49307678472798, 26.894623269196202], [-88.67290055743075, 26.93957921237189], [-88.67290055743075, 26.98453515554758], [-88.80776838695783, 27.074447041898953], [-88.80776838695783, 27.16435892825033], [-88.85272433013353, 27.16435892825033], [-88.85272433013353, 27.209314871426017], [-88.94263621648491, 27.209314871426017], [-88.98759215966061, 27.299226757777394], [-89.077504046012, 27.299226757777394], [-89.077504046012, 27.34418270095308], [-89.25732781871477, 27.389138644128767], [-89.25732781871477, 27.434094587304457], [-89.43715159141755, 27.479050530480144], [-89.43715159141755, 27.52400647365583], [-89.57201942094463, 27.613918360007208], [-89.57201942094463, 27.703830246358585], [-89.61697536412032, 27.703830246358585], [-89.66193130729602, 27.79374213270996], [-89.7518431936474, 27.79374213270996], [-89.7967991368231, 27.883654019061336], [-89.97662290952587, 27.928609962237022], [-89.97662290952587, 27.973565905412713], [-90.11149073905295, 28.063477791764086], [-90.15644668222865, 28.243301564466837], [-90.20140262540434, 28.243301564466837], [-90.20140262540434, 28.288257507642527], [-90.24635856858004, 28.288257507642527], [-90.33627045493142, 28.42312533716959], [-90.5160942276342, 28.468081280345277], [-90.60600611398559, 28.78277288257509], [-90.69591800033697, 28.82772882575078], [-90.69591800033697, 28.917640712102155], [-90.83078582986406, 29.007552598453533], [-90.83078582986406, 29.097464484804906], [-90.87574177303975, 29.097464484804906], [-90.87574177303975, 29.142420427980596], [-90.92069771621544, 29.142420427980596], [-90.92069771621544, 29.23233231433197], [-91.01060960256683, 29.27728825750766], [-91.01060960256683, 29.367200143859034], [-91.05556554574252, 29.367200143859034], [-91.05556554574252, 29.45711203021041], [-91.10052148891822, 29.45711203021041], [-91.10052148891822, 29.547023916561784], [-91.14547743209391, 29.547023916561784], [-91.14547743209391, 29.726847689264538], [-91.1904333752696, 29.726847689264538], [-91.1904333752696, 29.81675957561591], [-91.2353893184453, 29.81675957561591], [-91.2353893184453, 29.951627405142975], [-91.280345261621, 29.951627405142975]]]]}}, {"type": "Feature", "properties": {"shapefile": "2021082900_wsp50knt120hr_5km", "PERCENTAGE": ">90%"}, "geometry": {"type": "MultiPolygon", "coordinates": [[[[-91.05556554574252, 29.861715518791602], [-91.05556554574252, 30.221363064197103], [-91.01060960256683, 30.221363064197103], [-91.01060960256683, 30.446142780075544], [-90.96565365939114, 30.446142780075544], [-90.96565365939114, 30.49109872325123], [-90.92069771621544, 30.49109872325123], [-90.92069771621544, 30.446142780075544], [-90.74087394351267, 30.446142780075544], [-90.74087394351267, 30.401186836899853], [-90.4711382844585, 30.401186836899853], [-90.4711382844585, 30.356230893724167], [-90.42618234128281, 30.356230893724167], [-90.33627045493142, 30.221363064197103], [-90.24635856858004, 30.221363064197103], [-90.20140262540434, 30.131451177845726], [-90.06653479587726, 30.131451177845726], [-90.06653479587726, 30.08649523467004], [-89.97662290952587, 30.08649523467004], [-89.97662290952587, 30.041539291494352], [-89.84175507999879, 29.951627405142975], [-89.84175507999879, 29.861715518791602], [-89.7967991368231, 29.861715518791602], [-89.7967991368231, 29.81675957561591], [-89.70688725047171, 29.81675957561591], [-89.66193130729602, 29.726847689264538], [-89.57201942094463, 29.726847689264538], [-89.57201942094463, 29.681891746088848], [-89.39219564824185, 29.63693580291316], [-89.34723970506616, 29.547023916561784], [-89.25732781871477, 29.547023916561784], [-89.25732781871477, 29.502067973386097], [-89.16741593236338, 29.45711203021041], [-89.16741593236338, 29.367200143859034], [-89.077504046012, 29.367200143859034], [-89.077504046012, 29.322244200683347], [-89.0325481028363, 29.322244200683347], [-89.0325481028363, 29.27728825750766], [-88.98759215966061, 29.27728825750766], [-88.98759215966061, 29.23233231433197], [-88.94263621648491, 29.23233231433197], [-88.94263621648491, 29.187376371156283], [-88.89768027330922, 29.187376371156283], [-88.80776838695783, 29.05250854162922], [-88.71785650060644, 29.05250854162922], [-88.71785650060644, 29.007552598453533], [-88.67290055743075, 29.007552598453533], [-88.67290055743075, 28.962596655277842], [-88.62794461425506, 28.962596655277842], [-88.62794461425506, 28.917640712102155], [-88.58298867107936, 28.917640712102155], [-88.58298867107936, 28.87268476892647], [-88.53803272790367, 28.87268476892647], [-88.53803272790367, 28.82772882575078], [-88.49307678472798, 28.82772882575078], [-88.49307678472798, 28.78277288257509], [-88.44812084155228, 28.78277288257509], [-88.44812084155228, 28.737816939399405], [-88.40316489837659, 28.737816939399405], [-88.40316489837659, 28.692860996223715], [-88.3582089552009, 28.692860996223715], [-88.2682970688495, 28.557993166696654], [-88.08847329614673, 28.513037223520964], [-88.08847329614673, 28.468081280345277], [-87.95360546661965, 28.3781693939939], [-87.95360546661965, 28.288257507642527], [-87.90864952344396, 28.288257507642527], [-87.90864952344396, 28.243301564466837], [-87.86369358026826, 28.243301564466837], [-87.77378169391687, 28.108433734939773], [-87.68386980756549, 28.108433734939773], [-87.68386980756549, 28.063477791764086], [-87.50404603486271, 28.063477791764086], [-87.50404603486271, 28.0185218485884], [-87.45909009168702, 28.0185218485884], [-87.45909009168702, 27.883654019061336], [-87.41413414851132, 27.883654019061336], [-87.41413414851132, 27.79374213270996], [-87.36917820533563, 27.79374213270996], [-87.27926631898424, 27.658874303182895], [-86.96457471675438, 27.56896241683152], [-86.96457471675438, 27.52400647365583], [-86.91961877357869, 27.52400647365583], [-86.91961877357869, 27.389138644128767], [-86.874662830403, 27.389138644128767], [-86.874662830403, 27.299226757777394], [-86.8297068872273, 27.299226757777394], [-86.8297068872273, 27.209314871426017], [-86.78475094405161, 27.209314871426017], [-86.78475094405161, 27.16435892825033], [-86.69483905770022, 27.16435892825033], [-86.69483905770022, 27.119402985074643], [-86.55997122817314, 27.119402985074643], [-86.55997122817314, 27.074447041898953], [-86.47005934182175, 27.074447041898953], [-86.42510339864606, 26.98453515554758], [-86.73979500087592, 26.894623269196202], [-86.73979500087592, 26.849667326020516], [-86.874662830403, 26.75975543966914], [-86.91961877357869, 26.49001978061501], [-87.23431037580855, 26.400107894263638], [-87.23431037580855, 26.355151951087947], [-87.36917820533563, 26.265240064736574], [-87.36917820533563, 26.175328178385197], [-87.41413414851132, 26.175328178385197], [-87.41413414851132, 25.995504405682446], [-87.50404603486271, 25.995504405682446], [-87.50404603486271, 26.040460348858133], [-87.5490019780384, 26.040460348858133], [-87.5490019780384, 26.175328178385197], [-87.5939579212141, 26.175328178385197], [-87.5939579212141, 26.265240064736574], [-87.63891386438979, 26.265240064736574], [-87.72882575074118, 26.400107894263638], [-88.04351735297104, 26.49001978061501], [-88.04351735297104, 26.624887610142075], [-88.08847329614673, 26.624887610142075], [-88.08847329614673, 26.714799496493452], [-88.13342923932242, 26.714799496493452], [-88.13342923932242, 26.804711382844825], [-88.17838518249812, 26.804711382844825], [-88.17838518249812, 26.849667326020516], [-88.2682970688495, 26.849667326020516], [-88.2682970688495, 26.894623269196202], [-88.3582089552009, 26.894623269196202], [-88.3582089552009, 26.93957921237189], [-88.49307678472798, 26.93957921237189], [-88.49307678472798, 26.98453515554758], [-88.58298867107936, 26.98453515554758], [-88.58298867107936, 27.029491098723266], [-88.62794461425506, 27.029491098723266], [-88.62794461425506, 27.119402985074643], [-88.67290055743075, 27.119402985074643], [-88.67290055743075, 27.209314871426017], [-88.71785650060644, 27.209314871426017], [-88.80776838695783, 27.34418270095308], [-88.89768027330922, 27.34418270095308], [-88.89768027330922, 27.389138644128767], [-88.98759215966061, 27.389138644128767], [-88.98759215966061, 27.434094587304457], [-89.077504046012, 27.434094587304457], [-89.077504046012, 27.479050530480144], [-89.25732781871477, 27.52400647365583], [-89.25732781871477, 27.613918360007208], [-89.30228376189046, 27.613918360007208], [-89.39219564824185, 27.748786189534272], [-89.48210753459324, 27.748786189534272], [-89.48210753459324, 27.79374213270996], [-89.52706347776893, 27.79374213270996], [-89.52706347776893, 27.83869807588565], [-89.57201942094463, 27.83869807588565], [-89.66193130729602, 27.973565905412713], [-89.93166696635018, 28.0185218485884], [-89.93166696635018, 28.108433734939773], [-89.97662290952587, 28.108433734939773], [-89.97662290952587, 28.19834562129115], [-90.02157885270157, 28.19834562129115], [-90.06653479587726, 28.3781693939939], [-90.11149073905295, 28.3781693939939], [-90.20140262540434, 28.513037223520964], [-90.29131451175573, 28.513037223520964], [-90.29131451175573, 28.60294910987234], [-90.33627045493142, 28.60294910987234], [-90.33627045493142, 28.647905053048028], [-90.4711382844585, 28.737816939399405], [-90.4711382844585, 28.82772882575078], [-90.5160942276342, 28.82772882575078], [-90.5160942276342, 28.917640712102155], [-90.56105017080989, 28.917640712102155], [-90.56105017080989, 29.007552598453533], [-90.60600611398559, 29.007552598453533], [-90.60600611398559, 29.142420427980596], [-90.65096205716128, 29.142420427980596], [-90.69591800033697, 29.322244200683347], [-90.78582988668836, 29.367200143859034], [-90.78582988668836, 29.45711203021041], [-90.87574177303975, 29.45711203021041], [-90.87574177303975, 29.502067973386097], [-90.96565365939114, 29.547023916561784], [-90.96565365939114, 29.681891746088848], [-91.01060960256683, 29.681891746088848], [-91.01060960256683, 29.861715518791602], [-91.05556554574252, 29.861715518791602]]]]}}]}